transaction_id;client_id;montant;pays_destination;pays_client;heure;est_suspecte;score_montant;score_pays_destination;score_client;score_nocturne;score_risque;niveau_risque;date_calcul;horodatage_alerte;statut_alerte
TXN-007258;CLT-0069;22636,73;Panama;Panama;14;1;40;25;20;0;85;CRITIQUE;2026-05-14 11:56:32;2026-05-14 11:56:33;OUVERTE
TXN-000475;CLT-0069;88120,46;Îles Caïmans;Panama;14;1;40;25;20;0;85;CRITIQUE;2026-05-14 11:56:32;2026-05-14 11:56:33;OUVERTE
TXN-000493;CLT-0089;55114,43;Panama;Îles Caïmans;14;1;40;25;20;0;85;CRITIQUE;2026-05-14 11:56:32;2026-05-14 11:56:33;OUVERTE
TXN-000322;CLT-0018;66225,26;Panama;Panama;14;1;40;25;20;0;85;CRITIQUE;2026-05-14 11:56:32;2026-05-14 11:56:33;OUVERTE
TXN-000338;CLT-0099;43571,42;Panama;Panama;14;1;40;25;20;0;85;CRITIQUE;2026-05-14 11:56:32;2026-05-14 11:56:33;OUVERTE
TXN-005435;CLT-0005;52887,3;Îles Caïmans;Panama;14;1;40;25;20;0;85;CRITIQUE;2026-05-14 11:56:32;2026-05-14 11:56:33;OUVERTE
TXN-007241;CLT-0031;44560,8;Panama;Panama;14;1;40;25;20;0;85;CRITIQUE;2026-05-14 11:56:32;2026-05-14 11:56:33;OUVERTE
TXN-007199;CLT-0065;46399,64;Îles Caïmans;Îles Caïmans;14;1;40;25;20;0;85;CRITIQUE;2026-05-14 11:56:32;2026-05-14 11:56:33;OUVERTE
TXN-006533;CLT-0095;45671,56;Îles Caïmans;Îles Caïmans;14;1;40;25;20;0;85;CRITIQUE;2026-05-14 11:56:32;2026-05-14 11:56:33;OUVERTE
TXN-009589;CLT-0063;52016,45;Panama;Îles Caïmans;14;1;40;25;20;0;85;CRITIQUE;2026-05-14 11:56:32;2026-05-14 11:56:33;OUVERTE
TXN-009592;CLT-0069;36388,31;Panama;Panama;14;1;40;25;20;0;85;CRITIQUE;2026-05-14 11:56:32;2026-05-14 11:56:33;OUVERTE
TXN-000373;CLT-0037;70830,77;Îles Caïmans;Îles Caïmans;14;1;40;25;20;0;85;CRITIQUE;2026-05-14 11:56:32;2026-05-14 11:56:33;OUVERTE
TXN-006596;CLT-0031;43191,67;Îles Caïmans;Panama;14;1;40;25;20;0;85;CRITIQUE;2026-05-14 11:56:32;2026-05-14 11:56:33;OUVERTE
TXN-007335;CLT-0012;89772,0;Panama;Panama;14;1;40;25;20;0;85;CRITIQUE;2026-05-14 11:56:32;2026-05-14 11:56:33;OUVERTE
TXN-007393;CLT-0096;78856,71;Panama;Panama;14;1;40;25;20;0;85;CRITIQUE;2026-05-14 11:56:32;2026-05-14 11:56:33;OUVERTE
TXN-008397;CLT-0010;53447,63;Îles Caïmans;Îles Caïmans;14;1;40;25;20;0;85;CRITIQUE;2026-05-14 11:56:32;2026-05-14 11:56:33;OUVERTE
TXN-006369;CLT-0059;56073,3;Panama;Îles Caïmans;14;1;40;25;20;0;85;CRITIQUE;2026-05-14 11:56:32;2026-05-14 11:56:33;OUVERTE
TXN-006628;CLT-0082;38366,47;Panama;Panama;14;1;40;25;20;0;85;CRITIQUE;2026-05-14 11:56:32;2026-05-14 11:56:33;OUVERTE
TXN-006374;CLT-0082;87188,73;Panama;Panama;14;1;40;25;20;0;85;CRITIQUE;2026-05-14 11:56:32;2026-05-14 11:56:33;OUVERTE
TXN-007445;CLT-0089;80272,97;Panama;Îles Caïmans;14;1;40;25;20;0;85;CRITIQUE;2026-05-14 11:56:32;2026-05-14 11:56:33;OUVERTE
TXN-006403;CLT-0089;68885,35;Îles Caïmans;Îles Caïmans;14;1;40;25;20;0;85;CRITIQUE;2026-05-14 11:56:32;2026-05-14 11:56:33;OUVERTE
TXN-008882;CLT-0059;21065,74;Panama;Îles Caïmans;14;1;40;25;20;0;85;CRITIQUE;2026-05-14 11:56:32;2026-05-14 11:56:33;OUVERTE
TXN-008963;CLT-0082;90916,93;Îles Caïmans;Panama;14;1;40;25;20;0;85;CRITIQUE;2026-05-14 11:56:32;2026-05-14 11:56:33;OUVERTE
TXN-008129;CLT-0017;50693,97;Îles Caïmans;Îles Caïmans;14;1;40;25;20;0;85;CRITIQUE;2026-05-14 11:56:32;2026-05-14 11:56:33;OUVERTE
TXN-006548;CLT-0017;67995,62;Panama;Îles Caïmans;14;1;40;25;20;0;85;CRITIQUE;2026-05-14 11:56:32;2026-05-14 11:56:33;OUVERTE
TXN-005832;CLT-0010;49119,51;Îles Caïmans;Îles Caïmans;14;1;40;25;20;0;85;CRITIQUE;2026-05-14 11:56:32;2026-05-14 11:56:33;OUVERTE
TXN-009130;CLT-0018;47970,42;Îles Caïmans;Panama;14;1;40;25;20;0;85;CRITIQUE;2026-05-14 11:56:32;2026-05-14 11:56:33;OUVERTE
TXN-000393;CLT-0012;15796,84;Panama;Panama;14;1;40;25;20;0;85;CRITIQUE;2026-05-14 11:56:32;2026-05-14 11:56:33;OUVERTE
TXN-006269;CLT-0089;30993,05;Panama;Îles Caïmans;14;1;40;25;20;0;85;CRITIQUE;2026-05-14 11:56:32;2026-05-14 11:56:33;OUVERTE
TXN-006788;CLT-0010;27423,88;Îles Caïmans;Îles Caïmans;14;1;40;25;20;0;85;CRITIQUE;2026-05-14 11:56:32;2026-05-14 11:56:33;OUVERTE
TXN-007509;CLT-0005;56468,79;Panama;Panama;14;1;40;25;20;0;85;CRITIQUE;2026-05-14 11:56:32;2026-05-14 11:56:33;OUVERTE
TXN-009293;CLT-0085;74998,28;Îles Caïmans;Îles Caïmans;14;1;40;25;20;0;85;CRITIQUE;2026-05-14 11:56:32;2026-05-14 11:56:33;OUVERTE
TXN-009298;CLT-0031;48004,71;Îles Caïmans;Panama;14;1;40;25;20;0;85;CRITIQUE;2026-05-14 11:56:32;2026-05-14 11:56:33;OUVERTE
TXN-005877;CLT-0079;14524,64;Panama;Îles Caïmans;14;1;40;25;20;0;85;CRITIQUE;2026-05-14 11:56:32;2026-05-14 11:56:33;OUVERTE
TXN-008158;CLT-0069;74540,18;Îles Caïmans;Panama;14;1;40;25;20;0;85;CRITIQUE;2026-05-14 11:56:32;2026-05-14 11:56:33;OUVERTE
TXN-006964;CLT-0067;58897,63;Panama;Panama;14;1;40;25;20;0;85;CRITIQUE;2026-05-14 11:56:32;2026-05-14 11:56:33;OUVERTE
TXN-005886;CLT-0059;23766,61;Îles Caïmans;Îles Caïmans;14;1;40;25;20;0;85;CRITIQUE;2026-05-14 11:56:32;2026-05-14 11:56:33;OUVERTE
TXN-008465;CLT-0005;31365,36;Îles Caïmans;Panama;14;1;40;25;20;0;85;CRITIQUE;2026-05-14 11:56:32;2026-05-14 11:56:33;OUVERTE
TXN-000623;CLT-0038;23199,06;Panama;Îles Caïmans;14;1;40;25;20;0;85;CRITIQUE;2026-05-14 11:56:32;2026-05-14 11:56:33;OUVERTE
TXN-007547;CLT-0005;50707,36;Îles Caïmans;Panama;14;1;40;25;20;0;85;CRITIQUE;2026-05-14 11:56:32;2026-05-14 11:56:33;OUVERTE
TXN-008507;CLT-0099;50856,27;Îles Caïmans;Panama;14;1;40;25;20;0;85;CRITIQUE;2026-05-14 11:56:32;2026-05-14 11:56:33;OUVERTE
TXN-007014;CLT-0095;26875,72;Îles Caïmans;Îles Caïmans;14;1;40;25;20;0;85;CRITIQUE;2026-05-14 11:56:32;2026-05-14 11:56:33;OUVERTE
TXN-007597;CLT-0099;57589,77;Panama;Panama;14;1;40;25;20;0;85;CRITIQUE;2026-05-14 11:56:32;2026-05-14 11:56:33;OUVERTE
TXN-000645;CLT-0038;38897,09;Panama;Îles Caïmans;14;1;40;25;20;0;85;CRITIQUE;2026-05-14 11:56:32;2026-05-14 11:56:33;OUVERTE
TXN-000912;CLT-0047;69441,72;Îles Caïmans;Îles Caïmans;14;1;40;25;20;0;85;CRITIQUE;2026-05-14 11:56:32;2026-05-14 11:56:33;OUVERTE
TXN-007063;CLT-0099;89408,75;Panama;Panama;14;1;40;25;20;0;85;CRITIQUE;2026-05-14 11:56:32;2026-05-14 11:56:33;OUVERTE
TXN-000675;CLT-0085;27244,23;Panama;Îles Caïmans;14;1;40;25;20;0;85;CRITIQUE;2026-05-14 11:56:32;2026-05-14 11:56:33;OUVERTE
TXN-000253;CLT-0047;13849,3;Îles Caïmans;Îles Caïmans;14;1;40;25;20;0;85;CRITIQUE;2026-05-14 11:56:32;2026-05-14 11:56:33;OUVERTE
TXN-007105;CLT-0099;26456,65;Îles Caïmans;Panama;14;1;40;25;20;0;85;CRITIQUE;2026-05-14 11:56:32;2026-05-14 11:56:33;OUVERTE
TXN-007122;CLT-0041;45857,24;Panama;Panama;14;1;40;25;20;0;85;CRITIQUE;2026-05-14 11:56:32;2026-05-14 11:56:33;OUVERTE
TXN-007822;CLT-0010;53049,19;Îles Caïmans;Îles Caïmans;14;1;40;25;20;0;85;CRITIQUE;2026-05-14 11:56:32;2026-05-14 11:56:33;OUVERTE
TXN-007162;CLT-0065;56656,25;Îles Caïmans;Îles Caïmans;14;1;40;25;20;0;85;CRITIQUE;2026-05-14 11:56:32;2026-05-14 11:56:33;OUVERTE
TXN-008228;CLT-0031;20249,22;Panama;Panama;14;1;40;25;20;0;85;CRITIQUE;2026-05-14 11:56:32;2026-05-14 11:56:33;OUVERTE
TXN-000853;CLT-0018;48052,17;Panama;Panama;14;1;40;25;20;0;85;CRITIQUE;2026-05-14 11:56:32;2026-05-14 11:56:33;OUVERTE
TXN-005529;CLT-0069;49470,82;Panama;Panama;14;1;40;25;20;0;85;CRITIQUE;2026-05-14 11:56:32;2026-05-14 11:56:33;OUVERTE
TXN-005565;CLT-0031;77641,52;Panama;Panama;14;1;40;25;20;0;85;CRITIQUE;2026-05-14 11:56:32;2026-05-14 11:56:33;OUVERTE
TXN-005621;CLT-0012;28085,46;Îles Caïmans;Panama;14;1;40;25;20;0;85;CRITIQUE;2026-05-14 11:56:32;2026-05-14 11:56:33;OUVERTE
TXN-005087;CLT-0063;11595,49;Panama;Îles Caïmans;14;1;40;25;20;0;85;CRITIQUE;2026-05-14 11:56:32;2026-05-14 11:56:33;OUVERTE
TXN-005171;CLT-0085;77534,64;Îles Caïmans;Îles Caïmans;14;1;40;25;20;0;85;CRITIQUE;2026-05-14 11:56:32;2026-05-14 11:56:33;OUVERTE
TXN-005180;CLT-0067;42829,78;Panama;Panama;14;1;40;25;20;0;85;CRITIQUE;2026-05-14 11:56:32;2026-05-14 11:56:33;OUVERTE
TXN-005270;CLT-0081;89664,42;Panama;Îles Caïmans;14;1;40;25;20;0;85;CRITIQUE;2026-05-14 11:56:32;2026-05-14 11:56:33;OUVERTE
TXN-001041;CLT-0095;25629,78;Panama;Îles Caïmans;14;1;40;25;20;0;85;CRITIQUE;2026-05-14 11:56:32;2026-05-14 11:56:33;OUVERTE
TXN-004835;CLT-0065;60200,61;Îles Caïmans;Îles Caïmans;14;1;40;25;20;0;85;CRITIQUE;2026-05-14 11:56:32;2026-05-14 11:56:33;OUVERTE
TXN-004877;CLT-0096;92537,81;Îles Caïmans;Panama;14;1;40;25;20;0;85;CRITIQUE;2026-05-14 11:56:32;2026-05-14 11:56:33;OUVERTE
TXN-005011;CLT-0085;57851,87;Îles Caïmans;Îles Caïmans;14;1;40;25;20;0;85;CRITIQUE;2026-05-14 11:56:32;2026-05-14 11:56:33;OUVERTE
TXN-005013;CLT-0089;44632,89;Îles Caïmans;Îles Caïmans;14;1;40;25;20;0;85;CRITIQUE;2026-05-14 11:56:32;2026-05-14 11:56:33;OUVERTE
TXN-004558;CLT-0089;26067,15;Îles Caïmans;Îles Caïmans;14;1;40;25;20;0;85;CRITIQUE;2026-05-14 11:56:32;2026-05-14 11:56:33;OUVERTE
TXN-001174;CLT-0085;36372,16;Îles Caïmans;Îles Caïmans;14;1;40;25;20;0;85;CRITIQUE;2026-05-14 11:56:32;2026-05-14 11:56:33;OUVERTE
TXN-004374;CLT-0079;63432,24;Îles Caïmans;Îles Caïmans;14;1;40;25;20;0;85;CRITIQUE;2026-05-14 11:56:32;2026-05-14 11:56:33;OUVERTE
TXN-004503;CLT-0010;64818,3;Panama;Îles Caïmans;14;1;40;25;20;0;85;CRITIQUE;2026-05-14 11:56:32;2026-05-14 11:56:33;OUVERTE
TXN-001233;CLT-0096;19124,82;Îles Caïmans;Panama;14;1;40;25;20;0;85;CRITIQUE;2026-05-14 11:56:32;2026-05-14 11:56:33;OUVERTE
TXN-001254;CLT-0079;44760,66;Îles Caïmans;Îles Caïmans;14;1;40;25;20;0;85;CRITIQUE;2026-05-14 11:56:32;2026-05-14 11:56:33;OUVERTE
TXN-001306;CLT-0079;32340,92;Îles Caïmans;Îles Caïmans;14;1;40;25;20;0;85;CRITIQUE;2026-05-14 11:56:32;2026-05-14 11:56:33;OUVERTE
TXN-004107;CLT-0041;61638,2;Îles Caïmans;Panama;14;1;40;25;20;0;85;CRITIQUE;2026-05-14 11:56:32;2026-05-14 11:56:33;OUVERTE
TXN-004248;CLT-0099;74231,58;Îles Caïmans;Panama;14;1;40;25;20;0;85;CRITIQUE;2026-05-14 11:56:32;2026-05-14 11:56:33;OUVERTE
TXN-004298;CLT-0081;61517,13;Panama;Îles Caïmans;14;1;40;25;20;0;85;CRITIQUE;2026-05-14 11:56:32;2026-05-14 11:56:33;OUVERTE
TXN-004357;CLT-0012;94475,87;Îles Caïmans;Panama;14;1;40;25;20;0;85;CRITIQUE;2026-05-14 11:56:32;2026-05-14 11:56:33;OUVERTE
TXN-004370;CLT-0059;19529,24;Panama;Îles Caïmans;14;1;40;25;20;0;85;CRITIQUE;2026-05-14 11:56:32;2026-05-14 11:56:33;OUVERTE
TXN-003694;CLT-0041;18435,68;Îles Caïmans;Panama;14;1;40;25;20;0;85;CRITIQUE;2026-05-14 11:56:32;2026-05-14 11:56:33;OUVERTE
TXN-003731;CLT-0041;16362,55;Panama;Panama;14;1;40;25;20;0;85;CRITIQUE;2026-05-14 11:56:32;2026-05-14 11:56:33;OUVERTE
TXN-004042;CLT-0005;89579,26;Îles Caïmans;Panama;14;1;40;25;20;0;85;CRITIQUE;2026-05-14 11:56:32;2026-05-14 11:56:33;OUVERTE
TXN-003380;CLT-0089;39632,38;Panama;Îles Caïmans;14;1;40;25;20;0;85;CRITIQUE;2026-05-14 11:56:32;2026-05-14 11:56:33;OUVERTE
TXN-003403;CLT-0010;93029,8;Panama;Îles Caïmans;14;1;40;25;20;0;85;CRITIQUE;2026-05-14 11:56:32;2026-05-14 11:56:33;OUVERTE
TXN-003557;CLT-0059;48197,77;Panama;Îles Caïmans;14;1;40;25;20;0;85;CRITIQUE;2026-05-14 11:56:32;2026-05-14 11:56:33;OUVERTE
TXN-003560;CLT-0082;60628,74;Îles Caïmans;Panama;14;1;40;25;20;0;85;CRITIQUE;2026-05-14 11:56:32;2026-05-14 11:56:33;OUVERTE
TXN-003586;CLT-0037;80247,99;Panama;Îles Caïmans;14;1;40;25;20;0;85;CRITIQUE;2026-05-14 11:56:32;2026-05-14 11:56:33;OUVERTE
TXN-001542;CLT-0096;72430,57;Panama;Panama;14;1;40;25;20;0;85;CRITIQUE;2026-05-14 11:56:32;2026-05-14 11:56:33;OUVERTE
TXN-003686;CLT-0005;88907,14;Panama;Panama;14;1;40;25;20;0;85;CRITIQUE;2026-05-14 11:56:32;2026-05-14 11:56:33;OUVERTE
TXN-003138;CLT-0041;76773,76;Panama;Panama;14;1;40;25;20;0;85;CRITIQUE;2026-05-14 11:56:32;2026-05-14 11:56:33;OUVERTE
TXN-003244;CLT-0085;38606,17;Îles Caïmans;Îles Caïmans;14;1;40;25;20;0;85;CRITIQUE;2026-05-14 11:56:32;2026-05-14 11:56:33;OUVERTE
TXN-003275;CLT-0005;39437,1;Îles Caïmans;Panama;14;1;40;25;20;0;85;CRITIQUE;2026-05-14 11:56:32;2026-05-14 11:56:33;OUVERTE
TXN-001548;CLT-0005;65885,51;Panama;Panama;14;1;40;25;20;0;85;CRITIQUE;2026-05-14 11:56:32;2026-05-14 11:56:33;OUVERTE
TXN-002870;CLT-0069;53432,48;Îles Caïmans;Panama;14;1;40;25;20;0;85;CRITIQUE;2026-05-14 11:56:32;2026-05-14 11:56:33;OUVERTE
TXN-001621;CLT-0017;17385,52;Panama;Îles Caïmans;14;1;40;25;20;0;85;CRITIQUE;2026-05-14 11:56:32;2026-05-14 11:56:33;OUVERTE
TXN-001670;CLT-0038;11873,75;Îles Caïmans;Îles Caïmans;14;1;40;25;20;0;85;CRITIQUE;2026-05-14 11:56:32;2026-05-14 11:56:33;OUVERTE
TXN-002512;CLT-0005;66987,68;Îles Caïmans;Panama;14;1;40;25;20;0;85;CRITIQUE;2026-05-14 11:56:32;2026-05-14 11:56:33;OUVERTE
TXN-002646;CLT-0012;74303,46;Îles Caïmans;Panama;14;1;40;25;20;0;85;CRITIQUE;2026-05-14 11:56:32;2026-05-14 11:56:33;OUVERTE
TXN-002666;CLT-0038;23448,86;Panama;Îles Caïmans;14;1;40;25;20;0;85;CRITIQUE;2026-05-14 11:56:32;2026-05-14 11:56:33;OUVERTE
TXN-002677;CLT-0099;70880,97;Panama;Panama;14;1;40;25;20;0;85;CRITIQUE;2026-05-14 11:56:32;2026-05-14 11:56:33;OUVERTE
TXN-002853;CLT-0047;54641,14;Panama;Îles Caïmans;14;1;40;25;20;0;85;CRITIQUE;2026-05-14 11:56:32;2026-05-14 11:56:33;OUVERTE
TXN-009987;CLT-0005;12061,57;Îles Caïmans;Panama;14;1;40;25;20;0;85;CRITIQUE;2026-05-14 11:56:32;2026-05-14 11:56:33;OUVERTE
TXN-001803;CLT-0018;12161,58;Panama;Panama;14;1;40;25;20;0;85;CRITIQUE;2026-05-14 11:56:32;2026-05-14 11:56:33;OUVERTE
TXN-009906;CLT-0018;58680,31;Îles Caïmans;Panama;14;1;40;25;20;0;85;CRITIQUE;2026-05-14 11:56:32;2026-05-14 11:56:33;OUVERTE
TXN-001859;CLT-0041;53811,71;Panama;Panama;14;1;40;25;20;0;85;CRITIQUE;2026-05-14 11:56:32;2026-05-14 11:56:33;OUVERTE
TXN-001881;CLT-0065;21773,36;Panama;Îles Caïmans;14;1;40;25;20;0;85;CRITIQUE;2026-05-14 11:56:32;2026-05-14 11:56:33;OUVERTE
TXN-007992;CLT-0023;49706,83;Panama;Allemagne;14;1;40;25;0;0;65;ÉLEVÉ;2026-05-14 11:56:32;2026-05-14 11:56:33;OUVERTE
TXN-008007;CLT-0049;10495,31;Îles Caïmans;France;14;1;40;25;0;0;65;ÉLEVÉ;2026-05-14 11:56:32;2026-05-14 11:56:33;OUVERTE
TXN-008024;CLT-0083;29710,09;Îles Caïmans;France;14;1;40;25;0;0;65;ÉLEVÉ;2026-05-14 11:56:32;2026-05-14 11:56:33;OUVERTE
TXN-008026;CLT-0013;76512,62;Îles Caïmans;France;14;1;40;25;0;0;65;ÉLEVÉ;2026-05-14 11:56:32;2026-05-14 11:56:33;OUVERTE
TXN-008053;CLT-0098;86477,18;Îles Caïmans;Espagne;14;1;40;25;0;0;65;ÉLEVÉ;2026-05-14 11:56:32;2026-05-14 11:56:33;OUVERTE
TXN-000386;CLT-0044;46026,68;Îles Caïmans;France;14;1;40;25;0;0;65;ÉLEVÉ;2026-05-14 11:56:32;2026-05-14 11:56:33;OUVERTE
TXN-000392;CLT-0058;15594,86;Îles Caïmans;France;14;1;40;25;0;0;65;ÉLEVÉ;2026-05-14 11:56:32;2026-05-14 11:56:33;OUVERTE
TXN-000399;CLT-0043;8588,76;Îles Caïmans;Suisse;14;1;40;25;0;0;65;ÉLEVÉ;2026-05-14 11:56:32;2026-05-14 11:56:33;OUVERTE
TXN-000408;CLT-0075;94190,95;Îles Caïmans;France;14;1;40;25;0;0;65;ÉLEVÉ;2026-05-14 11:56:32;2026-05-14 11:56:33;OUVERTE
TXN-000415;CLT-0045;89838,83;Panama;France;14;1;40;25;0;0;65;ÉLEVÉ;2026-05-14 11:56:32;2026-05-14 11:56:33;OUVERTE
TXN-000456;CLT-0022;65812,27;Îles Caïmans;Allemagne;14;1;40;25;0;0;65;ÉLEVÉ;2026-05-14 11:56:32;2026-05-14 11:56:33;OUVERTE
TXN-008170;CLT-0083;15957,44;Panama;France;14;1;40;25;0;0;65;ÉLEVÉ;2026-05-14 11:56:32;2026-05-14 11:56:33;OUVERTE
TXN-008172;CLT-0075;18936,32;Îles Caïmans;France;14;1;40;25;0;0;65;ÉLEVÉ;2026-05-14 11:56:32;2026-05-14 11:56:33;OUVERTE
TXN-007510;CLT-0009;85794,1;Panama;Suisse;14;1;40;25;0;0;65;ÉLEVÉ;2026-05-14 11:56:32;2026-05-14 11:56:33;OUVERTE
TXN-007575;CLT-0015;81272,42;Panama;France;14;1;40;25;0;0;65;ÉLEVÉ;2026-05-14 11:56:32;2026-05-14 11:56:33;OUVERTE
TXN-007645;CLT-0055;39159,18;Îles Caïmans;Espagne;14;1;40;25;0;0;65;ÉLEVÉ;2026-05-14 11:56:32;2026-05-14 11:56:33;OUVERTE
TXN-007651;CLT-0050;45232,2;Îles Caïmans;Espagne;14;1;40;25;0;0;65;ÉLEVÉ;2026-05-14 11:56:32;2026-05-14 11:56:33;OUVERTE
TXN-007653;CLT-0046;17255,03;Panama;France;14;1;40;25;0;0;65;ÉLEVÉ;2026-05-14 11:56:32;2026-05-14 11:56:33;OUVERTE
TXN-007708;CLT-0014;77884,68;Panama;France;14;1;40;25;0;0;65;ÉLEVÉ;2026-05-14 11:56:32;2026-05-14 11:56:33;OUVERTE
TXN-007790;CLT-0087;36481,53;Îles Caïmans;Italie;14;1;40;25;0;0;65;ÉLEVÉ;2026-05-14 11:56:32;2026-05-14 11:56:33;OUVERTE
TXN-007804;CLT-0021;82638,97;Îles Caïmans;France;14;1;40;25;0;0;65;ÉLEVÉ;2026-05-14 11:56:32;2026-05-14 11:56:33;OUVERTE
TXN-007914;CLT-0093;24152,23;Îles Caïmans;Suisse;14;1;40;25;0;0;65;ÉLEVÉ;2026-05-14 11:56:32;2026-05-14 11:56:33;OUVERTE
TXN-000460;CLT-0014;41327,08;Panama;France;14;1;40;25;0;0;65;ÉLEVÉ;2026-05-14 11:56:32;2026-05-14 11:56:33;OUVERTE
TXN-007965;CLT-0076;68450,59;Îles Caïmans;France;14;1;40;25;0;0;65;ÉLEVÉ;2026-05-14 11:56:32;2026-05-14 11:56:33;OUVERTE
TXN-000298;CLT-0053;35291,25;Îles Caïmans;Espagne;14;1;40;25;0;0;65;ÉLEVÉ;2026-05-14 11:56:32;2026-05-14 11:56:33;OUVERTE
TXN-007264;CLT-0023;78817,2;Îles Caïmans;Allemagne;14;1;40;25;0;0;65;ÉLEVÉ;2026-05-14 11:56:32;2026-05-14 11:56:33;OUVERTE
TXN-007297;CLT-0088;85547,91;Îles Caïmans;Allemagne;14;1;40;25;0;0;65;ÉLEVÉ;2026-05-14 11:56:32;2026-05-14 11:56:33;OUVERTE
TXN-007412;CLT-0006;92058,47;Panama;France;14;1;40;25;0;0;65;ÉLEVÉ;2026-05-14 11:56:32;2026-05-14 11:56:33;OUVERTE
TXN-007420;CLT-0008;47895,29;Panama;Suisse;14;1;40;25;0;0;65;ÉLEVÉ;2026-05-14 11:56:32;2026-05-14 11:56:33;OUVERTE
TXN-007438;CLT-0064;45864,87;Panama;France;14;1;40;25;0;0;65;ÉLEVÉ;2026-05-14 11:56:32;2026-05-14 11:56:33;OUVERTE
TXN-007458;CLT-0014;49929,3;Panama;France;14;1;40;25;0;0;65;ÉLEVÉ;2026-05-14 11:56:32;2026-05-14 11:56:33;OUVERTE
TXN-007469;CLT-0049;8328,93;Panama;France;14;1;40;25;0;0;65;ÉLEVÉ;2026-05-14 11:56:32;2026-05-14 11:56:33;OUVERTE
TXN-007482;CLT-0026;81204,82;Îles Caïmans;Italie;14;1;40;25;0;0;65;ÉLEVÉ;2026-05-14 11:56:32;2026-05-14 11:56:33;OUVERTE
TXN-007506;CLT-0035;53606,98;Îles Caïmans;Espagne;14;1;40;25;0;0;65;ÉLEVÉ;2026-05-14 11:56:32;2026-05-14 11:56:33;OUVERTE
TXN-000551;CLT-0048;55338,96;Panama;Suisse;14;1;40;25;0;0;65;ÉLEVÉ;2026-05-14 11:56:32;2026-05-14 11:56:33;OUVERTE
TXN-006941;CLT-0032;72227,1;Îles Caïmans;Suisse;14;1;40;25;0;0;65;ÉLEVÉ;2026-05-14 11:56:32;2026-05-14 11:56:33;OUVERTE
TXN-006989;CLT-0048;81378,31;Panama;Suisse;14;1;40;25;0;0;65;ÉLEVÉ;2026-05-14 11:56:32;2026-05-14 11:56:33;OUVERTE
TXN-006998;CLT-0028;24212,38;Panama;France;14;1;40;25;0;0;65;ÉLEVÉ;2026-05-14 11:56:32;2026-05-14 11:56:33;OUVERTE
TXN-007026;CLT-0068;89404,57;Îles Caïmans;Allemagne;14;1;40;25;0;0;65;ÉLEVÉ;2026-05-14 11:56:32;2026-05-14 11:56:33;OUVERTE
TXN-007042;CLT-0075;66697,48;Panama;France;14;1;40;25;0;0;65;ÉLEVÉ;2026-05-14 11:56:32;2026-05-14 11:56:33;OUVERTE
TXN-007096;CLT-0045;71179,37;Îles Caïmans;France;14;1;40;25;0;0;65;ÉLEVÉ;2026-05-14 11:56:32;2026-05-14 11:56:33;OUVERTE
TXN-000565;CLT-0080;31961,03;Îles Caïmans;France;14;1;40;25;0;0;65;ÉLEVÉ;2026-05-14 11:56:32;2026-05-14 11:56:33;OUVERTE
TXN-000588;CLT-0077;74596,27;Panama;France;14;1;40;25;0;0;65;ÉLEVÉ;2026-05-14 11:56:32;2026-05-14 11:56:33;OUVERTE
TXN-007202;CLT-0029;86625,65;Panama;France;14;1;40;25;0;0;65;ÉLEVÉ;2026-05-14 11:56:32;2026-05-14 11:56:33;OUVERTE
TXN-006608;CLT-0080;11191,71;Îles Caïmans;France;14;1;40;25;0;0;65;ÉLEVÉ;2026-05-14 11:56:32;2026-05-14 11:56:33;OUVERTE
TXN-006639;CLT-0034;8080,16;Panama;France;14;1;40;25;0;0;65;ÉLEVÉ;2026-05-14 11:56:32;2026-05-14 11:56:33;OUVERTE
TXN-006642;CLT-0078;94407,57;Îles Caïmans;Suisse;14;1;40;25;0;0;65;ÉLEVÉ;2026-05-14 11:56:32;2026-05-14 11:56:33;OUVERTE
TXN-006664;CLT-0056;40756,9;Îles Caïmans;Allemagne;14;1;40;25;0;0;65;ÉLEVÉ;2026-05-14 11:56:32;2026-05-14 11:56:33;OUVERTE
TXN-006775;CLT-0006;86560,22;Panama;France;14;1;40;25;0;0;65;ÉLEVÉ;2026-05-14 11:56:32;2026-05-14 11:56:33;OUVERTE
TXN-006787;CLT-0011;89206,22;Panama;France;14;1;40;25;0;0;65;ÉLEVÉ;2026-05-14 11:56:32;2026-05-14 11:56:33;OUVERTE
TXN-006814;CLT-0050;53704,12;Îles Caïmans;Espagne;14;1;40;25;0;0;65;ÉLEVÉ;2026-05-14 11:56:32;2026-05-14 11:56:33;OUVERTE
TXN-006830;CLT-0008;20855,04;Îles Caïmans;Suisse;14;1;40;25;0;0;65;ÉLEVÉ;2026-05-14 11:56:32;2026-05-14 11:56:33;OUVERTE
TXN-000671;CLT-0006;48570,83;Panama;France;14;1;40;25;0;0;65;ÉLEVÉ;2026-05-14 11:56:32;2026-05-14 11:56:33;OUVERTE
TXN-006915;CLT-0093;54095,05;Panama;Suisse;14;1;40;25;0;0;65;ÉLEVÉ;2026-05-14 11:56:32;2026-05-14 11:56:33;OUVERTE
TXN-006344;CLT-0055;52651,61;Panama;Espagne;14;1;40;25;0;0;65;ÉLEVÉ;2026-05-14 11:56:32;2026-05-14 11:56:33;OUVERTE
TXN-006360;CLT-0028;21929,37;Îles Caïmans;France;14;1;40;25;0;0;65;ÉLEVÉ;2026-05-14 11:56:32;2026-05-14 11:56:33;OUVERTE
TXN-006431;CLT-0094;21542,32;Îles Caïmans;Allemagne;14;1;40;25;0;0;65;ÉLEVÉ;2026-05-14 11:56:32;2026-05-14 11:56:33;OUVERTE
TXN-006484;CLT-0086;70318,03;Îles Caïmans;France;14;1;40;25;0;0;65;ÉLEVÉ;2026-05-14 11:56:32;2026-05-14 11:56:33;OUVERTE
TXN-006503;CLT-0091;91265,65;Îles Caïmans;Allemagne;14;1;40;25;0;0;65;ÉLEVÉ;2026-05-14 11:56:32;2026-05-14 11:56:33;OUVERTE
TXN-006506;CLT-0035;58399,29;Îles Caïmans;Espagne;14;1;40;25;0;0;65;ÉLEVÉ;2026-05-14 11:56:32;2026-05-14 11:56:33;OUVERTE
TXN-000703;CLT-0060;71768,63;Panama;Italie;14;1;40;25;0;0;65;ÉLEVÉ;2026-05-14 11:56:32;2026-05-14 11:56:33;OUVERTE
TXN-000761;CLT-0029;13877,22;Panama;France;14;1;40;25;0;0;65;ÉLEVÉ;2026-05-14 11:56:32;2026-05-14 11:56:33;OUVERTE
TXN-000771;CLT-0070;77536,48;Panama;Italie;14;1;40;25;0;0;65;ÉLEVÉ;2026-05-14 11:56:32;2026-05-14 11:56:33;OUVERTE
TXN-006530;CLT-0060;17718,17;Panama;Italie;14;1;40;25;0;0;65;ÉLEVÉ;2026-05-14 11:56:32;2026-05-14 11:56:33;OUVERTE
TXN-006554;CLT-0046;42180,3;Îles Caïmans;France;14;1;40;25;0;0;65;ÉLEVÉ;2026-05-14 11:56:32;2026-05-14 11:56:33;OUVERTE
TXN-005852;CLT-0098;43033,97;Îles Caïmans;Espagne;14;1;40;25;0;0;65;ÉLEVÉ;2026-05-14 11:56:32;2026-05-14 11:56:33;OUVERTE
TXN-006024;CLT-0042;31098,1;Îles Caïmans;Italie;14;1;40;25;0;0;65;ÉLEVÉ;2026-05-14 11:56:32;2026-05-14 11:56:33;OUVERTE
TXN-006056;CLT-0001;70990,02;Panama;France;14;1;40;25;0;0;65;ÉLEVÉ;2026-05-14 11:56:32;2026-05-14 11:56:33;OUVERTE
TXN-006065;CLT-0034;23367,47;Panama;France;14;1;40;25;0;0;65;ÉLEVÉ;2026-05-14 11:56:32;2026-05-14 11:56:33;OUVERTE
TXN-006080;CLT-0088;69025,71;Panama;Allemagne;14;1;40;25;0;0;65;ÉLEVÉ;2026-05-14 11:56:32;2026-05-14 11:56:33;OUVERTE
TXN-006100;CLT-0027;38806,8;Îles Caïmans;Espagne;14;1;40;25;0;0;65;ÉLEVÉ;2026-05-14 11:56:32;2026-05-14 11:56:33;OUVERTE
TXN-006103;CLT-0060;39052,43;Îles Caïmans;Italie;14;1;40;25;0;0;65;ÉLEVÉ;2026-05-14 11:56:32;2026-05-14 11:56:33;OUVERTE
TXN-006111;CLT-0074;78457,47;Îles Caïmans;Allemagne;14;1;40;25;0;0;65;ÉLEVÉ;2026-05-14 11:56:32;2026-05-14 11:56:33;OUVERTE
TXN-006154;CLT-0056;26994,88;Panama;Allemagne;14;1;40;25;0;0;65;ÉLEVÉ;2026-05-14 11:56:32;2026-05-14 11:56:33;OUVERTE
TXN-006202;CLT-0091;79090,46;Panama;Allemagne;14;1;40;25;0;0;65;ÉLEVÉ;2026-05-14 11:56:32;2026-05-14 11:56:33;OUVERTE
TXN-000812;CLT-0040;26895,36;Panama;Suisse;14;1;40;25;0;0;65;ÉLEVÉ;2026-05-14 11:56:32;2026-05-14 11:56:33;OUVERTE
TXN-006318;CLT-0087;75420,21;Panama;Italie;14;1;40;25;0;0;65;ÉLEVÉ;2026-05-14 11:56:32;2026-05-14 11:56:33;OUVERTE
TXN-005627;CLT-0011;70303,83;Panama;France;14;1;40;25;0;0;65;ÉLEVÉ;2026-05-14 11:56:32;2026-05-14 11:56:33;OUVERTE
TXN-005634;CLT-0061;15355,29;Îles Caïmans;France;14;1;40;25;0;0;65;ÉLEVÉ;2026-05-14 11:56:32;2026-05-14 11:56:33;OUVERTE
TXN-005644;CLT-0023;88127,15;Panama;Allemagne;14;1;40;25;0;0;65;ÉLEVÉ;2026-05-14 11:56:32;2026-05-14 11:56:33;OUVERTE
TXN-005675;CLT-0025;87991,06;Panama;Italie;14;1;40;25;0;0;65;ÉLEVÉ;2026-05-14 11:56:32;2026-05-14 11:56:33;OUVERTE
TXN-005710;CLT-0074;33912,34;Îles Caïmans;Allemagne;14;1;40;25;0;0;65;ÉLEVÉ;2026-05-14 11:56:32;2026-05-14 11:56:33;OUVERTE
TXN-005713;CLT-0020;48864,14;Panama;Italie;14;1;40;25;0;0;65;ÉLEVÉ;2026-05-14 11:56:32;2026-05-14 11:56:33;OUVERTE
TXN-005731;CLT-0032;38456,05;Îles Caïmans;Suisse;14;1;40;25;0;0;65;ÉLEVÉ;2026-05-14 11:56:32;2026-05-14 11:56:33;OUVERTE
TXN-005749;CLT-0094;37408,54;Îles Caïmans;Allemagne;14;1;40;25;0;0;65;ÉLEVÉ;2026-05-14 11:56:32;2026-05-14 11:56:33;OUVERTE
TXN-005778;CLT-0044;32750,54;Îles Caïmans;France;14;1;40;25;0;0;65;ÉLEVÉ;2026-05-14 11:56:32;2026-05-14 11:56:33;OUVERTE
TXN-005795;CLT-0064;41994,91;Îles Caïmans;France;14;1;40;25;0;0;65;ÉLEVÉ;2026-05-14 11:56:32;2026-05-14 11:56:33;OUVERTE
TXN-005796;CLT-0092;94062,88;Panama;Suisse;14;1;40;25;0;0;65;ÉLEVÉ;2026-05-14 11:56:32;2026-05-14 11:56:33;OUVERTE
TXN-005829;CLT-0061;30793,63;Îles Caïmans;France;14;1;40;25;0;0;65;ÉLEVÉ;2026-05-14 11:56:32;2026-05-14 11:56:33;OUVERTE
TXN-000948;CLT-0077;89113,35;Panama;France;14;1;40;25;0;0;65;ÉLEVÉ;2026-05-14 11:56:32;2026-05-14 11:56:33;OUVERTE
TXN-000955;CLT-0007;10522,36;Îles Caïmans;Suisse;14;1;40;25;0;0;65;ÉLEVÉ;2026-05-14 11:56:32;2026-05-14 11:56:33;OUVERTE
TXN-005346;CLT-0043;17266,1;Panama;Suisse;14;1;40;25;0;0;65;ÉLEVÉ;2026-05-14 11:56:32;2026-05-14 11:56:33;OUVERTE
TXN-005360;CLT-0091;25844,22;Îles Caïmans;Allemagne;14;1;40;25;0;0;65;ÉLEVÉ;2026-05-14 11:56:32;2026-05-14 11:56:33;OUVERTE
TXN-005361;CLT-0035;87640,96;Îles Caïmans;Espagne;14;1;40;25;0;0;65;ÉLEVÉ;2026-05-14 11:56:32;2026-05-14 11:56:33;OUVERTE
TXN-005409;CLT-0044;57088,34;Îles Caïmans;France;14;1;40;25;0;0;65;ÉLEVÉ;2026-05-14 11:56:32;2026-05-14 11:56:33;OUVERTE
TXN-005425;CLT-0053;84650,41;Îles Caïmans;Espagne;14;1;40;25;0;0;65;ÉLEVÉ;2026-05-14 11:56:32;2026-05-14 11:56:33;OUVERTE
TXN-005443;CLT-0001;69113,26;Îles Caïmans;France;14;1;40;25;0;0;65;ÉLEVÉ;2026-05-14 11:56:32;2026-05-14 11:56:33;OUVERTE
TXN-005449;CLT-0064;48801,42;Panama;France;14;1;40;25;0;0;65;ÉLEVÉ;2026-05-14 11:56:32;2026-05-14 11:56:33;OUVERTE
TXN-005450;CLT-0007;23365,12;Panama;Suisse;14;1;40;25;0;0;65;ÉLEVÉ;2026-05-14 11:56:32;2026-05-14 11:56:33;OUVERTE
TXN-005470;CLT-0008;18140,72;Panama;Suisse;14;1;40;25;0;0;65;ÉLEVÉ;2026-05-14 11:56:32;2026-05-14 11:56:33;OUVERTE
TXN-009795;CLT-0060;50961,61;Îles Caïmans;Italie;14;1;40;25;0;0;65;ÉLEVÉ;2026-05-14 11:56:32;2026-05-14 11:56:33;OUVERTE
TXN-000017;CLT-0070;84830,26;Panama;Italie;14;1;40;25;0;0;65;ÉLEVÉ;2026-05-14 11:56:32;2026-05-14 11:56:33;OUVERTE
TXN-000984;CLT-0090;78116,92;Îles Caïmans;France;14;1;40;25;0;0;65;ÉLEVÉ;2026-05-14 11:56:32;2026-05-14 11:56:33;OUVERTE
TXN-005583;CLT-0035;85199,82;Panama;Espagne;14;1;40;25;0;0;65;ÉLEVÉ;2026-05-14 11:56:32;2026-05-14 11:56:33;OUVERTE
TXN-005591;CLT-0003;42707,55;Panama;France;14;1;40;25;0;0;65;ÉLEVÉ;2026-05-14 11:56:32;2026-05-14 11:56:33;OUVERTE
TXN-009338;CLT-0088;43021,24;Panama;Allemagne;14;1;40;25;0;0;65;ÉLEVÉ;2026-05-14 11:56:32;2026-05-14 11:56:33;OUVERTE
TXN-005040;CLT-0030;42117,96;Panama;Allemagne;14;1;40;25;0;0;65;ÉLEVÉ;2026-05-14 11:56:32;2026-05-14 11:56:33;OUVERTE
TXN-005054;CLT-0020;57178,87;Îles Caïmans;Italie;14;1;40;25;0;0;65;ÉLEVÉ;2026-05-14 11:56:32;2026-05-14 11:56:33;OUVERTE
TXN-005063;CLT-0057;76323,24;Panama;France;14;1;40;25;0;0;65;ÉLEVÉ;2026-05-14 11:56:32;2026-05-14 11:56:33;OUVERTE
TXN-009353;CLT-0046;20572,22;Panama;France;14;1;40;25;0;0;65;ÉLEVÉ;2026-05-14 11:56:32;2026-05-14 11:56:33;OUVERTE
TXN-005162;CLT-0086;82130,45;Panama;France;14;1;40;25;0;0;65;ÉLEVÉ;2026-05-14 11:56:32;2026-05-14 11:56:33;OUVERTE
TXN-009355;CLT-0090;43530,28;Panama;France;14;1;40;25;0;0;65;ÉLEVÉ;2026-05-14 11:56:32;2026-05-14 11:56:33;OUVERTE
TXN-009513;CLT-0090;66524,49;Panama;France;14;1;40;25;0;0;65;ÉLEVÉ;2026-05-14 11:56:32;2026-05-14 11:56:33;OUVERTE
TXN-005185;CLT-0006;34476,01;Panama;France;14;1;40;25;0;0;65;ÉLEVÉ;2026-05-14 11:56:32;2026-05-14 11:56:33;OUVERTE
TXN-005193;CLT-0048;65836,41;Panama;Suisse;14;1;40;25;0;0;65;ÉLEVÉ;2026-05-14 11:56:32;2026-05-14 11:56:33;OUVERTE
TXN-005201;CLT-0083;94268,3;Panama;France;14;1;40;25;0;0;65;ÉLEVÉ;2026-05-14 11:56:32;2026-05-14 11:56:33;OUVERTE
TXN-005240;CLT-0004;80776,88;Îles Caïmans;Suisse;14;1;40;25;0;0;65;ÉLEVÉ;2026-05-14 11:56:32;2026-05-14 11:56:33;OUVERTE
TXN-009518;CLT-0076;8696,91;Îles Caïmans;France;14;1;40;25;0;0;65;ÉLEVÉ;2026-05-14 11:56:32;2026-05-14 11:56:33;OUVERTE
TXN-009543;CLT-0002;90349,38;Îles Caïmans;Espagne;14;1;40;25;0;0;65;ÉLEVÉ;2026-05-14 11:56:32;2026-05-14 11:56:33;OUVERTE
TXN-001058;CLT-0076;28471,09;Panama;France;14;1;40;25;0;0;65;ÉLEVÉ;2026-05-14 11:56:32;2026-05-14 11:56:33;OUVERTE
TXN-005305;CLT-0080;77278,45;Panama;France;14;1;40;25;0;0;65;ÉLEVÉ;2026-05-14 11:56:32;2026-05-14 11:56:33;OUVERTE
TXN-005339;CLT-0003;39203,84;Îles Caïmans;France;14;1;40;25;0;0;65;ÉLEVÉ;2026-05-14 11:56:32;2026-05-14 11:56:33;OUVERTE
TXN-004797;CLT-0042;92947,23;Panama;Italie;14;1;40;25;0;0;65;ÉLEVÉ;2026-05-14 11:56:32;2026-05-14 11:56:33;OUVERTE
TXN-004814;CLT-0026;14258,72;Panama;Italie;14;1;40;25;0;0;65;ÉLEVÉ;2026-05-14 11:56:32;2026-05-14 11:56:33;OUVERTE
TXN-004834;CLT-0075;71998,27;Îles Caïmans;France;14;1;40;25;0;0;65;ÉLEVÉ;2026-05-14 11:56:32;2026-05-14 11:56:33;OUVERTE
TXN-009625;CLT-0053;27352,2;Îles Caïmans;Espagne;14;1;40;25;0;0;65;ÉLEVÉ;2026-05-14 11:56:32;2026-05-14 11:56:33;OUVERTE
TXN-004855;CLT-0026;38914,71;Îles Caïmans;Italie;14;1;40;25;0;0;65;ÉLEVÉ;2026-05-14 11:56:32;2026-05-14 11:56:33;OUVERTE
TXN-009629;CLT-0055;12862,73;Îles Caïmans;Espagne;14;1;40;25;0;0;65;ÉLEVÉ;2026-05-14 11:56:32;2026-05-14 11:56:33;OUVERTE
TXN-004909;CLT-0098;56423,61;Îles Caïmans;Espagne;14;1;40;25;0;0;65;ÉLEVÉ;2026-05-14 11:56:32;2026-05-14 11:56:33;OUVERTE
TXN-004935;CLT-0057;82326,91;Panama;France;14;1;40;25;0;0;65;ÉLEVÉ;2026-05-14 11:56:32;2026-05-14 11:56:33;OUVERTE
TXN-004941;CLT-0068;68106,03;Îles Caïmans;Allemagne;14;1;40;25;0;0;65;ÉLEVÉ;2026-05-14 11:56:32;2026-05-14 11:56:33;OUVERTE
TXN-004982;CLT-0100;77437,01;Îles Caïmans;Suisse;14;1;40;25;0;0;65;ÉLEVÉ;2026-05-14 11:56:32;2026-05-14 11:56:33;OUVERTE
TXN-001091;CLT-0083;77773,05;Îles Caïmans;France;14;1;40;25;0;0;65;ÉLEVÉ;2026-05-14 11:56:32;2026-05-14 11:56:33;OUVERTE
TXN-009633;CLT-0054;85968,62;Îles Caïmans;Suisse;14;1;40;25;0;0;65;ÉLEVÉ;2026-05-14 11:56:32;2026-05-14 11:56:33;OUVERTE
TXN-005012;CLT-0049;55281,29;Panama;France;14;1;40;25;0;0;65;ÉLEVÉ;2026-05-14 11:56:32;2026-05-14 11:56:33;OUVERTE
TXN-009667;CLT-0061;41965,8;Îles Caïmans;France;14;1;40;25;0;0;65;ÉLEVÉ;2026-05-14 11:56:32;2026-05-14 11:56:33;OUVERTE
TXN-005025;CLT-0094;29660,24;Panama;Allemagne;14;1;40;25;0;0;65;ÉLEVÉ;2026-05-14 11:56:32;2026-05-14 11:56:33;OUVERTE
TXN-005039;CLT-0049;30067,48;Panama;France;14;1;40;25;0;0;65;ÉLEVÉ;2026-05-14 11:56:32;2026-05-14 11:56:33;OUVERTE
TXN-004541;CLT-0056;39734,52;Îles Caïmans;Allemagne;14;1;40;25;0;0;65;ÉLEVÉ;2026-05-14 11:56:32;2026-05-14 11:56:33;OUVERTE
TXN-004548;CLT-0086;68315,31;Îles Caïmans;France;14;1;40;25;0;0;65;ÉLEVÉ;2026-05-14 11:56:32;2026-05-14 11:56:33;OUVERTE
TXN-009676;CLT-0092;73454,81;Îles Caïmans;Suisse;14;1;40;25;0;0;65;ÉLEVÉ;2026-05-14 11:56:32;2026-05-14 11:56:33;OUVERTE
TXN-004585;CLT-0021;64962,41;Îles Caïmans;France;14;1;40;25;0;0;65;ÉLEVÉ;2026-05-14 11:56:32;2026-05-14 11:56:33;OUVERTE
TXN-004637;CLT-0049;45769,41;Panama;France;14;1;40;25;0;0;65;ÉLEVÉ;2026-05-14 11:56:32;2026-05-14 11:56:33;OUVERTE
TXN-004649;CLT-0003;80406,45;Panama;France;14;1;40;25;0;0;65;ÉLEVÉ;2026-05-14 11:56:32;2026-05-14 11:56:33;OUVERTE
TXN-004656;CLT-0052;40128,87;Panama;France;14;1;40;25;0;0;65;ÉLEVÉ;2026-05-14 11:56:32;2026-05-14 11:56:33;OUVERTE
TXN-004684;CLT-0088;55865,07;Îles Caïmans;Allemagne;14;1;40;25;0;0;65;ÉLEVÉ;2026-05-14 11:56:32;2026-05-14 11:56:33;OUVERTE
TXN-004722;CLT-0043;32286,86;Panama;Suisse;14;1;40;25;0;0;65;ÉLEVÉ;2026-05-14 11:56:32;2026-05-14 11:56:33;OUVERTE
TXN-004747;CLT-0077;75147,68;Panama;France;14;1;40;25;0;0;65;ÉLEVÉ;2026-05-14 11:56:32;2026-05-14 11:56:33;OUVERTE
TXN-001170;CLT-0004;39877,68;Îles Caïmans;Suisse;14;1;40;25;0;0;65;ÉLEVÉ;2026-05-14 11:56:32;2026-05-14 11:56:33;OUVERTE
TXN-000146;CLT-0080;28342,51;Panama;France;14;1;40;25;0;0;65;ÉLEVÉ;2026-05-14 11:56:32;2026-05-14 11:56:33;OUVERTE
TXN-001229;CLT-0039;51895,15;Panama;France;14;1;40;25;0;0;65;ÉLEVÉ;2026-05-14 11:56:32;2026-05-14 11:56:33;OUVERTE
TXN-004780;CLT-0003;31402,01;Panama;France;14;1;40;25;0;0;65;ÉLEVÉ;2026-05-14 11:56:32;2026-05-14 11:56:33;OUVERTE
TXN-004792;CLT-0054;42120,44;Panama;Suisse;14;1;40;25;0;0;65;ÉLEVÉ;2026-05-14 11:56:32;2026-05-14 11:56:33;OUVERTE
TXN-004793;CLT-0094;37467,47;Îles Caïmans;Allemagne;14;1;40;25;0;0;65;ÉLEVÉ;2026-05-14 11:56:32;2026-05-14 11:56:33;OUVERTE
TXN-000152;CLT-0057;40236,11;Panama;France;14;1;40;25;0;0;65;ÉLEVÉ;2026-05-14 11:56:32;2026-05-14 11:56:33;OUVERTE
TXN-004428;CLT-0015;69721,11;Panama;France;14;1;40;25;0;0;65;ÉLEVÉ;2026-05-14 11:56:32;2026-05-14 11:56:33;OUVERTE
TXN-004470;CLT-0088;65342,65;Îles Caïmans;Allemagne;14;1;40;25;0;0;65;ÉLEVÉ;2026-05-14 11:56:32;2026-05-14 11:56:33;OUVERTE
TXN-004472;CLT-0086;16557,48;Îles Caïmans;France;14;1;40;25;0;0;65;ÉLEVÉ;2026-05-14 11:56:32;2026-05-14 11:56:33;OUVERTE
TXN-004480;CLT-0073;43954,99;Panama;France;14;1;40;25;0;0;65;ÉLEVÉ;2026-05-14 11:56:32;2026-05-14 11:56:33;OUVERTE
TXN-004493;CLT-0029;25150,34;Îles Caïmans;France;14;1;40;25;0;0;65;ÉLEVÉ;2026-05-14 11:56:32;2026-05-14 11:56:33;OUVERTE
TXN-009974;CLT-0015;86435,01;Panama;France;14;1;40;25;0;0;65;ÉLEVÉ;2026-05-14 11:56:32;2026-05-14 11:56:33;OUVERTE
TXN-008801;CLT-0062;51339,55;Îles Caïmans;France;14;1;40;25;0;0;65;ÉLEVÉ;2026-05-14 11:56:32;2026-05-14 11:56:33;OUVERTE
TXN-001243;CLT-0016;67274,17;Panama;Espagne;14;1;40;25;0;0;65;ÉLEVÉ;2026-05-14 11:56:32;2026-05-14 11:56:33;OUVERTE
TXN-008803;CLT-0039;76680,84;Îles Caïmans;France;14;1;40;25;0;0;65;ÉLEVÉ;2026-05-14 11:56:32;2026-05-14 11:56:33;OUVERTE
TXN-001275;CLT-0092;8685,06;Îles Caïmans;Suisse;14;1;40;25;0;0;65;ÉLEVÉ;2026-05-14 11:56:32;2026-05-14 11:56:33;OUVERTE
TXN-001283;CLT-0050;33525,28;Panama;Espagne;14;1;40;25;0;0;65;ÉLEVÉ;2026-05-14 11:56:32;2026-05-14 11:56:33;OUVERTE
TXN-001302;CLT-0056;35388,0;Îles Caïmans;Allemagne;14;1;40;25;0;0;65;ÉLEVÉ;2026-05-14 11:56:32;2026-05-14 11:56:33;OUVERTE
TXN-009025;CLT-0057;41116,52;Panama;France;14;1;40;25;0;0;65;ÉLEVÉ;2026-05-14 11:56:32;2026-05-14 11:56:33;OUVERTE
TXN-004529;CLT-0008;40274,85;Panama;Suisse;14;1;40;25;0;0;65;ÉLEVÉ;2026-05-14 11:56:32;2026-05-14 11:56:33;OUVERTE
TXN-004535;CLT-0084;19159,64;Îles Caïmans;Italie;14;1;40;25;0;0;65;ÉLEVÉ;2026-05-14 11:56:32;2026-05-14 11:56:33;OUVERTE
TXN-004090;CLT-0052;86895,91;Panama;France;14;1;40;25;0;0;65;ÉLEVÉ;2026-05-14 11:56:32;2026-05-14 11:56:33;OUVERTE
TXN-004095;CLT-0004;72447,85;Panama;Suisse;14;1;40;25;0;0;65;ÉLEVÉ;2026-05-14 11:56:32;2026-05-14 11:56:33;OUVERTE
TXN-009054;CLT-0068;52507,75;Îles Caïmans;Allemagne;14;1;40;25;0;0;65;ÉLEVÉ;2026-05-14 11:56:32;2026-05-14 11:56:33;OUVERTE
TXN-004145;CLT-0043;40925,34;Panama;Suisse;14;1;40;25;0;0;65;ÉLEVÉ;2026-05-14 11:56:32;2026-05-14 11:56:33;OUVERTE
TXN-004204;CLT-0078;53412,45;Îles Caïmans;Suisse;14;1;40;25;0;0;65;ÉLEVÉ;2026-05-14 11:56:32;2026-05-14 11:56:33;OUVERTE
TXN-004209;CLT-0090;93450,54;Îles Caïmans;France;14;1;40;25;0;0;65;ÉLEVÉ;2026-05-14 11:56:32;2026-05-14 11:56:33;OUVERTE
TXN-004227;CLT-0078;62948,91;Panama;Suisse;14;1;40;25;0;0;65;ÉLEVÉ;2026-05-14 11:56:32;2026-05-14 11:56:33;OUVERTE
TXN-009096;CLT-0054;17210,4;Îles Caïmans;Suisse;14;1;40;25;0;0;65;ÉLEVÉ;2026-05-14 11:56:32;2026-05-14 11:56:33;OUVERTE
TXN-004257;CLT-0039;48591,05;Îles Caïmans;France;14;1;40;25;0;0;65;ÉLEVÉ;2026-05-14 11:56:32;2026-05-14 11:56:33;OUVERTE
TXN-004292;CLT-0057;36034,07;Îles Caïmans;France;14;1;40;25;0;0;65;ÉLEVÉ;2026-05-14 11:56:32;2026-05-14 11:56:33;OUVERTE
TXN-009151;CLT-0084;66435,62;Panama;Italie;14;1;40;25;0;0;65;ÉLEVÉ;2026-05-14 11:56:32;2026-05-14 11:56:33;OUVERTE
TXN-001320;CLT-0076;66883,55;Îles Caïmans;France;14;1;40;25;0;0;65;ÉLEVÉ;2026-05-14 11:56:32;2026-05-14 11:56:33;OUVERTE
TXN-001333;CLT-0080;71324,18;Îles Caïmans;France;14;1;40;25;0;0;65;ÉLEVÉ;2026-05-14 11:56:32;2026-05-14 11:56:33;OUVERTE
TXN-001354;CLT-0077;88197,53;Îles Caïmans;France;14;1;40;25;0;0;65;ÉLEVÉ;2026-05-14 11:56:32;2026-05-14 11:56:33;OUVERTE
TXN-009185;CLT-0060;47738,01;Îles Caïmans;Italie;14;1;40;25;0;0;65;ÉLEVÉ;2026-05-14 11:56:32;2026-05-14 11:56:33;OUVERTE
TXN-009246;CLT-0094;73676,83;Îles Caïmans;Allemagne;14;1;40;25;0;0;65;ÉLEVÉ;2026-05-14 11:56:32;2026-05-14 11:56:33;OUVERTE
TXN-009254;CLT-0043;63391,03;Panama;Suisse;14;1;40;25;0;0;65;ÉLEVÉ;2026-05-14 11:56:32;2026-05-14 11:56:33;OUVERTE
TXN-000180;CLT-0054;54151,99;Panama;Suisse;14;1;40;25;0;0;65;ÉLEVÉ;2026-05-14 11:56:32;2026-05-14 11:56:33;OUVERTE
TXN-003741;CLT-0064;38158,6;Panama;France;14;1;40;25;0;0;65;ÉLEVÉ;2026-05-14 11:56:32;2026-05-14 11:56:33;OUVERTE
TXN-003751;CLT-0084;15792,7;Panama;Italie;14;1;40;25;0;0;65;ÉLEVÉ;2026-05-14 11:56:32;2026-05-14 11:56:33;OUVERTE
TXN-003780;CLT-0019;90299,22;Îles Caïmans;Espagne;14;1;40;25;0;0;65;ÉLEVÉ;2026-05-14 11:56:32;2026-05-14 11:56:33;OUVERTE
TXN-003807;CLT-0028;49789,82;Panama;France;14;1;40;25;0;0;65;ÉLEVÉ;2026-05-14 11:56:32;2026-05-14 11:56:33;OUVERTE
TXN-003921;CLT-0044;42669,67;Panama;France;14;1;40;25;0;0;65;ÉLEVÉ;2026-05-14 11:56:32;2026-05-14 11:56:33;OUVERTE
TXN-003928;CLT-0008;67602,6;Îles Caïmans;Suisse;14;1;40;25;0;0;65;ÉLEVÉ;2026-05-14 11:56:32;2026-05-14 11:56:33;OUVERTE
TXN-003960;CLT-0006;52981,02;Îles Caïmans;France;14;1;40;25;0;0;65;ÉLEVÉ;2026-05-14 11:56:32;2026-05-14 11:56:33;OUVERTE
TXN-003984;CLT-0009;41093,18;Panama;Suisse;14;1;40;25;0;0;65;ÉLEVÉ;2026-05-14 11:56:32;2026-05-14 11:56:33;OUVERTE
TXN-001397;CLT-0007;52118,38;Panama;Suisse;14;1;40;25;0;0;65;ÉLEVÉ;2026-05-14 11:56:32;2026-05-14 11:56:33;OUVERTE
TXN-001411;CLT-0025;88401,53;Îles Caïmans;Italie;14;1;40;25;0;0;65;ÉLEVÉ;2026-05-14 11:56:32;2026-05-14 11:56:33;OUVERTE
TXN-001459;CLT-0049;68420,26;Îles Caïmans;France;14;1;40;25;0;0;65;ÉLEVÉ;2026-05-14 11:56:32;2026-05-14 11:56:33;OUVERTE
TXN-000195;CLT-0066;63090,55;Panama;Espagne;14;1;40;25;0;0;65;ÉLEVÉ;2026-05-14 11:56:32;2026-05-14 11:56:33;OUVERTE
TXN-004085;CLT-0050;73312,21;Panama;Espagne;14;1;40;25;0;0;65;ÉLEVÉ;2026-05-14 11:56:32;2026-05-14 11:56:33;OUVERTE
TXN-004087;CLT-0042;43447,73;Îles Caïmans;Italie;14;1;40;25;0;0;65;ÉLEVÉ;2026-05-14 11:56:32;2026-05-14 11:56:33;OUVERTE
TXN-003364;CLT-0021;51258,15;Îles Caïmans;France;14;1;40;25;0;0;65;ÉLEVÉ;2026-05-14 11:56:32;2026-05-14 11:56:33;OUVERTE
TXN-008400;CLT-0016;91921,49;Îles Caïmans;Espagne;14;1;40;25;0;0;65;ÉLEVÉ;2026-05-14 11:56:32;2026-05-14 11:56:33;OUVERTE
TXN-003395;CLT-0008;64354,62;Îles Caïmans;Suisse;14;1;40;25;0;0;65;ÉLEVÉ;2026-05-14 11:56:32;2026-05-14 11:56:33;OUVERTE
TXN-008406;CLT-0083;71828,63;Panama;France;14;1;40;25;0;0;65;ÉLEVÉ;2026-05-14 11:56:32;2026-05-14 11:56:33;OUVERTE
TXN-003429;CLT-0053;54024,41;Îles Caïmans;Espagne;14;1;40;25;0;0;65;ÉLEVÉ;2026-05-14 11:56:32;2026-05-14 11:56:33;OUVERTE
TXN-003447;CLT-0094;75754,31;Panama;Allemagne;14;1;40;25;0;0;65;ÉLEVÉ;2026-05-14 11:56:32;2026-05-14 11:56:33;OUVERTE
TXN-003495;CLT-0002;48422,37;Îles Caïmans;Espagne;14;1;40;25;0;0;65;ÉLEVÉ;2026-05-14 11:56:32;2026-05-14 11:56:33;OUVERTE
TXN-003525;CLT-0029;55811,09;Îles Caïmans;France;14;1;40;25;0;0;65;ÉLEVÉ;2026-05-14 11:56:32;2026-05-14 11:56:33;OUVERTE
TXN-008466;CLT-0084;81890,76;Îles Caïmans;Italie;14;1;40;25;0;0;65;ÉLEVÉ;2026-05-14 11:56:32;2026-05-14 11:56:33;OUVERTE
TXN-008479;CLT-0052;78840,24;Îles Caïmans;France;14;1;40;25;0;0;65;ÉLEVÉ;2026-05-14 11:56:32;2026-05-14 11:56:33;OUVERTE
TXN-003569;CLT-0045;26518,3;Îles Caïmans;France;14;1;40;25;0;0;65;ÉLEVÉ;2026-05-14 11:56:32;2026-05-14 11:56:33;OUVERTE
TXN-008618;CLT-0014;20671,46;Îles Caïmans;France;14;1;40;25;0;0;65;ÉLEVÉ;2026-05-14 11:56:32;2026-05-14 11:56:33;OUVERTE
TXN-001474;CLT-0009;26510,81;Panama;Suisse;14;1;40;25;0;0;65;ÉLEVÉ;2026-05-14 11:56:32;2026-05-14 11:56:33;OUVERTE
TXN-008665;CLT-0064;58712,08;Panama;France;14;1;40;25;0;0;65;ÉLEVÉ;2026-05-14 11:56:32;2026-05-14 11:56:33;OUVERTE
TXN-001544;CLT-0055;54597,46;Panama;Espagne;14;1;40;25;0;0;65;ÉLEVÉ;2026-05-14 11:56:32;2026-05-14 11:56:33;OUVERTE
TXN-008692;CLT-0054;31942,47;Îles Caïmans;Suisse;14;1;40;25;0;0;65;ÉLEVÉ;2026-05-14 11:56:32;2026-05-14 11:56:33;OUVERTE
TXN-003063;CLT-0086;8475,6;Îles Caïmans;France;14;1;40;25;0;0;65;ÉLEVÉ;2026-05-14 11:56:32;2026-05-14 11:56:33;OUVERTE
TXN-003085;CLT-0011;88987,33;Panama;France;14;1;40;25;0;0;65;ÉLEVÉ;2026-05-14 11:56:32;2026-05-14 11:56:33;OUVERTE
TXN-003107;CLT-0035;92186,53;Îles Caïmans;Espagne;14;1;40;25;0;0;65;ÉLEVÉ;2026-05-14 11:56:32;2026-05-14 11:56:33;OUVERTE
TXN-008731;CLT-0015;50750,51;Panama;France;14;1;40;25;0;0;65;ÉLEVÉ;2026-05-14 11:56:32;2026-05-14 11:56:33;OUVERTE
TXN-003148;CLT-0013;23388,34;Panama;France;14;1;40;25;0;0;65;ÉLEVÉ;2026-05-14 11:56:32;2026-05-14 11:56:33;OUVERTE
TXN-003178;CLT-0066;47714,92;Îles Caïmans;Espagne;14;1;40;25;0;0;65;ÉLEVÉ;2026-05-14 11:56:32;2026-05-14 11:56:33;OUVERTE
TXN-003197;CLT-0043;79111,17;Îles Caïmans;Suisse;14;1;40;25;0;0;65;ÉLEVÉ;2026-05-14 11:56:32;2026-05-14 11:56:33;OUVERTE
TXN-003213;CLT-0001;93066,67;Panama;France;14;1;40;25;0;0;65;ÉLEVÉ;2026-05-14 11:56:32;2026-05-14 11:56:33;OUVERTE
TXN-008762;CLT-0090;65863,85;Îles Caïmans;France;14;1;40;25;0;0;65;ÉLEVÉ;2026-05-14 11:56:32;2026-05-14 11:56:33;OUVERTE
TXN-008774;CLT-0074;40906,77;Panama;Allemagne;14;1;40;25;0;0;65;ÉLEVÉ;2026-05-14 11:56:32;2026-05-14 11:56:33;OUVERTE
TXN-003281;CLT-0049;42158,85;Panama;France;14;1;40;25;0;0;65;ÉLEVÉ;2026-05-14 11:56:32;2026-05-14 11:56:33;OUVERTE
TXN-003298;CLT-0022;77187,77;Panama;Allemagne;14;1;40;25;0;0;65;ÉLEVÉ;2026-05-14 11:56:32;2026-05-14 11:56:33;OUVERTE
TXN-000288;CLT-0044;16411,29;Panama;France;14;1;40;25;0;0;65;ÉLEVÉ;2026-05-14 11:56:32;2026-05-14 11:56:33;OUVERTE
TXN-001555;CLT-0090;71227,65;Îles Caïmans;France;14;1;40;25;0;0;65;ÉLEVÉ;2026-05-14 11:56:32;2026-05-14 11:56:33;OUVERTE
TXN-001583;CLT-0090;71742,72;Panama;France;14;1;40;25;0;0;65;ÉLEVÉ;2026-05-14 11:56:32;2026-05-14 11:56:33;OUVERTE
TXN-001586;CLT-0088;18842,05;Îles Caïmans;Allemagne;14;1;40;25;0;0;65;ÉLEVÉ;2026-05-14 11:56:32;2026-05-14 11:56:33;OUVERTE
TXN-000291;CLT-0042;85702,46;Panama;Italie;14;1;40;25;0;0;65;ÉLEVÉ;2026-05-14 11:56:32;2026-05-14 11:56:33;OUVERTE
TXN-002905;CLT-0015;22214,3;Îles Caïmans;France;14;1;40;25;0;0;65;ÉLEVÉ;2026-05-14 11:56:32;2026-05-14 11:56:33;OUVERTE
TXN-002910;CLT-0006;42416,2;Îles Caïmans;France;14;1;40;25;0;0;65;ÉLEVÉ;2026-05-14 11:56:32;2026-05-14 11:56:33;OUVERTE
TXN-002915;CLT-0054;24824,53;Panama;Suisse;14;1;40;25;0;0;65;ÉLEVÉ;2026-05-14 11:56:32;2026-05-14 11:56:33;OUVERTE
TXN-002962;CLT-0080;71417,13;Îles Caïmans;France;14;1;40;25;0;0;65;ÉLEVÉ;2026-05-14 11:56:32;2026-05-14 11:56:33;OUVERTE
TXN-002983;CLT-0066;8553,79;Panama;Espagne;14;1;40;25;0;0;65;ÉLEVÉ;2026-05-14 11:56:32;2026-05-14 11:56:33;OUVERTE
TXN-003016;CLT-0050;93085,12;Panama;Espagne;14;1;40;25;0;0;65;ÉLEVÉ;2026-05-14 11:56:32;2026-05-14 11:56:33;OUVERTE
TXN-003018;CLT-0022;20981,74;Panama;Allemagne;14;1;40;25;0;0;65;ÉLEVÉ;2026-05-14 11:56:32;2026-05-14 11:56:33;OUVERTE
TXN-003040;CLT-0055;49921,16;Panama;Espagne;14;1;40;25;0;0;65;ÉLEVÉ;2026-05-14 11:56:32;2026-05-14 11:56:33;OUVERTE
TXN-001602;CLT-0092;24546,01;Panama;Suisse;14;1;40;25;0;0;65;ÉLEVÉ;2026-05-14 11:56:32;2026-05-14 11:56:33;OUVERTE
TXN-001615;CLT-0021;46155,77;Panama;France;14;1;40;25;0;0;65;ÉLEVÉ;2026-05-14 11:56:32;2026-05-14 11:56:33;OUVERTE
TXN-002000;CLT-0053;31309,38;Panama;Espagne;14;1;40;25;0;0;65;ÉLEVÉ;2026-05-14 11:56:32;2026-05-14 11:56:33;OUVERTE
TXN-001628;CLT-0025;42911,63;Îles Caïmans;Italie;14;1;40;25;0;0;65;ÉLEVÉ;2026-05-14 11:56:32;2026-05-14 11:56:33;OUVERTE
TXN-001642;CLT-0033;44384,49;Panama;Italie;14;1;40;25;0;0;65;ÉLEVÉ;2026-05-14 11:56:32;2026-05-14 11:56:33;OUVERTE
TXN-008186;CLT-0060;74863,65;Îles Caïmans;Italie;14;1;40;25;0;0;65;ÉLEVÉ;2026-05-14 11:56:32;2026-05-14 11:56:33;OUVERTE
TXN-001671;CLT-0030;87358,53;Îles Caïmans;Allemagne;14;1;40;25;0;0;65;ÉLEVÉ;2026-05-14 11:56:32;2026-05-14 11:56:33;OUVERTE
TXN-002507;CLT-0025;40020,33;Panama;Italie;14;1;40;25;0;0;65;ÉLEVÉ;2026-05-14 11:56:32;2026-05-14 11:56:33;OUVERTE
TXN-008249;CLT-0074;87274,71;Îles Caïmans;Allemagne;14;1;40;25;0;0;65;ÉLEVÉ;2026-05-14 11:56:32;2026-05-14 11:56:33;OUVERTE
TXN-002542;CLT-0013;71012,24;Îles Caïmans;France;14;1;40;25;0;0;65;ÉLEVÉ;2026-05-14 11:56:32;2026-05-14 11:56:33;OUVERTE
TXN-002546;CLT-0090;23767,29;Îles Caïmans;France;14;1;40;25;0;0;65;ÉLEVÉ;2026-05-14 11:56:32;2026-05-14 11:56:33;OUVERTE
TXN-002585;CLT-0016;60720,59;Îles Caïmans;Espagne;14;1;40;25;0;0;65;ÉLEVÉ;2026-05-14 11:56:32;2026-05-14 11:56:33;OUVERTE
TXN-002591;CLT-0002;65445,83;Panama;Espagne;14;1;40;25;0;0;65;ÉLEVÉ;2026-05-14 11:56:32;2026-05-14 11:56:33;OUVERTE
TXN-002609;CLT-0055;45957,39;Îles Caïmans;Espagne;14;1;40;25;0;0;65;ÉLEVÉ;2026-05-14 11:56:32;2026-05-14 11:56:33;OUVERTE
TXN-002630;CLT-0049;86662,37;Panama;France;14;1;40;25;0;0;65;ÉLEVÉ;2026-05-14 11:56:32;2026-05-14 11:56:33;OUVERTE
TXN-008261;CLT-0042;52276,31;Panama;Italie;14;1;40;25;0;0;65;ÉLEVÉ;2026-05-14 11:56:32;2026-05-14 11:56:33;OUVERTE
TXN-008329;CLT-0021;78968,32;Îles Caïmans;France;14;1;40;25;0;0;65;ÉLEVÉ;2026-05-14 11:56:32;2026-05-14 11:56:33;OUVERTE
TXN-000347;CLT-0094;94433,06;Panama;Allemagne;14;1;40;25;0;0;65;ÉLEVÉ;2026-05-14 11:56:32;2026-05-14 11:56:33;OUVERTE
TXN-002747;CLT-0048;71015,34;Îles Caïmans;Suisse;14;1;40;25;0;0;65;ÉLEVÉ;2026-05-14 11:56:32;2026-05-14 11:56:33;OUVERTE
TXN-001689;CLT-0091;19988,71;Îles Caïmans;Allemagne;14;1;40;25;0;0;65;ÉLEVÉ;2026-05-14 11:56:32;2026-05-14 11:56:33;OUVERTE
TXN-001739;CLT-0019;66112,74;Panama;Espagne;14;1;40;25;0;0;65;ÉLEVÉ;2026-05-14 11:56:32;2026-05-14 11:56:33;OUVERTE
TXN-002804;CLT-0004;62883,6;Panama;Suisse;14;1;40;25;0;0;65;ÉLEVÉ;2026-05-14 11:56:32;2026-05-14 11:56:33;OUVERTE
TXN-000351;CLT-0086;37964,09;Panama;France;14;1;40;25;0;0;65;ÉLEVÉ;2026-05-14 11:56:32;2026-05-14 11:56:33;OUVERTE
TXN-000356;CLT-0007;71038,87;Îles Caïmans;Suisse;14;1;40;25;0;0;65;ÉLEVÉ;2026-05-14 11:56:32;2026-05-14 11:56:33;OUVERTE
TXN-002005;CLT-0049;54959,76;Panama;France;14;1;40;25;0;0;65;ÉLEVÉ;2026-05-14 11:56:32;2026-05-14 11:56:33;OUVERTE
TXN-002034;CLT-0035;94629,76;Panama;Espagne;14;1;40;25;0;0;65;ÉLEVÉ;2026-05-14 11:56:32;2026-05-14 11:56:33;OUVERTE
TXN-002049;CLT-0086;78229,39;Panama;France;14;1;40;25;0;0;65;ÉLEVÉ;2026-05-14 11:56:32;2026-05-14 11:56:33;OUVERTE
TXN-002076;CLT-0036;69414,51;Panama;Italie;14;1;40;25;0;0;65;ÉLEVÉ;2026-05-14 11:56:32;2026-05-14 11:56:33;OUVERTE
TXN-002125;CLT-0078;40433,19;Îles Caïmans;Suisse;14;1;40;25;0;0;65;ÉLEVÉ;2026-05-14 11:56:32;2026-05-14 11:56:33;OUVERTE
TXN-002152;CLT-0077;61933,07;Îles Caïmans;France;14;1;40;25;0;0;65;ÉLEVÉ;2026-05-14 11:56:32;2026-05-14 11:56:33;OUVERTE
TXN-002175;CLT-0093;9049,8;Îles Caïmans;Suisse;14;1;40;25;0;0;65;ÉLEVÉ;2026-05-14 11:56:32;2026-05-14 11:56:33;OUVERTE
TXN-002236;CLT-0057;90477,19;Îles Caïmans;France;14;1;40;25;0;0;65;ÉLEVÉ;2026-05-14 11:56:32;2026-05-14 11:56:33;OUVERTE
TXN-002263;CLT-0021;63212,87;Panama;France;14;1;40;25;0;0;65;ÉLEVÉ;2026-05-14 11:56:32;2026-05-14 11:56:33;OUVERTE
TXN-002264;CLT-0025;49827,54;Îles Caïmans;Italie;14;1;40;25;0;0;65;ÉLEVÉ;2026-05-14 11:56:32;2026-05-14 11:56:33;OUVERTE
TXN-002387;CLT-0030;86432,21;Îles Caïmans;Allemagne;14;1;40;25;0;0;65;ÉLEVÉ;2026-05-14 11:56:32;2026-05-14 11:56:33;OUVERTE
TXN-001788;CLT-0055;23651,67;Panama;Espagne;14;1;40;25;0;0;65;ÉLEVÉ;2026-05-14 11:56:32;2026-05-14 11:56:33;OUVERTE
TXN-000364;CLT-0003;83175,38;Îles Caïmans;France;14;1;40;25;0;0;65;ÉLEVÉ;2026-05-14 11:56:32;2026-05-14 11:56:33;OUVERTE
TXN-001822;CLT-0007;31715,23;Îles Caïmans;Suisse;14;1;40;25;0;0;65;ÉLEVÉ;2026-05-14 11:56:32;2026-05-14 11:56:33;OUVERTE
TXN-001826;CLT-0080;16789,78;Îles Caïmans;France;14;1;40;25;0;0;65;ÉLEVÉ;2026-05-14 11:56:32;2026-05-14 11:56:33;OUVERTE
TXN-009797;CLT-0016;38580,19;Îles Caïmans;Espagne;14;1;40;25;0;0;65;ÉLEVÉ;2026-05-14 11:56:32;2026-05-14 11:56:33;OUVERTE
TXN-000064;CLT-0074;10234,02;Îles Caïmans;Allemagne;14;1;40;25;0;0;65;ÉLEVÉ;2026-05-14 11:56:32;2026-05-14 11:56:33;OUVERTE
TXN-000068;CLT-0014;44545,11;Panama;France;14;1;40;25;0;0;65;ÉLEVÉ;2026-05-14 11:56:32;2026-05-14 11:56:33;OUVERTE
TXN-009878;CLT-0019;85465,49;Panama;Espagne;14;1;40;25;0;0;65;ÉLEVÉ;2026-05-14 11:56:32;2026-05-14 11:56:33;OUVERTE
TXN-009887;CLT-0027;93788,9;Panama;Espagne;14;1;40;25;0;0;65;ÉLEVÉ;2026-05-14 11:56:32;2026-05-14 11:56:33;OUVERTE
TXN-009891;CLT-0034;46841,59;Panama;France;14;1;40;25;0;0;65;ÉLEVÉ;2026-05-14 11:56:32;2026-05-14 11:56:33;OUVERTE
TXN-008363;CLT-0054;49938,68;Îles Caïmans;Suisse;14;1;40;25;0;0;65;ÉLEVÉ;2026-05-14 11:56:32;2026-05-14 11:56:33;OUVERTE
TXN-009929;CLT-0039;37944,06;Îles Caïmans;France;14;1;40;25;0;0;65;ÉLEVÉ;2026-05-14 11:56:32;2026-05-14 11:56:33;OUVERTE
TXN-009954;CLT-0019;41041,68;Îles Caïmans;Espagne;14;1;40;25;0;0;65;ÉLEVÉ;2026-05-14 11:56:32;2026-05-14 11:56:33;OUVERTE
TXN-001901;CLT-0077;51387,97;Panama;France;14;1;40;25;0;0;65;ÉLEVÉ;2026-05-14 11:56:32;2026-05-14 11:56:33;OUVERTE
TXN-001902;CLT-0033;79455,52;Panama;Italie;14;1;40;25;0;0;65;ÉLEVÉ;2026-05-14 11:56:32;2026-05-14 11:56:33;OUVERTE
TXN-001953;CLT-0066;26398,73;Panama;Espagne;14;1;40;25;0;0;65;ÉLEVÉ;2026-05-14 11:56:32;2026-05-14 11:56:33;OUVERTE
TXN-001839;CLT-0003;67663,22;Îles Caïmans;France;14;1;40;25;0;0;65;ÉLEVÉ;2026-05-14 11:56:32;2026-05-14 11:56:33;OUVERTE
TXN-008374;CLT-0022;25432,97;Panama;Allemagne;14;1;40;25;0;0;65;ÉLEVÉ;2026-05-14 11:56:32;2026-05-14 11:56:33;OUVERTE
TXN-008394;CLT-0028;38277,38;Panama;France;14;1;40;25;0;0;65;ÉLEVÉ;2026-05-14 11:56:32;2026-05-14 11:56:33;OUVERTE
TXN-001886;CLT-0045;36194,67;Îles Caïmans;France;14;1;40;25;0;0;65;ÉLEVÉ;2026-05-14 11:56:32;2026-05-14 11:56:33;OUVERTE
TXN-009811;CLT-0063;33623,03;France;Îles Caïmans;14;1;40;0;20;0;60;ÉLEVÉ;2026-05-14 11:56:32;2026-05-14 11:56:33;OUVERTE
TXN-009852;CLT-0079;43075,54;France;Îles Caïmans;14;1;40;0;20;0;60;ÉLEVÉ;2026-05-14 11:56:32;2026-05-14 11:56:33;OUVERTE
TXN-009838;CLT-0012;13408,75;Allemagne;Panama;14;1;40;0;20;0;60;ÉLEVÉ;2026-05-14 11:56:32;2026-05-14 11:56:33;OUVERTE
TXN-009920;CLT-0037;64595,84;France;Îles Caïmans;14;1;40;0;20;0;60;ÉLEVÉ;2026-05-14 11:56:32;2026-05-14 11:56:33;OUVERTE
TXN-009909;CLT-0031;10313,72;France;Panama;14;1;40;0;20;0;60;ÉLEVÉ;2026-05-14 11:56:32;2026-05-14 11:56:33;OUVERTE
TXN-005889;CLT-0047;81449,76;Russie;Îles Caïmans;14;1;40;0;20;0;60;ÉLEVÉ;2026-05-14 11:56:32;2026-05-14 11:56:33;OUVERTE
TXN-000171;CLT-0017;16401,11;France;Îles Caïmans;14;1;40;0;20;0;60;ÉLEVÉ;2026-05-14 11:56:32;2026-05-14 11:56:33;OUVERTE
TXN-000149;CLT-0018;28427,6;Russie;Panama;14;1;40;0;20;0;60;ÉLEVÉ;2026-05-14 11:56:32;2026-05-14 11:56:33;OUVERTE
TXN-000144;CLT-0069;42327,99;Russie;Panama;14;1;40;0;20;0;60;ÉLEVÉ;2026-05-14 11:56:32;2026-05-14 11:56:33;OUVERTE
TXN-000097;CLT-0096;76958,69;Espagne;Panama;14;1;40;0;20;0;60;ÉLEVÉ;2026-05-14 11:56:32;2026-05-14 11:56:33;OUVERTE
TXN-001960;CLT-0047;56759,77;Allemagne;Îles Caïmans;14;1;40;0;20;0;60;ÉLEVÉ;2026-05-14 11:56:32;2026-05-14 11:56:33;OUVERTE
TXN-001890;CLT-0096;29792,09;Russie;Panama;14;1;40;0;20;0;60;ÉLEVÉ;2026-05-14 11:56:32;2026-05-14 11:56:33;OUVERTE
TXN-001889;CLT-0097;84625,72;France;Panama;14;1;40;0;20;0;60;ÉLEVÉ;2026-05-14 11:56:32;2026-05-14 11:56:33;OUVERTE
TXN-005855;CLT-0065;80122,44;France;Îles Caïmans;14;1;40;0;20;0;60;ÉLEVÉ;2026-05-14 11:56:32;2026-05-14 11:56:33;OUVERTE
TXN-000944;CLT-0012;76290,13;France;Panama;14;1;40;0;20;0;60;ÉLEVÉ;2026-05-14 11:56:32;2026-05-14 11:56:33;OUVERTE
TXN-005881;CLT-0059;89237,91;France;Îles Caïmans;14;1;40;0;20;0;60;ÉLEVÉ;2026-05-14 11:56:32;2026-05-14 11:56:33;OUVERTE
TXN-005641;CLT-0017;56388,16;Espagne;Îles Caïmans;14;1;40;0;20;0;60;ÉLEVÉ;2026-05-14 11:56:32;2026-05-14 11:56:33;OUVERTE
TXN-005594;CLT-0041;17404,26;France;Panama;14;1;40;0;20;0;60;ÉLEVÉ;2026-05-14 11:56:32;2026-05-14 11:56:33;OUVERTE
TXN-005580;CLT-0089;82668,41;France;Îles Caïmans;14;1;40;0;20;0;60;ÉLEVÉ;2026-05-14 11:56:32;2026-05-14 11:56:33;OUVERTE
TXN-002032;CLT-0081;44903,85;Russie;Îles Caïmans;14;1;40;0;20;0;60;ÉLEVÉ;2026-05-14 11:56:32;2026-05-14 11:56:33;OUVERTE
TXN-001991;CLT-0067;63225,23;France;Panama;14;1;40;0;20;0;60;ÉLEVÉ;2026-05-14 11:56:32;2026-05-14 11:56:33;OUVERTE
TXN-001981;CLT-0069;86521,09;France;Panama;14;1;40;0;20;0;60;ÉLEVÉ;2026-05-14 11:56:32;2026-05-14 11:56:33;OUVERTE
TXN-009739;CLT-0005;41345,53;Espagne;Panama;14;1;40;0;20;0;60;ÉLEVÉ;2026-05-14 11:56:32;2026-05-14 11:56:33;OUVERTE
TXN-009735;CLT-0018;54103,26;France;Panama;14;1;40;0;20;0;60;ÉLEVÉ;2026-05-14 11:56:32;2026-05-14 11:56:33;OUVERTE
TXN-001014;CLT-0085;15998,89;France;Îles Caïmans;14;1;40;0;20;0;60;ÉLEVÉ;2026-05-14 11:56:32;2026-05-14 11:56:33;OUVERTE
TXN-000961;CLT-0047;85925,97;France;Îles Caïmans;14;1;40;0;20;0;60;ÉLEVÉ;2026-05-14 11:56:32;2026-05-14 11:56:33;OUVERTE
TXN-005961;CLT-0018;67028,74;Espagne;Panama;14;1;40;0;20;0;60;ÉLEVÉ;2026-05-14 11:56:32;2026-05-14 11:56:33;OUVERTE
TXN-006139;CLT-0005;36270,72;Espagne;Panama;14;1;40;0;20;0;60;ÉLEVÉ;2026-05-14 11:56:32;2026-05-14 11:56:33;OUVERTE
TXN-006126;CLT-0005;36747,01;France;Panama;14;1;40;0;20;0;60;ÉLEVÉ;2026-05-14 11:56:32;2026-05-14 11:56:33;OUVERTE
TXN-006119;CLT-0017;28075,97;Allemagne;Îles Caïmans;14;1;40;0;20;0;60;ÉLEVÉ;2026-05-14 11:56:32;2026-05-14 11:56:33;OUVERTE
TXN-005506;CLT-0081;88918,03;France;Îles Caïmans;14;1;40;0;20;0;60;ÉLEVÉ;2026-05-14 11:56:32;2026-05-14 11:56:33;OUVERTE
TXN-006114;CLT-0017;63801,29;Russie;Îles Caïmans;14;1;40;0;20;0;60;ÉLEVÉ;2026-05-14 11:56:32;2026-05-14 11:56:33;OUVERTE
TXN-006090;CLT-0095;45941,57;France;Îles Caïmans;14;1;40;0;20;0;60;ÉLEVÉ;2026-05-14 11:56:32;2026-05-14 11:56:33;OUVERTE
TXN-006084;CLT-0038;38483,54;France;Îles Caïmans;14;1;40;0;20;0;60;ÉLEVÉ;2026-05-14 11:56:32;2026-05-14 11:56:33;OUVERTE
TXN-006048;CLT-0037;55829,09;Allemagne;Îles Caïmans;14;1;40;0;20;0;60;ÉLEVÉ;2026-05-14 11:56:32;2026-05-14 11:56:33;OUVERTE
TXN-002114;CLT-0069;23559,04;France;Panama;14;1;40;0;20;0;60;ÉLEVÉ;2026-05-14 11:56:32;2026-05-14 11:56:33;OUVERTE
TXN-002071;CLT-0012;48563,95;Russie;Panama;14;1;40;0;20;0;60;ÉLEVÉ;2026-05-14 11:56:32;2026-05-14 11:56:33;OUVERTE
TXN-009650;CLT-0063;38619,26;France;Îles Caïmans;14;1;40;0;20;0;60;ÉLEVÉ;2026-05-14 11:56:32;2026-05-14 11:56:33;OUVERTE
TXN-009579;CLT-0067;8878,43;Allemagne;Panama;14;1;40;0;20;0;60;ÉLEVÉ;2026-05-14 11:56:32;2026-05-14 11:56:33;OUVERTE
TXN-005483;CLT-0069;23935,05;Espagne;Panama;14;1;40;0;20;0;60;ÉLEVÉ;2026-05-14 11:56:32;2026-05-14 11:56:33;OUVERTE
TXN-005448;CLT-0012;12672,65;France;Panama;14;1;40;0;20;0;60;ÉLEVÉ;2026-05-14 11:56:32;2026-05-14 11:56:33;OUVERTE
TXN-005431;CLT-0065;86724,72;Russie;Îles Caïmans;14;1;40;0;20;0;60;ÉLEVÉ;2026-05-14 11:56:32;2026-05-14 11:56:33;OUVERTE
TXN-005422;CLT-0089;24835,86;France;Îles Caïmans;14;1;40;0;20;0;60;ÉLEVÉ;2026-05-14 11:56:32;2026-05-14 11:56:33;OUVERTE
TXN-006183;CLT-0005;80432,72;France;Panama;14;1;40;0;20;0;60;ÉLEVÉ;2026-05-14 11:56:32;2026-05-14 11:56:33;OUVERTE
TXN-006172;CLT-0018;13362,36;France;Panama;14;1;40;0;20;0;60;ÉLEVÉ;2026-05-14 11:56:32;2026-05-14 11:56:33;OUVERTE
TXN-006151;CLT-0082;22829,76;Russie;Panama;14;1;40;0;20;0;60;ÉLEVÉ;2026-05-14 11:56:32;2026-05-14 11:56:33;OUVERTE
TXN-000836;CLT-0005;89588,56;France;Panama;14;1;40;0;20;0;60;ÉLEVÉ;2026-05-14 11:56:32;2026-05-14 11:56:33;OUVERTE
TXN-000793;CLT-0071;13549,94;France;Îles Caïmans;14;1;40;0;20;0;60;ÉLEVÉ;2026-05-14 11:56:32;2026-05-14 11:56:33;OUVERTE
TXN-005387;CLT-0099;56226,33;France;Panama;14;1;40;0;20;0;60;ÉLEVÉ;2026-05-14 11:56:32;2026-05-14 11:56:33;OUVERTE
TXN-005312;CLT-0038;21947,2;Allemagne;Îles Caïmans;14;1;40;0;20;0;60;ÉLEVÉ;2026-05-14 11:56:32;2026-05-14 11:56:33;OUVERTE
TXN-005220;CLT-0065;30941,4;France;Îles Caïmans;14;1;40;0;20;0;60;ÉLEVÉ;2026-05-14 11:56:32;2026-05-14 11:56:33;OUVERTE
TXN-005214;CLT-0089;21926,15;France;Îles Caïmans;14;1;40;0;20;0;60;ÉLEVÉ;2026-05-14 11:56:32;2026-05-14 11:56:33;OUVERTE
TXN-002222;CLT-0065;46037,0;Russie;Îles Caïmans;14;1;40;0;20;0;60;ÉLEVÉ;2026-05-14 11:56:32;2026-05-14 11:56:33;OUVERTE
TXN-002186;CLT-0017;24531,23;Espagne;Îles Caïmans;14;1;40;0;20;0;60;ÉLEVÉ;2026-05-14 11:56:32;2026-05-14 11:56:33;OUVERTE
TXN-009520;CLT-0031;37717,18;Russie;Panama;14;1;40;0;20;0;60;ÉLEVÉ;2026-05-14 11:56:32;2026-05-14 11:56:33;OUVERTE
TXN-009503;CLT-0097;20088,4;France;Panama;14;1;40;0;20;0;60;ÉLEVÉ;2026-05-14 11:56:32;2026-05-14 11:56:33;OUVERTE
TXN-009665;CLT-0085;32054,02;Espagne;Îles Caïmans;14;1;40;0;20;0;60;ÉLEVÉ;2026-05-14 11:56:32;2026-05-14 11:56:33;OUVERTE
TXN-001064;CLT-0018;57473,93;Russie;Panama;14;1;40;0;20;0;60;ÉLEVÉ;2026-05-14 11:56:32;2026-05-14 11:56:33;OUVERTE
TXN-001042;CLT-0018;67515,69;Allemagne;Panama;14;1;40;0;20;0;60;ÉLEVÉ;2026-05-14 11:56:32;2026-05-14 11:56:33;OUVERTE
TXN-001033;CLT-0063;94685,37;France;Îles Caïmans;14;1;40;0;20;0;60;ÉLEVÉ;2026-05-14 11:56:32;2026-05-14 11:56:33;OUVERTE
TXN-001032;CLT-0018;63052,84;Allemagne;Panama;14;1;40;0;20;0;60;ÉLEVÉ;2026-05-14 11:56:32;2026-05-14 11:56:33;OUVERTE
TXN-001020;CLT-0079;93209,71;France;Îles Caïmans;14;1;40;0;20;0;60;ÉLEVÉ;2026-05-14 11:56:32;2026-05-14 11:56:33;OUVERTE
TXN-005282;CLT-0010;66625,28;Espagne;Îles Caïmans;14;1;40;0;20;0;60;ÉLEVÉ;2026-05-14 11:56:32;2026-05-14 11:56:33;OUVERTE
TXN-006305;CLT-0096;13108,42;Espagne;Panama;14;1;40;0;20;0;60;ÉLEVÉ;2026-05-14 11:56:32;2026-05-14 11:56:33;OUVERTE
TXN-000883;CLT-0081;67535,09;Allemagne;Îles Caïmans;14;1;40;0;20;0;60;ÉLEVÉ;2026-05-14 11:56:32;2026-05-14 11:56:33;OUVERTE
TXN-006424;CLT-0010;93960,28;France;Îles Caïmans;14;1;40;0;20;0;60;ÉLEVÉ;2026-05-14 11:56:32;2026-05-14 11:56:33;OUVERTE
TXN-009417;CLT-0079;79252,85;Espagne;Îles Caïmans;14;1;40;0;20;0;60;ÉLEVÉ;2026-05-14 11:56:32;2026-05-14 11:56:33;OUVERTE
TXN-002254;CLT-0069;49384,98;France;Panama;14;1;40;0;20;0;60;ÉLEVÉ;2026-05-14 11:56:32;2026-05-14 11:56:33;OUVERTE
TXN-009554;CLT-0038;57300,51;Espagne;Îles Caïmans;14;1;40;0;20;0;60;ÉLEVÉ;2026-05-14 11:56:32;2026-05-14 11:56:33;OUVERTE
TXN-006316;CLT-0065;56061,54;France;Îles Caïmans;14;1;40;0;20;0;60;ÉLEVÉ;2026-05-14 11:56:32;2026-05-14 11:56:33;OUVERTE
TXN-005267;CLT-0018;70387,58;France;Panama;14;1;40;0;20;0;60;ÉLEVÉ;2026-05-14 11:56:32;2026-05-14 11:56:33;OUVERTE
TXN-005225;CLT-0082;82634,28;Espagne;Panama;14;1;40;0;20;0;60;ÉLEVÉ;2026-05-14 11:56:32;2026-05-14 11:56:33;OUVERTE
TXN-000699;CLT-0041;61897,87;Russie;Panama;14;1;40;0;20;0;60;ÉLEVÉ;2026-05-14 11:56:32;2026-05-14 11:56:33;OUVERTE
TXN-006521;CLT-0037;87443,65;Espagne;Îles Caïmans;14;1;40;0;20;0;60;ÉLEVÉ;2026-05-14 11:56:32;2026-05-14 11:56:33;OUVERTE
TXN-005205;CLT-0017;19083,34;Espagne;Îles Caïmans;14;1;40;0;20;0;60;ÉLEVÉ;2026-05-14 11:56:32;2026-05-14 11:56:33;OUVERTE
TXN-005204;CLT-0081;21502,65;France;Îles Caïmans;14;1;40;0;20;0;60;ÉLEVÉ;2026-05-14 11:56:32;2026-05-14 11:56:33;OUVERTE
TXN-005125;CLT-0081;74161,29;France;Îles Caïmans;14;1;40;0;20;0;60;ÉLEVÉ;2026-05-14 11:56:32;2026-05-14 11:56:33;OUVERTE
TXN-006512;CLT-0082;24951,72;France;Panama;14;1;40;0;20;0;60;ÉLEVÉ;2026-05-14 11:56:32;2026-05-14 11:56:33;OUVERTE
TXN-006482;CLT-0082;75787,2;Espagne;Panama;14;1;40;0;20;0;60;ÉLEVÉ;2026-05-14 11:56:32;2026-05-14 11:56:33;OUVERTE
TXN-006432;CLT-0012;28930,66;France;Panama;14;1;40;0;20;0;60;ÉLEVÉ;2026-05-14 11:56:32;2026-05-14 11:56:33;OUVERTE
TXN-006427;CLT-0082;82859,62;France;Panama;14;1;40;0;20;0;60;ÉLEVÉ;2026-05-14 11:56:32;2026-05-14 11:56:33;OUVERTE
TXN-005050;CLT-0047;59708,58;Espagne;Îles Caïmans;14;1;40;0;20;0;60;ÉLEVÉ;2026-05-14 11:56:32;2026-05-14 11:56:33;OUVERTE
TXN-000750;CLT-0037;81999,38;France;Îles Caïmans;14;1;40;0;20;0;60;ÉLEVÉ;2026-05-14 11:56:32;2026-05-14 11:56:33;OUVERTE
TXN-000724;CLT-0081;59534,25;France;Îles Caïmans;14;1;40;0;20;0;60;ÉLEVÉ;2026-05-14 11:56:32;2026-05-14 11:56:33;OUVERTE
TXN-006599;CLT-0081;10304,19;Allemagne;Îles Caïmans;14;1;40;0;20;0;60;ÉLEVÉ;2026-05-14 11:56:32;2026-05-14 11:56:33;OUVERTE
TXN-000188;CLT-0017;72990,23;Allemagne;Îles Caïmans;14;1;40;0;20;0;60;ÉLEVÉ;2026-05-14 11:56:32;2026-05-14 11:56:33;OUVERTE
TXN-002388;CLT-0099;13082,33;France;Panama;14;1;40;0;20;0;60;ÉLEVÉ;2026-05-14 11:56:32;2026-05-14 11:56:33;OUVERTE
TXN-002349;CLT-0067;67423,79;France;Panama;14;1;40;0;20;0;60;ÉLEVÉ;2026-05-14 11:56:32;2026-05-14 11:56:33;OUVERTE
TXN-009433;CLT-0031;50889,32;Russie;Panama;14;1;40;0;20;0;60;ÉLEVÉ;2026-05-14 11:56:32;2026-05-14 11:56:33;OUVERTE
TXN-001124;CLT-0018;48110,83;France;Panama;14;1;40;0;20;0;60;ÉLEVÉ;2026-05-14 11:56:32;2026-05-14 11:56:33;OUVERTE
TXN-001100;CLT-0099;10168,49;Russie;Panama;14;1;40;0;20;0;60;ÉLEVÉ;2026-05-14 11:56:32;2026-05-14 11:56:33;OUVERTE
TXN-001087;CLT-0010;86121,29;France;Îles Caïmans;14;1;40;0;20;0;60;ÉLEVÉ;2026-05-14 11:56:32;2026-05-14 11:56:33;OUVERTE
TXN-001073;CLT-0012;33733,77;Russie;Panama;14;1;40;0;20;0;60;ÉLEVÉ;2026-05-14 11:56:32;2026-05-14 11:56:33;OUVERTE
TXN-004985;CLT-0018;13027,98;Allemagne;Panama;14;1;40;0;20;0;60;ÉLEVÉ;2026-05-14 11:56:32;2026-05-14 11:56:33;OUVERTE
TXN-004885;CLT-0059;19542,22;Allemagne;Îles Caïmans;14;1;40;0;20;0;60;ÉLEVÉ;2026-05-14 11:56:32;2026-05-14 11:56:33;OUVERTE
TXN-006610;CLT-0037;13363,92;Espagne;Îles Caïmans;14;1;40;0;20;0;60;ÉLEVÉ;2026-05-14 11:56:32;2026-05-14 11:56:33;OUVERTE
TXN-006665;CLT-0041;46281,43;Espagne;Panama;14;1;40;0;20;0;60;ÉLEVÉ;2026-05-14 11:56:32;2026-05-14 11:56:33;OUVERTE
TXN-006651;CLT-0037;78922,57;Espagne;Îles Caïmans;14;1;40;0;20;0;60;ÉLEVÉ;2026-05-14 11:56:32;2026-05-14 11:56:33;OUVERTE
TXN-006638;CLT-0067;79334,14;Espagne;Panama;14;1;40;0;20;0;60;ÉLEVÉ;2026-05-14 11:56:32;2026-05-14 11:56:33;OUVERTE
TXN-004869;CLT-0047;84790,88;France;Îles Caïmans;14;1;40;0;20;0;60;ÉLEVÉ;2026-05-14 11:56:32;2026-05-14 11:56:33;OUVERTE
TXN-006803;CLT-0095;48015,39;Russie;Îles Caïmans;14;1;40;0;20;0;60;ÉLEVÉ;2026-05-14 11:56:32;2026-05-14 11:56:33;OUVERTE
TXN-009266;CLT-0018;78961,3;Espagne;Panama;14;1;40;0;20;0;60;ÉLEVÉ;2026-05-14 11:56:32;2026-05-14 11:56:33;OUVERTE
TXN-001798;CLT-0069;92116,26;France;Panama;14;1;40;0;20;0;60;ÉLEVÉ;2026-05-14 11:56:32;2026-05-14 11:56:33;OUVERTE
TXN-001755;CLT-0065;40594,01;Espagne;Îles Caïmans;14;1;40;0;20;0;60;ÉLEVÉ;2026-05-14 11:56:32;2026-05-14 11:56:33;OUVERTE
TXN-000192;CLT-0059;36254,83;France;Îles Caïmans;14;1;40;0;20;0;60;ÉLEVÉ;2026-05-14 11:56:32;2026-05-14 11:56:33;OUVERTE
TXN-006773;CLT-0038;91437,94;Espagne;Îles Caïmans;14;1;40;0;20;0;60;ÉLEVÉ;2026-05-14 11:56:32;2026-05-14 11:56:33;OUVERTE
TXN-006766;CLT-0099;35447,09;France;Panama;14;1;40;0;20;0;60;ÉLEVÉ;2026-05-14 11:56:32;2026-05-14 11:56:33;OUVERTE
TXN-001158;CLT-0081;50572,7;France;Îles Caïmans;14;1;40;0;20;0;60;ÉLEVÉ;2026-05-14 11:56:32;2026-05-14 11:56:33;OUVERTE
TXN-004771;CLT-0081;29754,21;Allemagne;Îles Caïmans;14;1;40;0;20;0;60;ÉLEVÉ;2026-05-14 11:56:32;2026-05-14 11:56:33;OUVERTE
TXN-004755;CLT-0095;22933,62;France;Îles Caïmans;14;1;40;0;20;0;60;ÉLEVÉ;2026-05-14 11:56:32;2026-05-14 11:56:33;OUVERTE
TXN-004707;CLT-0095;42520,05;Allemagne;Îles Caïmans;14;1;40;0;20;0;60;ÉLEVÉ;2026-05-14 11:56:32;2026-05-14 11:56:33;OUVERTE
TXN-004673;CLT-0017;93972,69;Allemagne;Îles Caïmans;14;1;40;0;20;0;60;ÉLEVÉ;2026-05-14 11:56:32;2026-05-14 11:56:33;OUVERTE
TXN-000691;CLT-0038;42016,35;Espagne;Îles Caïmans;14;1;40;0;20;0;60;ÉLEVÉ;2026-05-14 11:56:32;2026-05-14 11:56:33;OUVERTE
TXN-000684;CLT-0012;70367,54;France;Panama;14;1;40;0;20;0;60;ÉLEVÉ;2026-05-14 11:56:32;2026-05-14 11:56:33;OUVERTE
TXN-000621;CLT-0010;15837,19;Espagne;Îles Caïmans;14;1;40;0;20;0;60;ÉLEVÉ;2026-05-14 11:56:32;2026-05-14 11:56:33;OUVERTE
TXN-007013;CLT-0037;84578,78;France;Îles Caïmans;14;1;40;0;20;0;60;ÉLEVÉ;2026-05-14 11:56:32;2026-05-14 11:56:33;OUVERTE
TXN-009194;CLT-0071;8465,08;France;Îles Caïmans;14;1;40;0;20;0;60;ÉLEVÉ;2026-05-14 11:56:32;2026-05-14 11:56:33;OUVERTE
TXN-002436;CLT-0081;14908,84;Allemagne;Îles Caïmans;14;1;40;0;20;0;60;ÉLEVÉ;2026-05-14 11:56:32;2026-05-14 11:56:33;OUVERTE
TXN-006973;CLT-0085;81086,18;Allemagne;Îles Caïmans;14;1;40;0;20;0;60;ÉLEVÉ;2026-05-14 11:56:32;2026-05-14 11:56:33;OUVERTE
TXN-004630;CLT-0089;11345,28;Espagne;Îles Caïmans;14;1;40;0;20;0;60;ÉLEVÉ;2026-05-14 11:56:32;2026-05-14 11:56:33;OUVERTE
TXN-007088;CLT-0089;51475,83;France;Îles Caïmans;14;1;40;0;20;0;60;ÉLEVÉ;2026-05-14 11:56:32;2026-05-14 11:56:33;OUVERTE
TXN-004580;CLT-0096;58854,07;France;Panama;14;1;40;0;20;0;60;ÉLEVÉ;2026-05-14 11:56:32;2026-05-14 11:56:33;OUVERTE
TXN-004550;CLT-0096;90187,52;France;Panama;14;1;40;0;20;0;60;ÉLEVÉ;2026-05-14 11:56:32;2026-05-14 11:56:33;OUVERTE
TXN-004549;CLT-0082;17919,54;France;Panama;14;1;40;0;20;0;60;ÉLEVÉ;2026-05-14 11:56:32;2026-05-14 11:56:33;OUVERTE
TXN-004532;CLT-0082;70819,25;Allemagne;Panama;14;1;40;0;20;0;60;ÉLEVÉ;2026-05-14 11:56:32;2026-05-14 11:56:33;OUVERTE
TXN-004512;CLT-0071;81149,16;France;Îles Caïmans;14;1;40;0;20;0;60;ÉLEVÉ;2026-05-14 11:56:32;2026-05-14 11:56:33;OUVERTE
TXN-004485;CLT-0085;17591,49;France;Îles Caïmans;14;1;40;0;20;0;60;ÉLEVÉ;2026-05-14 11:56:32;2026-05-14 11:56:33;OUVERTE
TXN-000566;CLT-0089;85392,96;France;Îles Caïmans;14;1;40;0;20;0;60;ÉLEVÉ;2026-05-14 11:56:32;2026-05-14 11:56:33;OUVERTE
TXN-007178;CLT-0071;80145,6;France;Îles Caïmans;14;1;40;0;20;0;60;ÉLEVÉ;2026-05-14 11:56:32;2026-05-14 11:56:33;OUVERTE
TXN-004410;CLT-0079;52364,73;France;Îles Caïmans;14;1;40;0;20;0;60;ÉLEVÉ;2026-05-14 11:56:32;2026-05-14 11:56:33;OUVERTE
TXN-004405;CLT-0010;88617,18;Espagne;Îles Caïmans;14;1;40;0;20;0;60;ÉLEVÉ;2026-05-14 11:56:32;2026-05-14 11:56:33;OUVERTE
TXN-009134;CLT-0059;29444,11;Allemagne;Îles Caïmans;14;1;40;0;20;0;60;ÉLEVÉ;2026-05-14 11:56:32;2026-05-14 11:56:33;OUVERTE
TXN-009129;CLT-0038;64068,25;France;Îles Caïmans;14;1;40;0;20;0;60;ÉLEVÉ;2026-05-14 11:56:32;2026-05-14 11:56:33;OUVERTE
TXN-002668;CLT-0079;58709,12;Allemagne;Îles Caïmans;14;1;40;0;20;0;60;ÉLEVÉ;2026-05-14 11:56:32;2026-05-14 11:56:33;OUVERTE
TXN-002651;CLT-0079;66239,29;Russie;Îles Caïmans;14;1;40;0;20;0;60;ÉLEVÉ;2026-05-14 11:56:32;2026-05-14 11:56:33;OUVERTE
TXN-002625;CLT-0037;40835,98;Russie;Îles Caïmans;14;1;40;0;20;0;60;ÉLEVÉ;2026-05-14 11:56:32;2026-05-14 11:56:33;OUVERTE
TXN-002597;CLT-0031;81548,26;France;Panama;14;1;40;0;20;0;60;ÉLEVÉ;2026-05-14 11:56:32;2026-05-14 11:56:33;OUVERTE
TXN-009080;CLT-0010;72832,31;France;Îles Caïmans;14;1;40;0;20;0;60;ÉLEVÉ;2026-05-14 11:56:32;2026-05-14 11:56:33;OUVERTE
TXN-004394;CLT-0065;43465,01;France;Îles Caïmans;14;1;40;0;20;0;60;ÉLEVÉ;2026-05-14 11:56:32;2026-05-14 11:56:33;OUVERTE
TXN-004376;CLT-0010;32704,42;France;Îles Caïmans;14;1;40;0;20;0;60;ÉLEVÉ;2026-05-14 11:56:32;2026-05-14 11:56:33;OUVERTE
TXN-004371;CLT-0010;50158,36;Allemagne;Îles Caïmans;14;1;40;0;20;0;60;ÉLEVÉ;2026-05-14 11:56:32;2026-05-14 11:56:33;OUVERTE
TXN-007315;CLT-0037;81558,61;Espagne;Îles Caïmans;14;1;40;0;20;0;60;ÉLEVÉ;2026-05-14 11:56:32;2026-05-14 11:56:33;OUVERTE
TXN-007301;CLT-0005;17071,13;France;Panama;14;1;40;0;20;0;60;ÉLEVÉ;2026-05-14 11:56:32;2026-05-14 11:56:33;OUVERTE
TXN-007270;CLT-0099;84456,79;France;Panama;14;1;40;0;20;0;60;ÉLEVÉ;2026-05-14 11:56:32;2026-05-14 11:56:33;OUVERTE
TXN-007247;CLT-0079;36107,8;Russie;Îles Caïmans;14;1;40;0;20;0;60;ÉLEVÉ;2026-05-14 11:56:32;2026-05-14 11:56:33;OUVERTE
TXN-007460;CLT-0037;50714,61;France;Îles Caïmans;14;1;40;0;20;0;60;ÉLEVÉ;2026-05-14 11:56:32;2026-05-14 11:56:33;OUVERTE
TXN-004328;CLT-0071;63139,76;Allemagne;Îles Caïmans;14;1;40;0;20;0;60;ÉLEVÉ;2026-05-14 11:56:32;2026-05-14 11:56:33;OUVERTE
TXN-001372;CLT-0017;19157,44;Allemagne;Îles Caïmans;14;1;40;0;20;0;60;ÉLEVÉ;2026-05-14 11:56:32;2026-05-14 11:56:33;OUVERTE
TXN-001353;CLT-0038;78700,0;France;Îles Caïmans;14;1;40;0;20;0;60;ÉLEVÉ;2026-05-14 11:56:32;2026-05-14 11:56:33;OUVERTE
TXN-001342;CLT-0037;16642,03;France;Îles Caïmans;14;1;40;0;20;0;60;ÉLEVÉ;2026-05-14 11:56:32;2026-05-14 11:56:33;OUVERTE
TXN-009039;CLT-0097;64272,4;Russie;Panama;14;1;40;0;20;0;60;ÉLEVÉ;2026-05-14 11:56:32;2026-05-14 11:56:33;OUVERTE
TXN-009026;CLT-0038;76062,62;France;Îles Caïmans;14;1;40;0;20;0;60;ÉLEVÉ;2026-05-14 11:56:32;2026-05-14 11:56:33;OUVERTE
TXN-009024;CLT-0005;59830,57;France;Panama;14;1;40;0;20;0;60;ÉLEVÉ;2026-05-14 11:56:32;2026-05-14 11:56:33;OUVERTE
TXN-002760;CLT-0031;91272,41;Espagne;Panama;14;1;40;0;20;0;60;ÉLEVÉ;2026-05-14 11:56:32;2026-05-14 11:56:33;OUVERTE
TXN-002728;CLT-0097;35099,5;France;Panama;14;1;40;0;20;0;60;ÉLEVÉ;2026-05-14 11:56:32;2026-05-14 11:56:33;OUVERTE
TXN-004306;CLT-0041;35408,23;France;Panama;14;1;40;0;20;0;60;ÉLEVÉ;2026-05-14 11:56:32;2026-05-14 11:56:33;OUVERTE
TXN-004300;CLT-0085;45219,8;Allemagne;Îles Caïmans;14;1;40;0;20;0;60;ÉLEVÉ;2026-05-14 11:56:32;2026-05-14 11:56:33;OUVERTE
TXN-007494;CLT-0047;88553,1;France;Îles Caïmans;14;1;40;0;20;0;60;ÉLEVÉ;2026-05-14 11:56:32;2026-05-14 11:56:33;OUVERTE
TXN-007492;CLT-0059;14741,89;France;Îles Caïmans;14;1;40;0;20;0;60;ÉLEVÉ;2026-05-14 11:56:32;2026-05-14 11:56:33;OUVERTE
TXN-007660;CLT-0069;46926,8;France;Panama;14;1;40;0;20;0;60;ÉLEVÉ;2026-05-14 11:56:32;2026-05-14 11:56:33;OUVERTE
TXN-004188;CLT-0096;60958,06;Allemagne;Panama;14;1;40;0;20;0;60;ÉLEVÉ;2026-05-14 11:56:32;2026-05-14 11:56:33;OUVERTE
TXN-007607;CLT-0018;68238,48;France;Panama;14;1;40;0;20;0;60;ÉLEVÉ;2026-05-14 11:56:32;2026-05-14 11:56:33;OUVERTE
TXN-007579;CLT-0038;10132,62;France;Îles Caïmans;14;1;40;0;20;0;60;ÉLEVÉ;2026-05-14 11:56:32;2026-05-14 11:56:33;OUVERTE
TXN-007546;CLT-0096;26807,53;France;Panama;14;1;40;0;20;0;60;ÉLEVÉ;2026-05-14 11:56:32;2026-05-14 11:56:33;OUVERTE
TXN-007541;CLT-0096;21784,31;Russie;Panama;14;1;40;0;20;0;60;ÉLEVÉ;2026-05-14 11:56:32;2026-05-14 11:56:33;OUVERTE
TXN-007808;CLT-0069;13262,41;France;Panama;14;1;40;0;20;0;60;ÉLEVÉ;2026-05-14 11:56:32;2026-05-14 11:56:33;OUVERTE
TXN-001695;CLT-0005;13220,07;France;Panama;14;1;40;0;20;0;60;ÉLEVÉ;2026-05-14 11:56:32;2026-05-14 11:56:33;OUVERTE
TXN-001693;CLT-0096;23870,93;Espagne;Panama;14;1;40;0;20;0;60;ÉLEVÉ;2026-05-14 11:56:32;2026-05-14 11:56:33;OUVERTE
TXN-009002;CLT-0099;75440,29;France;Panama;14;1;40;0;20;0;60;ÉLEVÉ;2026-05-14 11:56:32;2026-05-14 11:56:33;OUVERTE
TXN-008988;CLT-0031;66706,73;Allemagne;Panama;14;1;40;0;20;0;60;ÉLEVÉ;2026-05-14 11:56:32;2026-05-14 11:56:33;OUVERTE
TXN-008972;CLT-0085;33642,65;Espagne;Îles Caïmans;14;1;40;0;20;0;60;ÉLEVÉ;2026-05-14 11:56:32;2026-05-14 11:56:33;OUVERTE
TXN-008921;CLT-0063;69321,94;Allemagne;Îles Caïmans;14;1;40;0;20;0;60;ÉLEVÉ;2026-05-14 11:56:32;2026-05-14 11:56:33;OUVERTE
TXN-009078;CLT-0017;21020,98;France;Îles Caïmans;14;1;40;0;20;0;60;ÉLEVÉ;2026-05-14 11:56:32;2026-05-14 11:56:33;OUVERTE
TXN-004047;CLT-0010;22212,91;Russie;Îles Caïmans;14;1;40;0;20;0;60;ÉLEVÉ;2026-05-14 11:56:32;2026-05-14 11:56:33;OUVERTE
TXN-007681;CLT-0038;57790,6;France;Îles Caïmans;14;1;40;0;20;0;60;ÉLEVÉ;2026-05-14 11:56:32;2026-05-14 11:56:33;OUVERTE
TXN-003911;CLT-0095;76602,64;Espagne;Îles Caïmans;14;1;40;0;20;0;60;ÉLEVÉ;2026-05-14 11:56:32;2026-05-14 11:56:33;OUVERTE
TXN-001443;CLT-0037;25312,89;Allemagne;Îles Caïmans;14;1;40;0;20;0;60;ÉLEVÉ;2026-05-14 11:56:32;2026-05-14 11:56:33;OUVERTE
TXN-001441;CLT-0082;57547,81;France;Panama;14;1;40;0;20;0;60;ÉLEVÉ;2026-05-14 11:56:32;2026-05-14 11:56:33;OUVERTE
TXN-004006;CLT-0085;72934,94;Espagne;Îles Caïmans;14;1;40;0;20;0;60;ÉLEVÉ;2026-05-14 11:56:32;2026-05-14 11:56:33;OUVERTE
TXN-007906;CLT-0037;13298,89;Espagne;Îles Caïmans;14;1;40;0;20;0;60;ÉLEVÉ;2026-05-14 11:56:32;2026-05-14 11:56:33;OUVERTE
TXN-002914;CLT-0063;22048,49;France;Îles Caïmans;14;1;40;0;20;0;60;ÉLEVÉ;2026-05-14 11:56:32;2026-05-14 11:56:33;OUVERTE
TXN-002865;CLT-0089;66031,24;France;Îles Caïmans;14;1;40;0;20;0;60;ÉLEVÉ;2026-05-14 11:56:32;2026-05-14 11:56:33;OUVERTE
TXN-002822;CLT-0038;42807,19;Espagne;Îles Caïmans;14;1;40;0;20;0;60;ÉLEVÉ;2026-05-14 11:56:32;2026-05-14 11:56:33;OUVERTE
TXN-008874;CLT-0082;8140,52;Espagne;Panama;14;1;40;0;20;0;60;ÉLEVÉ;2026-05-14 11:56:32;2026-05-14 11:56:33;OUVERTE
TXN-008851;CLT-0085;77134,4;Espagne;Îles Caïmans;14;1;40;0;20;0;60;ÉLEVÉ;2026-05-14 11:56:32;2026-05-14 11:56:33;OUVERTE
TXN-008840;CLT-0018;21305,79;France;Panama;14;1;40;0;20;0;60;ÉLEVÉ;2026-05-14 11:56:32;2026-05-14 11:56:33;OUVERTE
TXN-007879;CLT-0096;92306,11;France;Panama;14;1;40;0;20;0;60;ÉLEVÉ;2026-05-14 11:56:32;2026-05-14 11:56:33;OUVERTE
TXN-007872;CLT-0031;34976,97;Espagne;Panama;14;1;40;0;20;0;60;ÉLEVÉ;2026-05-14 11:56:32;2026-05-14 11:56:33;OUVERTE
TXN-007871;CLT-0063;20320,32;France;Îles Caïmans;14;1;40;0;20;0;60;ÉLEVÉ;2026-05-14 11:56:32;2026-05-14 11:56:33;OUVERTE
TXN-003983;CLT-0079;39214,95;Russie;Îles Caïmans;14;1;40;0;20;0;60;ÉLEVÉ;2026-05-14 11:56:32;2026-05-14 11:56:33;OUVERTE
TXN-003722;CLT-0038;53152,75;Russie;Îles Caïmans;14;1;40;0;20;0;60;ÉLEVÉ;2026-05-14 11:56:32;2026-05-14 11:56:33;OUVERTE
TXN-003884;CLT-0097;80353,84;France;Panama;14;1;40;0;20;0;60;ÉLEVÉ;2026-05-14 11:56:32;2026-05-14 11:56:33;OUVERTE
TXN-003825;CLT-0065;48080,25;France;Îles Caïmans;14;1;40;0;20;0;60;ÉLEVÉ;2026-05-14 11:56:32;2026-05-14 11:56:33;OUVERTE
TXN-007952;CLT-0012;57065,77;France;Panama;14;1;40;0;20;0;60;ÉLEVÉ;2026-05-14 11:56:32;2026-05-14 11:56:33;OUVERTE
TXN-000498;CLT-0085;57400,4;Allemagne;Îles Caïmans;14;1;40;0;20;0;60;ÉLEVÉ;2026-05-14 11:56:32;2026-05-14 11:56:33;OUVERTE
TXN-007912;CLT-0081;20550,13;France;Îles Caïmans;14;1;40;0;20;0;60;ÉLEVÉ;2026-05-14 11:56:32;2026-05-14 11:56:33;OUVERTE
TXN-000236;CLT-0065;53767,17;France;Îles Caïmans;14;1;40;0;20;0;60;ÉLEVÉ;2026-05-14 11:56:32;2026-05-14 11:56:33;OUVERTE
TXN-003031;CLT-0081;56579,63;France;Îles Caïmans;14;1;40;0;20;0;60;ÉLEVÉ;2026-05-14 11:56:32;2026-05-14 11:56:33;OUVERTE
TXN-003026;CLT-0018;70785,35;Russie;Panama;14;1;40;0;20;0;60;ÉLEVÉ;2026-05-14 11:56:32;2026-05-14 11:56:33;OUVERTE
TXN-003025;CLT-0017;41284,64;France;Îles Caïmans;14;1;40;0;20;0;60;ÉLEVÉ;2026-05-14 11:56:32;2026-05-14 11:56:33;OUVERTE
TXN-003021;CLT-0012;67749,3;France;Panama;14;1;40;0;20;0;60;ÉLEVÉ;2026-05-14 11:56:32;2026-05-14 11:56:33;OUVERTE
TXN-003012;CLT-0063;11868,51;Russie;Îles Caïmans;14;1;40;0;20;0;60;ÉLEVÉ;2026-05-14 11:56:32;2026-05-14 11:56:33;OUVERTE
TXN-003010;CLT-0097;10442,82;France;Panama;14;1;40;0;20;0;60;ÉLEVÉ;2026-05-14 11:56:32;2026-05-14 11:56:33;OUVERTE
TXN-008060;CLT-0010;55056,12;Allemagne;Îles Caïmans;14;1;40;0;20;0;60;ÉLEVÉ;2026-05-14 11:56:32;2026-05-14 11:56:33;OUVERTE
TXN-003811;CLT-0095;34224,22;France;Îles Caïmans;14;1;40;0;20;0;60;ÉLEVÉ;2026-05-14 11:56:32;2026-05-14 11:56:33;OUVERTE
TXN-003808;CLT-0067;89868,48;France;Panama;14;1;40;0;20;0;60;ÉLEVÉ;2026-05-14 11:56:32;2026-05-14 11:56:33;OUVERTE
TXN-003786;CLT-0097;73181,71;France;Panama;14;1;40;0;20;0;60;ÉLEVÉ;2026-05-14 11:56:32;2026-05-14 11:56:33;OUVERTE
TXN-003752;CLT-0097;71982,28;Allemagne;Panama;14;1;40;0;20;0;60;ÉLEVÉ;2026-05-14 11:56:32;2026-05-14 11:56:33;OUVERTE
TXN-003737;CLT-0071;12669,16;Espagne;Îles Caïmans;14;1;40;0;20;0;60;ÉLEVÉ;2026-05-14 11:56:32;2026-05-14 11:56:33;OUVERTE
TXN-008154;CLT-0067;17310,53;France;Panama;14;1;40;0;20;0;60;ÉLEVÉ;2026-05-14 11:56:32;2026-05-14 11:56:33;OUVERTE
TXN-002970;CLT-0065;36227,6;Russie;Îles Caïmans;14;1;40;0;20;0;60;ÉLEVÉ;2026-05-14 11:56:32;2026-05-14 11:56:33;OUVERTE
TXN-003053;CLT-0071;87297,71;France;Îles Caïmans;14;1;40;0;20;0;60;ÉLEVÉ;2026-05-14 11:56:32;2026-05-14 11:56:33;OUVERTE
TXN-008782;CLT-0047;65562,29;Allemagne;Îles Caïmans;14;1;40;0;20;0;60;ÉLEVÉ;2026-05-14 11:56:32;2026-05-14 11:56:33;OUVERTE
TXN-008779;CLT-0017;24175,9;Russie;Îles Caïmans;14;1;40;0;20;0;60;ÉLEVÉ;2026-05-14 11:56:32;2026-05-14 11:56:33;OUVERTE
TXN-008744;CLT-0085;25549,05;Espagne;Îles Caïmans;14;1;40;0;20;0;60;ÉLEVÉ;2026-05-14 11:56:32;2026-05-14 11:56:33;OUVERTE
TXN-008738;CLT-0031;58921,69;France;Panama;14;1;40;0;20;0;60;ÉLEVÉ;2026-05-14 11:56:32;2026-05-14 11:56:33;OUVERTE
TXN-008812;CLT-0037;40941,39;Russie;Îles Caïmans;14;1;40;0;20;0;60;ÉLEVÉ;2026-05-14 11:56:32;2026-05-14 11:56:33;OUVERTE
TXN-008119;CLT-0097;23736,07;Russie;Panama;14;1;40;0;20;0;60;ÉLEVÉ;2026-05-14 11:56:32;2026-05-14 11:56:33;OUVERTE
TXN-003676;CLT-0089;69533,02;Espagne;Îles Caïmans;14;1;40;0;20;0;60;ÉLEVÉ;2026-05-14 11:56:32;2026-05-14 11:56:33;OUVERTE
TXN-008113;CLT-0017;37701,92;Espagne;Îles Caïmans;14;1;40;0;20;0;60;ÉLEVÉ;2026-05-14 11:56:32;2026-05-14 11:56:33;OUVERTE
TXN-003542;CLT-0067;86200,29;Espagne;Panama;14;1;40;0;20;0;60;ÉLEVÉ;2026-05-14 11:56:32;2026-05-14 11:56:33;OUVERTE
TXN-001489;CLT-0031;59558,87;France;Panama;14;1;40;0;20;0;60;ÉLEVÉ;2026-05-14 11:56:32;2026-05-14 11:56:33;OUVERTE
TXN-003656;CLT-0005;40477,53;France;Panama;14;1;40;0;20;0;60;ÉLEVÉ;2026-05-14 11:56:32;2026-05-14 11:56:33;OUVERTE
TXN-008234;CLT-0081;48717,41;France;Îles Caïmans;14;1;40;0;20;0;60;ÉLEVÉ;2026-05-14 11:56:32;2026-05-14 11:56:33;OUVERTE
TXN-008181;CLT-0067;53959,28;France;Panama;14;1;40;0;20;0;60;ÉLEVÉ;2026-05-14 11:56:32;2026-05-14 11:56:33;OUVERTE
TXN-008164;CLT-0005;62504,49;France;Panama;14;1;40;0;20;0;60;ÉLEVÉ;2026-05-14 11:56:32;2026-05-14 11:56:33;OUVERTE
TXN-003175;CLT-0047;54261,12;Russie;Îles Caïmans;14;1;40;0;20;0;60;ÉLEVÉ;2026-05-14 11:56:32;2026-05-14 11:56:33;OUVERTE
TXN-003084;CLT-0085;12778,25;Espagne;Îles Caïmans;14;1;40;0;20;0;60;ÉLEVÉ;2026-05-14 11:56:32;2026-05-14 11:56:33;OUVERTE
TXN-003073;CLT-0005;61118,58;Espagne;Panama;14;1;40;0;20;0;60;ÉLEVÉ;2026-05-14 11:56:32;2026-05-14 11:56:33;OUVERTE
TXN-008708;CLT-0059;67579,01;France;Îles Caïmans;14;1;40;0;20;0;60;ÉLEVÉ;2026-05-14 11:56:32;2026-05-14 11:56:33;OUVERTE
TXN-008701;CLT-0005;86776,24;France;Panama;14;1;40;0;20;0;60;ÉLEVÉ;2026-05-14 11:56:32;2026-05-14 11:56:33;OUVERTE
TXN-002992;CLT-0005;21463,68;France;Panama;14;1;40;0;20;0;60;ÉLEVÉ;2026-05-14 11:56:32;2026-05-14 11:56:33;OUVERTE
TXN-008305;CLT-0065;25225,23;France;Îles Caïmans;14;1;40;0;20;0;60;ÉLEVÉ;2026-05-14 11:56:32;2026-05-14 11:56:33;OUVERTE
TXN-008299;CLT-0063;41089,51;Allemagne;Îles Caïmans;14;1;40;0;20;0;60;ÉLEVÉ;2026-05-14 11:56:32;2026-05-14 11:56:33;OUVERTE
TXN-008251;CLT-0089;89671,45;France;Îles Caïmans;14;1;40;0;20;0;60;ÉLEVÉ;2026-05-14 11:56:32;2026-05-14 11:56:33;OUVERTE
TXN-003389;CLT-0089;93231,99;France;Îles Caïmans;14;1;40;0;20;0;60;ÉLEVÉ;2026-05-14 11:56:32;2026-05-14 11:56:33;OUVERTE
TXN-003371;CLT-0085;24208,85;France;Îles Caïmans;14;1;40;0;20;0;60;ÉLEVÉ;2026-05-14 11:56:32;2026-05-14 11:56:33;OUVERTE
TXN-003458;CLT-0041;76857,87;Espagne;Panama;14;1;40;0;20;0;60;ÉLEVÉ;2026-05-14 11:56:32;2026-05-14 11:56:33;OUVERTE
TXN-000309;CLT-0031;61563,9;France;Panama;14;1;40;0;20;0;60;ÉLEVÉ;2026-05-14 11:56:32;2026-05-14 11:56:33;OUVERTE
TXN-008317;CLT-0063;38035,54;Allemagne;Îles Caïmans;14;1;40;0;20;0;60;ÉLEVÉ;2026-05-14 11:56:32;2026-05-14 11:56:33;OUVERTE
TXN-008438;CLT-0047;62438,82;France;Îles Caïmans;14;1;40;0;20;0;60;ÉLEVÉ;2026-05-14 11:56:32;2026-05-14 11:56:33;OUVERTE
TXN-008431;CLT-0096;28825,07;France;Panama;14;1;40;0;20;0;60;ÉLEVÉ;2026-05-14 11:56:32;2026-05-14 11:56:33;OUVERTE
TXN-003232;CLT-0079;40346,73;Russie;Îles Caïmans;14;1;40;0;20;0;60;ÉLEVÉ;2026-05-14 11:56:32;2026-05-14 11:56:33;OUVERTE
TXN-003223;CLT-0047;58284,07;France;Îles Caïmans;14;1;40;0;20;0;60;ÉLEVÉ;2026-05-14 11:56:32;2026-05-14 11:56:33;OUVERTE
TXN-003203;CLT-0099;61520,27;Allemagne;Panama;14;1;40;0;20;0;60;ÉLEVÉ;2026-05-14 11:56:32;2026-05-14 11:56:33;OUVERTE
TXN-003196;CLT-0059;71800,17;France;Îles Caïmans;14;1;40;0;20;0;60;ÉLEVÉ;2026-05-14 11:56:32;2026-05-14 11:56:33;OUVERTE
TXN-008617;CLT-0079;87293,18;France;Îles Caïmans;14;1;40;0;20;0;60;ÉLEVÉ;2026-05-14 11:56:32;2026-05-14 11:56:33;OUVERTE
TXN-008605;CLT-0097;47340,98;France;Panama;14;1;40;0;20;0;60;ÉLEVÉ;2026-05-14 11:56:32;2026-05-14 11:56:33;OUVERTE
TXN-008602;CLT-0085;76982,42;France;Îles Caïmans;14;1;40;0;20;0;60;ÉLEVÉ;2026-05-14 11:56:32;2026-05-14 11:56:33;OUVERTE
TXN-008557;CLT-0047;78008,77;France;Îles Caïmans;14;1;40;0;20;0;60;ÉLEVÉ;2026-05-14 11:56:32;2026-05-14 11:56:33;OUVERTE
TXN-008711;CLT-0089;50294,69;Russie;Îles Caïmans;14;1;40;0;20;0;60;ÉLEVÉ;2026-05-14 11:56:32;2026-05-14 11:56:33;OUVERTE
TXN-008421;CLT-0095;31584,8;Russie;Îles Caïmans;14;1;40;0;20;0;60;ÉLEVÉ;2026-05-14 11:56:32;2026-05-14 11:56:33;OUVERTE
TXN-008412;CLT-0065;59772,1;France;Îles Caïmans;14;1;40;0;20;0;60;ÉLEVÉ;2026-05-14 11:56:32;2026-05-14 11:56:33;OUVERTE
TXN-003438;CLT-0065;12153,75;France;Îles Caïmans;14;1;40;0;20;0;60;ÉLEVÉ;2026-05-14 11:56:32;2026-05-14 11:56:33;OUVERTE
TXN-003424;CLT-0041;43383,43;Russie;Panama;14;1;40;0;20;0;60;ÉLEVÉ;2026-05-14 11:56:32;2026-05-14 11:56:33;OUVERTE
TXN-008480;CLT-0041;9716,66;Russie;Panama;14;1;40;0;20;0;60;ÉLEVÉ;2026-05-14 11:56:32;2026-05-14 11:56:33;OUVERTE
TXN-003361;CLT-0041;89130,28;Allemagne;Panama;14;1;40;0;20;0;60;ÉLEVÉ;2026-05-14 11:56:32;2026-05-14 11:56:33;OUVERTE
TXN-001579;CLT-0018;20325,06;Allemagne;Panama;14;1;40;0;20;0;60;ÉLEVÉ;2026-05-14 11:56:32;2026-05-14 11:56:33;OUVERTE
TXN-001566;CLT-0063;18146,6;Allemagne;Îles Caïmans;14;1;40;0;20;0;60;ÉLEVÉ;2026-05-14 11:56:32;2026-05-14 11:56:33;OUVERTE
TXN-001546;CLT-0041;8799,4;Espagne;Panama;14;1;40;0;20;0;60;ÉLEVÉ;2026-05-14 11:56:32;2026-05-14 11:56:33;OUVERTE
TXN-003309;CLT-0079;23454,01;France;Îles Caïmans;14;1;40;0;20;0;60;ÉLEVÉ;2026-05-14 11:56:32;2026-05-14 11:56:33;OUVERTE
TXN-008526;CLT-0089;79598,34;Allemagne;Îles Caïmans;14;1;40;0;20;0;60;ÉLEVÉ;2026-05-14 11:56:32;2026-05-14 11:56:33;OUVERTE
TXN-008642;CLT-0063;35176,05;France;Îles Caïmans;14;1;40;0;20;0;60;ÉLEVÉ;2026-05-14 11:56:32;2026-05-14 11:56:33;OUVERTE
TXN-001930;CLT-0085;25898,52;France;Îles Caïmans;14;1;40;0;20;0;60;ÉLEVÉ;2026-05-14 11:56:32;2026-05-14 11:56:33;OUVERTE
TXN-001926;CLT-0005;71067,24;Russie;Panama;14;1;40;0;20;0;60;ÉLEVÉ;2026-05-14 11:56:32;2026-05-14 11:56:33;OUVERTE
TXN-001903;CLT-0010;83818,18;Allemagne;Îles Caïmans;14;1;40;0;20;0;60;ÉLEVÉ;2026-05-14 11:56:32;2026-05-14 11:56:33;OUVERTE
TXN-009923;CLT-0018;70347,63;Espagne;Panama;14;1;40;0;20;0;60;ÉLEVÉ;2026-05-14 11:56:32;2026-05-14 11:56:33;OUVERTE
TXN-009922;CLT-0037;53517,08;Allemagne;Îles Caïmans;14;1;40;0;20;0;60;ÉLEVÉ;2026-05-14 11:56:32;2026-05-14 11:56:33;OUVERTE
TXN-009963;CLT-0065;60391,39;Allemagne;Îles Caïmans;14;1;40;0;20;0;60;ÉLEVÉ;2026-05-14 11:56:32;2026-05-14 11:56:33;OUVERTE
TXN-009864;CLT-0082;29623,39;Russie;Panama;14;1;40;0;20;0;60;ÉLEVÉ;2026-05-14 11:56:32;2026-05-14 11:56:33;OUVERTE
TXN-000920;CLT-0071;60208,88;Allemagne;Îles Caïmans;14;1;40;0;20;0;60;ÉLEVÉ;2026-05-14 11:56:32;2026-05-14 11:56:33;OUVERTE
TXN-005841;CLT-0082;11976,61;Allemagne;Panama;14;1;40;0;20;0;60;ÉLEVÉ;2026-05-14 11:56:32;2026-05-14 11:56:33;OUVERTE
TXN-005791;CLT-0085;20447,54;Espagne;Îles Caïmans;14;1;40;0;20;0;60;ÉLEVÉ;2026-05-14 11:56:32;2026-05-14 11:56:33;OUVERTE
TXN-005737;CLT-0065;53993,87;Russie;Îles Caïmans;14;1;40;0;20;0;60;ÉLEVÉ;2026-05-14 11:56:32;2026-05-14 11:56:33;OUVERTE
TXN-000015;CLT-0082;37019,42;France;Panama;14;1;40;0;20;0;60;ÉLEVÉ;2026-05-14 11:56:32;2026-05-14 11:56:33;OUVERTE
TXN-000007;CLT-0041;64158,57;France;Panama;14;1;40;0;20;0;60;ÉLEVÉ;2026-05-14 11:56:32;2026-05-14 11:56:33;OUVERTE
TXN-009818;CLT-0041;3533,66;Îles Caïmans;Panama;14;0;0;25;20;0;45;ÉLEVÉ;2026-05-14 11:56:32;2026-05-14 11:56:33;OUVERTE
TXN-000006;CLT-0031;1029,25;Îles Caïmans;Panama;14;0;0;25;20;0;45;ÉLEVÉ;2026-05-14 11:56:32;2026-05-14 11:56:33;OUVERTE
TXN-005717;CLT-0047;3723,05;Panama;Îles Caïmans;14;0;0;25;20;0;45;ÉLEVÉ;2026-05-14 11:56:32;2026-05-14 11:56:33;OUVERTE
TXN-005805;CLT-0005;1714,44;Panama;Panama;14;0;0;25;20;0;45;ÉLEVÉ;2026-05-14 11:56:32;2026-05-14 11:56:33;OUVERTE
TXN-005807;CLT-0047;2268,55;Panama;Îles Caïmans;14;0;0;25;20;0;45;ÉLEVÉ;2026-05-14 11:56:32;2026-05-14 11:56:33;OUVERTE
TXN-005842;CLT-0047;3002,78;Panama;Îles Caïmans;14;0;0;25;20;0;45;ÉLEVÉ;2026-05-14 11:56:32;2026-05-14 11:56:33;OUVERTE
TXN-000886;CLT-0018;4486,9;Îles Caïmans;Panama;14;0;0;25;20;0;45;ÉLEVÉ;2026-05-14 11:56:32;2026-05-14 11:56:33;OUVERTE
TXN-000901;CLT-0079;4773,95;Panama;Îles Caïmans;14;0;0;25;20;0;45;ÉLEVÉ;2026-05-14 11:56:32;2026-05-14 11:56:33;OUVERTE
TXN-000928;CLT-0037;3446,38;Panama;Îles Caïmans;14;0;0;25;20;0;45;ÉLEVÉ;2026-05-14 11:56:32;2026-05-14 11:56:33;OUVERTE
TXN-000932;CLT-0079;598,45;Îles Caïmans;Îles Caïmans;14;0;0;25;20;0;45;ÉLEVÉ;2026-05-14 11:56:32;2026-05-14 11:56:33;OUVERTE
TXN-000938;CLT-0067;4072,69;Panama;Panama;14;0;0;25;20;0;45;ÉLEVÉ;2026-05-14 11:56:32;2026-05-14 11:56:33;OUVERTE
TXN-009953;CLT-0063;3863,26;Panama;Îles Caïmans;14;0;0;25;20;0;45;ÉLEVÉ;2026-05-14 11:56:32;2026-05-14 11:56:33;OUVERTE
TXN-001898;CLT-0065;2856,15;Panama;Îles Caïmans;14;0;0;25;20;0;45;ÉLEVÉ;2026-05-14 11:56:32;2026-05-14 11:56:33;OUVERTE
TXN-001908;CLT-0079;4030,25;Panama;Îles Caïmans;14;0;0;25;20;0;45;ÉLEVÉ;2026-05-14 11:56:32;2026-05-14 11:56:33;OUVERTE
TXN-009748;CLT-0031;4793,19;Panama;Panama;14;0;0;25;20;0;45;ÉLEVÉ;2026-05-14 11:56:32;2026-05-14 11:56:33;OUVERTE
TXN-000134;CLT-0031;4268,14;Panama;Panama;14;0;0;25;20;0;45;ÉLEVÉ;2026-05-14 11:56:32;2026-05-14 11:56:33;OUVERTE
TXN-000119;CLT-0041;3879,97;Îles Caïmans;Panama;14;0;0;25;20;0;45;ÉLEVÉ;2026-05-14 11:56:32;2026-05-14 11:56:33;OUVERTE
TXN-001973;CLT-0059;1855,67;Panama;Îles Caïmans;14;0;0;25;20;0;45;ÉLEVÉ;2026-05-14 11:56:32;2026-05-14 11:56:33;OUVERTE
TXN-001871;CLT-0065;527,0;Îles Caïmans;Îles Caïmans;14;0;0;25;20;0;45;ÉLEVÉ;2026-05-14 11:56:32;2026-05-14 11:56:33;OUVERTE
TXN-005887;CLT-0047;3376,39;Îles Caïmans;Îles Caïmans;14;0;0;25;20;0;45;ÉLEVÉ;2026-05-14 11:56:32;2026-05-14 11:56:33;OUVERTE
TXN-005697;CLT-0038;3266,22;Panama;Îles Caïmans;14;0;0;25;20;0;45;ÉLEVÉ;2026-05-14 11:56:32;2026-05-14 11:56:33;OUVERTE
TXN-005662;CLT-0071;1809,32;Panama;Îles Caïmans;14;0;0;25;20;0;45;ÉLEVÉ;2026-05-14 11:56:32;2026-05-14 11:56:33;OUVERTE
TXN-005658;CLT-0081;2806,94;Panama;Îles Caïmans;14;0;0;25;20;0;45;ÉLEVÉ;2026-05-14 11:56:32;2026-05-14 11:56:33;OUVERTE
TXN-005655;CLT-0063;1524,12;Panama;Îles Caïmans;14;0;0;25;20;0;45;ÉLEVÉ;2026-05-14 11:56:32;2026-05-14 11:56:33;OUVERTE
TXN-005625;CLT-0085;1166,45;Panama;Îles Caïmans;14;0;0;25;20;0;45;ÉLEVÉ;2026-05-14 11:56:32;2026-05-14 11:56:33;OUVERTE
TXN-005624;CLT-0096;3261,65;Îles Caïmans;Panama;14;0;0;25;20;0;45;ÉLEVÉ;2026-05-14 11:56:32;2026-05-14 11:56:33;OUVERTE
TXN-005600;CLT-0096;2756,54;Panama;Panama;14;0;0;25;20;0;45;ÉLEVÉ;2026-05-14 11:56:32;2026-05-14 11:56:33;OUVERTE
TXN-005581;CLT-0038;4440,4;Panama;Îles Caïmans;14;0;0;25;20;0;45;ÉLEVÉ;2026-05-14 11:56:32;2026-05-14 11:56:33;OUVERTE
TXN-005867;CLT-0095;2901,13;Panama;Îles Caïmans;14;0;0;25;20;0;45;ÉLEVÉ;2026-05-14 11:56:32;2026-05-14 11:56:33;OUVERTE
TXN-006026;CLT-0059;3333,76;Îles Caïmans;Îles Caïmans;14;0;0;25;20;0;45;ÉLEVÉ;2026-05-14 11:56:32;2026-05-14 11:56:33;OUVERTE
TXN-006004;CLT-0067;1423,8;Îles Caïmans;Panama;14;0;0;25;20;0;45;ÉLEVÉ;2026-05-14 11:56:32;2026-05-14 11:56:33;OUVERTE
TXN-003415;CLT-0099;3017,06;Panama;Panama;14;0;0;25;20;0;45;ÉLEVÉ;2026-05-14 11:56:32;2026-05-14 11:56:33;OUVERTE
TXN-003412;CLT-0017;4925,6;Îles Caïmans;Îles Caïmans;14;0;0;25;20;0;45;ÉLEVÉ;2026-05-14 11:56:32;2026-05-14 11:56:33;OUVERTE
TXN-008485;CLT-0096;4419,07;Îles Caïmans;Panama;14;0;0;25;20;0;45;ÉLEVÉ;2026-05-14 11:56:32;2026-05-14 11:56:33;OUVERTE
TXN-008481;CLT-0017;808,73;Îles Caïmans;Îles Caïmans;14;0;0;25;20;0;45;ÉLEVÉ;2026-05-14 11:56:32;2026-05-14 11:56:33;OUVERTE
TXN-008467;CLT-0012;1662,15;Panama;Panama;14;0;0;25;20;0;45;ÉLEVÉ;2026-05-14 11:56:32;2026-05-14 11:56:33;OUVERTE
TXN-003362;CLT-0095;4847,61;Îles Caïmans;Îles Caïmans;14;0;0;25;20;0;45;ÉLEVÉ;2026-05-14 11:56:32;2026-05-14 11:56:33;OUVERTE
TXN-001592;CLT-0069;4032,36;Îles Caïmans;Panama;14;0;0;25;20;0;45;ÉLEVÉ;2026-05-14 11:56:32;2026-05-14 11:56:33;OUVERTE
TXN-001577;CLT-0063;2230,15;Panama;Îles Caïmans;14;0;0;25;20;0;45;ÉLEVÉ;2026-05-14 11:56:32;2026-05-14 11:56:33;OUVERTE
TXN-001565;CLT-0081;3255,05;Panama;Îles Caïmans;14;0;0;25;20;0;45;ÉLEVÉ;2026-05-14 11:56:32;2026-05-14 11:56:33;OUVERTE
TXN-001558;CLT-0095;1056,73;Panama;Îles Caïmans;14;0;0;25;20;0;45;ÉLEVÉ;2026-05-14 11:56:32;2026-05-14 11:56:33;OUVERTE
TXN-001554;CLT-0097;3392,71;Îles Caïmans;Panama;14;0;0;25;20;0;45;ÉLEVÉ;2026-05-14 11:56:32;2026-05-14 11:56:33;OUVERTE
TXN-003350;CLT-0069;1434,9;Panama;Panama;14;0;0;25;20;0;45;ÉLEVÉ;2026-05-14 11:56:32;2026-05-14 11:56:33;OUVERTE
TXN-008449;CLT-0017;1778,53;Panama;Îles Caïmans;14;0;0;25;20;0;45;ÉLEVÉ;2026-05-14 11:56:32;2026-05-14 11:56:33;OUVERTE
TXN-008555;CLT-0038;4280,56;Panama;Îles Caïmans;14;0;0;25;20;0;45;ÉLEVÉ;2026-05-14 11:56:32;2026-05-14 11:56:33;OUVERTE
TXN-008551;CLT-0038;990,25;Panama;Îles Caïmans;14;0;0;25;20;0;45;ÉLEVÉ;2026-05-14 11:56:32;2026-05-14 11:56:33;OUVERTE
TXN-003341;CLT-0047;4870,8;Panama;Îles Caïmans;14;0;0;25;20;0;45;ÉLEVÉ;2026-05-14 11:56:32;2026-05-14 11:56:33;OUVERTE
TXN-008318;CLT-0095;26,46;Îles Caïmans;Îles Caïmans;14;0;0;25;20;0;45;ÉLEVÉ;2026-05-14 11:56:32;2026-05-14 11:56:33;OUVERTE
TXN-003243;CLT-0005;3629,51;Panama;Panama;14;0;0;25;20;0;45;ÉLEVÉ;2026-05-14 11:56:32;2026-05-14 11:56:33;OUVERTE
TXN-003240;CLT-0099;1402,35;Îles Caïmans;Panama;14;0;0;25;20;0;45;ÉLEVÉ;2026-05-14 11:56:32;2026-05-14 11:56:33;OUVERTE
TXN-003214;CLT-0047;4704,32;Panama;Îles Caïmans;14;0;0;25;20;0;45;ÉLEVÉ;2026-05-14 11:56:32;2026-05-14 11:56:33;OUVERTE
TXN-003204;CLT-0071;2745,69;Îles Caïmans;Îles Caïmans;14;0;0;25;20;0;45;ÉLEVÉ;2026-05-14 11:56:32;2026-05-14 11:56:33;OUVERTE
TXN-003198;CLT-0089;381,92;Îles Caïmans;Îles Caïmans;14;0;0;25;20;0;45;ÉLEVÉ;2026-05-14 11:56:32;2026-05-14 11:56:33;OUVERTE
TXN-008621;CLT-0017;2062,52;Îles Caïmans;Îles Caïmans;14;0;0;25;20;0;45;ÉLEVÉ;2026-05-14 11:56:32;2026-05-14 11:56:33;OUVERTE
TXN-008737;CLT-0031;4491,7;Îles Caïmans;Panama;14;0;0;25;20;0;45;ÉLEVÉ;2026-05-14 11:56:32;2026-05-14 11:56:33;OUVERTE
TXN-008395;CLT-0041;2572,68;Îles Caïmans;Panama;14;0;0;25;20;0;45;ÉLEVÉ;2026-05-14 11:56:32;2026-05-14 11:56:33;OUVERTE
TXN-008386;CLT-0099;4849,95;Panama;Panama;14;0;0;25;20;0;45;ÉLEVÉ;2026-05-14 11:56:32;2026-05-14 11:56:33;OUVERTE
TXN-008371;CLT-0010;897,92;Îles Caïmans;Îles Caïmans;14;0;0;25;20;0;45;ÉLEVÉ;2026-05-14 11:56:32;2026-05-14 11:56:33;OUVERTE
TXN-008370;CLT-0097;3732,52;Panama;Panama;14;0;0;25;20;0;45;ÉLEVÉ;2026-05-14 11:56:32;2026-05-14 11:56:33;OUVERTE
TXN-008360;CLT-0082;3814,6;Panama;Panama;14;0;0;25;20;0;45;ÉLEVÉ;2026-05-14 11:56:32;2026-05-14 11:56:33;OUVERTE
TXN-003433;CLT-0079;3929,97;Îles Caïmans;Îles Caïmans;14;0;0;25;20;0;45;ÉLEVÉ;2026-05-14 11:56:32;2026-05-14 11:56:33;OUVERTE
TXN-003430;CLT-0079;4937,37;Panama;Îles Caïmans;14;0;0;25;20;0;45;ÉLEVÉ;2026-05-14 11:56:32;2026-05-14 11:56:33;OUVERTE
TXN-003423;CLT-0005;1744,32;Panama;Panama;14;0;0;25;20;0;45;ÉLEVÉ;2026-05-14 11:56:32;2026-05-14 11:56:33;OUVERTE
TXN-003639;CLT-0089;220,89;Panama;Îles Caïmans;14;0;0;25;20;0;45;ÉLEVÉ;2026-05-14 11:56:32;2026-05-14 11:56:33;OUVERTE
TXN-003619;CLT-0079;4696,42;Panama;Îles Caïmans;14;0;0;25;20;0;45;ÉLEVÉ;2026-05-14 11:56:32;2026-05-14 11:56:33;OUVERTE
TXN-003585;CLT-0069;490,98;Panama;Panama;14;0;0;25;20;0;45;ÉLEVÉ;2026-05-14 11:56:32;2026-05-14 11:56:33;OUVERTE
TXN-003567;CLT-0071;4274,51;Îles Caïmans;Îles Caïmans;14;0;0;25;20;0;45;ÉLEVÉ;2026-05-14 11:56:32;2026-05-14 11:56:33;OUVERTE
TXN-003558;CLT-0069;3668,05;Îles Caïmans;Panama;14;0;0;25;20;0;45;ÉLEVÉ;2026-05-14 11:56:32;2026-05-14 11:56:33;OUVERTE
TXN-003544;CLT-0089;592,73;Panama;Îles Caïmans;14;0;0;25;20;0;45;ÉLEVÉ;2026-05-14 11:56:32;2026-05-14 11:56:33;OUVERTE
TXN-003402;CLT-0081;372,88;Panama;Îles Caïmans;14;0;0;25;20;0;45;ÉLEVÉ;2026-05-14 11:56:32;2026-05-14 11:56:33;OUVERTE
TXN-003381;CLT-0012;1140,92;Panama;Panama;14;0;0;25;20;0;45;ÉLEVÉ;2026-05-14 11:56:32;2026-05-14 11:56:33;OUVERTE
TXN-003484;CLT-0031;4830,39;Îles Caïmans;Panama;14;0;0;25;20;0;45;ÉLEVÉ;2026-05-14 11:56:32;2026-05-14 11:56:33;OUVERTE
TXN-003462;CLT-0079;825,21;Îles Caïmans;Îles Caïmans;14;0;0;25;20;0;45;ÉLEVÉ;2026-05-14 11:56:32;2026-05-14 11:56:33;OUVERTE
TXN-000367;CLT-0059;3212,06;Panama;Îles Caïmans;14;0;0;25;20;0;45;ÉLEVÉ;2026-05-14 11:56:32;2026-05-14 11:56:33;OUVERTE
TXN-000360;CLT-0031;3521,81;Panama;Panama;14;0;0;25;20;0;45;ÉLEVÉ;2026-05-14 11:56:32;2026-05-14 11:56:33;OUVERTE
TXN-000328;CLT-0096;2396,13;Panama;Panama;14;0;0;25;20;0;45;ÉLEVÉ;2026-05-14 11:56:32;2026-05-14 11:56:33;OUVERTE
TXN-008338;CLT-0067;1410,58;Îles Caïmans;Panama;14;0;0;25;20;0;45;ÉLEVÉ;2026-05-14 11:56:32;2026-05-14 11:56:33;OUVERTE
TXN-008337;CLT-0082;4866,16;Îles Caïmans;Panama;14;0;0;25;20;0;45;ÉLEVÉ;2026-05-14 11:56:32;2026-05-14 11:56:33;OUVERTE
TXN-008322;CLT-0082;2583,96;Îles Caïmans;Panama;14;0;0;25;20;0;45;ÉLEVÉ;2026-05-14 11:56:32;2026-05-14 11:56:33;OUVERTE
TXN-008311;CLT-0018;2658,83;Panama;Panama;14;0;0;25;20;0;45;ÉLEVÉ;2026-05-14 11:56:32;2026-05-14 11:56:33;OUVERTE
TXN-003189;CLT-0089;20,54;Îles Caïmans;Îles Caïmans;14;0;0;25;20;0;45;ÉLEVÉ;2026-05-14 11:56:32;2026-05-14 11:56:33;OUVERTE
TXN-003182;CLT-0005;1276,43;Îles Caïmans;Panama;14;0;0;25;20;0;45;ÉLEVÉ;2026-05-14 11:56:32;2026-05-14 11:56:33;OUVERTE
TXN-003149;CLT-0069;4260,42;Îles Caïmans;Panama;14;0;0;25;20;0;45;ÉLEVÉ;2026-05-14 11:56:32;2026-05-14 11:56:33;OUVERTE
TXN-003143;CLT-0081;280,42;Panama;Îles Caïmans;14;0;0;25;20;0;45;ÉLEVÉ;2026-05-14 11:56:32;2026-05-14 11:56:33;OUVERTE
TXN-003142;CLT-0099;4272,9;Panama;Panama;14;0;0;25;20;0;45;ÉLEVÉ;2026-05-14 11:56:32;2026-05-14 11:56:33;OUVERTE
TXN-008704;CLT-0041;607,9;Îles Caïmans;Panama;14;0;0;25;20;0;45;ÉLEVÉ;2026-05-14 11:56:32;2026-05-14 11:56:33;OUVERTE
TXN-008696;CLT-0095;4956,67;Panama;Îles Caïmans;14;0;0;25;20;0;45;ÉLEVÉ;2026-05-14 11:56:32;2026-05-14 11:56:33;OUVERTE
TXN-008686;CLT-0082;2942,88;Panama;Panama;14;0;0;25;20;0;45;ÉLEVÉ;2026-05-14 11:56:32;2026-05-14 11:56:33;OUVERTE
TXN-008674;CLT-0037;2144,55;Îles Caïmans;Îles Caïmans;14;0;0;25;20;0;45;ÉLEVÉ;2026-05-14 11:56:32;2026-05-14 11:56:33;OUVERTE
TXN-002993;CLT-0095;2559,53;Îles Caïmans;Îles Caïmans;14;0;0;25;20;0;45;ÉLEVÉ;2026-05-14 11:56:32;2026-05-14 11:56:33;OUVERTE
TXN-008291;CLT-0089;554,89;Panama;Îles Caïmans;14;0;0;25;20;0;45;ÉLEVÉ;2026-05-14 11:56:32;2026-05-14 11:56:33;OUVERTE
TXN-008289;CLT-0082;4356,13;Îles Caïmans;Panama;14;0;0;25;20;0;45;ÉLEVÉ;2026-05-14 11:56:32;2026-05-14 11:56:33;OUVERTE
TXN-008287;CLT-0097;4974,97;Panama;Panama;14;0;0;25;20;0;45;ÉLEVÉ;2026-05-14 11:56:32;2026-05-14 11:56:33;OUVERTE
TXN-008267;CLT-0089;40,2;Panama;Îles Caïmans;14;0;0;25;20;0;45;ÉLEVÉ;2026-05-14 11:56:32;2026-05-14 11:56:33;OUVERTE
TXN-008252;CLT-0037;2667,96;Îles Caïmans;Îles Caïmans;14;0;0;25;20;0;45;ÉLEVÉ;2026-05-14 11:56:32;2026-05-14 11:56:33;OUVERTE
TXN-003707;CLT-0012;4651,4;Îles Caïmans;Panama;14;0;0;25;20;0;45;ÉLEVÉ;2026-05-14 11:56:32;2026-05-14 11:56:33;OUVERTE
TXN-003702;CLT-0081;921,33;Panama;Îles Caïmans;14;0;0;25;20;0;45;ÉLEVÉ;2026-05-14 11:56:32;2026-05-14 11:56:33;OUVERTE
TXN-003674;CLT-0079;1170,89;Panama;Îles Caïmans;14;0;0;25;20;0;45;ÉLEVÉ;2026-05-14 11:56:32;2026-05-14 11:56:33;OUVERTE
TXN-008103;CLT-0065;1762,01;Panama;Îles Caïmans;14;0;0;25;20;0;45;ÉLEVÉ;2026-05-14 11:56:32;2026-05-14 11:56:33;OUVERTE
TXN-008087;CLT-0099;3361,38;Îles Caïmans;Panama;14;0;0;25;20;0;45;ÉLEVÉ;2026-05-14 11:56:32;2026-05-14 11:56:33;OUVERTE
TXN-003535;CLT-0082;425,68;Îles Caïmans;Panama;14;0;0;25;20;0;45;ÉLEVÉ;2026-05-14 11:56:32;2026-05-14 11:56:33;OUVERTE
TXN-001526;CLT-0097;1404,54;Panama;Panama;14;0;0;25;20;0;45;ÉLEVÉ;2026-05-14 11:56:32;2026-05-14 11:56:33;OUVERTE
TXN-001499;CLT-0096;4629,2;Îles Caïmans;Panama;14;0;0;25;20;0;45;ÉLEVÉ;2026-05-14 11:56:32;2026-05-14 11:56:33;OUVERTE
TXN-001493;CLT-0065;2358,86;Îles Caïmans;Îles Caïmans;14;0;0;25;20;0;45;ÉLEVÉ;2026-05-14 11:56:32;2026-05-14 11:56:33;OUVERTE
TXN-008243;CLT-0079;3431,21;Panama;Îles Caïmans;14;0;0;25;20;0;45;ÉLEVÉ;2026-05-14 11:56:32;2026-05-14 11:56:33;OUVERTE
TXN-008242;CLT-0037;410,86;Panama;Îles Caïmans;14;0;0;25;20;0;45;ÉLEVÉ;2026-05-14 11:56:32;2026-05-14 11:56:33;OUVERTE
TXN-008239;CLT-0071;879,81;Îles Caïmans;Îles Caïmans;14;0;0;25;20;0;45;ÉLEVÉ;2026-05-14 11:56:32;2026-05-14 11:56:33;OUVERTE
TXN-008213;CLT-0031;2628,15;Îles Caïmans;Panama;14;0;0;25;20;0;45;ÉLEVÉ;2026-05-14 11:56:32;2026-05-14 11:56:33;OUVERTE
TXN-008198;CLT-0069;4767,83;Îles Caïmans;Panama;14;0;0;25;20;0;45;ÉLEVÉ;2026-05-14 11:56:32;2026-05-14 11:56:33;OUVERTE
TXN-008173;CLT-0012;3678,2;Îles Caïmans;Panama;14;0;0;25;20;0;45;ÉLEVÉ;2026-05-14 11:56:32;2026-05-14 11:56:33;OUVERTE
TXN-008314;CLT-0031;4750,61;Panama;Panama;14;0;0;25;20;0;45;ÉLEVÉ;2026-05-14 11:56:32;2026-05-14 11:56:33;OUVERTE
TXN-008155;CLT-0059;4500,92;Îles Caïmans;Îles Caïmans;14;0;0;25;20;0;45;ÉLEVÉ;2026-05-14 11:56:32;2026-05-14 11:56:33;OUVERTE
TXN-002980;CLT-0079;4257,1;Îles Caïmans;Îles Caïmans;14;0;0;25;20;0;45;ÉLEVÉ;2026-05-14 11:56:32;2026-05-14 11:56:33;OUVERTE
TXN-002971;CLT-0018;1404,9;Panama;Panama;14;0;0;25;20;0;45;ÉLEVÉ;2026-05-14 11:56:32;2026-05-14 11:56:33;OUVERTE
TXN-002968;CLT-0017;43,57;Panama;Îles Caïmans;14;0;0;25;20;0;45;ÉLEVÉ;2026-05-14 11:56:32;2026-05-14 11:56:33;OUVERTE
TXN-001655;CLT-0081;1481,53;Panama;Îles Caïmans;14;0;0;25;20;0;45;ÉLEVÉ;2026-05-14 11:56:32;2026-05-14 11:56:33;OUVERTE
TXN-001601;CLT-0069;2579,91;Îles Caïmans;Panama;14;0;0;25;20;0;45;ÉLEVÉ;2026-05-14 11:56:32;2026-05-14 11:56:33;OUVERTE
TXN-003054;CLT-0063;1388,09;Îles Caïmans;Îles Caïmans;14;0;0;25;20;0;45;ÉLEVÉ;2026-05-14 11:56:32;2026-05-14 11:56:33;OUVERTE
TXN-008784;CLT-0041;514,6;Panama;Panama;14;0;0;25;20;0;45;ÉLEVÉ;2026-05-14 11:56:32;2026-05-14 11:56:33;OUVERTE
TXN-008772;CLT-0010;4695,75;Îles Caïmans;Îles Caïmans;14;0;0;25;20;0;45;ÉLEVÉ;2026-05-14 11:56:32;2026-05-14 11:56:33;OUVERTE
TXN-008807;CLT-0041;4427,8;Îles Caïmans;Panama;14;0;0;25;20;0;45;ÉLEVÉ;2026-05-14 11:56:32;2026-05-14 11:56:33;OUVERTE
TXN-008150;CLT-0071;4535,34;Îles Caïmans;Îles Caïmans;14;0;0;25;20;0;45;ÉLEVÉ;2026-05-14 11:56:32;2026-05-14 11:56:33;OUVERTE
TXN-008140;CLT-0037;4708,44;Îles Caïmans;Îles Caïmans;14;0;0;25;20;0;45;ÉLEVÉ;2026-05-14 11:56:32;2026-05-14 11:56:33;OUVERTE
TXN-008121;CLT-0082;4467,1;Îles Caïmans;Panama;14;0;0;25;20;0;45;ÉLEVÉ;2026-05-14 11:56:32;2026-05-14 11:56:33;OUVERTE
TXN-003715;CLT-0017;4810,12;Panama;Îles Caïmans;14;0;0;25;20;0;45;ÉLEVÉ;2026-05-14 11:56:32;2026-05-14 11:56:33;OUVERTE
TXN-003713;CLT-0017;3102,36;Îles Caïmans;Îles Caïmans;14;0;0;25;20;0;45;ÉLEVÉ;2026-05-14 11:56:32;2026-05-14 11:56:33;OUVERTE
TXN-003708;CLT-0037;2028,97;Îles Caïmans;Îles Caïmans;14;0;0;25;20;0;45;ÉLEVÉ;2026-05-14 11:56:32;2026-05-14 11:56:33;OUVERTE
TXN-000286;CLT-0037;981,33;Îles Caïmans;Îles Caïmans;14;0;0;25;20;0;45;ÉLEVÉ;2026-05-14 11:56:32;2026-05-14 11:56:33;OUVERTE
TXN-000279;CLT-0038;712,98;Îles Caïmans;Îles Caïmans;14;0;0;25;20;0;45;ÉLEVÉ;2026-05-14 11:56:32;2026-05-14 11:56:33;OUVERTE
TXN-000255;CLT-0018;3817,79;Panama;Panama;14;0;0;25;20;0;45;ÉLEVÉ;2026-05-14 11:56:32;2026-05-14 11:56:33;OUVERTE
TXN-000251;CLT-0010;3959,47;Panama;Îles Caïmans;14;0;0;25;20;0;45;ÉLEVÉ;2026-05-14 11:56:32;2026-05-14 11:56:33;OUVERTE
TXN-000249;CLT-0089;3591,14;Panama;Îles Caïmans;14;0;0;25;20;0;45;ÉLEVÉ;2026-05-14 11:56:32;2026-05-14 11:56:33;OUVERTE
TXN-000239;CLT-0018;3678,58;Panama;Panama;14;0;0;25;20;0;45;ÉLEVÉ;2026-05-14 11:56:32;2026-05-14 11:56:33;OUVERTE
TXN-008911;CLT-0081;2735,47;Panama;Îles Caïmans;14;0;0;25;20;0;45;ÉLEVÉ;2026-05-14 11:56:32;2026-05-14 11:56:33;OUVERTE
TXN-002954;CLT-0067;4758,63;Îles Caïmans;Panama;14;0;0;25;20;0;45;ÉLEVÉ;2026-05-14 11:56:32;2026-05-14 11:56:33;OUVERTE
TXN-008066;CLT-0041;4462,79;Panama;Panama;14;0;0;25;20;0;45;ÉLEVÉ;2026-05-14 11:56:32;2026-05-14 11:56:33;OUVERTE
TXN-008050;CLT-0089;4652,34;Îles Caïmans;Îles Caïmans;14;0;0;25;20;0;45;ÉLEVÉ;2026-05-14 11:56:32;2026-05-14 11:56:33;OUVERTE
TXN-008034;CLT-0031;1401,36;Îles Caïmans;Panama;14;0;0;25;20;0;45;ÉLEVÉ;2026-05-14 11:56:32;2026-05-14 11:56:33;OUVERTE
TXN-008027;CLT-0063;2421,55;Panama;Îles Caïmans;14;0;0;25;20;0;45;ÉLEVÉ;2026-05-14 11:56:32;2026-05-14 11:56:33;OUVERTE
TXN-007996;CLT-0081;2459,33;Îles Caïmans;Îles Caïmans;14;0;0;25;20;0;45;ÉLEVÉ;2026-05-14 11:56:32;2026-05-14 11:56:33;OUVERTE
TXN-003779;CLT-0096;264,28;Îles Caïmans;Panama;14;0;0;25;20;0;45;ÉLEVÉ;2026-05-14 11:56:32;2026-05-14 11:56:33;OUVERTE
TXN-003768;CLT-0012;4737,9;Îles Caïmans;Panama;14;0;0;25;20;0;45;ÉLEVÉ;2026-05-14 11:56:32;2026-05-14 11:56:33;OUVERTE
TXN-003742;CLT-0082;2343,17;Îles Caïmans;Panama;14;0;0;25;20;0;45;ÉLEVÉ;2026-05-14 11:56:32;2026-05-14 11:56:33;OUVERTE
TXN-003956;CLT-0097;665,55;Îles Caïmans;Panama;14;0;0;25;20;0;45;ÉLEVÉ;2026-05-14 11:56:32;2026-05-14 11:56:33;OUVERTE
TXN-003936;CLT-0047;4474,85;Îles Caïmans;Îles Caïmans;14;0;0;25;20;0;45;ÉLEVÉ;2026-05-14 11:56:32;2026-05-14 11:56:33;OUVERTE
TXN-003933;CLT-0037;3964,9;Îles Caïmans;Îles Caïmans;14;0;0;25;20;0;45;ÉLEVÉ;2026-05-14 11:56:32;2026-05-14 11:56:33;OUVERTE
TXN-003863;CLT-0079;789,81;Panama;Îles Caïmans;14;0;0;25;20;0;45;ÉLEVÉ;2026-05-14 11:56:32;2026-05-14 11:56:33;OUVERTE
TXN-003862;CLT-0095;4789,93;Panama;Îles Caïmans;14;0;0;25;20;0;45;ÉLEVÉ;2026-05-14 11:56:32;2026-05-14 11:56:33;OUVERTE
TXN-003842;CLT-0041;1294,29;Panama;Panama;14;0;0;25;20;0;45;ÉLEVÉ;2026-05-14 11:56:32;2026-05-14 11:56:33;OUVERTE
TXN-003823;CLT-0099;3693,35;Îles Caïmans;Panama;14;0;0;25;20;0;45;ÉLEVÉ;2026-05-14 11:56:32;2026-05-14 11:56:33;OUVERTE
TXN-000504;CLT-0012;4284,3;Panama;Panama;14;0;0;25;20;0;45;ÉLEVÉ;2026-05-14 11:56:32;2026-05-14 11:56:33;OUVERTE
TXN-000497;CLT-0065;433,66;Îles Caïmans;Îles Caïmans;14;0;0;25;20;0;45;ÉLEVÉ;2026-05-14 11:56:32;2026-05-14 11:56:33;OUVERTE
TXN-000489;CLT-0037;353,94;Panama;Îles Caïmans;14;0;0;25;20;0;45;ÉLEVÉ;2026-05-14 11:56:32;2026-05-14 11:56:33;OUVERTE
TXN-000486;CLT-0005;4601,93;Îles Caïmans;Panama;14;0;0;25;20;0;45;ÉLEVÉ;2026-05-14 11:56:32;2026-05-14 11:56:33;OUVERTE
TXN-000464;CLT-0018;442,57;Îles Caïmans;Panama;14;0;0;25;20;0;45;ÉLEVÉ;2026-05-14 11:56:32;2026-05-14 11:56:33;OUVERTE
TXN-007925;CLT-0041;3860,82;Îles Caïmans;Panama;14;0;0;25;20;0;45;ÉLEVÉ;2026-05-14 11:56:32;2026-05-14 11:56:33;OUVERTE
TXN-008083;CLT-0037;1247,82;Panama;Îles Caïmans;14;0;0;25;20;0;45;ÉLEVÉ;2026-05-14 11:56:32;2026-05-14 11:56:33;OUVERTE
TXN-008081;CLT-0017;3578,26;Îles Caïmans;Îles Caïmans;14;0;0;25;20;0;45;ÉLEVÉ;2026-05-14 11:56:32;2026-05-14 11:56:33;OUVERTE
TXN-000305;CLT-0037;2806,83;Îles Caïmans;Îles Caïmans;14;0;0;25;20;0;45;ÉLEVÉ;2026-05-14 11:56:32;2026-05-14 11:56:33;OUVERTE
TXN-002922;CLT-0047;4039,95;Îles Caïmans;Îles Caïmans;14;0;0;25;20;0;45;ÉLEVÉ;2026-05-14 11:56:32;2026-05-14 11:56:33;OUVERTE
TXN-002902;CLT-0017;2274,79;Panama;Îles Caïmans;14;0;0;25;20;0;45;ÉLEVÉ;2026-05-14 11:56:32;2026-05-14 11:56:33;OUVERTE
TXN-002897;CLT-0018;300,33;Îles Caïmans;Panama;14;0;0;25;20;0;45;ÉLEVÉ;2026-05-14 11:56:32;2026-05-14 11:56:33;OUVERTE
TXN-002879;CLT-0037;2810,15;Panama;Îles Caïmans;14;0;0;25;20;0;45;ÉLEVÉ;2026-05-14 11:56:32;2026-05-14 11:56:33;OUVERTE
TXN-008868;CLT-0018;1832,43;Îles Caïmans;Panama;14;0;0;25;20;0;45;ÉLEVÉ;2026-05-14 11:56:32;2026-05-14 11:56:33;OUVERTE
TXN-008860;CLT-0099;3402,82;Panama;Panama;14;0;0;25;20;0;45;ÉLEVÉ;2026-05-14 11:56:32;2026-05-14 11:56:33;OUVERTE
TXN-008814;CLT-0097;1785,36;Panama;Panama;14;0;0;25;20;0;45;ÉLEVÉ;2026-05-14 11:56:32;2026-05-14 11:56:33;OUVERTE
TXN-002689;CLT-0079;4968,22;Îles Caïmans;Îles Caïmans;14;0;0;25;20;0;45;ÉLEVÉ;2026-05-14 11:56:32;2026-05-14 11:56:33;OUVERTE
TXN-002681;CLT-0085;4064,47;Panama;Îles Caïmans;14;0;0;25;20;0;45;ÉLEVÉ;2026-05-14 11:56:32;2026-05-14 11:56:33;OUVERTE
TXN-007882;CLT-0037;4538,31;Îles Caïmans;Îles Caïmans;14;0;0;25;20;0;45;ÉLEVÉ;2026-05-14 11:56:32;2026-05-14 11:56:33;OUVERTE
TXN-007866;CLT-0012;10,6;Panama;Panama;14;0;0;25;20;0;45;ÉLEVÉ;2026-05-14 11:56:32;2026-05-14 11:56:33;OUVERTE
TXN-007859;CLT-0071;3483,58;Îles Caïmans;Îles Caïmans;14;0;0;25;20;0;45;ÉLEVÉ;2026-05-14 11:56:32;2026-05-14 11:56:33;OUVERTE
TXN-007856;CLT-0097;1565,56;Îles Caïmans;Panama;14;0;0;25;20;0;45;ÉLEVÉ;2026-05-14 11:56:32;2026-05-14 11:56:33;OUVERTE
TXN-003999;CLT-0012;2339,96;Îles Caïmans;Panama;14;0;0;25;20;0;45;ÉLEVÉ;2026-05-14 11:56:32;2026-05-14 11:56:33;OUVERTE
TXN-003995;CLT-0059;4492,29;Îles Caïmans;Îles Caïmans;14;0;0;25;20;0;45;ÉLEVÉ;2026-05-14 11:56:32;2026-05-14 11:56:33;OUVERTE
TXN-003988;CLT-0065;567,11;Îles Caïmans;Îles Caïmans;14;0;0;25;20;0;45;ÉLEVÉ;2026-05-14 11:56:32;2026-05-14 11:56:33;OUVERTE
TXN-007693;CLT-0010;375,89;Îles Caïmans;Îles Caïmans;14;0;0;25;20;0;45;ÉLEVÉ;2026-05-14 11:56:32;2026-05-14 11:56:33;OUVERTE
TXN-007683;CLT-0065;664,36;Îles Caïmans;Îles Caïmans;14;0;0;25;20;0;45;ÉLEVÉ;2026-05-14 11:56:32;2026-05-14 11:56:33;OUVERTE
TXN-003915;CLT-0069;53,03;Panama;Panama;14;0;0;25;20;0;45;ÉLEVÉ;2026-05-14 11:56:32;2026-05-14 11:56:33;OUVERTE
TXN-001457;CLT-0065;391,9;Îles Caïmans;Îles Caïmans;14;0;0;25;20;0;45;ÉLEVÉ;2026-05-14 11:56:32;2026-05-14 11:56:33;OUVERTE
TXN-001451;CLT-0037;205,03;Panama;Îles Caïmans;14;0;0;25;20;0;45;ÉLEVÉ;2026-05-14 11:56:32;2026-05-14 11:56:33;OUVERTE
TXN-001438;CLT-0018;2842,21;Panama;Panama;14;0;0;25;20;0;45;ÉLEVÉ;2026-05-14 11:56:32;2026-05-14 11:56:33;OUVERTE
TXN-001437;CLT-0069;2022,81;Panama;Panama;14;0;0;25;20;0;45;ÉLEVÉ;2026-05-14 11:56:32;2026-05-14 11:56:33;OUVERTE
TXN-001433;CLT-0041;2312,39;Îles Caïmans;Panama;14;0;0;25;20;0;45;ÉLEVÉ;2026-05-14 11:56:32;2026-05-14 11:56:33;OUVERTE
TXN-001421;CLT-0038;680,31;Panama;Îles Caïmans;14;0;0;25;20;0;45;ÉLEVÉ;2026-05-14 11:56:32;2026-05-14 11:56:33;OUVERTE
TXN-001416;CLT-0097;1946,7;Panama;Panama;14;0;0;25;20;0;45;ÉLEVÉ;2026-05-14 11:56:32;2026-05-14 11:56:33;OUVERTE
TXN-001413;CLT-0038;2940,76;Panama;Îles Caïmans;14;0;0;25;20;0;45;ÉLEVÉ;2026-05-14 11:56:32;2026-05-14 11:56:33;OUVERTE
TXN-001409;CLT-0031;1059,08;Panama;Panama;14;0;0;25;20;0;45;ÉLEVÉ;2026-05-14 11:56:32;2026-05-14 11:56:33;OUVERTE
TXN-007828;CLT-0047;961,35;Panama;Îles Caïmans;14;0;0;25;20;0;45;ÉLEVÉ;2026-05-14 11:56:32;2026-05-14 11:56:33;OUVERTE
TXN-007819;CLT-0081;1667,55;Îles Caïmans;Îles Caïmans;14;0;0;25;20;0;45;ÉLEVÉ;2026-05-14 11:56:32;2026-05-14 11:56:33;OUVERTE
TXN-007903;CLT-0097;3071,69;Îles Caïmans;Panama;14;0;0;25;20;0;45;ÉLEVÉ;2026-05-14 11:56:32;2026-05-14 11:56:33;OUVERTE
TXN-002942;CLT-0047;4416,27;Îles Caïmans;Îles Caïmans;14;0;0;25;20;0;45;ÉLEVÉ;2026-05-14 11:56:32;2026-05-14 11:56:33;OUVERTE
TXN-001707;CLT-0097;2506,08;Panama;Panama;14;0;0;25;20;0;45;ÉLEVÉ;2026-05-14 11:56:32;2026-05-14 11:56:33;OUVERTE
TXN-001698;CLT-0017;468,76;Îles Caïmans;Îles Caïmans;14;0;0;25;20;0;45;ÉLEVÉ;2026-05-14 11:56:32;2026-05-14 11:56:33;OUVERTE
TXN-008991;CLT-0082;4581,17;Panama;Panama;14;0;0;25;20;0;45;ÉLEVÉ;2026-05-14 11:56:32;2026-05-14 11:56:33;OUVERTE
TXN-008977;CLT-0041;3698,82;Îles Caïmans;Panama;14;0;0;25;20;0;45;ÉLEVÉ;2026-05-14 11:56:32;2026-05-14 11:56:33;OUVERTE
TXN-008919;CLT-0097;24,59;Îles Caïmans;Panama;14;0;0;25;20;0;45;ÉLEVÉ;2026-05-14 11:56:32;2026-05-14 11:56:33;OUVERTE
TXN-009079;CLT-0079;2802,42;Panama;Îles Caïmans;14;0;0;25;20;0;45;ÉLEVÉ;2026-05-14 11:56:32;2026-05-14 11:56:33;OUVERTE
TXN-007791;CLT-0096;1181,59;Panama;Panama;14;0;0;25;20;0;45;ÉLEVÉ;2026-05-14 11:56:32;2026-05-14 11:56:33;OUVERTE
TXN-004102;CLT-0037;2788,62;Panama;Îles Caïmans;14;0;0;25;20;0;45;ÉLEVÉ;2026-05-14 11:56:32;2026-05-14 11:56:33;OUVERTE
TXN-004101;CLT-0018;4907,6;Panama;Panama;14;0;0;25;20;0;45;ÉLEVÉ;2026-05-14 11:56:32;2026-05-14 11:56:33;OUVERTE
TXN-004099;CLT-0018;2671,9;Panama;Panama;14;0;0;25;20;0;45;ÉLEVÉ;2026-05-14 11:56:32;2026-05-14 11:56:33;OUVERTE
TXN-004086;CLT-0063;2887,13;Îles Caïmans;Îles Caïmans;14;0;0;25;20;0;45;ÉLEVÉ;2026-05-14 11:56:32;2026-05-14 11:56:33;OUVERTE
TXN-004074;CLT-0065;4251,52;Îles Caïmans;Îles Caïmans;14;0;0;25;20;0;45;ÉLEVÉ;2026-05-14 11:56:32;2026-05-14 11:56:33;OUVERTE
TXN-004068;CLT-0031;809,99;Panama;Panama;14;0;0;25;20;0;45;ÉLEVÉ;2026-05-14 11:56:32;2026-05-14 11:56:33;OUVERTE
TXN-004056;CLT-0089;4615,79;Îles Caïmans;Îles Caïmans;14;0;0;25;20;0;45;ÉLEVÉ;2026-05-14 11:56:32;2026-05-14 11:56:33;OUVERTE
TXN-004055;CLT-0017;4794,26;Panama;Îles Caïmans;14;0;0;25;20;0;45;ÉLEVÉ;2026-05-14 11:56:32;2026-05-14 11:56:33;OUVERTE
TXN-007715;CLT-0099;1545,38;Panama;Panama;14;0;0;25;20;0;45;ÉLEVÉ;2026-05-14 11:56:32;2026-05-14 11:56:33;OUVERTE
TXN-000532;CLT-0089;879,27;Panama;Îles Caïmans;14;0;0;25;20;0;45;ÉLEVÉ;2026-05-14 11:56:32;2026-05-14 11:56:33;OUVERTE
TXN-000518;CLT-0065;2428,55;Îles Caïmans;Îles Caïmans;14;0;0;25;20;0;45;ÉLEVÉ;2026-05-14 11:56:32;2026-05-14 11:56:33;OUVERTE
TXN-007675;CLT-0059;1552,32;Îles Caïmans;Îles Caïmans;14;0;0;25;20;0;45;ÉLEVÉ;2026-05-14 11:56:32;2026-05-14 11:56:33;OUVERTE
TXN-007668;CLT-0069;4194,05;Panama;Panama;14;0;0;25;20;0;45;ÉLEVÉ;2026-05-14 11:56:32;2026-05-14 11:56:33;OUVERTE
TXN-004176;CLT-0067;1659,41;Panama;Panama;14;0;0;25;20;0;45;ÉLEVÉ;2026-05-14 11:56:32;2026-05-14 11:56:33;OUVERTE
TXN-004161;CLT-0079;4552,05;Panama;Îles Caïmans;14;0;0;25;20;0;45;ÉLEVÉ;2026-05-14 11:56:32;2026-05-14 11:56:33;OUVERTE
TXN-004119;CLT-0095;2306,57;Îles Caïmans;Îles Caïmans;14;0;0;25;20;0;45;ÉLEVÉ;2026-05-14 11:56:32;2026-05-14 11:56:33;OUVERTE
TXN-004111;CLT-0047;4000,89;Panama;Îles Caïmans;14;0;0;25;20;0;45;ÉLEVÉ;2026-05-14 11:56:32;2026-05-14 11:56:33;OUVERTE
TXN-007644;CLT-0069;3084,58;Îles Caïmans;Panama;14;0;0;25;20;0;45;ÉLEVÉ;2026-05-14 11:56:32;2026-05-14 11:56:33;OUVERTE
TXN-007637;CLT-0085;3492,88;Îles Caïmans;Îles Caïmans;14;0;0;25;20;0;45;ÉLEVÉ;2026-05-14 11:56:32;2026-05-14 11:56:33;OUVERTE
TXN-007622;CLT-0089;3353,13;Îles Caïmans;Îles Caïmans;14;0;0;25;20;0;45;ÉLEVÉ;2026-05-14 11:56:32;2026-05-14 11:56:33;OUVERTE
TXN-007574;CLT-0018;75,61;Panama;Panama;14;0;0;25;20;0;45;ÉLEVÉ;2026-05-14 11:56:32;2026-05-14 11:56:33;OUVERTE
TXN-007797;CLT-0041;1218,64;Panama;Panama;14;0;0;25;20;0;45;ÉLEVÉ;2026-05-14 11:56:32;2026-05-14 11:56:33;OUVERTE
TXN-001735;CLT-0012;1304,64;Panama;Panama;14;0;0;25;20;0;45;ÉLEVÉ;2026-05-14 11:56:32;2026-05-14 11:56:33;OUVERTE
TXN-001720;CLT-0037;2446,41;Îles Caïmans;Îles Caïmans;14;0;0;25;20;0;45;ÉLEVÉ;2026-05-14 11:56:32;2026-05-14 11:56:33;OUVERTE
TXN-001713;CLT-0047;664,68;Îles Caïmans;Îles Caïmans;14;0;0;25;20;0;45;ÉLEVÉ;2026-05-14 11:56:32;2026-05-14 11:56:33;OUVERTE
TXN-009036;CLT-0047;861,79;Îles Caïmans;Îles Caïmans;14;0;0;25;20;0;45;ÉLEVÉ;2026-05-14 11:56:32;2026-05-14 11:56:33;OUVERTE
TXN-002765;CLT-0081;1366,99;Panama;Îles Caïmans;14;0;0;25;20;0;45;ÉLEVÉ;2026-05-14 11:56:32;2026-05-14 11:56:33;OUVERTE
TXN-002740;CLT-0079;1445,44;Îles Caïmans;Îles Caïmans;14;0;0;25;20;0;45;ÉLEVÉ;2026-05-14 11:56:32;2026-05-14 11:56:33;OUVERTE
TXN-002739;CLT-0018;2643,63;Îles Caïmans;Panama;14;0;0;25;20;0;45;ÉLEVÉ;2026-05-14 11:56:32;2026-05-14 11:56:33;OUVERTE
TXN-002726;CLT-0099;484,83;Panama;Panama;14;0;0;25;20;0;45;ÉLEVÉ;2026-05-14 11:56:32;2026-05-14 11:56:33;OUVERTE
TXN-002696;CLT-0010;21,23;Îles Caïmans;Îles Caïmans;14;0;0;25;20;0;45;ÉLEVÉ;2026-05-14 11:56:32;2026-05-14 11:56:33;OUVERTE
TXN-009161;CLT-0069;4570,77;Panama;Panama;14;0;0;25;20;0;45;ÉLEVÉ;2026-05-14 11:56:32;2026-05-14 11:56:33;OUVERTE
TXN-009141;CLT-0038;2792,65;Panama;Îles Caïmans;14;0;0;25;20;0;45;ÉLEVÉ;2026-05-14 11:56:32;2026-05-14 11:56:33;OUVERTE
TXN-004280;CLT-0097;341,76;Îles Caïmans;Panama;14;0;0;25;20;0;45;ÉLEVÉ;2026-05-14 11:56:32;2026-05-14 11:56:33;OUVERTE
TXN-004210;CLT-0085;4218,69;Panama;Îles Caïmans;14;0;0;25;20;0;45;ÉLEVÉ;2026-05-14 11:56:32;2026-05-14 11:56:33;OUVERTE
TXN-004201;CLT-0047;2667,63;Panama;Îles Caïmans;14;0;0;25;20;0;45;ÉLEVÉ;2026-05-14 11:56:32;2026-05-14 11:56:33;OUVERTE
TXN-007526;CLT-0099;2563,87;Îles Caïmans;Panama;14;0;0;25;20;0;45;ÉLEVÉ;2026-05-14 11:56:32;2026-05-14 11:56:33;OUVERTE
TXN-000561;CLT-0059;4284,55;Îles Caïmans;Îles Caïmans;14;0;0;25;20;0;45;ÉLEVÉ;2026-05-14 11:56:32;2026-05-14 11:56:33;OUVERTE
TXN-000560;CLT-0012;1296,85;Îles Caïmans;Panama;14;0;0;25;20;0;45;ÉLEVÉ;2026-05-14 11:56:32;2026-05-14 11:56:33;OUVERTE
TXN-000542;CLT-0038;3997,98;Panama;Îles Caïmans;14;0;0;25;20;0;45;ÉLEVÉ;2026-05-14 11:56:32;2026-05-14 11:56:33;OUVERTE
TXN-000536;CLT-0031;711,81;Panama;Panama;14;0;0;25;20;0;45;ÉLEVÉ;2026-05-14 11:56:32;2026-05-14 11:56:33;OUVERTE
TXN-007474;CLT-0096;4133,73;Panama;Panama;14;0;0;25;20;0;45;ÉLEVÉ;2026-05-14 11:56:32;2026-05-14 11:56:33;OUVERTE
TXN-007463;CLT-0010;504,55;Îles Caïmans;Îles Caïmans;14;0;0;25;20;0;45;ÉLEVÉ;2026-05-14 11:56:32;2026-05-14 11:56:33;OUVERTE
TXN-007411;CLT-0041;1987,61;Îles Caïmans;Panama;14;0;0;25;20;0;45;ÉLEVÉ;2026-05-14 11:56:32;2026-05-14 11:56:33;OUVERTE
TXN-007404;CLT-0069;1752,08;Îles Caïmans;Panama;14;0;0;25;20;0;45;ÉLEVÉ;2026-05-14 11:56:32;2026-05-14 11:56:33;OUVERTE
TXN-007399;CLT-0047;4633,47;Panama;Îles Caïmans;14;0;0;25;20;0;45;ÉLEVÉ;2026-05-14 11:56:32;2026-05-14 11:56:33;OUVERTE
TXN-007395;CLT-0069;3511,57;Îles Caïmans;Panama;14;0;0;25;20;0;45;ÉLEVÉ;2026-05-14 11:56:32;2026-05-14 11:56:33;OUVERTE
TXN-001390;CLT-0059;3382,12;Panama;Îles Caïmans;14;0;0;25;20;0;45;ÉLEVÉ;2026-05-14 11:56:32;2026-05-14 11:56:33;OUVERTE
TXN-001384;CLT-0005;436,82;Panama;Panama;14;0;0;25;20;0;45;ÉLEVÉ;2026-05-14 11:56:32;2026-05-14 11:56:33;OUVERTE
TXN-001377;CLT-0041;2106,11;Îles Caïmans;Panama;14;0;0;25;20;0;45;ÉLEVÉ;2026-05-14 11:56:32;2026-05-14 11:56:33;OUVERTE
TXN-001324;CLT-0096;2282,61;Panama;Panama;14;0;0;25;20;0;45;ÉLEVÉ;2026-05-14 11:56:32;2026-05-14 11:56:33;OUVERTE
TXN-007353;CLT-0059;918,85;Panama;Îles Caïmans;14;0;0;25;20;0;45;ÉLEVÉ;2026-05-14 11:56:32;2026-05-14 11:56:33;OUVERTE
TXN-007536;CLT-0065;2772,45;Panama;Îles Caïmans;14;0;0;25;20;0;45;ÉLEVÉ;2026-05-14 11:56:32;2026-05-14 11:56:33;OUVERTE
TXN-007534;CLT-0089;2167,77;Panama;Îles Caïmans;14;0;0;25;20;0;45;ÉLEVÉ;2026-05-14 11:56:32;2026-05-14 11:56:33;OUVERTE
TXN-009070;CLT-0082;1178,3;Îles Caïmans;Panama;14;0;0;25;20;0;45;ÉLEVÉ;2026-05-14 11:56:32;2026-05-14 11:56:33;OUVERTE
TXN-009052;CLT-0089;2644,72;Îles Caïmans;Îles Caïmans;14;0;0;25;20;0;45;ÉLEVÉ;2026-05-14 11:56:32;2026-05-14 11:56:33;OUVERTE
TXN-009045;CLT-0031;143,48;Panama;Panama;14;0;0;25;20;0;45;ÉLEVÉ;2026-05-14 11:56:32;2026-05-14 11:56:33;OUVERTE
TXN-009139;CLT-0089;1509,31;Panama;Îles Caïmans;14;0;0;25;20;0;45;ÉLEVÉ;2026-05-14 11:56:32;2026-05-14 11:56:33;OUVERTE
TXN-009111;CLT-0099;1532,54;Îles Caïmans;Panama;14;0;0;25;20;0;45;ÉLEVÉ;2026-05-14 11:56:32;2026-05-14 11:56:33;OUVERTE
TXN-009109;CLT-0099;3886,48;Îles Caïmans;Panama;14;0;0;25;20;0;45;ÉLEVÉ;2026-05-14 11:56:32;2026-05-14 11:56:33;OUVERTE
TXN-002672;CLT-0005;1126,72;Panama;Panama;14;0;0;25;20;0;45;ÉLEVÉ;2026-05-14 11:56:32;2026-05-14 11:56:33;OUVERTE
TXN-002652;CLT-0071;1297,84;Panama;Îles Caïmans;14;0;0;25;20;0;45;ÉLEVÉ;2026-05-14 11:56:32;2026-05-14 11:56:33;OUVERTE
TXN-002602;CLT-0063;1365,9;Panama;Îles Caïmans;14;0;0;25;20;0;45;ÉLEVÉ;2026-05-14 11:56:32;2026-05-14 11:56:33;OUVERTE
TXN-002571;CLT-0099;2611,08;Îles Caïmans;Panama;14;0;0;25;20;0;45;ÉLEVÉ;2026-05-14 11:56:32;2026-05-14 11:56:33;OUVERTE
TXN-009260;CLT-0005;4885,53;Îles Caïmans;Panama;14;0;0;25;20;0;45;ÉLEVÉ;2026-05-14 11:56:32;2026-05-14 11:56:33;OUVERTE
TXN-009258;CLT-0005;341,27;Panama;Panama;14;0;0;25;20;0;45;ÉLEVÉ;2026-05-14 11:56:32;2026-05-14 11:56:33;OUVERTE
TXN-007329;CLT-0067;422,21;Îles Caïmans;Panama;14;0;0;25;20;0;45;ÉLEVÉ;2026-05-14 11:56:32;2026-05-14 11:56:33;OUVERTE
TXN-007326;CLT-0005;3797,69;Îles Caïmans;Panama;14;0;0;25;20;0;45;ÉLEVÉ;2026-05-14 11:56:32;2026-05-14 11:56:33;OUVERTE
TXN-007309;CLT-0038;4992,84;Îles Caïmans;Îles Caïmans;14;0;0;25;20;0;45;ÉLEVÉ;2026-05-14 11:56:32;2026-05-14 11:56:33;OUVERTE
TXN-007303;CLT-0041;157,77;Îles Caïmans;Panama;14;0;0;25;20;0;45;ÉLEVÉ;2026-05-14 11:56:32;2026-05-14 11:56:33;OUVERTE
TXN-007281;CLT-0097;3551,66;Îles Caïmans;Panama;14;0;0;25;20;0;45;ÉLEVÉ;2026-05-14 11:56:32;2026-05-14 11:56:33;OUVERTE
TXN-007271;CLT-0097;1055,29;Îles Caïmans;Panama;14;0;0;25;20;0;45;ÉLEVÉ;2026-05-14 11:56:32;2026-05-14 11:56:33;OUVERTE
TXN-007262;CLT-0031;4417,84;Îles Caïmans;Panama;14;0;0;25;20;0;45;ÉLEVÉ;2026-05-14 11:56:32;2026-05-14 11:56:33;OUVERTE
TXN-007152;CLT-0071;3826,42;Panama;Îles Caïmans;14;0;0;25;20;0;45;ÉLEVÉ;2026-05-14 11:56:32;2026-05-14 11:56:33;OUVERTE
TXN-007225;CLT-0038;3607,8;Panama;Îles Caïmans;14;0;0;25;20;0;45;ÉLEVÉ;2026-05-14 11:56:32;2026-05-14 11:56:33;OUVERTE
TXN-007214;CLT-0037;959,77;Panama;Îles Caïmans;14;0;0;25;20;0;45;ÉLEVÉ;2026-05-14 11:56:32;2026-05-14 11:56:33;OUVERTE
TXN-007187;CLT-0081;3183,9;Îles Caïmans;Îles Caïmans;14;0;0;25;20;0;45;ÉLEVÉ;2026-05-14 11:56:32;2026-05-14 11:56:33;OUVERTE
TXN-007181;CLT-0031;3950,27;Îles Caïmans;Panama;14;0;0;25;20;0;45;ÉLEVÉ;2026-05-14 11:56:32;2026-05-14 11:56:33;OUVERTE
TXN-007175;CLT-0012;3405,85;Panama;Panama;14;0;0;25;20;0;45;ÉLEVÉ;2026-05-14 11:56:32;2026-05-14 11:56:33;OUVERTE
TXN-004479;CLT-0081;118,18;Panama;Îles Caïmans;14;0;0;25;20;0;45;ÉLEVÉ;2026-05-14 11:56:32;2026-05-14 11:56:33;OUVERTE
TXN-004468;CLT-0065;3001,2;Îles Caïmans;Îles Caïmans;14;0;0;25;20;0;45;ÉLEVÉ;2026-05-14 11:56:32;2026-05-14 11:56:33;OUVERTE
TXN-004463;CLT-0067;1898,97;Panama;Panama;14;0;0;25;20;0;45;ÉLEVÉ;2026-05-14 11:56:32;2026-05-14 11:56:33;OUVERTE
TXN-004453;CLT-0079;3914,03;Panama;Îles Caïmans;14;0;0;25;20;0;45;ÉLEVÉ;2026-05-14 11:56:32;2026-05-14 11:56:33;OUVERTE
TXN-004424;CLT-0082;3083,67;Îles Caïmans;Panama;14;0;0;25;20;0;45;ÉLEVÉ;2026-05-14 11:56:32;2026-05-14 11:56:33;OUVERTE
TXN-004421;CLT-0012;728,07;Îles Caïmans;Panama;14;0;0;25;20;0;45;ÉLEVÉ;2026-05-14 11:56:32;2026-05-14 11:56:33;OUVERTE
TXN-004416;CLT-0095;1398,5;Îles Caïmans;Îles Caïmans;14;0;0;25;20;0;45;ÉLEVÉ;2026-05-14 11:56:32;2026-05-14 11:56:33;OUVERTE
TXN-004414;CLT-0071;78,57;Panama;Îles Caïmans;14;0;0;25;20;0;45;ÉLEVÉ;2026-05-14 11:56:32;2026-05-14 11:56:33;OUVERTE
TXN-007342;CLT-0067;3545,13;Îles Caïmans;Panama;14;0;0;25;20;0;45;ÉLEVÉ;2026-05-14 11:56:32;2026-05-14 11:56:33;OUVERTE
TXN-007333;CLT-0065;775,06;Îles Caïmans;Îles Caïmans;14;0;0;25;20;0;45;ÉLEVÉ;2026-05-14 11:56:32;2026-05-14 11:56:33;OUVERTE
TXN-004565;CLT-0031;3483,41;Îles Caïmans;Panama;14;0;0;25;20;0;45;ÉLEVÉ;2026-05-14 11:56:32;2026-05-14 11:56:33;OUVERTE
TXN-004515;CLT-0047;2185,3;Îles Caïmans;Îles Caïmans;14;0;0;25;20;0;45;ÉLEVÉ;2026-05-14 11:56:32;2026-05-14 11:56:33;OUVERTE
TXN-007041;CLT-0063;2308,53;Îles Caïmans;Îles Caïmans;14;0;0;25;20;0;45;ÉLEVÉ;2026-05-14 11:56:32;2026-05-14 11:56:33;OUVERTE
TXN-007029;CLT-0037;3921,02;Panama;Îles Caïmans;14;0;0;25;20;0;45;ÉLEVÉ;2026-05-14 11:56:32;2026-05-14 11:56:33;OUVERTE
TXN-004403;CLT-0038;48,2;Panama;Îles Caïmans;14;0;0;25;20;0;45;ÉLEVÉ;2026-05-14 11:56:32;2026-05-14 11:56:33;OUVERTE
TXN-001304;CLT-0067;4900,43;Îles Caïmans;Panama;14;0;0;25;20;0;45;ÉLEVÉ;2026-05-14 11:56:32;2026-05-14 11:56:33;OUVERTE
TXN-001300;CLT-0059;2072,91;Panama;Îles Caïmans;14;0;0;25;20;0;45;ÉLEVÉ;2026-05-14 11:56:32;2026-05-14 11:56:33;OUVERTE
TXN-001288;CLT-0005;881,83;Panama;Panama;14;0;0;25;20;0;45;ÉLEVÉ;2026-05-14 11:56:32;2026-05-14 11:56:33;OUVERTE
TXN-001274;CLT-0038;2930,28;Îles Caïmans;Îles Caïmans;14;0;0;25;20;0;45;ÉLEVÉ;2026-05-14 11:56:32;2026-05-14 11:56:33;OUVERTE
TXN-004509;CLT-0059;1094,04;Panama;Îles Caïmans;14;0;0;25;20;0;45;ÉLEVÉ;2026-05-14 11:56:32;2026-05-14 11:56:33;OUVERTE
TXN-004500;CLT-0018;4384,77;Panama;Panama;14;0;0;25;20;0;45;ÉLEVÉ;2026-05-14 11:56:32;2026-05-14 11:56:33;OUVERTE
TXN-000602;CLT-0079;3900,96;Îles Caïmans;Îles Caïmans;14;0;0;25;20;0;45;ÉLEVÉ;2026-05-14 11:56:32;2026-05-14 11:56:33;OUVERTE
TXN-000598;CLT-0018;4355,54;Panama;Panama;14;0;0;25;20;0;45;ÉLEVÉ;2026-05-14 11:56:32;2026-05-14 11:56:33;OUVERTE
TXN-000594;CLT-0012;4498,96;Panama;Panama;14;0;0;25;20;0;45;ÉLEVÉ;2026-05-14 11:56:32;2026-05-14 11:56:33;OUVERTE
TXN-000591;CLT-0069;3569,71;Panama;Panama;14;0;0;25;20;0;45;ÉLEVÉ;2026-05-14 11:56:32;2026-05-14 11:56:33;OUVERTE
TXN-000563;CLT-0037;2817,79;Panama;Îles Caïmans;14;0;0;25;20;0;45;ÉLEVÉ;2026-05-14 11:56:32;2026-05-14 11:56:33;OUVERTE
TXN-004644;CLT-0018;1258,4;Panama;Panama;14;0;0;25;20;0;45;ÉLEVÉ;2026-05-14 11:56:32;2026-05-14 11:56:33;OUVERTE
TXN-004642;CLT-0059;3424,47;Îles Caïmans;Îles Caïmans;14;0;0;25;20;0;45;ÉLEVÉ;2026-05-14 11:56:32;2026-05-14 11:56:33;OUVERTE
TXN-004629;CLT-0018;152,6;Panama;Panama;14;0;0;25;20;0;45;ÉLEVÉ;2026-05-14 11:56:32;2026-05-14 11:56:33;OUVERTE
TXN-004617;CLT-0085;2812,21;Îles Caïmans;Îles Caïmans;14;0;0;25;20;0;45;ÉLEVÉ;2026-05-14 11:56:32;2026-05-14 11:56:33;OUVERTE
TXN-006956;CLT-0095;160,56;Panama;Îles Caïmans;14;0;0;25;20;0;45;ÉLEVÉ;2026-05-14 11:56:32;2026-05-14 11:56:33;OUVERTE
TXN-006949;CLT-0037;2182,78;Panama;Îles Caïmans;14;0;0;25;20;0;45;ÉLEVÉ;2026-05-14 11:56:32;2026-05-14 11:56:33;OUVERTE
TXN-006948;CLT-0099;4327,04;Îles Caïmans;Panama;14;0;0;25;20;0;45;ÉLEVÉ;2026-05-14 11:56:32;2026-05-14 11:56:33;OUVERTE
TXN-006946;CLT-0085;3517,65;Îles Caïmans;Îles Caïmans;14;0;0;25;20;0;45;ÉLEVÉ;2026-05-14 11:56:32;2026-05-14 11:56:33;OUVERTE
TXN-006943;CLT-0017;1370,82;Îles Caïmans;Îles Caïmans;14;0;0;25;20;0;45;ÉLEVÉ;2026-05-14 11:56:32;2026-05-14 11:56:33;OUVERTE
TXN-007129;CLT-0037;1617,2;Panama;Îles Caïmans;14;0;0;25;20;0;45;ÉLEVÉ;2026-05-14 11:56:32;2026-05-14 11:56:33;OUVERTE
TXN-007106;CLT-0038;4152,08;Panama;Îles Caïmans;14;0;0;25;20;0;45;ÉLEVÉ;2026-05-14 11:56:32;2026-05-14 11:56:33;OUVERTE
TXN-007101;CLT-0095;2406,11;Panama;Îles Caïmans;14;0;0;25;20;0;45;ÉLEVÉ;2026-05-14 11:56:32;2026-05-14 11:56:33;OUVERTE
TXN-007092;CLT-0017;3466,68;Panama;Îles Caïmans;14;0;0;25;20;0;45;ÉLEVÉ;2026-05-14 11:56:32;2026-05-14 11:56:33;OUVERTE
TXN-007079;CLT-0096;3442,25;Îles Caïmans;Panama;14;0;0;25;20;0;45;ÉLEVÉ;2026-05-14 11:56:32;2026-05-14 11:56:33;OUVERTE
TXN-007047;CLT-0063;1605,49;Panama;Îles Caïmans;14;0;0;25;20;0;45;ÉLEVÉ;2026-05-14 11:56:32;2026-05-14 11:56:33;OUVERTE
TXN-004574;CLT-0067;3375,15;Panama;Panama;14;0;0;25;20;0;45;ÉLEVÉ;2026-05-14 11:56:32;2026-05-14 11:56:33;OUVERTE
TXN-009226;CLT-0099;3824,52;Îles Caïmans;Panama;14;0;0;25;20;0;45;ÉLEVÉ;2026-05-14 11:56:32;2026-05-14 11:56:33;OUVERTE
TXN-009208;CLT-0017;322,42;Îles Caïmans;Îles Caïmans;14;0;0;25;20;0;45;ÉLEVÉ;2026-05-14 11:56:32;2026-05-14 11:56:33;OUVERTE
TXN-009199;CLT-0010;495,66;Panama;Îles Caïmans;14;0;0;25;20;0;45;ÉLEVÉ;2026-05-14 11:56:32;2026-05-14 11:56:33;OUVERTE
TXN-009198;CLT-0017;2676,09;Îles Caïmans;Îles Caïmans;14;0;0;25;20;0;45;ÉLEVÉ;2026-05-14 11:56:32;2026-05-14 11:56:33;OUVERTE
TXN-009169;CLT-0017;528,17;Panama;Îles Caïmans;14;0;0;25;20;0;45;ÉLEVÉ;2026-05-14 11:56:32;2026-05-14 11:56:33;OUVERTE
TXN-002556;CLT-0012;2117,05;Panama;Panama;14;0;0;25;20;0;45;ÉLEVÉ;2026-05-14 11:56:32;2026-05-14 11:56:33;OUVERTE
TXN-002555;CLT-0005;540,58;Îles Caïmans;Panama;14;0;0;25;20;0;45;ÉLEVÉ;2026-05-14 11:56:32;2026-05-14 11:56:33;OUVERTE
TXN-002480;CLT-0071;1583,19;Îles Caïmans;Îles Caïmans;14;0;0;25;20;0;45;ÉLEVÉ;2026-05-14 11:56:32;2026-05-14 11:56:33;OUVERTE
TXN-002461;CLT-0089;1712,08;Panama;Îles Caïmans;14;0;0;25;20;0;45;ÉLEVÉ;2026-05-14 11:56:32;2026-05-14 11:56:33;OUVERTE
TXN-009168;CLT-0005;3745,67;Îles Caïmans;Panama;14;0;0;25;20;0;45;ÉLEVÉ;2026-05-14 11:56:32;2026-05-14 11:56:33;OUVERTE
TXN-009164;CLT-0079;10,98;Îles Caïmans;Îles Caïmans;14;0;0;25;20;0;45;ÉLEVÉ;2026-05-14 11:56:32;2026-05-14 11:56:33;OUVERTE
TXN-009321;CLT-0085;745,64;Panama;Îles Caïmans;14;0;0;25;20;0;45;ÉLEVÉ;2026-05-14 11:56:32;2026-05-14 11:56:33;OUVERTE
TXN-009294;CLT-0063;4041,67;Îles Caïmans;Îles Caïmans;14;0;0;25;20;0;45;ÉLEVÉ;2026-05-14 11:56:32;2026-05-14 11:56:33;OUVERTE
TXN-006999;CLT-0063;4662,86;Panama;Îles Caïmans;14;0;0;25;20;0;45;ÉLEVÉ;2026-05-14 11:56:32;2026-05-14 11:56:33;OUVERTE
TXN-006979;CLT-0089;2768,8;Panama;Îles Caïmans;14;0;0;25;20;0;45;ÉLEVÉ;2026-05-14 11:56:32;2026-05-14 11:56:33;OUVERTE
TXN-006963;CLT-0097;3809,21;Panama;Panama;14;0;0;25;20;0;45;ÉLEVÉ;2026-05-14 11:56:32;2026-05-14 11:56:33;OUVERTE
TXN-001162;CLT-0065;3313,85;Panama;Îles Caïmans;14;0;0;25;20;0;45;ÉLEVÉ;2026-05-14 11:56:32;2026-05-14 11:56:33;OUVERTE
TXN-004779;CLT-0071;3104,91;Panama;Îles Caïmans;14;0;0;25;20;0;45;ÉLEVÉ;2026-05-14 11:56:32;2026-05-14 11:56:33;OUVERTE
TXN-004777;CLT-0065;3065,35;Panama;Îles Caïmans;14;0;0;25;20;0;45;ÉLEVÉ;2026-05-14 11:56:32;2026-05-14 11:56:33;OUVERTE
TXN-004773;CLT-0038;3158,32;Îles Caïmans;Îles Caïmans;14;0;0;25;20;0;45;ÉLEVÉ;2026-05-14 11:56:32;2026-05-14 11:56:33;OUVERTE
TXN-006719;CLT-0085;4924,99;Panama;Îles Caïmans;14;0;0;25;20;0;45;ÉLEVÉ;2026-05-14 11:56:32;2026-05-14 11:56:33;OUVERTE
TXN-006868;CLT-0063;3711,93;Îles Caïmans;Îles Caïmans;14;0;0;25;20;0;45;ÉLEVÉ;2026-05-14 11:56:32;2026-05-14 11:56:33;OUVERTE
TXN-004734;CLT-0079;1217,96;Panama;Îles Caïmans;14;0;0;25;20;0;45;ÉLEVÉ;2026-05-14 11:56:32;2026-05-14 11:56:33;OUVERTE
TXN-004698;CLT-0018;1778,33;Îles Caïmans;Panama;14;0;0;25;20;0;45;ÉLEVÉ;2026-05-14 11:56:32;2026-05-14 11:56:33;OUVERTE
TXN-006855;CLT-0097;86,41;Panama;Panama;14;0;0;25;20;0;45;ÉLEVÉ;2026-05-14 11:56:32;2026-05-14 11:56:33;OUVERTE
TXN-000629;CLT-0079;3395,18;Panama;Îles Caïmans;14;0;0;25;20;0;45;ÉLEVÉ;2026-05-14 11:56:32;2026-05-14 11:56:33;OUVERTE
TXN-000619;CLT-0089;2745,21;Panama;Îles Caïmans;14;0;0;25;20;0;45;ÉLEVÉ;2026-05-14 11:56:32;2026-05-14 11:56:33;OUVERTE
TXN-000607;CLT-0059;1498,03;Panama;Îles Caïmans;14;0;0;25;20;0;45;ÉLEVÉ;2026-05-14 11:56:32;2026-05-14 11:56:33;OUVERTE
TXN-006843;CLT-0038;1597,59;Panama;Îles Caïmans;14;0;0;25;20;0;45;ÉLEVÉ;2026-05-14 11:56:32;2026-05-14 11:56:33;OUVERTE
TXN-006841;CLT-0089;484,14;Îles Caïmans;Îles Caïmans;14;0;0;25;20;0;45;ÉLEVÉ;2026-05-14 11:56:32;2026-05-14 11:56:33;OUVERTE
TXN-007001;CLT-0067;1568,34;Panama;Panama;14;0;0;25;20;0;45;ÉLEVÉ;2026-05-14 11:56:32;2026-05-14 11:56:33;OUVERTE
TXN-009234;CLT-0037;2191,34;Panama;Îles Caïmans;14;0;0;25;20;0;45;ÉLEVÉ;2026-05-14 11:56:32;2026-05-14 11:56:33;OUVERTE
TXN-009272;CLT-0089;4945,49;Îles Caïmans;Îles Caïmans;14;0;0;25;20;0;45;ÉLEVÉ;2026-05-14 11:56:32;2026-05-14 11:56:33;OUVERTE
TXN-009271;CLT-0012;1966,92;Panama;Panama;14;0;0;25;20;0;45;ÉLEVÉ;2026-05-14 11:56:32;2026-05-14 11:56:33;OUVERTE
TXN-002405;CLT-0099;3732,4;Îles Caïmans;Panama;14;0;0;25;20;0;45;ÉLEVÉ;2026-05-14 11:56:32;2026-05-14 11:56:33;OUVERTE
TXN-001830;CLT-0031;4264,29;Panama;Panama;14;0;0;25;20;0;45;ÉLEVÉ;2026-05-14 11:56:32;2026-05-14 11:56:33;OUVERTE
TXN-001821;CLT-0065;1068,21;Panama;Îles Caïmans;14;0;0;25;20;0;45;ÉLEVÉ;2026-05-14 11:56:32;2026-05-14 11:56:33;OUVERTE
TXN-001793;CLT-0010;4731,89;Îles Caïmans;Îles Caïmans;14;0;0;25;20;0;45;ÉLEVÉ;2026-05-14 11:56:32;2026-05-14 11:56:33;OUVERTE
TXN-001763;CLT-0071;3140,32;Panama;Îles Caïmans;14;0;0;25;20;0;45;ÉLEVÉ;2026-05-14 11:56:32;2026-05-14 11:56:33;OUVERTE
TXN-001762;CLT-0065;506,89;Îles Caïmans;Îles Caïmans;14;0;0;25;20;0;45;ÉLEVÉ;2026-05-14 11:56:32;2026-05-14 11:56:33;OUVERTE
TXN-002403;CLT-0085;2762,95;Îles Caïmans;Îles Caïmans;14;0;0;25;20;0;45;ÉLEVÉ;2026-05-14 11:56:32;2026-05-14 11:56:33;OUVERTE
TXN-000199;CLT-0082;4411,42;Panama;Panama;14;0;0;25;20;0;45;ÉLEVÉ;2026-05-14 11:56:32;2026-05-14 11:56:33;OUVERTE
TXN-006799;CLT-0069;1492,88;Panama;Panama;14;0;0;25;20;0;45;ÉLEVÉ;2026-05-14 11:56:32;2026-05-14 11:56:33;OUVERTE
TXN-006741;CLT-0096;1489,55;Panama;Panama;14;0;0;25;20;0;45;ÉLEVÉ;2026-05-14 11:56:32;2026-05-14 11:56:33;OUVERTE
TXN-001213;CLT-0067;563,03;Îles Caïmans;Panama;14;0;0;25;20;0;45;ÉLEVÉ;2026-05-14 11:56:32;2026-05-14 11:56:33;OUVERTE
TXN-001200;CLT-0041;1879,78;Îles Caïmans;Panama;14;0;0;25;20;0;45;ÉLEVÉ;2026-05-14 11:56:32;2026-05-14 11:56:33;OUVERTE
TXN-001188;CLT-0082;4302,33;Îles Caïmans;Panama;14;0;0;25;20;0;45;ÉLEVÉ;2026-05-14 11:56:32;2026-05-14 11:56:33;OUVERTE
TXN-001186;CLT-0067;3635,81;Panama;Panama;14;0;0;25;20;0;45;ÉLEVÉ;2026-05-14 11:56:32;2026-05-14 11:56:33;OUVERTE
TXN-006619;CLT-0069;3030,17;Panama;Panama;14;0;0;25;20;0;45;ÉLEVÉ;2026-05-14 11:56:32;2026-05-14 11:56:33;OUVERTE
TXN-006711;CLT-0059;3687,17;Îles Caïmans;Îles Caïmans;14;0;0;25;20;0;45;ÉLEVÉ;2026-05-14 11:56:32;2026-05-14 11:56:33;OUVERTE
TXN-006707;CLT-0012;548,52;Îles Caïmans;Panama;14;0;0;25;20;0;45;ÉLEVÉ;2026-05-14 11:56:32;2026-05-14 11:56:33;OUVERTE
TXN-006701;CLT-0081;2859,63;Îles Caïmans;Îles Caïmans;14;0;0;25;20;0;45;ÉLEVÉ;2026-05-14 11:56:32;2026-05-14 11:56:33;OUVERTE
TXN-006689;CLT-0063;3803,8;Panama;Îles Caïmans;14;0;0;25;20;0;45;ÉLEVÉ;2026-05-14 11:56:32;2026-05-14 11:56:33;OUVERTE
TXN-006640;CLT-0037;419,92;Îles Caïmans;Îles Caïmans;14;0;0;25;20;0;45;ÉLEVÉ;2026-05-14 11:56:32;2026-05-14 11:56:33;OUVERTE
TXN-006622;CLT-0081;3167,04;Îles Caïmans;Îles Caïmans;14;0;0;25;20;0;45;ÉLEVÉ;2026-05-14 11:56:32;2026-05-14 11:56:33;OUVERTE
TXN-006621;CLT-0018;4044,36;Panama;Panama;14;0;0;25;20;0;45;ÉLEVÉ;2026-05-14 11:56:32;2026-05-14 11:56:33;OUVERTE
TXN-004857;CLT-0071;3471,89;Panama;Îles Caïmans;14;0;0;25;20;0;45;ÉLEVÉ;2026-05-14 11:56:32;2026-05-14 11:56:33;OUVERTE
TXN-004849;CLT-0059;4191,66;Panama;Îles Caïmans;14;0;0;25;20;0;45;ÉLEVÉ;2026-05-14 11:56:32;2026-05-14 11:56:33;OUVERTE
TXN-004847;CLT-0012;1779,22;Îles Caïmans;Panama;14;0;0;25;20;0;45;ÉLEVÉ;2026-05-14 11:56:32;2026-05-14 11:56:33;OUVERTE
TXN-004836;CLT-0071;4968,16;Panama;Îles Caïmans;14;0;0;25;20;0;45;ÉLEVÉ;2026-05-14 11:56:32;2026-05-14 11:56:33;OUVERTE
TXN-004826;CLT-0012;1760,15;Panama;Panama;14;0;0;25;20;0;45;ÉLEVÉ;2026-05-14 11:56:32;2026-05-14 11:56:33;OUVERTE
TXN-006823;CLT-0079;1398,24;Panama;Îles Caïmans;14;0;0;25;20;0;45;ÉLEVÉ;2026-05-14 11:56:32;2026-05-14 11:56:33;OUVERTE
TXN-009281;CLT-0012;1544,51;Îles Caïmans;Panama;14;0;0;25;20;0;45;ÉLEVÉ;2026-05-14 11:56:32;2026-05-14 11:56:33;OUVERTE
TXN-009280;CLT-0037;3776,03;Panama;Îles Caïmans;14;0;0;25;20;0;45;ÉLEVÉ;2026-05-14 11:56:32;2026-05-14 11:56:33;OUVERTE
TXN-001089;CLT-0017;4848,18;Panama;Îles Caïmans;14;0;0;25;20;0;45;ÉLEVÉ;2026-05-14 11:56:32;2026-05-14 11:56:33;OUVERTE
TXN-001085;CLT-0038;2664,2;Panama;Îles Caïmans;14;0;0;25;20;0;45;ÉLEVÉ;2026-05-14 11:56:32;2026-05-14 11:56:33;OUVERTE
TXN-001079;CLT-0095;413,99;Panama;Îles Caïmans;14;0;0;25;20;0;45;ÉLEVÉ;2026-05-14 11:56:32;2026-05-14 11:56:33;OUVERTE
TXN-001077;CLT-0005;3456,85;Îles Caïmans;Panama;14;0;0;25;20;0;45;ÉLEVÉ;2026-05-14 11:56:32;2026-05-14 11:56:33;OUVERTE
TXN-004803;CLT-0096;4994,97;Îles Caïmans;Panama;14;0;0;25;20;0;45;ÉLEVÉ;2026-05-14 11:56:32;2026-05-14 11:56:33;OUVERTE
TXN-004802;CLT-0031;4901,88;Panama;Panama;14;0;0;25;20;0;45;ÉLEVÉ;2026-05-14 11:56:32;2026-05-14 11:56:33;OUVERTE
TXN-004789;CLT-0059;2048,83;Îles Caïmans;Îles Caïmans;14;0;0;25;20;0;45;ÉLEVÉ;2026-05-14 11:56:32;2026-05-14 11:56:33;OUVERTE
TXN-004781;CLT-0082;3798,0;Panama;Panama;14;0;0;25;20;0;45;ÉLEVÉ;2026-05-14 11:56:32;2026-05-14 11:56:33;OUVERTE
TXN-004995;CLT-0065;4001,6;Îles Caïmans;Îles Caïmans;14;0;0;25;20;0;45;ÉLEVÉ;2026-05-14 11:56:32;2026-05-14 11:56:33;OUVERTE
TXN-004992;CLT-0047;3370,99;Panama;Îles Caïmans;14;0;0;25;20;0;45;ÉLEVÉ;2026-05-14 11:56:32;2026-05-14 11:56:33;OUVERTE
TXN-004952;CLT-0067;3103,36;Panama;Panama;14;0;0;25;20;0;45;ÉLEVÉ;2026-05-14 11:56:32;2026-05-14 11:56:33;OUVERTE
TXN-004932;CLT-0099;2842,95;Îles Caïmans;Panama;14;0;0;25;20;0;45;ÉLEVÉ;2026-05-14 11:56:32;2026-05-14 11:56:33;OUVERTE
TXN-004924;CLT-0079;1679,88;Panama;Îles Caïmans;14;0;0;25;20;0;45;ÉLEVÉ;2026-05-14 11:56:32;2026-05-14 11:56:33;OUVERTE
TXN-004903;CLT-0067;3802,04;Panama;Panama;14;0;0;25;20;0;45;ÉLEVÉ;2026-05-14 11:56:32;2026-05-14 11:56:33;OUVERTE
TXN-004894;CLT-0082;126,24;Panama;Panama;14;0;0;25;20;0;45;ÉLEVÉ;2026-05-14 11:56:32;2026-05-14 11:56:33;OUVERTE
TXN-004888;CLT-0012;732,29;Panama;Panama;14;0;0;25;20;0;45;ÉLEVÉ;2026-05-14 11:56:32;2026-05-14 11:56:33;OUVERTE
TXN-002394;CLT-0095;4410,87;Îles Caïmans;Îles Caïmans;14;0;0;25;20;0;45;ÉLEVÉ;2026-05-14 11:56:32;2026-05-14 11:56:33;OUVERTE
TXN-002393;CLT-0037;1807,07;Îles Caïmans;Îles Caïmans;14;0;0;25;20;0;45;ÉLEVÉ;2026-05-14 11:56:32;2026-05-14 11:56:33;OUVERTE
TXN-002351;CLT-0071;4720,62;Panama;Îles Caïmans;14;0;0;25;20;0;45;ÉLEVÉ;2026-05-14 11:56:32;2026-05-14 11:56:33;OUVERTE
TXN-002345;CLT-0069;3108,15;Panama;Panama;14;0;0;25;20;0;45;ÉLEVÉ;2026-05-14 11:56:32;2026-05-14 11:56:33;OUVERTE
TXN-002324;CLT-0065;2899,0;Panama;Îles Caïmans;14;0;0;25;20;0;45;ÉLEVÉ;2026-05-14 11:56:32;2026-05-14 11:56:33;OUVERTE
TXN-002322;CLT-0047;1325,15;Panama;Îles Caïmans;14;0;0;25;20;0;45;ÉLEVÉ;2026-05-14 11:56:32;2026-05-14 11:56:33;OUVERTE
TXN-002321;CLT-0096;4444,13;Panama;Panama;14;0;0;25;20;0;45;ÉLEVÉ;2026-05-14 11:56:32;2026-05-14 11:56:33;OUVERTE
TXN-009335;CLT-0031;550,27;Îles Caïmans;Panama;14;0;0;25;20;0;45;ÉLEVÉ;2026-05-14 11:56:32;2026-05-14 11:56:33;OUVERTE
TXN-009325;CLT-0041;4879,85;Panama;Panama;14;0;0;25;20;0;45;ÉLEVÉ;2026-05-14 11:56:32;2026-05-14 11:56:33;OUVERTE
TXN-009451;CLT-0059;1361,21;Îles Caïmans;Îles Caïmans;14;0;0;25;20;0;45;ÉLEVÉ;2026-05-14 11:56:32;2026-05-14 11:56:33;OUVERTE
TXN-006598;CLT-0095;76,1;Îles Caïmans;Îles Caïmans;14;0;0;25;20;0;45;ÉLEVÉ;2026-05-14 11:56:32;2026-05-14 11:56:33;OUVERTE
TXN-006560;CLT-0017;365,42;Îles Caïmans;Îles Caïmans;14;0;0;25;20;0;45;ÉLEVÉ;2026-05-14 11:56:32;2026-05-14 11:56:33;OUVERTE
TXN-006558;CLT-0097;4570,43;Panama;Panama;14;0;0;25;20;0;45;ÉLEVÉ;2026-05-14 11:56:32;2026-05-14 11:56:33;OUVERTE
TXN-006544;CLT-0038;1969,59;Panama;Îles Caïmans;14;0;0;25;20;0;45;ÉLEVÉ;2026-05-14 11:56:32;2026-05-14 11:56:33;OUVERTE
TXN-006535;CLT-0097;2540,93;Îles Caïmans;Panama;14;0;0;25;20;0;45;ÉLEVÉ;2026-05-14 11:56:32;2026-05-14 11:56:33;OUVERTE
TXN-000787;CLT-0082;4783,41;Îles Caïmans;Panama;14;0;0;25;20;0;45;ÉLEVÉ;2026-05-14 11:56:32;2026-05-14 11:56:33;OUVERTE
TXN-005002;CLT-0067;4623,43;Panama;Panama;14;0;0;25;20;0;45;ÉLEVÉ;2026-05-14 11:56:32;2026-05-14 11:56:33;OUVERTE
TXN-004997;CLT-0081;839,57;Panama;Îles Caïmans;14;0;0;25;20;0;45;ÉLEVÉ;2026-05-14 11:56:32;2026-05-14 11:56:33;OUVERTE
TXN-005071;CLT-0018;2997,94;Panama;Panama;14;0;0;25;20;0;45;ÉLEVÉ;2026-05-14 11:56:32;2026-05-14 11:56:33;OUVERTE
TXN-005070;CLT-0069;961,74;Panama;Panama;14;0;0;25;20;0;45;ÉLEVÉ;2026-05-14 11:56:32;2026-05-14 11:56:33;OUVERTE
TXN-005060;CLT-0059;4312,89;Panama;Îles Caïmans;14;0;0;25;20;0;45;ÉLEVÉ;2026-05-14 11:56:32;2026-05-14 11:56:33;OUVERTE
TXN-005056;CLT-0065;2904,05;Îles Caïmans;Îles Caïmans;14;0;0;25;20;0;45;ÉLEVÉ;2026-05-14 11:56:32;2026-05-14 11:56:33;OUVERTE
TXN-005034;CLT-0012;2719,97;Panama;Panama;14;0;0;25;20;0;45;ÉLEVÉ;2026-05-14 11:56:32;2026-05-14 11:56:33;OUVERTE
TXN-001135;CLT-0017;1544,07;Îles Caïmans;Îles Caïmans;14;0;0;25;20;0;45;ÉLEVÉ;2026-05-14 11:56:32;2026-05-14 11:56:33;OUVERTE
TXN-000780;CLT-0067;681,01;Panama;Panama;14;0;0;25;20;0;45;ÉLEVÉ;2026-05-14 11:56:32;2026-05-14 11:56:33;OUVERTE
TXN-000776;CLT-0097;1060,56;Panama;Panama;14;0;0;25;20;0;45;ÉLEVÉ;2026-05-14 11:56:32;2026-05-14 11:56:33;OUVERTE
TXN-000740;CLT-0079;2123,57;Îles Caïmans;Îles Caïmans;14;0;0;25;20;0;45;ÉLEVÉ;2026-05-14 11:56:32;2026-05-14 11:56:33;OUVERTE
TXN-000738;CLT-0089;1881,4;Îles Caïmans;Îles Caïmans;14;0;0;25;20;0;45;ÉLEVÉ;2026-05-14 11:56:32;2026-05-14 11:56:33;OUVERTE
TXN-000714;CLT-0067;223,61;Îles Caïmans;Panama;14;0;0;25;20;0;45;ÉLEVÉ;2026-05-14 11:56:32;2026-05-14 11:56:33;OUVERTE
TXN-006601;CLT-0081;2460,51;Îles Caïmans;Îles Caïmans;14;0;0;25;20;0;45;ÉLEVÉ;2026-05-14 11:56:32;2026-05-14 11:56:33;OUVERTE
TXN-000191;CLT-0038;3550,4;Îles Caïmans;Îles Caïmans;14;0;0;25;20;0;45;ÉLEVÉ;2026-05-14 11:56:32;2026-05-14 11:56:33;OUVERTE
TXN-000190;CLT-0041;2304,17;Îles Caïmans;Panama;14;0;0;25;20;0;45;ÉLEVÉ;2026-05-14 11:56:32;2026-05-14 11:56:33;OUVERTE
TXN-006380;CLT-0037;3305,78;Îles Caïmans;Îles Caïmans;14;0;0;25;20;0;45;ÉLEVÉ;2026-05-14 11:56:32;2026-05-14 11:56:33;OUVERTE
TXN-006372;CLT-0069;1674,89;Îles Caïmans;Panama;14;0;0;25;20;0;45;ÉLEVÉ;2026-05-14 11:56:32;2026-05-14 11:56:33;OUVERTE
TXN-006357;CLT-0059;4057,12;Îles Caïmans;Îles Caïmans;14;0;0;25;20;0;45;ÉLEVÉ;2026-05-14 11:56:32;2026-05-14 11:56:33;OUVERTE
TXN-006353;CLT-0037;1013,94;Îles Caïmans;Îles Caïmans;14;0;0;25;20;0;45;ÉLEVÉ;2026-05-14 11:56:32;2026-05-14 11:56:33;OUVERTE
TXN-006326;CLT-0067;3136,94;Îles Caïmans;Panama;14;0;0;25;20;0;45;ÉLEVÉ;2026-05-14 11:56:32;2026-05-14 11:56:33;OUVERTE
TXN-005268;CLT-0079;4059,22;Panama;Îles Caïmans;14;0;0;25;20;0;45;ÉLEVÉ;2026-05-14 11:56:32;2026-05-14 11:56:33;OUVERTE
TXN-005251;CLT-0012;1347,57;Panama;Panama;14;0;0;25;20;0;45;ÉLEVÉ;2026-05-14 11:56:32;2026-05-14 11:56:33;OUVERTE
TXN-005237;CLT-0010;2028,56;Îles Caïmans;Îles Caïmans;14;0;0;25;20;0;45;ÉLEVÉ;2026-05-14 11:56:32;2026-05-14 11:56:33;OUVERTE
TXN-005221;CLT-0017;4074,77;Îles Caïmans;Îles Caïmans;14;0;0;25;20;0;45;ÉLEVÉ;2026-05-14 11:56:32;2026-05-14 11:56:33;OUVERTE
TXN-006514;CLT-0071;926,12;Îles Caïmans;Îles Caïmans;14;0;0;25;20;0;45;ÉLEVÉ;2026-05-14 11:56:32;2026-05-14 11:56:33;OUVERTE
TXN-005175;CLT-0069;2007,3;Îles Caïmans;Panama;14;0;0;25;20;0;45;ÉLEVÉ;2026-05-14 11:56:32;2026-05-14 11:56:33;OUVERTE
TXN-005174;CLT-0081;238,27;Îles Caïmans;Îles Caïmans;14;0;0;25;20;0;45;ÉLEVÉ;2026-05-14 11:56:32;2026-05-14 11:56:33;OUVERTE
TXN-006485;CLT-0059;2789,39;Panama;Îles Caïmans;14;0;0;25;20;0;45;ÉLEVÉ;2026-05-14 11:56:32;2026-05-14 11:56:33;OUVERTE
TXN-006476;CLT-0012;4437,64;Panama;Panama;14;0;0;25;20;0;45;ÉLEVÉ;2026-05-14 11:56:32;2026-05-14 11:56:33;OUVERTE
TXN-006454;CLT-0005;3369,97;Panama;Panama;14;0;0;25;20;0;45;ÉLEVÉ;2026-05-14 11:56:32;2026-05-14 11:56:33;OUVERTE
TXN-006442;CLT-0017;1995,21;Panama;Îles Caïmans;14;0;0;25;20;0;45;ÉLEVÉ;2026-05-14 11:56:32;2026-05-14 11:56:33;OUVERTE
TXN-006411;CLT-0018;2495,78;Panama;Panama;14;0;0;25;20;0;45;ÉLEVÉ;2026-05-14 11:56:32;2026-05-14 11:56:33;OUVERTE
TXN-009430;CLT-0085;26,0;Îles Caïmans;Îles Caïmans;14;0;0;25;20;0;45;ÉLEVÉ;2026-05-14 11:56:32;2026-05-14 11:56:33;OUVERTE
TXN-009423;CLT-0089;502,2;Panama;Îles Caïmans;14;0;0;25;20;0;45;ÉLEVÉ;2026-05-14 11:56:32;2026-05-14 11:56:33;OUVERTE
TXN-009421;CLT-0063;87,85;Panama;Îles Caïmans;14;0;0;25;20;0;45;ÉLEVÉ;2026-05-14 11:56:32;2026-05-14 11:56:33;OUVERTE
TXN-009388;CLT-0085;472,36;Panama;Îles Caïmans;14;0;0;25;20;0;45;ÉLEVÉ;2026-05-14 11:56:32;2026-05-14 11:56:33;OUVERTE
TXN-002306;CLT-0012;868,57;Panama;Panama;14;0;0;25;20;0;45;ÉLEVÉ;2026-05-14 11:56:32;2026-05-14 11:56:33;OUVERTE
TXN-002277;CLT-0038;1399,32;Îles Caïmans;Îles Caïmans;14;0;0;25;20;0;45;ÉLEVÉ;2026-05-14 11:56:32;2026-05-14 11:56:33;OUVERTE
TXN-002256;CLT-0085;1291,74;Panama;Îles Caïmans;14;0;0;25;20;0;45;ÉLEVÉ;2026-05-14 11:56:32;2026-05-14 11:56:33;OUVERTE
TXN-009340;CLT-0041;4334,48;Îles Caïmans;Panama;14;0;0;25;20;0;45;ÉLEVÉ;2026-05-14 11:56:32;2026-05-14 11:56:33;OUVERTE
TXN-000222;CLT-0065;1416,04;Îles Caïmans;Îles Caïmans;14;0;0;25;20;0;45;ÉLEVÉ;2026-05-14 11:56:32;2026-05-14 11:56:33;OUVERTE
TXN-000217;CLT-0017;4383,2;Îles Caïmans;Îles Caïmans;14;0;0;25;20;0;45;ÉLEVÉ;2026-05-14 11:56:32;2026-05-14 11:56:33;OUVERTE
TXN-000203;CLT-0079;392,89;Îles Caïmans;Îles Caïmans;14;0;0;25;20;0;45;ÉLEVÉ;2026-05-14 11:56:32;2026-05-14 11:56:33;OUVERTE
TXN-000202;CLT-0005;1558,94;Panama;Panama;14;0;0;25;20;0;45;ÉLEVÉ;2026-05-14 11:56:32;2026-05-14 11:56:33;OUVERTE
TXN-002251;CLT-0005;1664,59;Îles Caïmans;Panama;14;0;0;25;20;0;45;ÉLEVÉ;2026-05-14 11:56:32;2026-05-14 11:56:33;OUVERTE
TXN-006410;CLT-0065;2008,41;Panama;Îles Caïmans;14;0;0;25;20;0;45;ÉLEVÉ;2026-05-14 11:56:32;2026-05-14 11:56:33;OUVERTE
TXN-006398;CLT-0017;243,88;Panama;Îles Caïmans;14;0;0;25;20;0;45;ÉLEVÉ;2026-05-14 11:56:32;2026-05-14 11:56:33;OUVERTE
TXN-002239;CLT-0095;1056,09;Panama;Îles Caïmans;14;0;0;25;20;0;45;ÉLEVÉ;2026-05-14 11:56:32;2026-05-14 11:56:33;OUVERTE
TXN-002230;CLT-0099;3271,53;Panama;Panama;14;0;0;25;20;0;45;ÉLEVÉ;2026-05-14 11:56:32;2026-05-14 11:56:33;OUVERTE
TXN-002195;CLT-0063;566,24;Panama;Îles Caïmans;14;0;0;25;20;0;45;ÉLEVÉ;2026-05-14 11:56:32;2026-05-14 11:56:33;OUVERTE
TXN-002168;CLT-0097;2462,97;Panama;Panama;14;0;0;25;20;0;45;ÉLEVÉ;2026-05-14 11:56:32;2026-05-14 11:56:33;OUVERTE
TXN-002154;CLT-0096;4759,71;Îles Caïmans;Panama;14;0;0;25;20;0;45;ÉLEVÉ;2026-05-14 11:56:32;2026-05-14 11:56:33;OUVERTE
TXN-009492;CLT-0005;1021,47;Îles Caïmans;Panama;14;0;0;25;20;0;45;ÉLEVÉ;2026-05-14 11:56:32;2026-05-14 11:56:33;OUVERTE
TXN-009488;CLT-0059;4092,11;Îles Caïmans;Îles Caïmans;14;0;0;25;20;0;45;ÉLEVÉ;2026-05-14 11:56:32;2026-05-14 11:56:33;OUVERTE
TXN-009471;CLT-0038;3735,19;Panama;Îles Caïmans;14;0;0;25;20;0;45;ÉLEVÉ;2026-05-14 11:56:32;2026-05-14 11:56:33;OUVERTE
TXN-009470;CLT-0081;2052,33;Îles Caïmans;Îles Caïmans;14;0;0;25;20;0;45;ÉLEVÉ;2026-05-14 11:56:32;2026-05-14 11:56:33;OUVERTE
TXN-009692;CLT-0082;2212,12;Îles Caïmans;Panama;14;0;0;25;20;0;45;ÉLEVÉ;2026-05-14 11:56:32;2026-05-14 11:56:33;OUVERTE
TXN-005212;CLT-0018;2087,26;Îles Caïmans;Panama;14;0;0;25;20;0;45;ÉLEVÉ;2026-05-14 11:56:32;2026-05-14 11:56:33;OUVERTE
TXN-005211;CLT-0005;2434,71;Îles Caïmans;Panama;14;0;0;25;20;0;45;ÉLEVÉ;2026-05-14 11:56:32;2026-05-14 11:56:33;OUVERTE
TXN-005286;CLT-0097;114,75;Îles Caïmans;Panama;14;0;0;25;20;0;45;ÉLEVÉ;2026-05-14 11:56:32;2026-05-14 11:56:33;OUVERTE
TXN-001045;CLT-0018;4629,12;Îles Caïmans;Panama;14;0;0;25;20;0;45;ÉLEVÉ;2026-05-14 11:56:32;2026-05-14 11:56:33;OUVERTE
TXN-001028;CLT-0081;1521,11;Panama;Îles Caïmans;14;0;0;25;20;0;45;ÉLEVÉ;2026-05-14 11:56:32;2026-05-14 11:56:33;OUVERTE
TXN-000846;CLT-0071;842,38;Panama;Îles Caïmans;14;0;0;25;20;0;45;ÉLEVÉ;2026-05-14 11:56:32;2026-05-14 11:56:33;OUVERTE
TXN-005454;CLT-0082;3273,22;Îles Caïmans;Panama;14;0;0;25;20;0;45;ÉLEVÉ;2026-05-14 11:56:32;2026-05-14 11:56:33;OUVERTE
TXN-006187;CLT-0097;2432,13;Panama;Panama;14;0;0;25;20;0;45;ÉLEVÉ;2026-05-14 11:56:32;2026-05-14 11:56:33;OUVERTE
TXN-006166;CLT-0067;4898,67;Îles Caïmans;Panama;14;0;0;25;20;0;45;ÉLEVÉ;2026-05-14 11:56:32;2026-05-14 11:56:33;OUVERTE
TXN-000844;CLT-0096;4738,04;Îles Caïmans;Panama;14;0;0;25;20;0;45;ÉLEVÉ;2026-05-14 11:56:32;2026-05-14 11:56:33;OUVERTE
TXN-000833;CLT-0085;1201,54;Îles Caïmans;Îles Caïmans;14;0;0;25;20;0;45;ÉLEVÉ;2026-05-14 11:56:32;2026-05-14 11:56:33;OUVERTE
TXN-000823;CLT-0012;1251,12;Panama;Panama;14;0;0;25;20;0;45;ÉLEVÉ;2026-05-14 11:56:32;2026-05-14 11:56:33;OUVERTE
TXN-005383;CLT-0082;1945,77;Panama;Panama;14;0;0;25;20;0;45;ÉLEVÉ;2026-05-14 11:56:32;2026-05-14 11:56:33;OUVERTE
TXN-005368;CLT-0079;4816,55;Îles Caïmans;Îles Caïmans;14;0;0;25;20;0;45;ÉLEVÉ;2026-05-14 11:56:32;2026-05-14 11:56:33;OUVERTE
TXN-005353;CLT-0095;913,42;Îles Caïmans;Îles Caïmans;14;0;0;25;20;0;45;ÉLEVÉ;2026-05-14 11:56:32;2026-05-14 11:56:33;OUVERTE
TXN-005352;CLT-0099;3515,57;Panama;Panama;14;0;0;25;20;0;45;ÉLEVÉ;2026-05-14 11:56:32;2026-05-14 11:56:33;OUVERTE
TXN-005345;CLT-0096;880,04;Panama;Panama;14;0;0;25;20;0;45;ÉLEVÉ;2026-05-14 11:56:32;2026-05-14 11:56:33;OUVERTE
TXN-005327;CLT-0017;4980,2;Panama;Îles Caïmans;14;0;0;25;20;0;45;ÉLEVÉ;2026-05-14 11:56:32;2026-05-14 11:56:33;OUVERTE
TXN-005322;CLT-0081;2155,11;Panama;Îles Caïmans;14;0;0;25;20;0;45;ÉLEVÉ;2026-05-14 11:56:32;2026-05-14 11:56:33;OUVERTE
TXN-005296;CLT-0096;2605,98;Îles Caïmans;Panama;14;0;0;25;20;0;45;ÉLEVÉ;2026-05-14 11:56:32;2026-05-14 11:56:33;OUVERTE
TXN-005292;CLT-0069;4887,78;Îles Caïmans;Panama;14;0;0;25;20;0;45;ÉLEVÉ;2026-05-14 11:56:32;2026-05-14 11:56:33;OUVERTE
TXN-002247;CLT-0038;1057,03;Îles Caïmans;Îles Caïmans;14;0;0;25;20;0;45;ÉLEVÉ;2026-05-14 11:56:32;2026-05-14 11:56:33;OUVERTE
TXN-002139;CLT-0081;2860,85;Panama;Îles Caïmans;14;0;0;25;20;0;45;ÉLEVÉ;2026-05-14 11:56:32;2026-05-14 11:56:33;OUVERTE
TXN-002126;CLT-0082;3629,74;Îles Caïmans;Panama;14;0;0;25;20;0;45;ÉLEVÉ;2026-05-14 11:56:32;2026-05-14 11:56:33;OUVERTE
TXN-002122;CLT-0082;639,01;Îles Caïmans;Panama;14;0;0;25;20;0;45;ÉLEVÉ;2026-05-14 11:56:32;2026-05-14 11:56:33;OUVERTE
TXN-002110;CLT-0017;71,0;Îles Caïmans;Îles Caïmans;14;0;0;25;20;0;45;ÉLEVÉ;2026-05-14 11:56:32;2026-05-14 11:56:33;OUVERTE
TXN-002104;CLT-0065;1851,97;Îles Caïmans;Îles Caïmans;14;0;0;25;20;0;45;ÉLEVÉ;2026-05-14 11:56:32;2026-05-14 11:56:33;OUVERTE
TXN-002078;CLT-0063;2203,6;Panama;Îles Caïmans;14;0;0;25;20;0;45;ÉLEVÉ;2026-05-14 11:56:32;2026-05-14 11:56:33;OUVERTE
TXN-009661;CLT-0069;823,55;Îles Caïmans;Panama;14;0;0;25;20;0;45;ÉLEVÉ;2026-05-14 11:56:32;2026-05-14 11:56:33;OUVERTE
TXN-009637;CLT-0089;99,57;Panama;Îles Caïmans;14;0;0;25;20;0;45;ÉLEVÉ;2026-05-14 11:56:32;2026-05-14 11:56:33;OUVERTE
TXN-009565;CLT-0047;4367,6;Panama;Îles Caïmans;14;0;0;25;20;0;45;ÉLEVÉ;2026-05-14 11:56:32;2026-05-14 11:56:33;OUVERTE
TXN-009557;CLT-0089;2919,97;Îles Caïmans;Îles Caïmans;14;0;0;25;20;0;45;ÉLEVÉ;2026-05-14 11:56:32;2026-05-14 11:56:33;OUVERTE
TXN-001853;CLT-0005;412,78;Panama;Panama;14;0;0;25;20;0;45;ÉLEVÉ;2026-05-14 11:56:32;2026-05-14 11:56:33;OUVERTE
TXN-001954;CLT-0005;1900,41;Îles Caïmans;Panama;14;0;0;25;20;0;45;ÉLEVÉ;2026-05-14 11:56:32;2026-05-14 11:56:33;OUVERTE
TXN-006273;CLT-0038;4032,27;Panama;Îles Caïmans;14;0;0;25;20;0;45;ÉLEVÉ;2026-05-14 11:56:32;2026-05-14 11:56:33;OUVERTE
TXN-006254;CLT-0089;1482,28;Panama;Îles Caïmans;14;0;0;25;20;0;45;ÉLEVÉ;2026-05-14 11:56:32;2026-05-14 11:56:33;OUVERTE
TXN-006248;CLT-0097;1747,73;Panama;Panama;14;0;0;25;20;0;45;ÉLEVÉ;2026-05-14 11:56:32;2026-05-14 11:56:33;OUVERTE
TXN-005489;CLT-0089;4453,7;Îles Caïmans;Îles Caïmans;14;0;0;25;20;0;45;ÉLEVÉ;2026-05-14 11:56:32;2026-05-14 11:56:33;OUVERTE
TXN-000985;CLT-0071;2277,43;Îles Caïmans;Îles Caïmans;14;0;0;25;20;0;45;ÉLEVÉ;2026-05-14 11:56:32;2026-05-14 11:56:33;OUVERTE
TXN-000979;CLT-0081;3514,09;Îles Caïmans;Îles Caïmans;14;0;0;25;20;0;45;ÉLEVÉ;2026-05-14 11:56:32;2026-05-14 11:56:33;OUVERTE
TXN-005978;CLT-0071;3003,23;Îles Caïmans;Îles Caïmans;14;0;0;25;20;0;45;ÉLEVÉ;2026-05-14 11:56:32;2026-05-14 11:56:33;OUVERTE
TXN-005954;CLT-0018;3324,86;Îles Caïmans;Panama;14;0;0;25;20;0;45;ÉLEVÉ;2026-05-14 11:56:32;2026-05-14 11:56:33;OUVERTE
TXN-005947;CLT-0017;4561,28;Îles Caïmans;Îles Caïmans;14;0;0;25;20;0;45;ÉLEVÉ;2026-05-14 11:56:32;2026-05-14 11:56:33;OUVERTE
TXN-005933;CLT-0097;3794,89;Panama;Panama;14;0;0;25;20;0;45;ÉLEVÉ;2026-05-14 11:56:32;2026-05-14 11:56:33;OUVERTE
TXN-005568;CLT-0099;1018,62;Îles Caïmans;Panama;14;0;0;25;20;0;45;ÉLEVÉ;2026-05-14 11:56:32;2026-05-14 11:56:33;OUVERTE
TXN-005562;CLT-0071;460,37;Panama;Îles Caïmans;14;0;0;25;20;0;45;ÉLEVÉ;2026-05-14 11:56:32;2026-05-14 11:56:33;OUVERTE
TXN-005552;CLT-0041;4710,88;Panama;Panama;14;0;0;25;20;0;45;ÉLEVÉ;2026-05-14 11:56:32;2026-05-14 11:56:33;OUVERTE
TXN-005519;CLT-0096;2193,78;Îles Caïmans;Panama;14;0;0;25;20;0;45;ÉLEVÉ;2026-05-14 11:56:32;2026-05-14 11:56:33;OUVERTE
TXN-005508;CLT-0079;217,1;Îles Caïmans;Îles Caïmans;14;0;0;25;20;0;45;ÉLEVÉ;2026-05-14 11:56:32;2026-05-14 11:56:33;OUVERTE
TXN-005507;CLT-0085;389,37;Îles Caïmans;Îles Caïmans;14;0;0;25;20;0;45;ÉLEVÉ;2026-05-14 11:56:32;2026-05-14 11:56:33;OUVERTE
TXN-005496;CLT-0067;1683,09;Panama;Panama;14;0;0;25;20;0;45;ÉLEVÉ;2026-05-14 11:56:32;2026-05-14 11:56:33;OUVERTE
TXN-006087;CLT-0069;4348,05;Îles Caïmans;Panama;14;0;0;25;20;0;45;ÉLEVÉ;2026-05-14 11:56:32;2026-05-14 11:56:33;OUVERTE
TXN-006296;CLT-0059;638,27;Panama;Îles Caïmans;14;0;0;25;20;0;45;ÉLEVÉ;2026-05-14 11:56:32;2026-05-14 11:56:33;OUVERTE
TXN-006280;CLT-0018;2807,09;Îles Caïmans;Panama;14;0;0;25;20;0;45;ÉLEVÉ;2026-05-14 11:56:32;2026-05-14 11:56:33;OUVERTE
TXN-002013;CLT-0010;4384,34;Îles Caïmans;Îles Caïmans;14;0;0;25;20;0;45;ÉLEVÉ;2026-05-14 11:56:32;2026-05-14 11:56:33;OUVERTE
TXN-002004;CLT-0079;3899,96;Panama;Îles Caïmans;14;0;0;25;20;0;45;ÉLEVÉ;2026-05-14 11:56:32;2026-05-14 11:56:33;OUVERTE
TXN-001995;CLT-0081;3343,2;Panama;Îles Caïmans;14;0;0;25;20;0;45;ÉLEVÉ;2026-05-14 11:56:32;2026-05-14 11:56:33;OUVERTE
TXN-001977;CLT-0041;1398,5;Panama;Panama;14;0;0;25;20;0;45;ÉLEVÉ;2026-05-14 11:56:32;2026-05-14 11:56:33;OUVERTE
TXN-001975;CLT-0067;1712,17;Îles Caïmans;Panama;14;0;0;25;20;0;45;ÉLEVÉ;2026-05-14 11:56:32;2026-05-14 11:56:33;OUVERTE
TXN-009717;CLT-0041;4840,77;Îles Caïmans;Panama;14;0;0;25;20;0;45;ÉLEVÉ;2026-05-14 11:56:32;2026-05-14 11:56:33;OUVERTE
TXN-009713;CLT-0005;3074,27;Panama;Panama;14;0;0;25;20;0;45;ÉLEVÉ;2026-05-14 11:56:32;2026-05-14 11:56:33;OUVERTE
TXN-009711;CLT-0082;2141,77;Îles Caïmans;Panama;14;0;0;25;20;0;45;ÉLEVÉ;2026-05-14 11:56:32;2026-05-14 11:56:33;OUVERTE
TXN-009697;CLT-0063;926,11;Panama;Îles Caïmans;14;0;0;25;20;0;45;ÉLEVÉ;2026-05-14 11:56:32;2026-05-14 11:56:33;OUVERTE
TXN-009696;CLT-0047;3088,44;Îles Caïmans;Îles Caïmans;14;0;0;25;20;0;45;ÉLEVÉ;2026-05-14 11:56:32;2026-05-14 11:56:33;OUVERTE
TXN-009693;CLT-0096;2652,98;Panama;Panama;14;0;0;25;20;0;45;ÉLEVÉ;2026-05-14 11:56:32;2026-05-14 11:56:33;OUVERTE
TXN-005997;CLT-0005;131,97;Panama;Panama;14;0;0;25;20;0;45;ÉLEVÉ;2026-05-14 11:56:32;2026-05-14 11:56:33;OUVERTE
TXN-005996;CLT-0005;3344,47;Panama;Panama;14;0;0;25;20;0;45;ÉLEVÉ;2026-05-14 11:56:32;2026-05-14 11:56:33;OUVERTE
TXN-001017;CLT-0099;4614,25;Panama;Panama;14;0;0;25;20;0;45;ÉLEVÉ;2026-05-14 11:56:32;2026-05-14 11:56:33;OUVERTE
TXN-001008;CLT-0079;3190,75;Panama;Îles Caïmans;14;0;0;25;20;0;45;ÉLEVÉ;2026-05-14 11:56:32;2026-05-14 11:56:33;OUVERTE
TXN-001002;CLT-0097;4110,4;Îles Caïmans;Panama;14;0;0;25;20;0;45;ÉLEVÉ;2026-05-14 11:56:32;2026-05-14 11:56:33;OUVERTE
TXN-009770;CLT-0031;3313,83;Îles Caïmans;Panama;14;0;0;25;20;0;45;ÉLEVÉ;2026-05-14 11:56:32;2026-05-14 11:56:33;OUVERTE
TXN-009815;CLT-0065;119,96;Îles Caïmans;Îles Caïmans;14;0;0;25;20;0;45;ÉLEVÉ;2026-05-14 11:56:32;2026-05-14 11:56:33;OUVERTE
TXN-009860;CLT-0012;3863,92;Îles Caïmans;Panama;14;0;0;25;20;0;45;ÉLEVÉ;2026-05-14 11:56:32;2026-05-14 11:56:33;OUVERTE
TXN-009855;CLT-0069;4601,95;Panama;Panama;14;0;0;25;20;0;45;ÉLEVÉ;2026-05-14 11:56:32;2026-05-14 11:56:33;OUVERTE
TXN-009854;CLT-0082;3378,61;Îles Caïmans;Panama;14;0;0;25;20;0;45;ÉLEVÉ;2026-05-14 11:56:32;2026-05-14 11:56:33;OUVERTE
TXN-009821;CLT-0065;2895,48;Îles Caïmans;Îles Caïmans;14;0;0;25;20;0;45;ÉLEVÉ;2026-05-14 11:56:32;2026-05-14 11:56:33;OUVERTE
TXN-009905;CLT-0085;3383,94;Îles Caïmans;Îles Caïmans;14;0;0;25;20;0;45;ÉLEVÉ;2026-05-14 11:56:32;2026-05-14 11:56:33;OUVERTE
TXN-009886;CLT-0047;4178,72;Panama;Îles Caïmans;14;0;0;25;20;0;45;ÉLEVÉ;2026-05-14 11:56:32;2026-05-14 11:56:33;OUVERTE
TXN-000055;CLT-0069;4598,51;Îles Caïmans;Panama;14;0;0;25;20;0;45;ÉLEVÉ;2026-05-14 11:56:32;2026-05-14 11:56:33;OUVERTE
TXN-000052;CLT-0097;4714,28;Îles Caïmans;Panama;14;0;0;25;20;0;45;ÉLEVÉ;2026-05-14 11:56:32;2026-05-14 11:56:33;OUVERTE
TXN-000044;CLT-0041;4939,58;Îles Caïmans;Panama;14;0;0;25;20;0;45;ÉLEVÉ;2026-05-14 11:56:32;2026-05-14 11:56:33;OUVERTE
TXN-009965;CLT-0085;381,3;Panama;Îles Caïmans;14;0;0;25;20;0;45;ÉLEVÉ;2026-05-14 11:56:32;2026-05-14 11:56:33;OUVERTE
TXN-005899;CLT-0067;3994,5;Îles Caïmans;Panama;14;0;0;25;20;0;45;ÉLEVÉ;2026-05-14 11:56:32;2026-05-14 11:56:33;OUVERTE
TXN-000169;CLT-0041;484,48;Panama;Panama;14;0;0;25;20;0;45;ÉLEVÉ;2026-05-14 11:56:32;2026-05-14 11:56:33;OUVERTE
TXN-000166;CLT-0059;2990,99;Îles Caïmans;Îles Caïmans;14;0;0;25;20;0;45;ÉLEVÉ;2026-05-14 11:56:32;2026-05-14 11:56:33;OUVERTE
TXN-000164;CLT-0010;2456,44;Panama;Îles Caïmans;14;0;0;25;20;0;45;ÉLEVÉ;2026-05-14 11:56:32;2026-05-14 11:56:33;OUVERTE
TXN-003317;CLT-0012;3798,93;Panama;Panama;14;0;0;25;20;0;45;ÉLEVÉ;2026-05-14 11:56:32;2026-05-14 11:56:33;OUVERTE
TXN-003303;CLT-0089;2357,52;Îles Caïmans;Îles Caïmans;14;0;0;25;20;0;45;ÉLEVÉ;2026-05-14 11:56:32;2026-05-14 11:56:33;OUVERTE
TXN-003301;CLT-0069;2520,63;Panama;Panama;14;0;0;25;20;0;45;ÉLEVÉ;2026-05-14 11:56:32;2026-05-14 11:56:33;OUVERTE
TXN-003294;CLT-0059;4424,87;Panama;Îles Caïmans;14;0;0;25;20;0;45;ÉLEVÉ;2026-05-14 11:56:32;2026-05-14 11:56:33;OUVERTE
TXN-003292;CLT-0012;2832,31;Îles Caïmans;Panama;14;0;0;25;20;0;45;ÉLEVÉ;2026-05-14 11:56:32;2026-05-14 11:56:33;OUVERTE
TXN-003289;CLT-0012;765,82;Îles Caïmans;Panama;14;0;0;25;20;0;45;ÉLEVÉ;2026-05-14 11:56:32;2026-05-14 11:56:33;OUVERTE
TXN-008545;CLT-0031;1121,3;Panama;Panama;14;0;0;25;20;0;45;ÉLEVÉ;2026-05-14 11:56:32;2026-05-14 11:56:33;OUVERTE
TXN-008542;CLT-0079;2858,2;Panama;Îles Caïmans;14;0;0;25;20;0;45;ÉLEVÉ;2026-05-14 11:56:32;2026-05-14 11:56:33;OUVERTE
TXN-008537;CLT-0085;1560,47;Îles Caïmans;Îles Caïmans;14;0;0;25;20;0;45;ÉLEVÉ;2026-05-14 11:56:32;2026-05-14 11:56:33;OUVERTE
TXN-008532;CLT-0069;2285,96;Panama;Panama;14;0;0;25;20;0;45;ÉLEVÉ;2026-05-14 11:56:32;2026-05-14 11:56:33;OUVERTE
TXN-008514;CLT-0099;1786,83;Panama;Panama;14;0;0;25;20;0;45;ÉLEVÉ;2026-05-14 11:56:32;2026-05-14 11:56:33;OUVERTE
TXN-003245;CLT-0038;924,05;Panama;Îles Caïmans;14;0;0;25;20;0;45;ÉLEVÉ;2026-05-14 11:56:32;2026-05-14 11:56:33;OUVERTE
TXN-000037;CLT-0082;1426,09;Panama;Panama;14;0;0;25;20;0;45;ÉLEVÉ;2026-05-14 11:56:32;2026-05-14 11:56:33;OUVERTE
TXN-009810;CLT-0047;343,21;Îles Caïmans;Îles Caïmans;14;0;0;25;20;0;45;ÉLEVÉ;2026-05-14 11:56:32;2026-05-14 11:56:33;OUVERTE
TXN-009808;CLT-0095;1136,59;Panama;Îles Caïmans;14;0;0;25;20;0;45;ÉLEVÉ;2026-05-14 11:56:32;2026-05-14 11:56:33;OUVERTE
TXN-009787;CLT-0099;1900,69;Îles Caïmans;Panama;14;0;0;25;20;0;45;ÉLEVÉ;2026-05-14 11:56:32;2026-05-14 11:56:33;OUVERTE
TXN-009998;CLT-0050;39695,85;Espagne;Espagne;14;1;40;0;0;0;40;ÉLEVÉ;2026-05-14 11:56:32;2026-05-14 11:56:33;OUVERTE
TXN-000025;CLT-0036;24802,29;Espagne;Italie;14;1;40;0;0;0;40;ÉLEVÉ;2026-05-14 11:56:32;2026-05-14 11:56:33;OUVERTE
TXN-000027;CLT-0075;92424,85;France;France;14;1;40;0;0;0;40;ÉLEVÉ;2026-05-14 11:56:32;2026-05-14 11:56:33;OUVERTE
TXN-000028;CLT-0056;45807,05;France;Allemagne;14;1;40;0;0;0;40;ÉLEVÉ;2026-05-14 11:56:32;2026-05-14 11:56:33;OUVERTE
TXN-000038;CLT-0087;90823,97;Allemagne;Italie;14;1;40;0;0;0;40;ÉLEVÉ;2026-05-14 11:56:32;2026-05-14 11:56:33;OUVERTE
TXN-000093;CLT-0061;47193,82;France;France;14;1;40;0;0;0;40;ÉLEVÉ;2026-05-14 11:56:32;2026-05-14 11:56:33;OUVERTE
TXN-000096;CLT-0035;27558,42;France;Espagne;14;1;40;0;0;0;40;ÉLEVÉ;2026-05-14 11:56:32;2026-05-14 11:56:33;OUVERTE
TXN-009868;CLT-0064;53468,17;Russie;France;14;1;40;0;0;0;40;ÉLEVÉ;2026-05-14 11:56:32;2026-05-14 11:56:33;OUVERTE
TXN-001947;CLT-0070;81508,99;Allemagne;Italie;14;1;40;0;0;0;40;ÉLEVÉ;2026-05-14 11:56:32;2026-05-14 11:56:33;OUVERTE
TXN-001941;CLT-0046;8771,75;Allemagne;France;14;1;40;0;0;0;40;ÉLEVÉ;2026-05-14 11:56:32;2026-05-14 11:56:33;OUVERTE
TXN-001925;CLT-0030;87348,28;Allemagne;Allemagne;14;1;40;0;0;0;40;ÉLEVÉ;2026-05-14 11:56:32;2026-05-14 11:56:33;OUVERTE
TXN-001924;CLT-0080;86337,01;Espagne;France;14;1;40;0;0;0;40;ÉLEVÉ;2026-05-14 11:56:32;2026-05-14 11:56:33;OUVERTE
TXN-001921;CLT-0064;89638,2;Allemagne;France;14;1;40;0;0;0;40;ÉLEVÉ;2026-05-14 11:56:32;2026-05-14 11:56:33;OUVERTE
TXN-001911;CLT-0045;52161,57;Russie;France;14;1;40;0;0;0;40;ÉLEVÉ;2026-05-14 11:56:32;2026-05-14 11:56:33;OUVERTE
TXN-001906;CLT-0043;44662,3;France;Suisse;14;1;40;0;0;0;40;ÉLEVÉ;2026-05-14 11:56:32;2026-05-14 11:56:33;OUVERTE
TXN-009948;CLT-0022;77188,49;France;Allemagne;14;1;40;0;0;0;40;ÉLEVÉ;2026-05-14 11:56:32;2026-05-14 11:56:33;OUVERTE
TXN-000167;CLT-0084;69054,81;Allemagne;Italie;14;1;40;0;0;0;40;ÉLEVÉ;2026-05-14 11:56:32;2026-05-14 11:56:33;OUVERTE
TXN-000159;CLT-0002;83380,97;Allemagne;Espagne;14;1;40;0;0;0;40;ÉLEVÉ;2026-05-14 11:56:32;2026-05-14 11:56:33;OUVERTE
TXN-000153;CLT-0083;67654,18;France;France;14;1;40;0;0;0;40;ÉLEVÉ;2026-05-14 11:56:32;2026-05-14 11:56:33;OUVERTE
TXN-000136;CLT-0078;83260,86;Espagne;Suisse;14;1;40;0;0;0;40;ÉLEVÉ;2026-05-14 11:56:32;2026-05-14 11:56:33;OUVERTE
TXN-000121;CLT-0013;91985,76;France;France;14;1;40;0;0;0;40;ÉLEVÉ;2026-05-14 11:56:32;2026-05-14 11:56:33;OUVERTE
TXN-001968;CLT-0092;68632,8;France;Suisse;14;1;40;0;0;0;40;ÉLEVÉ;2026-05-14 11:56:32;2026-05-14 11:56:33;OUVERTE
TXN-001887;CLT-0030;10568,4;France;Allemagne;14;1;40;0;0;0;40;ÉLEVÉ;2026-05-14 11:56:32;2026-05-14 11:56:33;OUVERTE
TXN-001880;CLT-0060;86914,08;Espagne;Italie;14;1;40;0;0;0;40;ÉLEVÉ;2026-05-14 11:56:32;2026-05-14 11:56:33;OUVERTE
TXN-005934;CLT-0035;10606,74;Russie;Espagne;14;1;40;0;0;0;40;ÉLEVÉ;2026-05-14 11:56:32;2026-05-14 11:56:33;OUVERTE
TXN-005932;CLT-0100;87749,98;Russie;Suisse;14;1;40;0;0;0;40;ÉLEVÉ;2026-05-14 11:56:32;2026-05-14 11:56:33;OUVERTE
TXN-005921;CLT-0034;34015,58;Russie;France;14;1;40;0;0;0;40;ÉLEVÉ;2026-05-14 11:56:32;2026-05-14 11:56:33;OUVERTE
TXN-005891;CLT-0080;37200,93;Russie;France;14;1;40;0;0;0;40;ÉLEVÉ;2026-05-14 11:56:32;2026-05-14 11:56:33;OUVERTE
TXN-005686;CLT-0052;90099,86;Allemagne;France;14;1;40;0;0;0;40;ÉLEVÉ;2026-05-14 11:56:32;2026-05-14 11:56:33;OUVERTE
TXN-005684;CLT-0052;77474,15;Allemagne;France;14;1;40;0;0;0;40;ÉLEVÉ;2026-05-14 11:56:32;2026-05-14 11:56:33;OUVERTE
TXN-005665;CLT-0003;73860,12;France;France;14;1;40;0;0;0;40;ÉLEVÉ;2026-05-14 11:56:32;2026-05-14 11:56:33;OUVERTE
TXN-005635;CLT-0001;37823,16;France;France;14;1;40;0;0;0;40;ÉLEVÉ;2026-05-14 11:56:32;2026-05-14 11:56:33;OUVERTE
TXN-005628;CLT-0053;17874,67;France;Espagne;14;1;40;0;0;0;40;ÉLEVÉ;2026-05-14 11:56:32;2026-05-14 11:56:33;OUVERTE
TXN-005853;CLT-0049;66482,29;France;France;14;1;40;0;0;0;40;ÉLEVÉ;2026-05-14 11:56:32;2026-05-14 11:56:33;OUVERTE
TXN-000952;CLT-0080;31806,41;France;France;14;1;40;0;0;0;40;ÉLEVÉ;2026-05-14 11:56:32;2026-05-14 11:56:33;OUVERTE
TXN-000940;CLT-0044;20989,53;France;France;14;1;40;0;0;0;40;ÉLEVÉ;2026-05-14 11:56:32;2026-05-14 11:56:33;OUVERTE
TXN-000933;CLT-0028;38419,55;Allemagne;France;14;1;40;0;0;0;40;ÉLEVÉ;2026-05-14 11:56:32;2026-05-14 11:56:33;OUVERTE
TXN-000923;CLT-0021;44275,25;France;France;14;1;40;0;0;0;40;ÉLEVÉ;2026-05-14 11:56:32;2026-05-14 11:56:33;OUVERTE
TXN-000921;CLT-0045;20898,29;France;France;14;1;40;0;0;0;40;ÉLEVÉ;2026-05-14 11:56:32;2026-05-14 11:56:33;OUVERTE
TXN-000914;CLT-0073;22866,99;France;France;14;1;40;0;0;0;40;ÉLEVÉ;2026-05-14 11:56:32;2026-05-14 11:56:33;OUVERTE
TXN-006072;CLT-0016;79307,96;Espagne;Espagne;14;1;40;0;0;0;40;ÉLEVÉ;2026-05-14 11:56:32;2026-05-14 11:56:33;OUVERTE
TXN-006058;CLT-0060;58377,12;France;Italie;14;1;40;0;0;0;40;ÉLEVÉ;2026-05-14 11:56:32;2026-05-14 11:56:33;OUVERTE
TXN-006041;CLT-0078;39635,84;Espagne;Suisse;14;1;40;0;0;0;40;ÉLEVÉ;2026-05-14 11:56:32;2026-05-14 11:56:33;OUVERTE
TXN-006000;CLT-0088;61164,76;Allemagne;Allemagne;14;1;40;0;0;0;40;ÉLEVÉ;2026-05-14 11:56:32;2026-05-14 11:56:33;OUVERTE
TXN-001004;CLT-0007;31002,41;Russie;Suisse;14;1;40;0;0;0;40;ÉLEVÉ;2026-05-14 11:56:32;2026-05-14 11:56:33;OUVERTE
TXN-000996;CLT-0074;49164,97;Espagne;Allemagne;14;1;40;0;0;0;40;ÉLEVÉ;2026-05-14 11:56:32;2026-05-14 11:56:33;OUVERTE
TXN-000988;CLT-0091;11294,26;France;Allemagne;14;1;40;0;0;0;40;ÉLEVÉ;2026-05-14 11:56:32;2026-05-14 11:56:33;OUVERTE
TXN-000983;CLT-0056;84985,32;France;Allemagne;14;1;40;0;0;0;40;ÉLEVÉ;2026-05-14 11:56:32;2026-05-14 11:56:33;OUVERTE
TXN-000981;CLT-0054;56321,68;Espagne;Suisse;14;1;40;0;0;0;40;ÉLEVÉ;2026-05-14 11:56:32;2026-05-14 11:56:33;OUVERTE
TXN-000978;CLT-0015;56722,63;France;France;14;1;40;0;0;0;40;ÉLEVÉ;2026-05-14 11:56:32;2026-05-14 11:56:33;OUVERTE
TXN-000963;CLT-0060;17821,17;Espagne;Italie;14;1;40;0;0;0;40;ÉLEVÉ;2026-05-14 11:56:32;2026-05-14 11:56:33;OUVERTE
TXN-000956;CLT-0091;45102,52;Russie;Allemagne;14;1;40;0;0;0;40;ÉLEVÉ;2026-05-14 11:56:32;2026-05-14 11:56:33;OUVERTE
TXN-005579;CLT-0090;34134,17;Russie;France;14;1;40;0;0;0;40;ÉLEVÉ;2026-05-14 11:56:32;2026-05-14 11:56:33;OUVERTE
TXN-005994;CLT-0075;70483,16;Allemagne;France;14;1;40;0;0;0;40;ÉLEVÉ;2026-05-14 11:56:32;2026-05-14 11:56:33;OUVERTE
TXN-005952;CLT-0046;92797,5;France;France;14;1;40;0;0;0;40;ÉLEVÉ;2026-05-14 11:56:32;2026-05-14 11:56:33;OUVERTE
TXN-005935;CLT-0098;47590,98;Espagne;Espagne;14;1;40;0;0;0;40;ÉLEVÉ;2026-05-14 11:56:32;2026-05-14 11:56:33;OUVERTE
TXN-006182;CLT-0023;47047,45;France;Allemagne;14;1;40;0;0;0;40;ÉLEVÉ;2026-05-14 11:56:32;2026-05-14 11:56:33;OUVERTE
TXN-006148;CLT-0068;76852,64;France;Allemagne;14;1;40;0;0;0;40;ÉLEVÉ;2026-05-14 11:56:32;2026-05-14 11:56:33;OUVERTE
TXN-006143;CLT-0030;23474,58;Espagne;Allemagne;14;1;40;0;0;0;40;ÉLEVÉ;2026-05-14 11:56:32;2026-05-14 11:56:33;OUVERTE
TXN-006133;CLT-0039;70366,29;Russie;France;14;1;40;0;0;0;40;ÉLEVÉ;2026-05-14 11:56:32;2026-05-14 11:56:33;OUVERTE
TXN-006120;CLT-0056;64096,65;France;Allemagne;14;1;40;0;0;0;40;ÉLEVÉ;2026-05-14 11:56:32;2026-05-14 11:56:33;OUVERTE
TXN-005575;CLT-0074;57788,28;France;Allemagne;14;1;40;0;0;0;40;ÉLEVÉ;2026-05-14 11:56:32;2026-05-14 11:56:33;OUVERTE
TXN-005571;CLT-0090;22391,91;France;France;14;1;40;0;0;0;40;ÉLEVÉ;2026-05-14 11:56:32;2026-05-14 11:56:33;OUVERTE
TXN-005553;CLT-0086;89173,49;France;France;14;1;40;0;0;0;40;ÉLEVÉ;2026-05-14 11:56:32;2026-05-14 11:56:33;OUVERTE
TXN-005541;CLT-0055;27474,57;France;Espagne;14;1;40;0;0;0;40;ÉLEVÉ;2026-05-14 11:56:32;2026-05-14 11:56:33;OUVERTE
TXN-005518;CLT-0058;94472,9;Allemagne;France;14;1;40;0;0;0;40;ÉLEVÉ;2026-05-14 11:56:32;2026-05-14 11:56:33;OUVERTE
TXN-005515;CLT-0070;46498,71;France;Italie;14;1;40;0;0;0;40;ÉLEVÉ;2026-05-14 11:56:32;2026-05-14 11:56:33;OUVERTE
TXN-005513;CLT-0027;71822,03;France;Espagne;14;1;40;0;0;0;40;ÉLEVÉ;2026-05-14 11:56:32;2026-05-14 11:56:33;OUVERTE
TXN-005495;CLT-0008;19511,22;France;Suisse;14;1;40;0;0;0;40;ÉLEVÉ;2026-05-14 11:56:32;2026-05-14 11:56:33;OUVERTE
TXN-006116;CLT-0100;60045,39;Russie;Suisse;14;1;40;0;0;0;40;ÉLEVÉ;2026-05-14 11:56:32;2026-05-14 11:56:33;OUVERTE
TXN-006093;CLT-0064;83895,09;France;France;14;1;40;0;0;0;40;ÉLEVÉ;2026-05-14 11:56:32;2026-05-14 11:56:33;OUVERTE
TXN-006088;CLT-0058;89935,9;France;France;14;1;40;0;0;0;40;ÉLEVÉ;2026-05-14 11:56:32;2026-05-14 11:56:33;OUVERTE
TXN-006257;CLT-0020;44404,15;France;Italie;14;1;40;0;0;0;40;ÉLEVÉ;2026-05-14 11:56:32;2026-05-14 11:56:33;OUVERTE
TXN-006244;CLT-0004;57028,05;Allemagne;Suisse;14;1;40;0;0;0;40;ÉLEVÉ;2026-05-14 11:56:32;2026-05-14 11:56:33;OUVERTE
TXN-006229;CLT-0088;49095,17;Allemagne;Allemagne;14;1;40;0;0;0;40;ÉLEVÉ;2026-05-14 11:56:32;2026-05-14 11:56:33;OUVERTE
TXN-005488;CLT-0093;61102,77;Allemagne;Suisse;14;1;40;0;0;0;40;ÉLEVÉ;2026-05-14 11:56:32;2026-05-14 11:56:33;OUVERTE
TXN-005476;CLT-0020;82683,07;Russie;Italie;14;1;40;0;0;0;40;ÉLEVÉ;2026-05-14 11:56:32;2026-05-14 11:56:33;OUVERTE
TXN-005468;CLT-0056;61696,63;France;Allemagne;14;1;40;0;0;0;40;ÉLEVÉ;2026-05-14 11:56:32;2026-05-14 11:56:33;OUVERTE
TXN-005458;CLT-0057;75734,75;France;France;14;1;40;0;0;0;40;ÉLEVÉ;2026-05-14 11:56:32;2026-05-14 11:56:33;OUVERTE
TXN-005452;CLT-0023;9040,1;Russie;Allemagne;14;1;40;0;0;0;40;ÉLEVÉ;2026-05-14 11:56:32;2026-05-14 11:56:33;OUVERTE
TXN-005417;CLT-0062;37334,23;France;France;14;1;40;0;0;0;40;ÉLEVÉ;2026-05-14 11:56:32;2026-05-14 11:56:33;OUVERTE
TXN-005412;CLT-0033;26026,96;France;Italie;14;1;40;0;0;0;40;ÉLEVÉ;2026-05-14 11:56:32;2026-05-14 11:56:33;OUVERTE
TXN-005410;CLT-0056;75273,53;France;Allemagne;14;1;40;0;0;0;40;ÉLEVÉ;2026-05-14 11:56:32;2026-05-14 11:56:33;OUVERTE
TXN-005403;CLT-0043;43486,42;France;Suisse;14;1;40;0;0;0;40;ÉLEVÉ;2026-05-14 11:56:32;2026-05-14 11:56:33;OUVERTE
TXN-005391;CLT-0062;19132,43;France;France;14;1;40;0;0;0;40;ÉLEVÉ;2026-05-14 11:56:32;2026-05-14 11:56:33;OUVERTE
TXN-006227;CLT-0015;9042,86;France;France;14;1;40;0;0;0;40;ÉLEVÉ;2026-05-14 11:56:32;2026-05-14 11:56:33;OUVERTE
TXN-006211;CLT-0080;76943,31;Allemagne;France;14;1;40;0;0;0;40;ÉLEVÉ;2026-05-14 11:56:32;2026-05-14 11:56:33;OUVERTE
TXN-006184;CLT-0092;66569,64;France;Suisse;14;1;40;0;0;0;40;ÉLEVÉ;2026-05-14 11:56:32;2026-05-14 11:56:33;OUVERTE
TXN-000806;CLT-0098;62403,1;Espagne;Espagne;14;1;40;0;0;0;40;ÉLEVÉ;2026-05-14 11:56:32;2026-05-14 11:56:33;OUVERTE
TXN-000797;CLT-0061;65728,77;Espagne;France;14;1;40;0;0;0;40;ÉLEVÉ;2026-05-14 11:56:32;2026-05-14 11:56:33;OUVERTE
TXN-000795;CLT-0040;89048,29;Allemagne;Suisse;14;1;40;0;0;0;40;ÉLEVÉ;2026-05-14 11:56:32;2026-05-14 11:56:33;OUVERTE
TXN-005363;CLT-0036;93989,87;France;Italie;14;1;40;0;0;0;40;ÉLEVÉ;2026-05-14 11:56:32;2026-05-14 11:56:33;OUVERTE
TXN-005358;CLT-0068;57588,88;Russie;Allemagne;14;1;40;0;0;0;40;ÉLEVÉ;2026-05-14 11:56:32;2026-05-14 11:56:33;OUVERTE
TXN-005328;CLT-0030;72886,53;Allemagne;Allemagne;14;1;40;0;0;0;40;ÉLEVÉ;2026-05-14 11:56:32;2026-05-14 11:56:33;OUVERTE
TXN-005323;CLT-0046;62349,39;France;France;14;1;40;0;0;0;40;ÉLEVÉ;2026-05-14 11:56:32;2026-05-14 11:56:33;OUVERTE
TXN-005319;CLT-0001;8232,24;Russie;France;14;1;40;0;0;0;40;ÉLEVÉ;2026-05-14 11:56:32;2026-05-14 11:56:33;OUVERTE
TXN-006301;CLT-0074;73742,95;Allemagne;Allemagne;14;1;40;0;0;0;40;ÉLEVÉ;2026-05-14 11:56:32;2026-05-14 11:56:33;OUVERTE
TXN-006299;CLT-0004;9926,12;France;Suisse;14;1;40;0;0;0;40;ÉLEVÉ;2026-05-14 11:56:32;2026-05-14 11:56:33;OUVERTE
TXN-006294;CLT-0007;45161,01;France;Suisse;14;1;40;0;0;0;40;ÉLEVÉ;2026-05-14 11:56:32;2026-05-14 11:56:33;OUVERTE
TXN-006281;CLT-0088;80429,18;Espagne;Allemagne;14;1;40;0;0;0;40;ÉLEVÉ;2026-05-14 11:56:32;2026-05-14 11:56:33;OUVERTE
TXN-006278;CLT-0023;10875,23;Espagne;Allemagne;14;1;40;0;0;0;40;ÉLEVÉ;2026-05-14 11:56:32;2026-05-14 11:56:33;OUVERTE
TXN-006275;CLT-0014;79480,86;France;France;14;1;40;0;0;0;40;ÉLEVÉ;2026-05-14 11:56:32;2026-05-14 11:56:33;OUVERTE
TXN-006270;CLT-0060;76481,32;France;Italie;14;1;40;0;0;0;40;ÉLEVÉ;2026-05-14 11:56:32;2026-05-14 11:56:33;OUVERTE
TXN-006268;CLT-0032;45062,44;Allemagne;Suisse;14;1;40;0;0;0;40;ÉLEVÉ;2026-05-14 11:56:32;2026-05-14 11:56:33;OUVERTE
TXN-005235;CLT-0078;90003,43;Allemagne;Suisse;14;1;40;0;0;0;40;ÉLEVÉ;2026-05-14 11:56:32;2026-05-14 11:56:33;OUVERTE
TXN-005226;CLT-0090;93544,79;France;France;14;1;40;0;0;0;40;ÉLEVÉ;2026-05-14 11:56:32;2026-05-14 11:56:33;OUVERTE
TXN-005208;CLT-0022;52942,7;France;Allemagne;14;1;40;0;0;0;40;ÉLEVÉ;2026-05-14 11:56:32;2026-05-14 11:56:33;OUVERTE
TXN-005206;CLT-0058;41255,02;France;France;14;1;40;0;0;0;40;ÉLEVÉ;2026-05-14 11:56:32;2026-05-14 11:56:33;OUVERTE
TXN-001061;CLT-0056;58903,03;Allemagne;Allemagne;14;1;40;0;0;0;40;ÉLEVÉ;2026-05-14 11:56:32;2026-05-14 11:56:33;OUVERTE
TXN-001054;CLT-0064;20981,92;France;France;14;1;40;0;0;0;40;ÉLEVÉ;2026-05-14 11:56:32;2026-05-14 11:56:33;OUVERTE
TXN-001049;CLT-0053;31572,63;France;Espagne;14;1;40;0;0;0;40;ÉLEVÉ;2026-05-14 11:56:32;2026-05-14 11:56:33;OUVERTE
TXN-001044;CLT-0048;44118,43;France;Suisse;14;1;40;0;0;0;40;ÉLEVÉ;2026-05-14 11:56:32;2026-05-14 11:56:33;OUVERTE
TXN-001039;CLT-0013;63041,55;France;France;14;1;40;0;0;0;40;ÉLEVÉ;2026-05-14 11:56:32;2026-05-14 11:56:33;OUVERTE
TXN-001035;CLT-0052;12876,74;Allemagne;France;14;1;40;0;0;0;40;ÉLEVÉ;2026-05-14 11:56:32;2026-05-14 11:56:33;OUVERTE
TXN-001023;CLT-0100;14125,87;France;Suisse;14;1;40;0;0;0;40;ÉLEVÉ;2026-05-14 11:56:32;2026-05-14 11:56:33;OUVERTE
TXN-006302;CLT-0060;63004,29;Russie;Italie;14;1;40;0;0;0;40;ÉLEVÉ;2026-05-14 11:56:32;2026-05-14 11:56:33;OUVERTE
TXN-000877;CLT-0009;64963,93;Espagne;Suisse;14;1;40;0;0;0;40;ÉLEVÉ;2026-05-14 11:56:32;2026-05-14 11:56:33;OUVERTE
TXN-000843;CLT-0025;28098,57;Allemagne;Italie;14;1;40;0;0;0;40;ÉLEVÉ;2026-05-14 11:56:32;2026-05-14 11:56:33;OUVERTE
TXN-000811;CLT-0030;46142,25;France;Allemagne;14;1;40;0;0;0;40;ÉLEVÉ;2026-05-14 11:56:32;2026-05-14 11:56:33;OUVERTE
TXN-000810;CLT-0014;54542,46;Espagne;France;14;1;40;0;0;0;40;ÉLEVÉ;2026-05-14 11:56:32;2026-05-14 11:56:33;OUVERTE
TXN-006509;CLT-0021;66590,03;France;France;14;1;40;0;0;0;40;ÉLEVÉ;2026-05-14 11:56:32;2026-05-14 11:56:33;OUVERTE
TXN-006499;CLT-0066;12193,16;France;Espagne;14;1;40;0;0;0;40;ÉLEVÉ;2026-05-14 11:56:32;2026-05-14 11:56:33;OUVERTE
TXN-006488;CLT-0020;92998,13;Espagne;Italie;14;1;40;0;0;0;40;ÉLEVÉ;2026-05-14 11:56:32;2026-05-14 11:56:33;OUVERTE
TXN-006479;CLT-0040;20521,2;France;Suisse;14;1;40;0;0;0;40;ÉLEVÉ;2026-05-14 11:56:32;2026-05-14 11:56:33;OUVERTE
TXN-006445;CLT-0075;85544,43;France;France;14;1;40;0;0;0;40;ÉLEVÉ;2026-05-14 11:56:32;2026-05-14 11:56:33;OUVERTE
TXN-006439;CLT-0062;61917,01;France;France;14;1;40;0;0;0;40;ÉLEVÉ;2026-05-14 11:56:32;2026-05-14 11:56:33;OUVERTE
TXN-006438;CLT-0039;31054,84;France;France;14;1;40;0;0;0;40;ÉLEVÉ;2026-05-14 11:56:32;2026-05-14 11:56:33;OUVERTE
TXN-006434;CLT-0008;31807,93;Espagne;Suisse;14;1;40;0;0;0;40;ÉLEVÉ;2026-05-14 11:56:32;2026-05-14 11:56:33;OUVERTE
TXN-006422;CLT-0015;53693,33;Russie;France;14;1;40;0;0;0;40;ÉLEVÉ;2026-05-14 11:56:32;2026-05-14 11:56:33;OUVERTE
TXN-006389;CLT-0002;56997,26;France;Espagne;14;1;40;0;0;0;40;ÉLEVÉ;2026-05-14 11:56:32;2026-05-14 11:56:33;OUVERTE
TXN-006388;CLT-0092;22009,89;France;Suisse;14;1;40;0;0;0;40;ÉLEVÉ;2026-05-14 11:56:32;2026-05-14 11:56:33;OUVERTE
TXN-006379;CLT-0094;12426,71;France;Allemagne;14;1;40;0;0;0;40;ÉLEVÉ;2026-05-14 11:56:32;2026-05-14 11:56:33;OUVERTE
TXN-006352;CLT-0034;50368,47;Espagne;France;14;1;40;0;0;0;40;ÉLEVÉ;2026-05-14 11:56:32;2026-05-14 11:56:33;OUVERTE
TXN-006324;CLT-0006;91390,97;France;France;14;1;40;0;0;0;40;ÉLEVÉ;2026-05-14 11:56:32;2026-05-14 11:56:33;OUVERTE
TXN-005279;CLT-0001;15631,64;France;France;14;1;40;0;0;0;40;ÉLEVÉ;2026-05-14 11:56:32;2026-05-14 11:56:33;OUVERTE
TXN-005238;CLT-0045;22601,18;France;France;14;1;40;0;0;0;40;ÉLEVÉ;2026-05-14 11:56:32;2026-05-14 11:56:33;OUVERTE
TXN-000767;CLT-0064;14828,42;France;France;14;1;40;0;0;0;40;ÉLEVÉ;2026-05-14 11:56:32;2026-05-14 11:56:33;OUVERTE
TXN-000747;CLT-0011;30889,0;France;France;14;1;40;0;0;0;40;ÉLEVÉ;2026-05-14 11:56:32;2026-05-14 11:56:33;OUVERTE
TXN-000693;CLT-0051;8437,6;France;France;14;1;40;0;0;0;40;ÉLEVÉ;2026-05-14 11:56:32;2026-05-14 11:56:33;OUVERTE
TXN-006524;CLT-0094;62222,28;France;Allemagne;14;1;40;0;0;0;40;ÉLEVÉ;2026-05-14 11:56:32;2026-05-14 11:56:33;OUVERTE
TXN-006523;CLT-0024;49989,04;Espagne;Espagne;14;1;40;0;0;0;40;ÉLEVÉ;2026-05-14 11:56:32;2026-05-14 11:56:33;OUVERTE
TXN-005199;CLT-0029;58482,89;France;France;14;1;40;0;0;0;40;ÉLEVÉ;2026-05-14 11:56:32;2026-05-14 11:56:33;OUVERTE
TXN-005197;CLT-0028;40843,07;Allemagne;France;14;1;40;0;0;0;40;ÉLEVÉ;2026-05-14 11:56:32;2026-05-14 11:56:33;OUVERTE
TXN-005181;CLT-0078;30211,38;Allemagne;Suisse;14;1;40;0;0;0;40;ÉLEVÉ;2026-05-14 11:56:32;2026-05-14 11:56:33;OUVERTE
TXN-005159;CLT-0046;68204,57;France;France;14;1;40;0;0;0;40;ÉLEVÉ;2026-05-14 11:56:32;2026-05-14 11:56:33;OUVERTE
TXN-005147;CLT-0040;93761,14;France;Suisse;14;1;40;0;0;0;40;ÉLEVÉ;2026-05-14 11:56:32;2026-05-14 11:56:33;OUVERTE
TXN-005146;CLT-0044;49881,96;Allemagne;France;14;1;40;0;0;0;40;ÉLEVÉ;2026-05-14 11:56:32;2026-05-14 11:56:33;OUVERTE
TXN-005137;CLT-0039;81141,86;Russie;France;14;1;40;0;0;0;40;ÉLEVÉ;2026-05-14 11:56:32;2026-05-14 11:56:33;OUVERTE
TXN-005135;CLT-0073;25642,94;France;France;14;1;40;0;0;0;40;ÉLEVÉ;2026-05-14 11:56:32;2026-05-14 11:56:33;OUVERTE
TXN-005107;CLT-0083;81281,65;France;France;14;1;40;0;0;0;40;ÉLEVÉ;2026-05-14 11:56:32;2026-05-14 11:56:33;OUVERTE
TXN-005091;CLT-0054;85260,0;Russie;Suisse;14;1;40;0;0;0;40;ÉLEVÉ;2026-05-14 11:56:32;2026-05-14 11:56:33;OUVERTE
TXN-005090;CLT-0080;31962,13;France;France;14;1;40;0;0;0;40;ÉLEVÉ;2026-05-14 11:56:32;2026-05-14 11:56:33;OUVERTE
TXN-001121;CLT-0077;32117,88;Russie;France;14;1;40;0;0;0;40;ÉLEVÉ;2026-05-14 11:56:32;2026-05-14 11:56:33;OUVERTE
TXN-001115;CLT-0054;43623,08;Russie;Suisse;14;1;40;0;0;0;40;ÉLEVÉ;2026-05-14 11:56:32;2026-05-14 11:56:33;OUVERTE
TXN-001109;CLT-0050;82280,95;France;Espagne;14;1;40;0;0;0;40;ÉLEVÉ;2026-05-14 11:56:32;2026-05-14 11:56:33;OUVERTE
TXN-001082;CLT-0015;37138,88;Allemagne;France;14;1;40;0;0;0;40;ÉLEVÉ;2026-05-14 11:56:32;2026-05-14 11:56:33;OUVERTE
TXN-001067;CLT-0028;82556,72;Russie;France;14;1;40;0;0;0;40;ÉLEVÉ;2026-05-14 11:56:32;2026-05-14 11:56:33;OUVERTE
TXN-005003;CLT-0025;41238,05;France;Italie;14;1;40;0;0;0;40;ÉLEVÉ;2026-05-14 11:56:32;2026-05-14 11:56:33;OUVERTE
TXN-005089;CLT-0039;85207,89;Espagne;France;14;1;40;0;0;0;40;ÉLEVÉ;2026-05-14 11:56:32;2026-05-14 11:56:33;OUVERTE
TXN-005064;CLT-0023;56189,18;France;Allemagne;14;1;40;0;0;0;40;ÉLEVÉ;2026-05-14 11:56:32;2026-05-14 11:56:33;OUVERTE
TXN-005062;CLT-0076;27385,44;Russie;France;14;1;40;0;0;0;40;ÉLEVÉ;2026-05-14 11:56:32;2026-05-14 11:56:33;OUVERTE
TXN-005045;CLT-0075;27644,45;Russie;France;14;1;40;0;0;0;40;ÉLEVÉ;2026-05-14 11:56:32;2026-05-14 11:56:33;OUVERTE
TXN-005043;CLT-0042;32343,93;Russie;Italie;14;1;40;0;0;0;40;ÉLEVÉ;2026-05-14 11:56:32;2026-05-14 11:56:33;OUVERTE
TXN-005038;CLT-0008;43740,08;Espagne;Suisse;14;1;40;0;0;0;40;ÉLEVÉ;2026-05-14 11:56:32;2026-05-14 11:56:33;OUVERTE
TXN-005033;CLT-0039;22174,42;France;France;14;1;40;0;0;0;40;ÉLEVÉ;2026-05-14 11:56:32;2026-05-14 11:56:33;OUVERTE
TXN-005016;CLT-0021;85086,19;Espagne;France;14;1;40;0;0;0;40;ÉLEVÉ;2026-05-14 11:56:32;2026-05-14 11:56:33;OUVERTE
TXN-001125;CLT-0046;39421,22;Espagne;France;14;1;40;0;0;0;40;ÉLEVÉ;2026-05-14 11:56:32;2026-05-14 11:56:33;OUVERTE
TXN-000782;CLT-0033;22210,74;France;Italie;14;1;40;0;0;0;40;ÉLEVÉ;2026-05-14 11:56:32;2026-05-14 11:56:33;OUVERTE
TXN-004838;CLT-0058;71524,46;France;France;14;1;40;0;0;0;40;ÉLEVÉ;2026-05-14 11:56:32;2026-05-14 11:56:33;OUVERTE
TXN-004809;CLT-0048;33573,29;Russie;Suisse;14;1;40;0;0;0;40;ÉLEVÉ;2026-05-14 11:56:32;2026-05-14 11:56:33;OUVERTE
TXN-004791;CLT-0068;91813,53;Russie;Allemagne;14;1;40;0;0;0;40;ÉLEVÉ;2026-05-14 11:56:32;2026-05-14 11:56:33;OUVERTE
TXN-004786;CLT-0044;59496,85;France;France;14;1;40;0;0;0;40;ÉLEVÉ;2026-05-14 11:56:32;2026-05-14 11:56:33;OUVERTE
TXN-004978;CLT-0004;38270,31;France;Suisse;14;1;40;0;0;0;40;ÉLEVÉ;2026-05-14 11:56:32;2026-05-14 11:56:33;OUVERTE
TXN-004977;CLT-0050;10209,65;France;Espagne;14;1;40;0;0;0;40;ÉLEVÉ;2026-05-14 11:56:32;2026-05-14 11:56:33;OUVERTE
TXN-004972;CLT-0033;9587,13;Russie;Italie;14;1;40;0;0;0;40;ÉLEVÉ;2026-05-14 11:56:32;2026-05-14 11:56:33;OUVERTE
TXN-004961;CLT-0060;36973,25;Allemagne;Italie;14;1;40;0;0;0;40;ÉLEVÉ;2026-05-14 11:56:32;2026-05-14 11:56:33;OUVERTE
TXN-004940;CLT-0051;62734,0;France;France;14;1;40;0;0;0;40;ÉLEVÉ;2026-05-14 11:56:32;2026-05-14 11:56:33;OUVERTE
TXN-004901;CLT-0036;32311,47;France;Italie;14;1;40;0;0;0;40;ÉLEVÉ;2026-05-14 11:56:32;2026-05-14 11:56:33;OUVERTE
TXN-006592;CLT-0034;35499,34;France;France;14;1;40;0;0;0;40;ÉLEVÉ;2026-05-14 11:56:32;2026-05-14 11:56:33;OUVERTE
TXN-006563;CLT-0072;21273,63;Espagne;Allemagne;14;1;40;0;0;0;40;ÉLEVÉ;2026-05-14 11:56:32;2026-05-14 11:56:33;OUVERTE
TXN-006552;CLT-0087;35387,43;Espagne;Italie;14;1;40;0;0;0;40;ÉLEVÉ;2026-05-14 11:56:32;2026-05-14 11:56:33;OUVERTE
TXN-006549;CLT-0025;73372,36;France;Italie;14;1;40;0;0;0;40;ÉLEVÉ;2026-05-14 11:56:32;2026-05-14 11:56:33;OUVERTE
TXN-006543;CLT-0093;8603,55;France;Suisse;14;1;40;0;0;0;40;ÉLEVÉ;2026-05-14 11:56:32;2026-05-14 11:56:33;OUVERTE
TXN-006537;CLT-0027;67661,94;Espagne;Espagne;14;1;40;0;0;0;40;ÉLEVÉ;2026-05-14 11:56:32;2026-05-14 11:56:33;OUVERTE
TXN-006763;CLT-0055;59312,33;France;Espagne;14;1;40;0;0;0;40;ÉLEVÉ;2026-05-14 11:56:32;2026-05-14 11:56:33;OUVERTE
TXN-006746;CLT-0084;26120,97;Allemagne;Italie;14;1;40;0;0;0;40;ÉLEVÉ;2026-05-14 11:56:32;2026-05-14 11:56:33;OUVERTE
TXN-001230;CLT-0075;85623,66;Espagne;France;14;1;40;0;0;0;40;ÉLEVÉ;2026-05-14 11:56:32;2026-05-14 11:56:33;OUVERTE
TXN-001228;CLT-0046;89002,62;France;France;14;1;40;0;0;0;40;ÉLEVÉ;2026-05-14 11:56:32;2026-05-14 11:56:33;OUVERTE
TXN-001221;CLT-0035;70080,04;Russie;Espagne;14;1;40;0;0;0;40;ÉLEVÉ;2026-05-14 11:56:32;2026-05-14 11:56:33;OUVERTE
TXN-001171;CLT-0053;38027,44;France;Espagne;14;1;40;0;0;0;40;ÉLEVÉ;2026-05-14 11:56:32;2026-05-14 11:56:33;OUVERTE
TXN-001159;CLT-0064;12598,16;France;France;14;1;40;0;0;0;40;ÉLEVÉ;2026-05-14 11:56:32;2026-05-14 11:56:33;OUVERTE
TXN-001142;CLT-0068;58297,63;Allemagne;Allemagne;14;1;40;0;0;0;40;ÉLEVÉ;2026-05-14 11:56:32;2026-05-14 11:56:33;OUVERTE
TXN-001137;CLT-0066;17380,11;France;Espagne;14;1;40;0;0;0;40;ÉLEVÉ;2026-05-14 11:56:32;2026-05-14 11:56:33;OUVERTE
TXN-006732;CLT-0043;82656,75;Espagne;Suisse;14;1;40;0;0;0;40;ÉLEVÉ;2026-05-14 11:56:32;2026-05-14 11:56:33;OUVERTE
TXN-006713;CLT-0091;33923,27;Allemagne;Allemagne;14;1;40;0;0;0;40;ÉLEVÉ;2026-05-14 11:56:32;2026-05-14 11:56:33;OUVERTE
TXN-006677;CLT-0022;14311,88;France;Allemagne;14;1;40;0;0;0;40;ÉLEVÉ;2026-05-14 11:56:32;2026-05-14 11:56:33;OUVERTE
TXN-006626;CLT-0049;22371,93;Espagne;France;14;1;40;0;0;0;40;ÉLEVÉ;2026-05-14 11:56:32;2026-05-14 11:56:33;OUVERTE
TXN-006620;CLT-0073;32424,5;Allemagne;France;14;1;40;0;0;0;40;ÉLEVÉ;2026-05-14 11:56:32;2026-05-14 11:56:33;OUVERTE
TXN-004867;CLT-0025;35352,35;France;Italie;14;1;40;0;0;0;40;ÉLEVÉ;2026-05-14 11:56:32;2026-05-14 11:56:33;OUVERTE
TXN-004865;CLT-0074;60919,16;Allemagne;Allemagne;14;1;40;0;0;0;40;ÉLEVÉ;2026-05-14 11:56:32;2026-05-14 11:56:33;OUVERTE
TXN-004670;CLT-0073;10340,74;Russie;France;14;1;40;0;0;0;40;ÉLEVÉ;2026-05-14 11:56:32;2026-05-14 11:56:33;OUVERTE
TXN-006845;CLT-0001;80865,52;Espagne;France;14;1;40;0;0;0;40;ÉLEVÉ;2026-05-14 11:56:32;2026-05-14 11:56:33;OUVERTE
TXN-000677;CLT-0083;38102,63;Allemagne;France;14;1;40;0;0;0;40;ÉLEVÉ;2026-05-14 11:56:32;2026-05-14 11:56:33;OUVERTE
TXN-000666;CLT-0100;29866,68;Allemagne;Suisse;14;1;40;0;0;0;40;ÉLEVÉ;2026-05-14 11:56:32;2026-05-14 11:56:33;OUVERTE
TXN-000647;CLT-0016;61144,1;Allemagne;Espagne;14;1;40;0;0;0;40;ÉLEVÉ;2026-05-14 11:56:32;2026-05-14 11:56:33;OUVERTE
TXN-000641;CLT-0078;55771,59;Espagne;Suisse;14;1;40;0;0;0;40;ÉLEVÉ;2026-05-14 11:56:32;2026-05-14 11:56:33;OUVERTE
TXN-000628;CLT-0014;71197,77;Russie;France;14;1;40;0;0;0;40;ÉLEVÉ;2026-05-14 11:56:32;2026-05-14 11:56:33;OUVERTE
TXN-000611;CLT-0049;69866,58;France;France;14;1;40;0;0;0;40;ÉLEVÉ;2026-05-14 11:56:32;2026-05-14 11:56:33;OUVERTE
TXN-006837;CLT-0020;21719,67;France;Italie;14;1;40;0;0;0;40;ÉLEVÉ;2026-05-14 11:56:32;2026-05-14 11:56:33;OUVERTE
TXN-006825;CLT-0029;28205,09;Allemagne;France;14;1;40;0;0;0;40;ÉLEVÉ;2026-05-14 11:56:32;2026-05-14 11:56:33;OUVERTE
TXN-006820;CLT-0090;77094,14;France;France;14;1;40;0;0;0;40;ÉLEVÉ;2026-05-14 11:56:32;2026-05-14 11:56:33;OUVERTE
TXN-006810;CLT-0007;74929,69;France;Suisse;14;1;40;0;0;0;40;ÉLEVÉ;2026-05-14 11:56:32;2026-05-14 11:56:33;OUVERTE
TXN-006800;CLT-0074;44475,7;France;Allemagne;14;1;40;0;0;0;40;ÉLEVÉ;2026-05-14 11:56:32;2026-05-14 11:56:33;OUVERTE
TXN-006790;CLT-0086;19883,78;France;France;14;1;40;0;0;0;40;ÉLEVÉ;2026-05-14 11:56:32;2026-05-14 11:56:33;OUVERTE
TXN-006789;CLT-0052;46081,09;Russie;France;14;1;40;0;0;0;40;ÉLEVÉ;2026-05-14 11:56:32;2026-05-14 11:56:33;OUVERTE
TXN-006767;CLT-0008;87723,75;Russie;Suisse;14;1;40;0;0;0;40;ÉLEVÉ;2026-05-14 11:56:32;2026-05-14 11:56:33;OUVERTE
TXN-006922;CLT-0057;44784,36;Russie;France;14;1;40;0;0;0;40;ÉLEVÉ;2026-05-14 11:56:32;2026-05-14 11:56:33;OUVERTE
TXN-006906;CLT-0014;82427,37;Russie;France;14;1;40;0;0;0;40;ÉLEVÉ;2026-05-14 11:56:32;2026-05-14 11:56:33;OUVERTE
TXN-006903;CLT-0070;48902,35;France;Italie;14;1;40;0;0;0;40;ÉLEVÉ;2026-05-14 11:56:32;2026-05-14 11:56:33;OUVERTE
TXN-006887;CLT-0100;26787,22;France;Suisse;14;1;40;0;0;0;40;ÉLEVÉ;2026-05-14 11:56:32;2026-05-14 11:56:33;OUVERTE
TXN-006885;CLT-0025;17189,27;Allemagne;Italie;14;1;40;0;0;0;40;ÉLEVÉ;2026-05-14 11:56:32;2026-05-14 11:56:33;OUVERTE
TXN-006863;CLT-0046;59026,36;France;France;14;1;40;0;0;0;40;ÉLEVÉ;2026-05-14 11:56:32;2026-05-14 11:56:33;OUVERTE
TXN-006856;CLT-0004;29217,81;France;Suisse;14;1;40;0;0;0;40;ÉLEVÉ;2026-05-14 11:56:32;2026-05-14 11:56:33;OUVERTE
TXN-004763;CLT-0080;51064,37;France;France;14;1;40;0;0;0;40;ÉLEVÉ;2026-05-14 11:56:32;2026-05-14 11:56:33;OUVERTE
TXN-004741;CLT-0042;60217,3;France;Italie;14;1;40;0;0;0;40;ÉLEVÉ;2026-05-14 11:56:32;2026-05-14 11:56:33;OUVERTE
TXN-004716;CLT-0066;47294,65;Espagne;Espagne;14;1;40;0;0;0;40;ÉLEVÉ;2026-05-14 11:56:32;2026-05-14 11:56:33;OUVERTE
TXN-004715;CLT-0049;86982,33;France;France;14;1;40;0;0;0;40;ÉLEVÉ;2026-05-14 11:56:32;2026-05-14 11:56:33;OUVERTE
TXN-004711;CLT-0088;55091,68;Allemagne;Allemagne;14;1;40;0;0;0;40;ÉLEVÉ;2026-05-14 11:56:32;2026-05-14 11:56:33;OUVERTE
TXN-004695;CLT-0050;42402,23;France;Espagne;14;1;40;0;0;0;40;ÉLEVÉ;2026-05-14 11:56:32;2026-05-14 11:56:33;OUVERTE
TXN-004692;CLT-0068;26852,17;France;Allemagne;14;1;40;0;0;0;40;ÉLEVÉ;2026-05-14 11:56:32;2026-05-14 11:56:33;OUVERTE
TXN-004682;CLT-0020;55457,81;France;Italie;14;1;40;0;0;0;40;ÉLEVÉ;2026-05-14 11:56:32;2026-05-14 11:56:33;OUVERTE
TXN-004677;CLT-0035;75935,79;Russie;Espagne;14;1;40;0;0;0;40;ÉLEVÉ;2026-05-14 11:56:32;2026-05-14 11:56:33;OUVERTE
TXN-006976;CLT-0042;9235,84;France;Italie;14;1;40;0;0;0;40;ÉLEVÉ;2026-05-14 11:56:32;2026-05-14 11:56:33;OUVERTE
TXN-006969;CLT-0056;20936,64;Allemagne;Allemagne;14;1;40;0;0;0;40;ÉLEVÉ;2026-05-14 11:56:32;2026-05-14 11:56:33;OUVERTE
TXN-004664;CLT-0015;20795,73;France;France;14;1;40;0;0;0;40;ÉLEVÉ;2026-05-14 11:56:32;2026-05-14 11:56:33;OUVERTE
TXN-004657;CLT-0023;67118,4;France;Allemagne;14;1;40;0;0;0;40;ÉLEVÉ;2026-05-14 11:56:32;2026-05-14 11:56:33;OUVERTE
TXN-004651;CLT-0076;36703,92;France;France;14;1;40;0;0;0;40;ÉLEVÉ;2026-05-14 11:56:32;2026-05-14 11:56:33;OUVERTE
TXN-004648;CLT-0055;62064,95;Allemagne;Espagne;14;1;40;0;0;0;40;ÉLEVÉ;2026-05-14 11:56:32;2026-05-14 11:56:33;OUVERTE
TXN-004643;CLT-0054;24223,5;Allemagne;Suisse;14;1;40;0;0;0;40;ÉLEVÉ;2026-05-14 11:56:32;2026-05-14 11:56:33;OUVERTE
TXN-004638;CLT-0064;12446,79;Allemagne;France;14;1;40;0;0;0;40;ÉLEVÉ;2026-05-14 11:56:32;2026-05-14 11:56:33;OUVERTE
TXN-004635;CLT-0074;28793,05;Espagne;Allemagne;14;1;40;0;0;0;40;ÉLEVÉ;2026-05-14 11:56:32;2026-05-14 11:56:33;OUVERTE
TXN-004607;CLT-0026;90843,63;France;Italie;14;1;40;0;0;0;40;ÉLEVÉ;2026-05-14 11:56:32;2026-05-14 11:56:33;OUVERTE
TXN-004605;CLT-0025;23760,76;Allemagne;Italie;14;1;40;0;0;0;40;ÉLEVÉ;2026-05-14 11:56:32;2026-05-14 11:56:33;OUVERTE
TXN-004595;CLT-0043;90408,53;Allemagne;Suisse;14;1;40;0;0;0;40;ÉLEVÉ;2026-05-14 11:56:32;2026-05-14 11:56:33;OUVERTE
TXN-004591;CLT-0062;37701,66;France;France;14;1;40;0;0;0;40;ÉLEVÉ;2026-05-14 11:56:32;2026-05-14 11:56:33;OUVERTE
TXN-006944;CLT-0066;32600,1;France;Espagne;14;1;40;0;0;0;40;ÉLEVÉ;2026-05-14 11:56:32;2026-05-14 11:56:33;OUVERTE
TXN-006934;CLT-0088;86333,05;Russie;Allemagne;14;1;40;0;0;0;40;ÉLEVÉ;2026-05-14 11:56:32;2026-05-14 11:56:33;OUVERTE
TXN-006931;CLT-0052;36171,69;France;France;14;1;40;0;0;0;40;ÉLEVÉ;2026-05-14 11:56:32;2026-05-14 11:56:33;OUVERTE
TXN-007048;CLT-0073;83432,55;Russie;France;14;1;40;0;0;0;40;ÉLEVÉ;2026-05-14 11:56:32;2026-05-14 11:56:33;OUVERTE
TXN-004568;CLT-0094;46572,95;Espagne;Allemagne;14;1;40;0;0;0;40;ÉLEVÉ;2026-05-14 11:56:32;2026-05-14 11:56:33;OUVERTE
TXN-004567;CLT-0076;13064,48;Allemagne;France;14;1;40;0;0;0;40;ÉLEVÉ;2026-05-14 11:56:32;2026-05-14 11:56:33;OUVERTE
TXN-004551;CLT-0054;69669,01;France;Suisse;14;1;40;0;0;0;40;ÉLEVÉ;2026-05-14 11:56:32;2026-05-14 11:56:33;OUVERTE
TXN-004544;CLT-0021;70065,79;France;France;14;1;40;0;0;0;40;ÉLEVÉ;2026-05-14 11:56:32;2026-05-14 11:56:33;OUVERTE
TXN-004540;CLT-0055;61856,79;Russie;Espagne;14;1;40;0;0;0;40;ÉLEVÉ;2026-05-14 11:56:32;2026-05-14 11:56:33;OUVERTE
TXN-004537;CLT-0092;12180,35;France;Suisse;14;1;40;0;0;0;40;ÉLEVÉ;2026-05-14 11:56:32;2026-05-14 11:56:33;OUVERTE
TXN-004531;CLT-0001;55360,06;Russie;France;14;1;40;0;0;0;40;ÉLEVÉ;2026-05-14 11:56:32;2026-05-14 11:56:33;OUVERTE
TXN-004530;CLT-0055;53053,73;Allemagne;Espagne;14;1;40;0;0;0;40;ÉLEVÉ;2026-05-14 11:56:32;2026-05-14 11:56:33;OUVERTE
TXN-004513;CLT-0020;88661,3;France;Italie;14;1;40;0;0;0;40;ÉLEVÉ;2026-05-14 11:56:32;2026-05-14 11:56:33;OUVERTE
TXN-007045;CLT-0003;70474,61;France;France;14;1;40;0;0;0;40;ÉLEVÉ;2026-05-14 11:56:32;2026-05-14 11:56:33;OUVERTE
TXN-007032;CLT-0093;41348,73;France;Suisse;14;1;40;0;0;0;40;ÉLEVÉ;2026-05-14 11:56:32;2026-05-14 11:56:33;OUVERTE
TXN-007023;CLT-0062;85001,31;France;France;14;1;40;0;0;0;40;ÉLEVÉ;2026-05-14 11:56:32;2026-05-14 11:56:33;OUVERTE
TXN-007018;CLT-0032;28050,12;France;Suisse;14;1;40;0;0;0;40;ÉLEVÉ;2026-05-14 11:56:32;2026-05-14 11:56:33;OUVERTE
TXN-006995;CLT-0042;70997,57;France;Italie;14;1;40;0;0;0;40;ÉLEVÉ;2026-05-14 11:56:32;2026-05-14 11:56:33;OUVERTE
TXN-006992;CLT-0045;93257,69;Espagne;France;14;1;40;0;0;0;40;ÉLEVÉ;2026-05-14 11:56:32;2026-05-14 11:56:33;OUVERTE
TXN-000606;CLT-0040;41368,89;France;Suisse;14;1;40;0;0;0;40;ÉLEVÉ;2026-05-14 11:56:32;2026-05-14 11:56:33;OUVERTE
TXN-000605;CLT-0029;8358,77;Espagne;France;14;1;40;0;0;0;40;ÉLEVÉ;2026-05-14 11:56:32;2026-05-14 11:56:33;OUVERTE
TXN-000601;CLT-0074;31796,92;Russie;Allemagne;14;1;40;0;0;0;40;ÉLEVÉ;2026-05-14 11:56:32;2026-05-14 11:56:33;OUVERTE
TXN-000593;CLT-0093;19131,14;France;Suisse;14;1;40;0;0;0;40;ÉLEVÉ;2026-05-14 11:56:32;2026-05-14 11:56:33;OUVERTE
TXN-000579;CLT-0100;12319,64;Allemagne;Suisse;14;1;40;0;0;0;40;ÉLEVÉ;2026-05-14 11:56:32;2026-05-14 11:56:33;OUVERTE
TXN-000575;CLT-0036;39352,63;Russie;Italie;14;1;40;0;0;0;40;ÉLEVÉ;2026-05-14 11:56:32;2026-05-14 11:56:33;OUVERTE
TXN-000573;CLT-0004;82062,69;Allemagne;Suisse;14;1;40;0;0;0;40;ÉLEVÉ;2026-05-14 11:56:32;2026-05-14 11:56:33;OUVERTE
TXN-000569;CLT-0100;92757,09;Espagne;Suisse;14;1;40;0;0;0;40;ÉLEVÉ;2026-05-14 11:56:32;2026-05-14 11:56:33;OUVERTE
TXN-007170;CLT-0042;55030,42;Russie;Italie;14;1;40;0;0;0;40;ÉLEVÉ;2026-05-14 11:56:32;2026-05-14 11:56:33;OUVERTE
TXN-007159;CLT-0022;93131,57;France;Allemagne;14;1;40;0;0;0;40;ÉLEVÉ;2026-05-14 11:56:32;2026-05-14 11:56:33;OUVERTE
TXN-007139;CLT-0029;89081,16;Allemagne;France;14;1;40;0;0;0;40;ÉLEVÉ;2026-05-14 11:56:32;2026-05-14 11:56:33;OUVERTE
TXN-007113;CLT-0033;87020,69;France;Italie;14;1;40;0;0;0;40;ÉLEVÉ;2026-05-14 11:56:32;2026-05-14 11:56:33;OUVERTE
TXN-007083;CLT-0078;23846,78;France;Suisse;14;1;40;0;0;0;40;ÉLEVÉ;2026-05-14 11:56:32;2026-05-14 11:56:33;OUVERTE
TXN-007075;CLT-0019;42266,31;France;Espagne;14;1;40;0;0;0;40;ÉLEVÉ;2026-05-14 11:56:32;2026-05-14 11:56:33;OUVERTE
TXN-007050;CLT-0066;31069,71;France;Espagne;14;1;40;0;0;0;40;ÉLEVÉ;2026-05-14 11:56:32;2026-05-14 11:56:33;OUVERTE
TXN-007049;CLT-0002;68663,89;France;Espagne;14;1;40;0;0;0;40;ÉLEVÉ;2026-05-14 11:56:32;2026-05-14 11:56:33;OUVERTE
TXN-007205;CLT-0034;44313,16;France;France;14;1;40;0;0;0;40;ÉLEVÉ;2026-05-14 11:56:32;2026-05-14 11:56:33;OUVERTE
TXN-007197;CLT-0053;29957,26;France;Espagne;14;1;40;0;0;0;40;ÉLEVÉ;2026-05-14 11:56:32;2026-05-14 11:56:33;OUVERTE
TXN-004445;CLT-0083;13376,09;France;France;14;1;40;0;0;0;40;ÉLEVÉ;2026-05-14 11:56:32;2026-05-14 11:56:33;OUVERTE
TXN-004443;CLT-0007;16284,11;Allemagne;Suisse;14;1;40;0;0;0;40;ÉLEVÉ;2026-05-14 11:56:32;2026-05-14 11:56:33;OUVERTE
TXN-004419;CLT-0054;12216,97;Allemagne;Suisse;14;1;40;0;0;0;40;ÉLEVÉ;2026-05-14 11:56:32;2026-05-14 11:56:33;OUVERTE
TXN-004407;CLT-0098;36963,72;France;Espagne;14;1;40;0;0;0;40;ÉLEVÉ;2026-05-14 11:56:32;2026-05-14 11:56:33;OUVERTE
TXN-004406;CLT-0043;33029,76;Espagne;Suisse;14;1;40;0;0;0;40;ÉLEVÉ;2026-05-14 11:56:32;2026-05-14 11:56:33;OUVERTE
TXN-001277;CLT-0076;42772,19;Russie;France;14;1;40;0;0;0;40;ÉLEVÉ;2026-05-14 11:56:32;2026-05-14 11:56:33;OUVERTE
TXN-001269;CLT-0015;19754,91;Allemagne;France;14;1;40;0;0;0;40;ÉLEVÉ;2026-05-14 11:56:32;2026-05-14 11:56:33;OUVERTE
TXN-001266;CLT-0084;18151,01;Russie;Italie;14;1;40;0;0;0;40;ÉLEVÉ;2026-05-14 11:56:32;2026-05-14 11:56:33;OUVERTE
TXN-001239;CLT-0016;70619,46;France;Espagne;14;1;40;0;0;0;40;ÉLEVÉ;2026-05-14 11:56:32;2026-05-14 11:56:33;OUVERTE
TXN-001236;CLT-0024;20930,01;Russie;Espagne;14;1;40;0;0;0;40;ÉLEVÉ;2026-05-14 11:56:32;2026-05-14 11:56:33;OUVERTE
TXN-004507;CLT-0044;43293,02;Allemagne;France;14;1;40;0;0;0;40;ÉLEVÉ;2026-05-14 11:56:32;2026-05-14 11:56:33;OUVERTE
TXN-004496;CLT-0027;79088,29;Allemagne;Espagne;14;1;40;0;0;0;40;ÉLEVÉ;2026-05-14 11:56:32;2026-05-14 11:56:33;OUVERTE
TXN-004490;CLT-0019;47392,17;Allemagne;Espagne;14;1;40;0;0;0;40;ÉLEVÉ;2026-05-14 11:56:32;2026-05-14 11:56:33;OUVERTE
TXN-007173;CLT-0008;32904,48;Espagne;Suisse;14;1;40;0;0;0;40;ÉLEVÉ;2026-05-14 11:56:32;2026-05-14 11:56:33;OUVERTE
TXN-004337;CLT-0084;86033,54;Russie;Italie;14;1;40;0;0;0;40;ÉLEVÉ;2026-05-14 11:56:32;2026-05-14 11:56:33;OUVERTE
TXN-007318;CLT-0061;68119,64;Allemagne;France;14;1;40;0;0;0;40;ÉLEVÉ;2026-05-14 11:56:32;2026-05-14 11:56:33;OUVERTE
TXN-007310;CLT-0019;87132,91;Allemagne;Espagne;14;1;40;0;0;0;40;ÉLEVÉ;2026-05-14 11:56:32;2026-05-14 11:56:33;OUVERTE
TXN-007287;CLT-0025;33652,19;Russie;Italie;14;1;40;0;0;0;40;ÉLEVÉ;2026-05-14 11:56:32;2026-05-14 11:56:33;OUVERTE
TXN-007278;CLT-0058;49356,21;Espagne;France;14;1;40;0;0;0;40;ÉLEVÉ;2026-05-14 11:56:32;2026-05-14 11:56:33;OUVERTE
TXN-007277;CLT-0020;12566,18;France;Italie;14;1;40;0;0;0;40;ÉLEVÉ;2026-05-14 11:56:32;2026-05-14 11:56:33;OUVERTE
TXN-007275;CLT-0050;57333,08;France;Espagne;14;1;40;0;0;0;40;ÉLEVÉ;2026-05-14 11:56:32;2026-05-14 11:56:33;OUVERTE
TXN-007252;CLT-0061;11651,58;France;France;14;1;40;0;0;0;40;ÉLEVÉ;2026-05-14 11:56:32;2026-05-14 11:56:33;OUVERTE
TXN-007249;CLT-0083;94898,4;France;France;14;1;40;0;0;0;40;ÉLEVÉ;2026-05-14 11:56:32;2026-05-14 11:56:33;OUVERTE
TXN-007246;CLT-0008;44175,57;Espagne;Suisse;14;1;40;0;0;0;40;ÉLEVÉ;2026-05-14 11:56:32;2026-05-14 11:56:33;OUVERTE
TXN-007244;CLT-0014;88355,95;France;France;14;1;40;0;0;0;40;ÉLEVÉ;2026-05-14 11:56:32;2026-05-14 11:56:33;OUVERTE
TXN-007242;CLT-0053;42554,49;France;Espagne;14;1;40;0;0;0;40;ÉLEVÉ;2026-05-14 11:56:32;2026-05-14 11:56:33;OUVERTE
TXN-007236;CLT-0002;43044,89;Allemagne;Espagne;14;1;40;0;0;0;40;ÉLEVÉ;2026-05-14 11:56:32;2026-05-14 11:56:33;OUVERTE
TXN-007222;CLT-0080;65764,44;Russie;France;14;1;40;0;0;0;40;ÉLEVÉ;2026-05-14 11:56:32;2026-05-14 11:56:33;OUVERTE
TXN-007210;CLT-0025;24473,51;Allemagne;Italie;14;1;40;0;0;0;40;ÉLEVÉ;2026-05-14 11:56:32;2026-05-14 11:56:33;OUVERTE
TXN-007208;CLT-0015;66565,54;Russie;France;14;1;40;0;0;0;40;ÉLEVÉ;2026-05-14 11:56:32;2026-05-14 11:56:33;OUVERTE
TXN-007349;CLT-0043;12386,04;France;Suisse;14;1;40;0;0;0;40;ÉLEVÉ;2026-05-14 11:56:32;2026-05-14 11:56:33;OUVERTE
TXN-007345;CLT-0030;35452,71;Espagne;Allemagne;14;1;40;0;0;0;40;ÉLEVÉ;2026-05-14 11:56:32;2026-05-14 11:56:33;OUVERTE
TXN-007344;CLT-0064;32296,36;Allemagne;France;14;1;40;0;0;0;40;ÉLEVÉ;2026-05-14 11:56:32;2026-05-14 11:56:33;OUVERTE
TXN-007343;CLT-0090;23213,09;Espagne;France;14;1;40;0;0;0;40;ÉLEVÉ;2026-05-14 11:56:32;2026-05-14 11:56:33;OUVERTE
TXN-004399;CLT-0035;71187,22;France;Espagne;14;1;40;0;0;0;40;ÉLEVÉ;2026-05-14 11:56:32;2026-05-14 11:56:33;OUVERTE
TXN-004392;CLT-0053;63520,92;France;Espagne;14;1;40;0;0;0;40;ÉLEVÉ;2026-05-14 11:56:32;2026-05-14 11:56:33;OUVERTE
TXN-004390;CLT-0083;79201,82;France;France;14;1;40;0;0;0;40;ÉLEVÉ;2026-05-14 11:56:32;2026-05-14 11:56:33;OUVERTE
TXN-004389;CLT-0036;82734,86;Allemagne;Italie;14;1;40;0;0;0;40;ÉLEVÉ;2026-05-14 11:56:32;2026-05-14 11:56:33;OUVERTE
TXN-004375;CLT-0022;58250,8;France;Allemagne;14;1;40;0;0;0;40;ÉLEVÉ;2026-05-14 11:56:32;2026-05-14 11:56:33;OUVERTE
TXN-004367;CLT-0013;84290,74;Espagne;France;14;1;40;0;0;0;40;ÉLEVÉ;2026-05-14 11:56:32;2026-05-14 11:56:33;OUVERTE
TXN-004366;CLT-0013;36181,52;Russie;France;14;1;40;0;0;0;40;ÉLEVÉ;2026-05-14 11:56:32;2026-05-14 11:56:33;OUVERTE
TXN-004358;CLT-0091;32614,54;France;Allemagne;14;1;40;0;0;0;40;ÉLEVÉ;2026-05-14 11:56:32;2026-05-14 11:56:33;OUVERTE
TXN-004351;CLT-0073;75518,15;Espagne;France;14;1;40;0;0;0;40;ÉLEVÉ;2026-05-14 11:56:32;2026-05-14 11:56:33;OUVERTE
TXN-004350;CLT-0022;91166,13;France;Allemagne;14;1;40;0;0;0;40;ÉLEVÉ;2026-05-14 11:56:32;2026-05-14 11:56:33;OUVERTE
TXN-004346;CLT-0034;42400,81;France;France;14;1;40;0;0;0;40;ÉLEVÉ;2026-05-14 11:56:32;2026-05-14 11:56:33;OUVERTE
TXN-004338;CLT-0027;29301,35;France;Espagne;14;1;40;0;0;0;40;ÉLEVÉ;2026-05-14 11:56:32;2026-05-14 11:56:33;OUVERTE
TXN-007383;CLT-0093;29306,55;Allemagne;Suisse;14;1;40;0;0;0;40;ÉLEVÉ;2026-05-14 11:56:32;2026-05-14 11:56:33;OUVERTE
TXN-001394;CLT-0066;35115,02;Espagne;Espagne;14;1;40;0;0;0;40;ÉLEVÉ;2026-05-14 11:56:32;2026-05-14 11:56:33;OUVERTE
TXN-001380;CLT-0062;62400,64;France;France;14;1;40;0;0;0;40;ÉLEVÉ;2026-05-14 11:56:32;2026-05-14 11:56:33;OUVERTE
TXN-001356;CLT-0009;72308,92;France;Suisse;14;1;40;0;0;0;40;ÉLEVÉ;2026-05-14 11:56:32;2026-05-14 11:56:33;OUVERTE
TXN-001319;CLT-0061;13410,85;Russie;France;14;1;40;0;0;0;40;ÉLEVÉ;2026-05-14 11:56:32;2026-05-14 11:56:33;OUVERTE
TXN-001311;CLT-0076;85457,78;Allemagne;France;14;1;40;0;0;0;40;ÉLEVÉ;2026-05-14 11:56:32;2026-05-14 11:56:33;OUVERTE
TXN-001309;CLT-0093;54756,71;Espagne;Suisse;14;1;40;0;0;0;40;ÉLEVÉ;2026-05-14 11:56:32;2026-05-14 11:56:33;OUVERTE
TXN-004309;CLT-0076;94235,6;France;France;14;1;40;0;0;0;40;ÉLEVÉ;2026-05-14 11:56:32;2026-05-14 11:56:33;OUVERTE
TXN-004307;CLT-0055;93530,04;Allemagne;Espagne;14;1;40;0;0;0;40;ÉLEVÉ;2026-05-14 11:56:32;2026-05-14 11:56:33;OUVERTE
TXN-007381;CLT-0092;76622,74;France;Suisse;14;1;40;0;0;0;40;ÉLEVÉ;2026-05-14 11:56:32;2026-05-14 11:56:33;OUVERTE
TXN-007378;CLT-0028;84929,91;Russie;France;14;1;40;0;0;0;40;ÉLEVÉ;2026-05-14 11:56:32;2026-05-14 11:56:33;OUVERTE
TXN-007375;CLT-0036;88951,77;Russie;Italie;14;1;40;0;0;0;40;ÉLEVÉ;2026-05-14 11:56:32;2026-05-14 11:56:33;OUVERTE
TXN-007371;CLT-0002;82500,0;Allemagne;Espagne;14;1;40;0;0;0;40;ÉLEVÉ;2026-05-14 11:56:32;2026-05-14 11:56:33;OUVERTE
TXN-007365;CLT-0001;64506,7;Allemagne;France;14;1;40;0;0;0;40;ÉLEVÉ;2026-05-14 11:56:32;2026-05-14 11:56:33;OUVERTE
TXN-007357;CLT-0048;49361,89;France;Suisse;14;1;40;0;0;0;40;ÉLEVÉ;2026-05-14 11:56:32;2026-05-14 11:56:33;OUVERTE
TXN-007355;CLT-0042;20927,17;France;Italie;14;1;40;0;0;0;40;ÉLEVÉ;2026-05-14 11:56:32;2026-05-14 11:56:33;OUVERTE
TXN-004197;CLT-0035;70398,75;France;Espagne;14;1;40;0;0;0;40;ÉLEVÉ;2026-05-14 11:56:32;2026-05-14 11:56:33;OUVERTE
TXN-007533;CLT-0042;47932,12;France;Italie;14;1;40;0;0;0;40;ÉLEVÉ;2026-05-14 11:56:32;2026-05-14 11:56:33;OUVERTE
TXN-000562;CLT-0076;21018,88;France;France;14;1;40;0;0;0;40;ÉLEVÉ;2026-05-14 11:56:32;2026-05-14 11:56:33;OUVERTE
TXN-000559;CLT-0056;44833,62;France;Allemagne;14;1;40;0;0;0;40;ÉLEVÉ;2026-05-14 11:56:32;2026-05-14 11:56:33;OUVERTE
TXN-000558;CLT-0022;73875,42;Allemagne;Allemagne;14;1;40;0;0;0;40;ÉLEVÉ;2026-05-14 11:56:32;2026-05-14 11:56:33;OUVERTE
TXN-000541;CLT-0084;49715,56;France;Italie;14;1;40;0;0;0;40;ÉLEVÉ;2026-05-14 11:56:32;2026-05-14 11:56:33;OUVERTE
TXN-000538;CLT-0009;26242,53;Espagne;Suisse;14;1;40;0;0;0;40;ÉLEVÉ;2026-05-14 11:56:32;2026-05-14 11:56:33;OUVERTE
TXN-000534;CLT-0074;71408,29;France;Allemagne;14;1;40;0;0;0;40;ÉLEVÉ;2026-05-14 11:56:32;2026-05-14 11:56:33;OUVERTE
TXN-000520;CLT-0046;94263,23;Allemagne;France;14;1;40;0;0;0;40;ÉLEVÉ;2026-05-14 11:56:32;2026-05-14 11:56:33;OUVERTE
TXN-000513;CLT-0046;67439,52;France;France;14;1;40;0;0;0;40;ÉLEVÉ;2026-05-14 11:56:32;2026-05-14 11:56:33;OUVERTE
TXN-000512;CLT-0093;88399,46;Russie;Suisse;14;1;40;0;0;0;40;ÉLEVÉ;2026-05-14 11:56:32;2026-05-14 11:56:33;OUVERTE
TXN-007493;CLT-0032;75476,48;Russie;Suisse;14;1;40;0;0;0;40;ÉLEVÉ;2026-05-14 11:56:32;2026-05-14 11:56:33;OUVERTE
TXN-007467;CLT-0039;90383,94;France;France;14;1;40;0;0;0;40;ÉLEVÉ;2026-05-14 11:56:32;2026-05-14 11:56:33;OUVERTE
TXN-007462;CLT-0023;80762,86;France;Allemagne;14;1;40;0;0;0;40;ÉLEVÉ;2026-05-14 11:56:32;2026-05-14 11:56:33;OUVERTE
TXN-007434;CLT-0074;19031,31;Espagne;Allemagne;14;1;40;0;0;0;40;ÉLEVÉ;2026-05-14 11:56:32;2026-05-14 11:56:33;OUVERTE
TXN-007386;CLT-0075;16484,47;France;France;14;1;40;0;0;0;40;ÉLEVÉ;2026-05-14 11:56:32;2026-05-14 11:56:33;OUVERTE
TXN-007652;CLT-0073;60623,55;France;France;14;1;40;0;0;0;40;ÉLEVÉ;2026-05-14 11:56:32;2026-05-14 11:56:33;OUVERTE
TXN-007598;CLT-0020;71186,56;France;Italie;14;1;40;0;0;0;40;ÉLEVÉ;2026-05-14 11:56:32;2026-05-14 11:56:33;OUVERTE
TXN-007587;CLT-0027;34245,25;Allemagne;Espagne;14;1;40;0;0;0;40;ÉLEVÉ;2026-05-14 11:56:32;2026-05-14 11:56:33;OUVERTE
TXN-007580;CLT-0064;70047,09;France;France;14;1;40;0;0;0;40;ÉLEVÉ;2026-05-14 11:56:32;2026-05-14 11:56:33;OUVERTE
TXN-007569;CLT-0042;90132,35;France;Italie;14;1;40;0;0;0;40;ÉLEVÉ;2026-05-14 11:56:32;2026-05-14 11:56:33;OUVERTE
TXN-007545;CLT-0044;66392,05;France;France;14;1;40;0;0;0;40;ÉLEVÉ;2026-05-14 11:56:32;2026-05-14 11:56:33;OUVERTE
TXN-004305;CLT-0052;76578,74;Russie;France;14;1;40;0;0;0;40;ÉLEVÉ;2026-05-14 11:56:32;2026-05-14 11:56:33;OUVERTE
TXN-004302;CLT-0025;10891,91;France;Italie;14;1;40;0;0;0;40;ÉLEVÉ;2026-05-14 11:56:32;2026-05-14 11:56:33;OUVERTE
TXN-004295;CLT-0042;25933,35;France;Italie;14;1;40;0;0;0;40;ÉLEVÉ;2026-05-14 11:56:32;2026-05-14 11:56:33;OUVERTE
TXN-004286;CLT-0030;54409,72;France;Allemagne;14;1;40;0;0;0;40;ÉLEVÉ;2026-05-14 11:56:32;2026-05-14 11:56:33;OUVERTE
TXN-004283;CLT-0042;88674,58;France;Italie;14;1;40;0;0;0;40;ÉLEVÉ;2026-05-14 11:56:32;2026-05-14 11:56:33;OUVERTE
TXN-004273;CLT-0055;94005,39;Allemagne;Espagne;14;1;40;0;0;0;40;ÉLEVÉ;2026-05-14 11:56:32;2026-05-14 11:56:33;OUVERTE
TXN-004238;CLT-0006;36646,46;Russie;France;14;1;40;0;0;0;40;ÉLEVÉ;2026-05-14 11:56:32;2026-05-14 11:56:33;OUVERTE
TXN-004226;CLT-0088;28688,19;France;Allemagne;14;1;40;0;0;0;40;ÉLEVÉ;2026-05-14 11:56:32;2026-05-14 11:56:33;OUVERTE
TXN-004214;CLT-0084;71069,15;France;Italie;14;1;40;0;0;0;40;ÉLEVÉ;2026-05-14 11:56:32;2026-05-14 11:56:33;OUVERTE
TXN-004211;CLT-0060;78640,84;France;Italie;14;1;40;0;0;0;40;ÉLEVÉ;2026-05-14 11:56:32;2026-05-14 11:56:33;OUVERTE
TXN-007723;CLT-0021;72976,86;Allemagne;France;14;1;40;0;0;0;40;ÉLEVÉ;2026-05-14 11:56:32;2026-05-14 11:56:33;OUVERTE
TXN-007714;CLT-0006;9774,29;Russie;France;14;1;40;0;0;0;40;ÉLEVÉ;2026-05-14 11:56:32;2026-05-14 11:56:33;OUVERTE
TXN-007670;CLT-0045;70956,48;France;France;14;1;40;0;0;0;40;ÉLEVÉ;2026-05-14 11:56:32;2026-05-14 11:56:33;OUVERTE
TXN-007663;CLT-0033;47879,26;Espagne;Italie;14;1;40;0;0;0;40;ÉLEVÉ;2026-05-14 11:56:32;2026-05-14 11:56:33;OUVERTE
TXN-007659;CLT-0100;94291,36;France;Suisse;14;1;40;0;0;0;40;ÉLEVÉ;2026-05-14 11:56:32;2026-05-14 11:56:33;OUVERTE
TXN-004184;CLT-0061;75471,24;France;France;14;1;40;0;0;0;40;ÉLEVÉ;2026-05-14 11:56:32;2026-05-14 11:56:33;OUVERTE
TXN-004167;CLT-0009;65182,01;France;Suisse;14;1;40;0;0;0;40;ÉLEVÉ;2026-05-14 11:56:32;2026-05-14 11:56:33;OUVERTE
TXN-004160;CLT-0075;21654,52;France;France;14;1;40;0;0;0;40;ÉLEVÉ;2026-05-14 11:56:32;2026-05-14 11:56:33;OUVERTE
TXN-004159;CLT-0033;27351,56;France;Italie;14;1;40;0;0;0;40;ÉLEVÉ;2026-05-14 11:56:32;2026-05-14 11:56:33;OUVERTE
TXN-004154;CLT-0090;88502,1;Russie;France;14;1;40;0;0;0;40;ÉLEVÉ;2026-05-14 11:56:32;2026-05-14 11:56:33;OUVERTE
TXN-004150;CLT-0056;57518,19;France;Allemagne;14;1;40;0;0;0;40;ÉLEVÉ;2026-05-14 11:56:32;2026-05-14 11:56:33;OUVERTE
TXN-004148;CLT-0087;51157,13;Russie;Italie;14;1;40;0;0;0;40;ÉLEVÉ;2026-05-14 11:56:32;2026-05-14 11:56:33;OUVERTE
TXN-004134;CLT-0098;61665,72;Espagne;Espagne;14;1;40;0;0;0;40;ÉLEVÉ;2026-05-14 11:56:32;2026-05-14 11:56:33;OUVERTE
TXN-004118;CLT-0060;78613,59;France;Italie;14;1;40;0;0;0;40;ÉLEVÉ;2026-05-14 11:56:32;2026-05-14 11:56:33;OUVERTE
TXN-004117;CLT-0094;40657,73;Allemagne;Allemagne;14;1;40;0;0;0;40;ÉLEVÉ;2026-05-14 11:56:32;2026-05-14 11:56:33;OUVERTE
TXN-004112;CLT-0088;40577,92;France;Allemagne;14;1;40;0;0;0;40;ÉLEVÉ;2026-05-14 11:56:32;2026-05-14 11:56:33;OUVERTE
TXN-007815;CLT-0043;10699,14;France;Suisse;14;1;40;0;0;0;40;ÉLEVÉ;2026-05-14 11:56:32;2026-05-14 11:56:33;OUVERTE
TXN-007798;CLT-0019;93316,35;Allemagne;Espagne;14;1;40;0;0;0;40;ÉLEVÉ;2026-05-14 11:56:32;2026-05-14 11:56:33;OUVERTE
TXN-007788;CLT-0030;82924,59;Espagne;Allemagne;14;1;40;0;0;0;40;ÉLEVÉ;2026-05-14 11:56:32;2026-05-14 11:56:33;OUVERTE
TXN-007777;CLT-0020;74053,89;Espagne;Italie;14;1;40;0;0;0;40;ÉLEVÉ;2026-05-14 11:56:32;2026-05-14 11:56:33;OUVERTE
TXN-007765;CLT-0073;76915,03;France;France;14;1;40;0;0;0;40;ÉLEVÉ;2026-05-14 11:56:32;2026-05-14 11:56:33;OUVERTE
TXN-004108;CLT-0014;92347,15;France;France;14;1;40;0;0;0;40;ÉLEVÉ;2026-05-14 11:56:32;2026-05-14 11:56:33;OUVERTE
TXN-004096;CLT-0021;60922,97;Russie;France;14;1;40;0;0;0;40;ÉLEVÉ;2026-05-14 11:56:32;2026-05-14 11:56:33;OUVERTE
TXN-004094;CLT-0076;26822,94;France;France;14;1;40;0;0;0;40;ÉLEVÉ;2026-05-14 11:56:32;2026-05-14 11:56:33;OUVERTE
TXN-004082;CLT-0087;27652,46;Russie;Italie;14;1;40;0;0;0;40;ÉLEVÉ;2026-05-14 11:56:32;2026-05-14 11:56:33;OUVERTE
TXN-004079;CLT-0044;54728,91;France;France;14;1;40;0;0;0;40;ÉLEVÉ;2026-05-14 11:56:32;2026-05-14 11:56:33;OUVERTE
TXN-004078;CLT-0050;25373,22;France;Espagne;14;1;40;0;0;0;40;ÉLEVÉ;2026-05-14 11:56:32;2026-05-14 11:56:33;OUVERTE
TXN-004032;CLT-0039;86022,02;Russie;France;14;1;40;0;0;0;40;ÉLEVÉ;2026-05-14 11:56:32;2026-05-14 11:56:33;OUVERTE
TXN-007761;CLT-0050;94500,53;France;Espagne;14;1;40;0;0;0;40;ÉLEVÉ;2026-05-14 11:56:32;2026-05-14 11:56:33;OUVERTE
TXN-007755;CLT-0070;66249,24;Espagne;Italie;14;1;40;0;0;0;40;ÉLEVÉ;2026-05-14 11:56:32;2026-05-14 11:56:33;OUVERTE
TXN-007750;CLT-0056;60539,36;France;Allemagne;14;1;40;0;0;0;40;ÉLEVÉ;2026-05-14 11:56:32;2026-05-14 11:56:33;OUVERTE
TXN-007731;CLT-0087;46688,77;France;Italie;14;1;40;0;0;0;40;ÉLEVÉ;2026-05-14 11:56:32;2026-05-14 11:56:33;OUVERTE
TXN-003959;CLT-0022;49357,88;France;Allemagne;14;1;40;0;0;0;40;ÉLEVÉ;2026-05-14 11:56:32;2026-05-14 11:56:33;OUVERTE
TXN-003940;CLT-0080;15529,21;Allemagne;France;14;1;40;0;0;0;40;ÉLEVÉ;2026-05-14 11:56:32;2026-05-14 11:56:33;OUVERTE
TXN-003930;CLT-0060;57802,53;Allemagne;Italie;14;1;40;0;0;0;40;ÉLEVÉ;2026-05-14 11:56:32;2026-05-14 11:56:33;OUVERTE
TXN-003919;CLT-0077;57566,65;France;France;14;1;40;0;0;0;40;ÉLEVÉ;2026-05-14 11:56:32;2026-05-14 11:56:33;OUVERTE
TXN-003897;CLT-0009;22460,73;Allemagne;Suisse;14;1;40;0;0;0;40;ÉLEVÉ;2026-05-14 11:56:32;2026-05-14 11:56:33;OUVERTE
TXN-003895;CLT-0004;78352,68;France;Suisse;14;1;40;0;0;0;40;ÉLEVÉ;2026-05-14 11:56:32;2026-05-14 11:56:33;OUVERTE
TXN-001446;CLT-0050;44401,95;France;Espagne;14;1;40;0;0;0;40;ÉLEVÉ;2026-05-14 11:56:32;2026-05-14 11:56:33;OUVERTE
TXN-001427;CLT-0087;25426,67;Espagne;Italie;14;1;40;0;0;0;40;ÉLEVÉ;2026-05-14 11:56:32;2026-05-14 11:56:33;OUVERTE
TXN-004016;CLT-0058;84062,21;Allemagne;France;14;1;40;0;0;0;40;ÉLEVÉ;2026-05-14 11:56:32;2026-05-14 11:56:33;OUVERTE
TXN-004002;CLT-0003;10879,14;France;France;14;1;40;0;0;0;40;ÉLEVÉ;2026-05-14 11:56:32;2026-05-14 11:56:33;OUVERTE
TXN-007855;CLT-0023;65637,89;France;Allemagne;14;1;40;0;0;0;40;ÉLEVÉ;2026-05-14 11:56:32;2026-05-14 11:56:33;OUVERTE
TXN-007852;CLT-0006;37938,83;France;France;14;1;40;0;0;0;40;ÉLEVÉ;2026-05-14 11:56:32;2026-05-14 11:56:33;OUVERTE
TXN-007847;CLT-0058;50570,95;Espagne;France;14;1;40;0;0;0;40;ÉLEVÉ;2026-05-14 11:56:32;2026-05-14 11:56:33;OUVERTE
TXN-007845;CLT-0080;91913,58;Espagne;France;14;1;40;0;0;0;40;ÉLEVÉ;2026-05-14 11:56:32;2026-05-14 11:56:33;OUVERTE
TXN-007843;CLT-0009;18573,05;Russie;Suisse;14;1;40;0;0;0;40;ÉLEVÉ;2026-05-14 11:56:32;2026-05-14 11:56:33;OUVERTE
TXN-007823;CLT-0076;71413,64;Espagne;France;14;1;40;0;0;0;40;ÉLEVÉ;2026-05-14 11:56:32;2026-05-14 11:56:33;OUVERTE
TXN-003820;CLT-0064;59527,95;France;France;14;1;40;0;0;0;40;ÉLEVÉ;2026-05-14 11:56:32;2026-05-14 11:56:33;OUVERTE
TXN-007990;CLT-0042;19355,85;France;Italie;14;1;40;0;0;0;40;ÉLEVÉ;2026-05-14 11:56:32;2026-05-14 11:56:33;OUVERTE
TXN-000511;CLT-0016;81712,96;Russie;Espagne;14;1;40;0;0;0;40;ÉLEVÉ;2026-05-14 11:56:32;2026-05-14 11:56:33;OUVERTE
TXN-000507;CLT-0016;16865,94;France;Espagne;14;1;40;0;0;0;40;ÉLEVÉ;2026-05-14 11:56:32;2026-05-14 11:56:33;OUVERTE
TXN-000496;CLT-0053;28138,11;Russie;Espagne;14;1;40;0;0;0;40;ÉLEVÉ;2026-05-14 11:56:32;2026-05-14 11:56:33;OUVERTE
TXN-000494;CLT-0014;65185,43;Allemagne;France;14;1;40;0;0;0;40;ÉLEVÉ;2026-05-14 11:56:32;2026-05-14 11:56:33;OUVERTE
TXN-000490;CLT-0026;47736,92;Espagne;Italie;14;1;40;0;0;0;40;ÉLEVÉ;2026-05-14 11:56:32;2026-05-14 11:56:33;OUVERTE
TXN-000488;CLT-0023;66579,34;France;Allemagne;14;1;40;0;0;0;40;ÉLEVÉ;2026-05-14 11:56:32;2026-05-14 11:56:33;OUVERTE
TXN-000472;CLT-0051;26769,64;Espagne;France;14;1;40;0;0;0;40;ÉLEVÉ;2026-05-14 11:56:32;2026-05-14 11:56:33;OUVERTE
TXN-007947;CLT-0087;54067,81;France;Italie;14;1;40;0;0;0;40;ÉLEVÉ;2026-05-14 11:56:32;2026-05-14 11:56:33;OUVERTE
TXN-007939;CLT-0049;94896,23;France;France;14;1;40;0;0;0;40;ÉLEVÉ;2026-05-14 11:56:32;2026-05-14 11:56:33;OUVERTE
TXN-007897;CLT-0023;45226,6;France;Allemagne;14;1;40;0;0;0;40;ÉLEVÉ;2026-05-14 11:56:32;2026-05-14 11:56:33;OUVERTE
TXN-007889;CLT-0048;33803,6;France;Suisse;14;1;40;0;0;0;40;ÉLEVÉ;2026-05-14 11:56:32;2026-05-14 11:56:33;OUVERTE
TXN-007884;CLT-0072;85278,87;France;Allemagne;14;1;40;0;0;0;40;ÉLEVÉ;2026-05-14 11:56:32;2026-05-14 11:56:33;OUVERTE
TXN-007865;CLT-0008;42435,12;France;Suisse;14;1;40;0;0;0;40;ÉLEVÉ;2026-05-14 11:56:32;2026-05-14 11:56:33;OUVERTE
TXN-003961;CLT-0053;92937,49;France;Espagne;14;1;40;0;0;0;40;ÉLEVÉ;2026-05-14 11:56:32;2026-05-14 11:56:33;OUVERTE
TXN-003783;CLT-0002;78260,13;Espagne;Espagne;14;1;40;0;0;0;40;ÉLEVÉ;2026-05-14 11:56:32;2026-05-14 11:56:33;OUVERTE
TXN-003781;CLT-0008;13085,51;France;Suisse;14;1;40;0;0;0;40;ÉLEVÉ;2026-05-14 11:56:32;2026-05-14 11:56:33;OUVERTE
TXN-003749;CLT-0032;15417,01;France;Suisse;14;1;40;0;0;0;40;ÉLEVÉ;2026-05-14 11:56:32;2026-05-14 11:56:33;OUVERTE
TXN-003744;CLT-0013;15585,52;France;France;14;1;40;0;0;0;40;ÉLEVÉ;2026-05-14 11:56:32;2026-05-14 11:56:33;OUVERTE
TXN-003735;CLT-0078;35983,69;Espagne;Suisse;14;1;40;0;0;0;40;ÉLEVÉ;2026-05-14 11:56:32;2026-05-14 11:56:33;OUVERTE
TXN-003724;CLT-0003;18362,65;France;France;14;1;40;0;0;0;40;ÉLEVÉ;2026-05-14 11:56:32;2026-05-14 11:56:33;OUVERTE
TXN-003721;CLT-0001;26107,95;France;France;14;1;40;0;0;0;40;ÉLEVÉ;2026-05-14 11:56:32;2026-05-14 11:56:33;OUVERTE
TXN-003887;CLT-0052;29117,24;France;France;14;1;40;0;0;0;40;ÉLEVÉ;2026-05-14 11:56:32;2026-05-14 11:56:33;OUVERTE
TXN-003883;CLT-0045;78630,58;Allemagne;France;14;1;40;0;0;0;40;ÉLEVÉ;2026-05-14 11:56:32;2026-05-14 11:56:33;OUVERTE
TXN-003877;CLT-0009;22596,23;France;Suisse;14;1;40;0;0;0;40;ÉLEVÉ;2026-05-14 11:56:32;2026-05-14 11:56:33;OUVERTE
TXN-003864;CLT-0029;60515,21;Russie;France;14;1;40;0;0;0;40;ÉLEVÉ;2026-05-14 11:56:32;2026-05-14 11:56:33;OUVERTE
TXN-003852;CLT-0055;23287,76;France;Espagne;14;1;40;0;0;0;40;ÉLEVÉ;2026-05-14 11:56:32;2026-05-14 11:56:33;OUVERTE
TXN-003850;CLT-0070;33623,94;France;Italie;14;1;40;0;0;0;40;ÉLEVÉ;2026-05-14 11:56:32;2026-05-14 11:56:33;OUVERTE
TXN-003840;CLT-0068;76573,99;France;Allemagne;14;1;40;0;0;0;40;ÉLEVÉ;2026-05-14 11:56:32;2026-05-14 11:56:33;OUVERTE
TXN-003839;CLT-0100;37110,97;Espagne;Suisse;14;1;40;0;0;0;40;ÉLEVÉ;2026-05-14 11:56:32;2026-05-14 11:56:33;OUVERTE
TXN-003834;CLT-0027;90266,8;Allemagne;Espagne;14;1;40;0;0;0;40;ÉLEVÉ;2026-05-14 11:56:32;2026-05-14 11:56:33;OUVERTE
TXN-000389;CLT-0092;61819,58;France;Suisse;14;1;40;0;0;0;40;ÉLEVÉ;2026-05-14 11:56:32;2026-05-14 11:56:33;OUVERTE
TXN-008144;CLT-0045;42160,49;Espagne;France;14;1;40;0;0;0;40;ÉLEVÉ;2026-05-14 11:56:32;2026-05-14 11:56:33;OUVERTE
TXN-003719;CLT-0009;82444,42;Allemagne;Suisse;14;1;40;0;0;0;40;ÉLEVÉ;2026-05-14 11:56:32;2026-05-14 11:56:33;OUVERTE
TXN-003706;CLT-0014;11223,82;France;France;14;1;40;0;0;0;40;ÉLEVÉ;2026-05-14 11:56:32;2026-05-14 11:56:33;OUVERTE
TXN-003703;CLT-0053;88296,59;Russie;Espagne;14;1;40;0;0;0;40;ÉLEVÉ;2026-05-14 11:56:32;2026-05-14 11:56:33;OUVERTE
TXN-003699;CLT-0044;42566,09;Allemagne;France;14;1;40;0;0;0;40;ÉLEVÉ;2026-05-14 11:56:32;2026-05-14 11:56:33;OUVERTE
TXN-003697;CLT-0098;93118,26;Espagne;Espagne;14;1;40;0;0;0;40;ÉLEVÉ;2026-05-14 11:56:32;2026-05-14 11:56:33;OUVERTE
TXN-003685;CLT-0052;9043,93;France;France;14;1;40;0;0;0;40;ÉLEVÉ;2026-05-14 11:56:32;2026-05-14 11:56:33;OUVERTE
TXN-003679;CLT-0004;32103,16;Russie;Suisse;14;1;40;0;0;0;40;ÉLEVÉ;2026-05-14 11:56:32;2026-05-14 11:56:33;OUVERTE
TXN-003678;CLT-0040;49996,74;France;Suisse;14;1;40;0;0;0;40;ÉLEVÉ;2026-05-14 11:56:32;2026-05-14 11:56:33;OUVERTE
TXN-003677;CLT-0048;26712,96;France;Suisse;14;1;40;0;0;0;40;ÉLEVÉ;2026-05-14 11:56:32;2026-05-14 11:56:33;OUVERTE
TXN-008096;CLT-0025;82121,58;France;Italie;14;1;40;0;0;0;40;ÉLEVÉ;2026-05-14 11:56:32;2026-05-14 11:56:33;OUVERTE
TXN-008076;CLT-0029;65340,83;Espagne;France;14;1;40;0;0;0;40;ÉLEVÉ;2026-05-14 11:56:32;2026-05-14 11:56:33;OUVERTE
TXN-008072;CLT-0002;44054,37;France;Espagne;14;1;40;0;0;0;40;ÉLEVÉ;2026-05-14 11:56:32;2026-05-14 11:56:33;OUVERTE
TXN-008048;CLT-0087;24650,89;Allemagne;Italie;14;1;40;0;0;0;40;ÉLEVÉ;2026-05-14 11:56:32;2026-05-14 11:56:33;OUVERTE
TXN-008001;CLT-0076;66833,52;France;France;14;1;40;0;0;0;40;ÉLEVÉ;2026-05-14 11:56:32;2026-05-14 11:56:33;OUVERTE
TXN-001469;CLT-0044;44686,4;France;France;14;1;40;0;0;0;40;ÉLEVÉ;2026-05-14 11:56:32;2026-05-14 11:56:33;OUVERTE
TXN-008246;CLT-0072;37533,06;France;Allemagne;14;1;40;0;0;0;40;ÉLEVÉ;2026-05-14 11:56:32;2026-05-14 11:56:33;OUVERTE
TXN-008219;CLT-0009;14135,29;France;Suisse;14;1;40;0;0;0;40;ÉLEVÉ;2026-05-14 11:56:32;2026-05-14 11:56:33;OUVERTE
TXN-008216;CLT-0043;29526,31;Russie;Suisse;14;1;40;0;0;0;40;ÉLEVÉ;2026-05-14 11:56:32;2026-05-14 11:56:33;OUVERTE
TXN-008202;CLT-0100;16684,08;Allemagne;Suisse;14;1;40;0;0;0;40;ÉLEVÉ;2026-05-14 11:56:32;2026-05-14 11:56:33;OUVERTE
TXN-008195;CLT-0016;55469,29;Russie;Espagne;14;1;40;0;0;0;40;ÉLEVÉ;2026-05-14 11:56:32;2026-05-14 11:56:33;OUVERTE
TXN-008191;CLT-0019;40326,31;Espagne;Espagne;14;1;40;0;0;0;40;ÉLEVÉ;2026-05-14 11:56:32;2026-05-14 11:56:33;OUVERTE
TXN-008180;CLT-0039;43415,62;Allemagne;France;14;1;40;0;0;0;40;ÉLEVÉ;2026-05-14 11:56:32;2026-05-14 11:56:33;OUVERTE
TXN-000459;CLT-0055;68516,95;Russie;Espagne;14;1;40;0;0;0;40;ÉLEVÉ;2026-05-14 11:56:32;2026-05-14 11:56:33;OUVERTE
TXN-000458;CLT-0076;49482,18;Russie;France;14;1;40;0;0;0;40;ÉLEVÉ;2026-05-14 11:56:32;2026-05-14 11:56:33;OUVERTE
TXN-000453;CLT-0003;76198,41;France;France;14;1;40;0;0;0;40;ÉLEVÉ;2026-05-14 11:56:32;2026-05-14 11:56:33;OUVERTE
TXN-000447;CLT-0052;77130,08;Espagne;France;14;1;40;0;0;0;40;ÉLEVÉ;2026-05-14 11:56:32;2026-05-14 11:56:33;OUVERTE
TXN-000446;CLT-0054;63018,97;Russie;Suisse;14;1;40;0;0;0;40;ÉLEVÉ;2026-05-14 11:56:32;2026-05-14 11:56:33;OUVERTE
TXN-000445;CLT-0098;36022,41;Russie;Espagne;14;1;40;0;0;0;40;ÉLEVÉ;2026-05-14 11:56:32;2026-05-14 11:56:33;OUVERTE
TXN-000412;CLT-0066;16578,77;Allemagne;Espagne;14;1;40;0;0;0;40;ÉLEVÉ;2026-05-14 11:56:32;2026-05-14 11:56:33;OUVERTE
TXN-000410;CLT-0046;29596,09;France;France;14;1;40;0;0;0;40;ÉLEVÉ;2026-05-14 11:56:32;2026-05-14 11:56:33;OUVERTE
TXN-003636;CLT-0016;42327,05;Allemagne;Espagne;14;1;40;0;0;0;40;ÉLEVÉ;2026-05-14 11:56:32;2026-05-14 11:56:33;OUVERTE
TXN-003633;CLT-0075;82945,55;Allemagne;France;14;1;40;0;0;0;40;ÉLEVÉ;2026-05-14 11:56:32;2026-05-14 11:56:33;OUVERTE
TXN-003617;CLT-0053;15393,64;Espagne;Espagne;14;1;40;0;0;0;40;ÉLEVÉ;2026-05-14 11:56:32;2026-05-14 11:56:33;OUVERTE
TXN-003615;CLT-0062;59815,23;France;France;14;1;40;0;0;0;40;ÉLEVÉ;2026-05-14 11:56:32;2026-05-14 11:56:33;OUVERTE
TXN-003570;CLT-0046;85308,59;France;France;14;1;40;0;0;0;40;ÉLEVÉ;2026-05-14 11:56:32;2026-05-14 11:56:33;OUVERTE
TXN-003553;CLT-0051;46094,93;France;France;14;1;40;0;0;0;40;ÉLEVÉ;2026-05-14 11:56:32;2026-05-14 11:56:33;OUVERTE
TXN-003670;CLT-0092;29842,99;France;Suisse;14;1;40;0;0;0;40;ÉLEVÉ;2026-05-14 11:56:32;2026-05-14 11:56:33;OUVERTE
TXN-003657;CLT-0034;93271,24;Russie;France;14;1;40;0;0;0;40;ÉLEVÉ;2026-05-14 11:56:32;2026-05-14 11:56:33;OUVERTE
TXN-001543;CLT-0074;35263,39;Espagne;Allemagne;14;1;40;0;0;0;40;ÉLEVÉ;2026-05-14 11:56:32;2026-05-14 11:56:33;OUVERTE
TXN-001533;CLT-0087;77323,41;Russie;Italie;14;1;40;0;0;0;40;ÉLEVÉ;2026-05-14 11:56:32;2026-05-14 11:56:33;OUVERTE
TXN-001528;CLT-0003;63512,37;France;France;14;1;40;0;0;0;40;ÉLEVÉ;2026-05-14 11:56:32;2026-05-14 11:56:33;OUVERTE
TXN-001518;CLT-0044;18847,3;Allemagne;France;14;1;40;0;0;0;40;ÉLEVÉ;2026-05-14 11:56:32;2026-05-14 11:56:33;OUVERTE
TXN-001512;CLT-0001;22650,69;France;France;14;1;40;0;0;0;40;ÉLEVÉ;2026-05-14 11:56:32;2026-05-14 11:56:33;OUVERTE
TXN-001488;CLT-0019;24744,49;France;Espagne;14;1;40;0;0;0;40;ÉLEVÉ;2026-05-14 11:56:32;2026-05-14 11:56:33;OUVERTE
TXN-001482;CLT-0020;51389,2;Allemagne;Italie;14;1;40;0;0;0;40;ÉLEVÉ;2026-05-14 11:56:32;2026-05-14 11:56:33;OUVERTE
TXN-001475;CLT-0039;85035,02;Russie;France;14;1;40;0;0;0;40;ÉLEVÉ;2026-05-14 11:56:32;2026-05-14 11:56:33;OUVERTE
TXN-003440;CLT-0098;21719,32;Russie;Espagne;14;1;40;0;0;0;40;ÉLEVÉ;2026-05-14 11:56:32;2026-05-14 11:56:33;OUVERTE
TXN-000376;CLT-0073;91458,91;Allemagne;France;14;1;40;0;0;0;40;ÉLEVÉ;2026-05-14 11:56:32;2026-05-14 11:56:33;OUVERTE
TXN-000345;CLT-0087;10921,14;Allemagne;Italie;14;1;40;0;0;0;40;ÉLEVÉ;2026-05-14 11:56:32;2026-05-14 11:56:33;OUVERTE
TXN-000320;CLT-0073;37328,76;France;France;14;1;40;0;0;0;40;ÉLEVÉ;2026-05-14 11:56:32;2026-05-14 11:56:33;OUVERTE
TXN-000307;CLT-0045;91112,29;Espagne;France;14;1;40;0;0;0;40;ÉLEVÉ;2026-05-14 11:56:32;2026-05-14 11:56:33;OUVERTE
TXN-008341;CLT-0060;24462,07;France;Italie;14;1;40;0;0;0;40;ÉLEVÉ;2026-05-14 11:56:32;2026-05-14 11:56:33;OUVERTE
TXN-008334;CLT-0078;19258,91;France;Suisse;14;1;40;0;0;0;40;ÉLEVÉ;2026-05-14 11:56:32;2026-05-14 11:56:33;OUVERTE
TXN-008325;CLT-0074;28799,82;France;Allemagne;14;1;40;0;0;0;40;ÉLEVÉ;2026-05-14 11:56:32;2026-05-14 11:56:33;OUVERTE
TXN-008313;CLT-0086;40542,13;Allemagne;France;14;1;40;0;0;0;40;ÉLEVÉ;2026-05-14 11:56:32;2026-05-14 11:56:33;OUVERTE
TXN-008303;CLT-0013;22881,81;France;France;14;1;40;0;0;0;40;ÉLEVÉ;2026-05-14 11:56:32;2026-05-14 11:56:33;OUVERTE
TXN-008281;CLT-0090;62971,24;Russie;France;14;1;40;0;0;0;40;ÉLEVÉ;2026-05-14 11:56:32;2026-05-14 11:56:33;OUVERTE
TXN-008269;CLT-0084;60492,12;France;Italie;14;1;40;0;0;0;40;ÉLEVÉ;2026-05-14 11:56:32;2026-05-14 11:56:33;OUVERTE
TXN-008268;CLT-0028;65973,18;Russie;France;14;1;40;0;0;0;40;ÉLEVÉ;2026-05-14 11:56:32;2026-05-14 11:56:33;OUVERTE
TXN-008262;CLT-0035;91214,58;Russie;Espagne;14;1;40;0;0;0;40;ÉLEVÉ;2026-05-14 11:56:32;2026-05-14 11:56:33;OUVERTE
TXN-003654;CLT-0060;17121,35;Allemagne;Italie;14;1;40;0;0;0;40;ÉLEVÉ;2026-05-14 11:56:32;2026-05-14 11:56:33;OUVERTE
TXN-003649;CLT-0087;33245,43;France;Italie;14;1;40;0;0;0;40;ÉLEVÉ;2026-05-14 11:56:32;2026-05-14 11:56:33;OUVERTE
TXN-003398;CLT-0029;85297,64;France;France;14;1;40;0;0;0;40;ÉLEVÉ;2026-05-14 11:56:32;2026-05-14 11:56:33;OUVERTE
TXN-003385;CLT-0083;42489,04;Allemagne;France;14;1;40;0;0;0;40;ÉLEVÉ;2026-05-14 11:56:32;2026-05-14 11:56:33;OUVERTE
TXN-003383;CLT-0064;24307,07;France;France;14;1;40;0;0;0;40;ÉLEVÉ;2026-05-14 11:56:32;2026-05-14 11:56:33;OUVERTE
TXN-003370;CLT-0088;88107,41;France;Allemagne;14;1;40;0;0;0;40;ÉLEVÉ;2026-05-14 11:56:32;2026-05-14 11:56:33;OUVERTE
TXN-003527;CLT-0070;89453,42;Allemagne;Italie;14;1;40;0;0;0;40;ÉLEVÉ;2026-05-14 11:56:32;2026-05-14 11:56:33;OUVERTE
TXN-003523;CLT-0020;83054,97;Espagne;Italie;14;1;40;0;0;0;40;ÉLEVÉ;2026-05-14 11:56:32;2026-05-14 11:56:33;OUVERTE
TXN-003511;CLT-0048;80108,71;France;Suisse;14;1;40;0;0;0;40;ÉLEVÉ;2026-05-14 11:56:32;2026-05-14 11:56:33;OUVERTE
TXN-003503;CLT-0028;36064,49;France;France;14;1;40;0;0;0;40;ÉLEVÉ;2026-05-14 11:56:32;2026-05-14 11:56:33;OUVERTE
TXN-003502;CLT-0020;40093,03;Espagne;Italie;14;1;40;0;0;0;40;ÉLEVÉ;2026-05-14 11:56:32;2026-05-14 11:56:33;OUVERTE
TXN-003491;CLT-0049;17829,86;Espagne;France;14;1;40;0;0;0;40;ÉLEVÉ;2026-05-14 11:56:32;2026-05-14 11:56:33;OUVERTE
TXN-003489;CLT-0050;23268,75;Allemagne;Espagne;14;1;40;0;0;0;40;ÉLEVÉ;2026-05-14 11:56:32;2026-05-14 11:56:33;OUVERTE
TXN-003478;CLT-0030;39299,19;Russie;Allemagne;14;1;40;0;0;0;40;ÉLEVÉ;2026-05-14 11:56:32;2026-05-14 11:56:33;OUVERTE
TXN-003475;CLT-0093;40477,09;Espagne;Suisse;14;1;40;0;0;0;40;ÉLEVÉ;2026-05-14 11:56:32;2026-05-14 11:56:33;OUVERTE
TXN-003472;CLT-0006;31564,23;Espagne;France;14;1;40;0;0;0;40;ÉLEVÉ;2026-05-14 11:56:32;2026-05-14 11:56:33;OUVERTE
TXN-003465;CLT-0074;19696,46;Allemagne;Allemagne;14;1;40;0;0;0;40;ÉLEVÉ;2026-05-14 11:56:32;2026-05-14 11:56:33;OUVERTE
TXN-003441;CLT-0062;68140,66;Russie;France;14;1;40;0;0;0;40;ÉLEVÉ;2026-05-14 11:56:32;2026-05-14 11:56:33;OUVERTE
TXN-008499;CLT-0062;35913,97;France;France;14;1;40;0;0;0;40;ÉLEVÉ;2026-05-14 11:56:32;2026-05-14 11:56:33;OUVERTE
TXN-008497;CLT-0087;25399,95;France;Italie;14;1;40;0;0;0;40;ÉLEVÉ;2026-05-14 11:56:32;2026-05-14 11:56:33;OUVERTE
TXN-008461;CLT-0034;9607,44;Espagne;France;14;1;40;0;0;0;40;ÉLEVÉ;2026-05-14 11:56:32;2026-05-14 11:56:33;OUVERTE
TXN-008450;CLT-0051;54839,08;Allemagne;France;14;1;40;0;0;0;40;ÉLEVÉ;2026-05-14 11:56:32;2026-05-14 11:56:33;OUVERTE
TXN-003369;CLT-0084;89436,43;France;Italie;14;1;40;0;0;0;40;ÉLEVÉ;2026-05-14 11:56:32;2026-05-14 11:56:33;OUVERTE
TXN-001587;CLT-0043;63695,44;France;Suisse;14;1;40;0;0;0;40;ÉLEVÉ;2026-05-14 11:56:32;2026-05-14 11:56:33;OUVERTE
TXN-001571;CLT-0092;80831,52;Allemagne;Suisse;14;1;40;0;0;0;40;ÉLEVÉ;2026-05-14 11:56:32;2026-05-14 11:56:33;OUVERTE
TXN-001567;CLT-0062;57849,43;France;France;14;1;40;0;0;0;40;ÉLEVÉ;2026-05-14 11:56:32;2026-05-14 11:56:33;OUVERTE
TXN-001556;CLT-0007;36137,42;Russie;Suisse;14;1;40;0;0;0;40;ÉLEVÉ;2026-05-14 11:56:32;2026-05-14 11:56:33;OUVERTE
TXN-008428;CLT-0076;79885,13;France;France;14;1;40;0;0;0;40;ÉLEVÉ;2026-05-14 11:56:32;2026-05-14 11:56:33;OUVERTE
TXN-008398;CLT-0093;38552,7;Russie;Suisse;14;1;40;0;0;0;40;ÉLEVÉ;2026-05-14 11:56:32;2026-05-14 11:56:33;OUVERTE
TXN-008379;CLT-0053;13651,39;Allemagne;Espagne;14;1;40;0;0;0;40;ÉLEVÉ;2026-05-14 11:56:32;2026-05-14 11:56:33;OUVERTE
TXN-008378;CLT-0035;20994,07;France;Espagne;14;1;40;0;0;0;40;ÉLEVÉ;2026-05-14 11:56:32;2026-05-14 11:56:33;OUVERTE
TXN-008367;CLT-0074;63508,18;France;Allemagne;14;1;40;0;0;0;40;ÉLEVÉ;2026-05-14 11:56:32;2026-05-14 11:56:33;OUVERTE
TXN-000379;CLT-0043;81543,69;France;Suisse;14;1;40;0;0;0;40;ÉLEVÉ;2026-05-14 11:56:32;2026-05-14 11:56:33;OUVERTE
TXN-003427;CLT-0042;68547,25;France;Italie;14;1;40;0;0;0;40;ÉLEVÉ;2026-05-14 11:56:32;2026-05-14 11:56:33;OUVERTE
TXN-008606;CLT-0053;92143,14;Espagne;Espagne;14;1;40;0;0;0;40;ÉLEVÉ;2026-05-14 11:56:32;2026-05-14 11:56:33;OUVERTE
TXN-008596;CLT-0027;87314,42;Allemagne;Espagne;14;1;40;0;0;0;40;ÉLEVÉ;2026-05-14 11:56:32;2026-05-14 11:56:33;OUVERTE
TXN-008588;CLT-0015;58754,99;Allemagne;France;14;1;40;0;0;0;40;ÉLEVÉ;2026-05-14 11:56:32;2026-05-14 11:56:33;OUVERTE
TXN-008578;CLT-0074;93760,48;France;Allemagne;14;1;40;0;0;0;40;ÉLEVÉ;2026-05-14 11:56:32;2026-05-14 11:56:33;OUVERTE
TXN-008564;CLT-0019;94325,74;France;Espagne;14;1;40;0;0;0;40;ÉLEVÉ;2026-05-14 11:56:32;2026-05-14 11:56:33;OUVERTE
TXN-008554;CLT-0090;37345,01;Russie;France;14;1;40;0;0;0;40;ÉLEVÉ;2026-05-14 11:56:32;2026-05-14 11:56:33;OUVERTE
TXN-003343;CLT-0086;69457,31;Russie;France;14;1;40;0;0;0;40;ÉLEVÉ;2026-05-14 11:56:32;2026-05-14 11:56:33;OUVERTE
TXN-003330;CLT-0039;58565,58;Russie;France;14;1;40;0;0;0;40;ÉLEVÉ;2026-05-14 11:56:32;2026-05-14 11:56:33;OUVERTE
TXN-003325;CLT-0020;41677,65;France;Italie;14;1;40;0;0;0;40;ÉLEVÉ;2026-05-14 11:56:32;2026-05-14 11:56:33;OUVERTE
TXN-003324;CLT-0032;76308,76;Espagne;Suisse;14;1;40;0;0;0;40;ÉLEVÉ;2026-05-14 11:56:32;2026-05-14 11:56:33;OUVERTE
TXN-003321;CLT-0084;14180,28;France;Italie;14;1;40;0;0;0;40;ÉLEVÉ;2026-05-14 11:56:32;2026-05-14 11:56:33;OUVERTE
TXN-003314;CLT-0036;63161,82;Allemagne;Italie;14;1;40;0;0;0;40;ÉLEVÉ;2026-05-14 11:56:32;2026-05-14 11:56:33;OUVERTE
TXN-003296;CLT-0045;46707,84;Allemagne;France;14;1;40;0;0;0;40;ÉLEVÉ;2026-05-14 11:56:32;2026-05-14 11:56:33;OUVERTE
TXN-003269;CLT-0080;42162,33;Espagne;France;14;1;40;0;0;0;40;ÉLEVÉ;2026-05-14 11:56:32;2026-05-14 11:56:33;OUVERTE
TXN-008505;CLT-0058;53892,01;Russie;France;14;1;40;0;0;0;40;ÉLEVÉ;2026-05-14 11:56:32;2026-05-14 11:56:33;OUVERTE
TXN-008501;CLT-0061;23726,44;France;France;14;1;40;0;0;0;40;ÉLEVÉ;2026-05-14 11:56:32;2026-05-14 11:56:33;OUVERTE
TXN-008693;CLT-0021;22088,12;France;France;14;1;40;0;0;0;40;ÉLEVÉ;2026-05-14 11:56:32;2026-05-14 11:56:33;OUVERTE
TXN-008685;CLT-0020;88745,24;France;Italie;14;1;40;0;0;0;40;ÉLEVÉ;2026-05-14 11:56:32;2026-05-14 11:56:33;OUVERTE
TXN-008658;CLT-0093;68873,19;Allemagne;Suisse;14;1;40;0;0;0;40;ÉLEVÉ;2026-05-14 11:56:32;2026-05-14 11:56:33;OUVERTE
TXN-008657;CLT-0002;20530,91;France;Espagne;14;1;40;0;0;0;40;ÉLEVÉ;2026-05-14 11:56:32;2026-05-14 11:56:33;OUVERTE
TXN-008655;CLT-0064;17218,49;France;France;14;1;40;0;0;0;40;ÉLEVÉ;2026-05-14 11:56:32;2026-05-14 11:56:33;OUVERTE
TXN-008652;CLT-0058;26417,11;Espagne;France;14;1;40;0;0;0;40;ÉLEVÉ;2026-05-14 11:56:32;2026-05-14 11:56:33;OUVERTE
TXN-008646;CLT-0024;44913,49;Espagne;Espagne;14;1;40;0;0;0;40;ÉLEVÉ;2026-05-14 11:56:32;2026-05-14 11:56:33;OUVERTE
TXN-003266;CLT-0098;80623,56;Allemagne;Espagne;14;1;40;0;0;0;40;ÉLEVÉ;2026-05-14 11:56:32;2026-05-14 11:56:33;OUVERTE
TXN-003264;CLT-0045;26670,09;Espagne;France;14;1;40;0;0;0;40;ÉLEVÉ;2026-05-14 11:56:32;2026-05-14 11:56:33;OUVERTE
TXN-003258;CLT-0057;78073,39;France;France;14;1;40;0;0;0;40;ÉLEVÉ;2026-05-14 11:56:32;2026-05-14 11:56:33;OUVERTE
TXN-003231;CLT-0083;38574,61;France;France;14;1;40;0;0;0;40;ÉLEVÉ;2026-05-14 11:56:32;2026-05-14 11:56:33;OUVERTE
TXN-003211;CLT-0056;90064,32;Russie;Allemagne;14;1;40;0;0;0;40;ÉLEVÉ;2026-05-14 11:56:32;2026-05-14 11:56:33;OUVERTE
TXN-003200;CLT-0048;86733,88;France;Suisse;14;1;40;0;0;0;40;ÉLEVÉ;2026-05-14 11:56:32;2026-05-14 11:56:33;OUVERTE
TXN-008640;CLT-0083;21477,7;France;France;14;1;40;0;0;0;40;ÉLEVÉ;2026-05-14 11:56:32;2026-05-14 11:56:33;OUVERTE
TXN-008638;CLT-0100;34577,24;Russie;Suisse;14;1;40;0;0;0;40;ÉLEVÉ;2026-05-14 11:56:32;2026-05-14 11:56:33;OUVERTE
TXN-008619;CLT-0066;16372,69;France;Espagne;14;1;40;0;0;0;40;ÉLEVÉ;2026-05-14 11:56:32;2026-05-14 11:56:33;OUVERTE
TXN-008751;CLT-0061;34915,64;France;France;14;1;40;0;0;0;40;ÉLEVÉ;2026-05-14 11:56:32;2026-05-14 11:56:33;OUVERTE
TXN-008735;CLT-0050;46547,96;Russie;Espagne;14;1;40;0;0;0;40;ÉLEVÉ;2026-05-14 11:56:32;2026-05-14 11:56:33;OUVERTE
TXN-008722;CLT-0055;20946,99;Espagne;Espagne;14;1;40;0;0;0;40;ÉLEVÉ;2026-05-14 11:56:32;2026-05-14 11:56:33;OUVERTE
TXN-008720;CLT-0086;18506,72;France;France;14;1;40;0;0;0;40;ÉLEVÉ;2026-05-14 11:56:32;2026-05-14 11:56:33;OUVERTE
TXN-008718;CLT-0042;70984,71;France;Italie;14;1;40;0;0;0;40;ÉLEVÉ;2026-05-14 11:56:32;2026-05-14 11:56:33;OUVERTE
TXN-008713;CLT-0045;25975,31;France;France;14;1;40;0;0;0;40;ÉLEVÉ;2026-05-14 11:56:32;2026-05-14 11:56:33;OUVERTE
TXN-003186;CLT-0073;88035,7;France;France;14;1;40;0;0;0;40;ÉLEVÉ;2026-05-14 11:56:32;2026-05-14 11:56:33;OUVERTE
TXN-003163;CLT-0058;24838,77;Russie;France;14;1;40;0;0;0;40;ÉLEVÉ;2026-05-14 11:56:32;2026-05-14 11:56:33;OUVERTE
TXN-003161;CLT-0040;90177,83;Espagne;Suisse;14;1;40;0;0;0;40;ÉLEVÉ;2026-05-14 11:56:32;2026-05-14 11:56:33;OUVERTE
TXN-003128;CLT-0087;19724,79;France;Italie;14;1;40;0;0;0;40;ÉLEVÉ;2026-05-14 11:56:32;2026-05-14 11:56:33;OUVERTE
TXN-003122;CLT-0053;14926,89;France;Espagne;14;1;40;0;0;0;40;ÉLEVÉ;2026-05-14 11:56:32;2026-05-14 11:56:33;OUVERTE
TXN-003117;CLT-0084;16470,45;Allemagne;Italie;14;1;40;0;0;0;40;ÉLEVÉ;2026-05-14 11:56:32;2026-05-14 11:56:33;OUVERTE
TXN-003113;CLT-0001;26560,91;France;France;14;1;40;0;0;0;40;ÉLEVÉ;2026-05-14 11:56:32;2026-05-14 11:56:33;OUVERTE
TXN-003077;CLT-0020;87002,59;Russie;Italie;14;1;40;0;0;0;40;ÉLEVÉ;2026-05-14 11:56:32;2026-05-14 11:56:33;OUVERTE
TXN-008709;CLT-0077;48610,09;Allemagne;France;14;1;40;0;0;0;40;ÉLEVÉ;2026-05-14 11:56:32;2026-05-14 11:56:33;OUVERTE
TXN-008703;CLT-0032;76684,42;France;Suisse;14;1;40;0;0;0;40;ÉLEVÉ;2026-05-14 11:56:32;2026-05-14 11:56:33;OUVERTE
TXN-003020;CLT-0074;79622,68;Russie;Allemagne;14;1;40;0;0;0;40;ÉLEVÉ;2026-05-14 11:56:32;2026-05-14 11:56:33;OUVERTE
TXN-003017;CLT-0027;13777,53;France;Espagne;14;1;40;0;0;0;40;ÉLEVÉ;2026-05-14 11:56:32;2026-05-14 11:56:33;OUVERTE
TXN-003058;CLT-0011;69998,05;Espagne;France;14;1;40;0;0;0;40;ÉLEVÉ;2026-05-14 11:56:32;2026-05-14 11:56:33;OUVERTE
TXN-003057;CLT-0058;52227,59;Allemagne;France;14;1;40;0;0;0;40;ÉLEVÉ;2026-05-14 11:56:32;2026-05-14 11:56:33;OUVERTE
TXN-003056;CLT-0044;59569,02;Russie;France;14;1;40;0;0;0;40;ÉLEVÉ;2026-05-14 11:56:32;2026-05-14 11:56:33;OUVERTE
TXN-001674;CLT-0011;37034,06;France;France;14;1;40;0;0;0;40;ÉLEVÉ;2026-05-14 11:56:32;2026-05-14 11:56:33;OUVERTE
TXN-001672;CLT-0088;65016,72;France;Allemagne;14;1;40;0;0;0;40;ÉLEVÉ;2026-05-14 11:56:32;2026-05-14 11:56:33;OUVERTE
TXN-001663;CLT-0083;45096,37;France;France;14;1;40;0;0;0;40;ÉLEVÉ;2026-05-14 11:56:32;2026-05-14 11:56:33;OUVERTE
TXN-001660;CLT-0023;23791,68;Russie;Allemagne;14;1;40;0;0;0;40;ÉLEVÉ;2026-05-14 11:56:32;2026-05-14 11:56:33;OUVERTE
TXN-001639;CLT-0025;92244,73;Russie;Italie;14;1;40;0;0;0;40;ÉLEVÉ;2026-05-14 11:56:32;2026-05-14 11:56:33;OUVERTE
TXN-001631;CLT-0039;45155,34;Espagne;France;14;1;40;0;0;0;40;ÉLEVÉ;2026-05-14 11:56:32;2026-05-14 11:56:33;OUVERTE
TXN-001629;CLT-0049;25368,98;Espagne;France;14;1;40;0;0;0;40;ÉLEVÉ;2026-05-14 11:56:32;2026-05-14 11:56:33;OUVERTE
TXN-003047;CLT-0064;39597,25;Russie;France;14;1;40;0;0;0;40;ÉLEVÉ;2026-05-14 11:56:32;2026-05-14 11:56:33;OUVERTE
TXN-003036;CLT-0003;68426,77;Allemagne;France;14;1;40;0;0;0;40;ÉLEVÉ;2026-05-14 11:56:32;2026-05-14 11:56:33;OUVERTE
TXN-008763;CLT-0076;42711,29;France;France;14;1;40;0;0;0;40;ÉLEVÉ;2026-05-14 11:56:32;2026-05-14 11:56:33;OUVERTE
TXN-008756;CLT-0043;31375,87;France;Suisse;14;1;40;0;0;0;40;ÉLEVÉ;2026-05-14 11:56:32;2026-05-14 11:56:33;OUVERTE
TXN-008877;CLT-0022;24423,85;Russie;Allemagne;14;1;40;0;0;0;40;ÉLEVÉ;2026-05-14 11:56:32;2026-05-14 11:56:33;OUVERTE
TXN-008876;CLT-0014;31579,2;Russie;France;14;1;40;0;0;0;40;ÉLEVÉ;2026-05-14 11:56:32;2026-05-14 11:56:33;OUVERTE
TXN-008866;CLT-0045;14117,7;France;France;14;1;40;0;0;0;40;ÉLEVÉ;2026-05-14 11:56:32;2026-05-14 11:56:33;OUVERTE
TXN-008856;CLT-0056;41312,81;France;Allemagne;14;1;40;0;0;0;40;ÉLEVÉ;2026-05-14 11:56:32;2026-05-14 11:56:33;OUVERTE
TXN-008855;CLT-0013;70614,89;France;France;14;1;40;0;0;0;40;ÉLEVÉ;2026-05-14 11:56:32;2026-05-14 11:56:33;OUVERTE
TXN-008842;CLT-0006;58907,43;France;France;14;1;40;0;0;0;40;ÉLEVÉ;2026-05-14 11:56:32;2026-05-14 11:56:33;OUVERTE
TXN-008823;CLT-0056;48146,92;Allemagne;Allemagne;14;1;40;0;0;0;40;ÉLEVÉ;2026-05-14 11:56:32;2026-05-14 11:56:33;OUVERTE
TXN-008821;CLT-0035;69998,43;Russie;Espagne;14;1;40;0;0;0;40;ÉLEVÉ;2026-05-14 11:56:32;2026-05-14 11:56:33;OUVERTE
TXN-008806;CLT-0083;73764,36;Russie;France;14;1;40;0;0;0;40;ÉLEVÉ;2026-05-14 11:56:32;2026-05-14 11:56:33;OUVERTE
TXN-000297;CLT-0074;67223,24;Allemagne;Allemagne;14;1;40;0;0;0;40;ÉLEVÉ;2026-05-14 11:56:32;2026-05-14 11:56:33;OUVERTE
TXN-000290;CLT-0061;19922,16;Russie;France;14;1;40;0;0;0;40;ÉLEVÉ;2026-05-14 11:56:32;2026-05-14 11:56:33;OUVERTE
TXN-000263;CLT-0060;56199,87;France;Italie;14;1;40;0;0;0;40;ÉLEVÉ;2026-05-14 11:56:32;2026-05-14 11:56:33;OUVERTE
TXN-000259;CLT-0023;82195,89;France;Allemagne;14;1;40;0;0;0;40;ÉLEVÉ;2026-05-14 11:56:32;2026-05-14 11:56:33;OUVERTE
TXN-008785;CLT-0055;26930,13;Espagne;Espagne;14;1;40;0;0;0;40;ÉLEVÉ;2026-05-14 11:56:32;2026-05-14 11:56:33;OUVERTE
TXN-003030;CLT-0013;76295,09;Espagne;France;14;1;40;0;0;0;40;ÉLEVÉ;2026-05-14 11:56:32;2026-05-14 11:56:33;OUVERTE
TXN-003022;CLT-0094;12212,23;France;Allemagne;14;1;40;0;0;0;40;ÉLEVÉ;2026-05-14 11:56:32;2026-05-14 11:56:33;OUVERTE
TXN-008969;CLT-0011;19534,86;Espagne;France;14;1;40;0;0;0;40;ÉLEVÉ;2026-05-14 11:56:32;2026-05-14 11:56:33;OUVERTE
TXN-008954;CLT-0024;76011,4;Espagne;Espagne;14;1;40;0;0;0;40;ÉLEVÉ;2026-05-14 11:56:32;2026-05-14 11:56:33;OUVERTE
TXN-008917;CLT-0055;32980,38;Allemagne;Espagne;14;1;40;0;0;0;40;ÉLEVÉ;2026-05-14 11:56:32;2026-05-14 11:56:33;OUVERTE
TXN-008915;CLT-0006;8610,24;France;France;14;1;40;0;0;0;40;ÉLEVÉ;2026-05-14 11:56:32;2026-05-14 11:56:33;OUVERTE
TXN-008914;CLT-0084;55860,83;France;Italie;14;1;40;0;0;0;40;ÉLEVÉ;2026-05-14 11:56:32;2026-05-14 11:56:33;OUVERTE
TXN-008898;CLT-0001;40542,89;France;France;14;1;40;0;0;0;40;ÉLEVÉ;2026-05-14 11:56:32;2026-05-14 11:56:33;OUVERTE
TXN-008890;CLT-0093;91031,62;France;Suisse;14;1;40;0;0;0;40;ÉLEVÉ;2026-05-14 11:56:32;2026-05-14 11:56:33;OUVERTE
TXN-002961;CLT-0042;33547,55;Allemagne;Italie;14;1;40;0;0;0;40;ÉLEVÉ;2026-05-14 11:56:32;2026-05-14 11:56:33;OUVERTE
TXN-002959;CLT-0043;53374,21;Allemagne;Suisse;14;1;40;0;0;0;40;ÉLEVÉ;2026-05-14 11:56:32;2026-05-14 11:56:33;OUVERTE
TXN-002855;CLT-0006;19204,42;France;France;14;1;40;0;0;0;40;ÉLEVÉ;2026-05-14 11:56:32;2026-05-14 11:56:33;OUVERTE
TXN-002847;CLT-0078;13041,22;France;Suisse;14;1;40;0;0;0;40;ÉLEVÉ;2026-05-14 11:56:32;2026-05-14 11:56:33;OUVERTE
TXN-002838;CLT-0006;64030,46;France;France;14;1;40;0;0;0;40;ÉLEVÉ;2026-05-14 11:56:32;2026-05-14 11:56:33;OUVERTE
TXN-002817;CLT-0016;13281,92;Espagne;Espagne;14;1;40;0;0;0;40;ÉLEVÉ;2026-05-14 11:56:32;2026-05-14 11:56:33;OUVERTE
TXN-002815;CLT-0078;26088,74;Russie;Suisse;14;1;40;0;0;0;40;ÉLEVÉ;2026-05-14 11:56:32;2026-05-14 11:56:33;OUVERTE
TXN-008887;CLT-0054;22288,22;France;Suisse;14;1;40;0;0;0;40;ÉLEVÉ;2026-05-14 11:56:32;2026-05-14 11:56:33;OUVERTE
TXN-008880;CLT-0001;93687,57;France;France;14;1;40;0;0;0;40;ÉLEVÉ;2026-05-14 11:56:32;2026-05-14 11:56:33;OUVERTE
TXN-002766;CLT-0032;49051,34;France;Suisse;14;1;40;0;0;0;40;ÉLEVÉ;2026-05-14 11:56:32;2026-05-14 11:56:33;OUVERTE
TXN-002733;CLT-0070;78426,55;Espagne;Italie;14;1;40;0;0;0;40;ÉLEVÉ;2026-05-14 11:56:32;2026-05-14 11:56:33;OUVERTE
TXN-002732;CLT-0001;16205,4;Russie;France;14;1;40;0;0;0;40;ÉLEVÉ;2026-05-14 11:56:32;2026-05-14 11:56:33;OUVERTE
TXN-002697;CLT-0040;83563,5;France;Suisse;14;1;40;0;0;0;40;ÉLEVÉ;2026-05-14 11:56:32;2026-05-14 11:56:33;OUVERTE
TXN-002687;CLT-0026;75126,42;France;Italie;14;1;40;0;0;0;40;ÉLEVÉ;2026-05-14 11:56:32;2026-05-14 11:56:33;OUVERTE
TXN-002683;CLT-0054;76138,98;Russie;Suisse;14;1;40;0;0;0;40;ÉLEVÉ;2026-05-14 11:56:32;2026-05-14 11:56:33;OUVERTE
TXN-002786;CLT-0020;21705,49;France;Italie;14;1;40;0;0;0;40;ÉLEVÉ;2026-05-14 11:56:32;2026-05-14 11:56:33;OUVERTE
TXN-001740;CLT-0064;85995,6;France;France;14;1;40;0;0;0;40;ÉLEVÉ;2026-05-14 11:56:32;2026-05-14 11:56:33;OUVERTE
TXN-001734;CLT-0054;84018,5;Allemagne;Suisse;14;1;40;0;0;0;40;ÉLEVÉ;2026-05-14 11:56:32;2026-05-14 11:56:33;OUVERTE
TXN-001717;CLT-0021;35293,53;Espagne;France;14;1;40;0;0;0;40;ÉLEVÉ;2026-05-14 11:56:32;2026-05-14 11:56:33;OUVERTE
TXN-001714;CLT-0050;70010,34;Allemagne;Espagne;14;1;40;0;0;0;40;ÉLEVÉ;2026-05-14 11:56:32;2026-05-14 11:56:33;OUVERTE
TXN-001711;CLT-0028;62457,89;France;France;14;1;40;0;0;0;40;ÉLEVÉ;2026-05-14 11:56:32;2026-05-14 11:56:33;OUVERTE
TXN-001706;CLT-0002;35368,49;Espagne;Espagne;14;1;40;0;0;0;40;ÉLEVÉ;2026-05-14 11:56:32;2026-05-14 11:56:33;OUVERTE
TXN-001702;CLT-0100;14769,35;France;Suisse;14;1;40;0;0;0;40;ÉLEVÉ;2026-05-14 11:56:32;2026-05-14 11:56:33;OUVERTE
TXN-002775;CLT-0022;67942,71;Russie;Allemagne;14;1;40;0;0;0;40;ÉLEVÉ;2026-05-14 11:56:32;2026-05-14 11:56:33;OUVERTE
TXN-008997;CLT-0033;63899,76;Allemagne;Italie;14;1;40;0;0;0;40;ÉLEVÉ;2026-05-14 11:56:32;2026-05-14 11:56:33;OUVERTE
TXN-009082;CLT-0056;41236,56;Russie;Allemagne;14;1;40;0;0;0;40;ÉLEVÉ;2026-05-14 11:56:32;2026-05-14 11:56:33;OUVERTE
TXN-002676;CLT-0019;59128,43;Russie;Espagne;14;1;40;0;0;0;40;ÉLEVÉ;2026-05-14 11:56:32;2026-05-14 11:56:33;OUVERTE
TXN-002631;CLT-0028;50388,28;France;France;14;1;40;0;0;0;40;ÉLEVÉ;2026-05-14 11:56:32;2026-05-14 11:56:33;OUVERTE
TXN-002629;CLT-0077;11168,25;Espagne;France;14;1;40;0;0;0;40;ÉLEVÉ;2026-05-14 11:56:32;2026-05-14 11:56:33;OUVERTE
TXN-002615;CLT-0030;45922,76;Espagne;Allemagne;14;1;40;0;0;0;40;ÉLEVÉ;2026-05-14 11:56:32;2026-05-14 11:56:33;OUVERTE
TXN-002590;CLT-0013;54564,37;Allemagne;France;14;1;40;0;0;0;40;ÉLEVÉ;2026-05-14 11:56:32;2026-05-14 11:56:33;OUVERTE
TXN-002586;CLT-0064;24436,74;Espagne;France;14;1;40;0;0;0;40;ÉLEVÉ;2026-05-14 11:56:32;2026-05-14 11:56:33;OUVERTE
TXN-002562;CLT-0068;65934,27;Espagne;Allemagne;14;1;40;0;0;0;40;ÉLEVÉ;2026-05-14 11:56:32;2026-05-14 11:56:33;OUVERTE
TXN-002560;CLT-0019;11458,75;France;Espagne;14;1;40;0;0;0;40;ÉLEVÉ;2026-05-14 11:56:32;2026-05-14 11:56:33;OUVERTE
TXN-009075;CLT-0051;62785,61;France;France;14;1;40;0;0;0;40;ÉLEVÉ;2026-05-14 11:56:32;2026-05-14 11:56:33;OUVERTE
TXN-009074;CLT-0008;59713,14;Allemagne;Suisse;14;1;40;0;0;0;40;ÉLEVÉ;2026-05-14 11:56:32;2026-05-14 11:56:33;OUVERTE
TXN-009067;CLT-0025;15951,23;Allemagne;Italie;14;1;40;0;0;0;40;ÉLEVÉ;2026-05-14 11:56:32;2026-05-14 11:56:33;OUVERTE
TXN-009061;CLT-0006;25740,16;Allemagne;France;14;1;40;0;0;0;40;ÉLEVÉ;2026-05-14 11:56:32;2026-05-14 11:56:33;OUVERTE
TXN-009056;CLT-0029;91014,46;Espagne;France;14;1;40;0;0;0;40;ÉLEVÉ;2026-05-14 11:56:32;2026-05-14 11:56:33;OUVERTE
TXN-009034;CLT-0076;34459,49;Espagne;France;14;1;40;0;0;0;40;ÉLEVÉ;2026-05-14 11:56:32;2026-05-14 11:56:33;OUVERTE
TXN-002772;CLT-0053;9017,71;Espagne;Espagne;14;1;40;0;0;0;40;ÉLEVÉ;2026-05-14 11:56:32;2026-05-14 11:56:33;OUVERTE
TXN-002551;CLT-0088;23892,97;Russie;Allemagne;14;1;40;0;0;0;40;ÉLEVÉ;2026-05-14 11:56:32;2026-05-14 11:56:33;OUVERTE
TXN-002545;CLT-0087;67492,67;Russie;Italie;14;1;40;0;0;0;40;ÉLEVÉ;2026-05-14 11:56:32;2026-05-14 11:56:33;OUVERTE
TXN-002534;CLT-0024;33733,21;France;Espagne;14;1;40;0;0;0;40;ÉLEVÉ;2026-05-14 11:56:32;2026-05-14 11:56:33;OUVERTE
TXN-002508;CLT-0039;44321,37;France;France;14;1;40;0;0;0;40;ÉLEVÉ;2026-05-14 11:56:32;2026-05-14 11:56:33;OUVERTE
TXN-002493;CLT-0048;69058,71;France;Suisse;14;1;40;0;0;0;40;ÉLEVÉ;2026-05-14 11:56:32;2026-05-14 11:56:33;OUVERTE
TXN-002492;CLT-0030;59301,17;Russie;Allemagne;14;1;40;0;0;0;40;ÉLEVÉ;2026-05-14 11:56:32;2026-05-14 11:56:33;OUVERTE
TXN-002453;CLT-0023;76849,63;France;Allemagne;14;1;40;0;0;0;40;ÉLEVÉ;2026-05-14 11:56:32;2026-05-14 11:56:33;OUVERTE
TXN-002439;CLT-0019;92754,56;Allemagne;Espagne;14;1;40;0;0;0;40;ÉLEVÉ;2026-05-14 11:56:32;2026-05-14 11:56:33;OUVERTE
TXN-002435;CLT-0056;90771,1;Allemagne;Allemagne;14;1;40;0;0;0;40;ÉLEVÉ;2026-05-14 11:56:32;2026-05-14 11:56:33;OUVERTE
TXN-002431;CLT-0074;40484,78;France;Allemagne;14;1;40;0;0;0;40;ÉLEVÉ;2026-05-14 11:56:32;2026-05-14 11:56:33;OUVERTE
TXN-009146;CLT-0052;63347,5;France;France;14;1;40;0;0;0;40;ÉLEVÉ;2026-05-14 11:56:32;2026-05-14 11:56:33;OUVERTE
TXN-009142;CLT-0062;52222,07;Espagne;France;14;1;40;0;0;0;40;ÉLEVÉ;2026-05-14 11:56:32;2026-05-14 11:56:33;OUVERTE
TXN-009125;CLT-0044;55446,16;France;France;14;1;40;0;0;0;40;ÉLEVÉ;2026-05-14 11:56:32;2026-05-14 11:56:33;OUVERTE
TXN-009120;CLT-0060;28250,15;France;Italie;14;1;40;0;0;0;40;ÉLEVÉ;2026-05-14 11:56:32;2026-05-14 11:56:33;OUVERTE
TXN-009100;CLT-0054;58339,06;Russie;Suisse;14;1;40;0;0;0;40;ÉLEVÉ;2026-05-14 11:56:32;2026-05-14 11:56:33;OUVERTE
TXN-009084;CLT-0030;76858,94;France;Allemagne;14;1;40;0;0;0;40;ÉLEVÉ;2026-05-14 11:56:32;2026-05-14 11:56:33;OUVERTE
TXN-009277;CLT-0074;22899,87;France;Allemagne;14;1;40;0;0;0;40;ÉLEVÉ;2026-05-14 11:56:32;2026-05-14 11:56:33;OUVERTE
TXN-002421;CLT-0022;85521,15;Espagne;Allemagne;14;1;40;0;0;0;40;ÉLEVÉ;2026-05-14 11:56:32;2026-05-14 11:56:33;OUVERTE
TXN-002415;CLT-0062;41142,58;France;France;14;1;40;0;0;0;40;ÉLEVÉ;2026-05-14 11:56:32;2026-05-14 11:56:33;OUVERTE
TXN-001811;CLT-0011;74659,57;Allemagne;France;14;1;40;0;0;0;40;ÉLEVÉ;2026-05-14 11:56:32;2026-05-14 11:56:33;OUVERTE
TXN-001790;CLT-0092;35717,26;Allemagne;Suisse;14;1;40;0;0;0;40;ÉLEVÉ;2026-05-14 11:56:32;2026-05-14 11:56:33;OUVERTE
TXN-001770;CLT-0014;88666,32;Espagne;France;14;1;40;0;0;0;40;ÉLEVÉ;2026-05-14 11:56:32;2026-05-14 11:56:33;OUVERTE
TXN-001765;CLT-0074;69559,1;France;Allemagne;14;1;40;0;0;0;40;ÉLEVÉ;2026-05-14 11:56:32;2026-05-14 11:56:33;OUVERTE
TXN-001743;CLT-0054;72876,56;France;Suisse;14;1;40;0;0;0;40;ÉLEVÉ;2026-05-14 11:56:32;2026-05-14 11:56:33;OUVERTE
TXN-009262;CLT-0020;34007,83;France;Italie;14;1;40;0;0;0;40;ÉLEVÉ;2026-05-14 11:56:32;2026-05-14 11:56:33;OUVERTE
TXN-009244;CLT-0050;9816,14;France;Espagne;14;1;40;0;0;0;40;ÉLEVÉ;2026-05-14 11:56:32;2026-05-14 11:56:33;OUVERTE
TXN-009241;CLT-0093;54885,09;France;Suisse;14;1;40;0;0;0;40;ÉLEVÉ;2026-05-14 11:56:32;2026-05-14 11:56:33;OUVERTE
TXN-009235;CLT-0061;90317,5;Russie;France;14;1;40;0;0;0;40;ÉLEVÉ;2026-05-14 11:56:32;2026-05-14 11:56:33;OUVERTE
TXN-009223;CLT-0083;37533,35;Allemagne;France;14;1;40;0;0;0;40;ÉLEVÉ;2026-05-14 11:56:32;2026-05-14 11:56:33;OUVERTE
TXN-009217;CLT-0042;19057,33;Russie;Italie;14;1;40;0;0;0;40;ÉLEVÉ;2026-05-14 11:56:32;2026-05-14 11:56:33;OUVERTE
TXN-009197;CLT-0074;16272,83;France;Allemagne;14;1;40;0;0;0;40;ÉLEVÉ;2026-05-14 11:56:32;2026-05-14 11:56:33;OUVERTE
TXN-002553;CLT-0073;72411,01;Russie;France;14;1;40;0;0;0;40;ÉLEVÉ;2026-05-14 11:56:32;2026-05-14 11:56:33;OUVERTE
TXN-000211;CLT-0040;65734,25;France;Suisse;14;1;40;0;0;0;40;ÉLEVÉ;2026-05-14 11:56:32;2026-05-14 11:56:33;OUVERTE
TXN-000207;CLT-0068;69563,09;France;Allemagne;14;1;40;0;0;0;40;ÉLEVÉ;2026-05-14 11:56:32;2026-05-14 11:56:33;OUVERTE
TXN-000197;CLT-0020;25162,65;France;Italie;14;1;40;0;0;0;40;ÉLEVÉ;2026-05-14 11:56:32;2026-05-14 11:56:33;OUVERTE
TXN-002390;CLT-0074;79687,86;Espagne;Allemagne;14;1;40;0;0;0;40;ÉLEVÉ;2026-05-14 11:56:32;2026-05-14 11:56:33;OUVERTE
TXN-002377;CLT-0024;11308,72;France;Espagne;14;1;40;0;0;0;40;ÉLEVÉ;2026-05-14 11:56:32;2026-05-14 11:56:33;OUVERTE
TXN-002348;CLT-0016;11373,36;Espagne;Espagne;14;1;40;0;0;0;40;ÉLEVÉ;2026-05-14 11:56:32;2026-05-14 11:56:33;OUVERTE
TXN-002346;CLT-0077;67436,75;France;France;14;1;40;0;0;0;40;ÉLEVÉ;2026-05-14 11:56:32;2026-05-14 11:56:33;OUVERTE
TXN-002344;CLT-0048;86747,62;France;Suisse;14;1;40;0;0;0;40;ÉLEVÉ;2026-05-14 11:56:32;2026-05-14 11:56:33;OUVERTE
TXN-002336;CLT-0043;88807,88;France;Suisse;14;1;40;0;0;0;40;ÉLEVÉ;2026-05-14 11:56:32;2026-05-14 11:56:33;OUVERTE
TXN-002325;CLT-0093;79887,56;Allemagne;Suisse;14;1;40;0;0;0;40;ÉLEVÉ;2026-05-14 11:56:32;2026-05-14 11:56:33;OUVERTE
TXN-000176;CLT-0055;32235,43;France;Espagne;14;1;40;0;0;0;40;ÉLEVÉ;2026-05-14 11:56:32;2026-05-14 11:56:33;OUVERTE
TXN-009326;CLT-0040;31253,65;Russie;Suisse;14;1;40;0;0;0;40;ÉLEVÉ;2026-05-14 11:56:32;2026-05-14 11:56:33;OUVERTE
TXN-009322;CLT-0087;48461,49;Allemagne;Italie;14;1;40;0;0;0;40;ÉLEVÉ;2026-05-14 11:56:32;2026-05-14 11:56:33;OUVERTE
TXN-009316;CLT-0036;28478,46;Russie;Italie;14;1;40;0;0;0;40;ÉLEVÉ;2026-05-14 11:56:32;2026-05-14 11:56:33;OUVERTE
TXN-009306;CLT-0049;60516,06;Espagne;France;14;1;40;0;0;0;40;ÉLEVÉ;2026-05-14 11:56:32;2026-05-14 11:56:33;OUVERTE
TXN-009295;CLT-0088;93264,3;France;Allemagne;14;1;40;0;0;0;40;ÉLEVÉ;2026-05-14 11:56:32;2026-05-14 11:56:33;OUVERTE
TXN-009352;CLT-0001;58136,9;Espagne;France;14;1;40;0;0;0;40;ÉLEVÉ;2026-05-14 11:56:32;2026-05-14 11:56:33;OUVERTE
TXN-002313;CLT-0052;69914,9;France;France;14;1;40;0;0;0;40;ÉLEVÉ;2026-05-14 11:56:32;2026-05-14 11:56:33;OUVERTE
TXN-002294;CLT-0032;70039,32;Russie;Suisse;14;1;40;0;0;0;40;ÉLEVÉ;2026-05-14 11:56:32;2026-05-14 11:56:33;OUVERTE
TXN-002284;CLT-0002;31965,92;Espagne;Espagne;14;1;40;0;0;0;40;ÉLEVÉ;2026-05-14 11:56:32;2026-05-14 11:56:33;OUVERTE
TXN-002283;CLT-0020;72349,98;Russie;Italie;14;1;40;0;0;0;40;ÉLEVÉ;2026-05-14 11:56:32;2026-05-14 11:56:33;OUVERTE
TXN-002280;CLT-0062;43702,67;Allemagne;France;14;1;40;0;0;0;40;ÉLEVÉ;2026-05-14 11:56:32;2026-05-14 11:56:33;OUVERTE
TXN-002279;CLT-0040;69625,67;France;Suisse;14;1;40;0;0;0;40;ÉLEVÉ;2026-05-14 11:56:32;2026-05-14 11:56:33;OUVERTE
TXN-002273;CLT-0026;67209,97;France;Italie;14;1;40;0;0;0;40;ÉLEVÉ;2026-05-14 11:56:32;2026-05-14 11:56:33;OUVERTE
TXN-002271;CLT-0056;38243,31;France;Allemagne;14;1;40;0;0;0;40;ÉLEVÉ;2026-05-14 11:56:32;2026-05-14 11:56:33;OUVERTE
TXN-002270;CLT-0016;92832,65;Espagne;Espagne;14;1;40;0;0;0;40;ÉLEVÉ;2026-05-14 11:56:32;2026-05-14 11:56:33;OUVERTE
TXN-002269;CLT-0004;39791,74;France;Suisse;14;1;40;0;0;0;40;ÉLEVÉ;2026-05-14 11:56:32;2026-05-14 11:56:33;OUVERTE
TXN-002266;CLT-0044;32299,55;France;France;14;1;40;0;0;0;40;ÉLEVÉ;2026-05-14 11:56:32;2026-05-14 11:56:33;OUVERTE
TXN-002258;CLT-0029;52781,86;France;France;14;1;40;0;0;0;40;ÉLEVÉ;2026-05-14 11:56:32;2026-05-14 11:56:33;OUVERTE
TXN-009349;CLT-0088;79987,49;Allemagne;Allemagne;14;1;40;0;0;0;40;ÉLEVÉ;2026-05-14 11:56:32;2026-05-14 11:56:33;OUVERTE
TXN-009347;CLT-0053;45530,22;France;Espagne;14;1;40;0;0;0;40;ÉLEVÉ;2026-05-14 11:56:32;2026-05-14 11:56:33;OUVERTE
TXN-000229;CLT-0090;32958,51;Russie;France;14;1;40;0;0;0;40;ÉLEVÉ;2026-05-14 11:56:32;2026-05-14 11:56:33;OUVERTE
TXN-009531;CLT-0004;84604,59;Espagne;Suisse;14;1;40;0;0;0;40;ÉLEVÉ;2026-05-14 11:56:32;2026-05-14 11:56:33;OUVERTE
TXN-009521;CLT-0027;66351,94;Russie;Espagne;14;1;40;0;0;0;40;ÉLEVÉ;2026-05-14 11:56:32;2026-05-14 11:56:33;OUVERTE
TXN-009506;CLT-0045;76517,54;France;France;14;1;40;0;0;0;40;ÉLEVÉ;2026-05-14 11:56:32;2026-05-14 11:56:33;OUVERTE
TXN-009498;CLT-0088;11931,37;France;Allemagne;14;1;40;0;0;0;40;ÉLEVÉ;2026-05-14 11:56:32;2026-05-14 11:56:33;OUVERTE
TXN-009490;CLT-0044;33149,33;Russie;France;14;1;40;0;0;0;40;ÉLEVÉ;2026-05-14 11:56:32;2026-05-14 11:56:33;OUVERTE
TXN-009489;CLT-0011;28399,99;France;France;14;1;40;0;0;0;40;ÉLEVÉ;2026-05-14 11:56:32;2026-05-14 11:56:33;OUVERTE
TXN-009479;CLT-0057;84450,24;Russie;France;14;1;40;0;0;0;40;ÉLEVÉ;2026-05-14 11:56:32;2026-05-14 11:56:33;OUVERTE
TXN-009462;CLT-0049;25025,3;France;France;14;1;40;0;0;0;40;ÉLEVÉ;2026-05-14 11:56:32;2026-05-14 11:56:33;OUVERTE
TXN-009455;CLT-0032;19102,96;Russie;Suisse;14;1;40;0;0;0;40;ÉLEVÉ;2026-05-14 11:56:32;2026-05-14 11:56:33;OUVERTE
TXN-009435;CLT-0084;80309,93;France;Italie;14;1;40;0;0;0;40;ÉLEVÉ;2026-05-14 11:56:32;2026-05-14 11:56:33;OUVERTE
TXN-009420;CLT-0035;61861,01;Russie;Espagne;14;1;40;0;0;0;40;ÉLEVÉ;2026-05-14 11:56:32;2026-05-14 11:56:33;OUVERTE
TXN-009415;CLT-0049;80383,61;France;France;14;1;40;0;0;0;40;ÉLEVÉ;2026-05-14 11:56:32;2026-05-14 11:56:33;OUVERTE
TXN-009409;CLT-0044;50377,99;Russie;France;14;1;40;0;0;0;40;ÉLEVÉ;2026-05-14 11:56:32;2026-05-14 11:56:33;OUVERTE
TXN-009376;CLT-0032;86843,16;Espagne;Suisse;14;1;40;0;0;0;40;ÉLEVÉ;2026-05-14 11:56:32;2026-05-14 11:56:33;OUVERTE
TXN-009372;CLT-0024;74486,7;Allemagne;Espagne;14;1;40;0;0;0;40;ÉLEVÉ;2026-05-14 11:56:32;2026-05-14 11:56:33;OUVERTE
TXN-009364;CLT-0049;42341,73;France;France;14;1;40;0;0;0;40;ÉLEVÉ;2026-05-14 11:56:32;2026-05-14 11:56:33;OUVERTE
TXN-009612;CLT-0049;74141,34;Russie;France;14;1;40;0;0;0;40;ÉLEVÉ;2026-05-14 11:56:32;2026-05-14 11:56:33;OUVERTE
TXN-009604;CLT-0060;56805,29;Espagne;Italie;14;1;40;0;0;0;40;ÉLEVÉ;2026-05-14 11:56:32;2026-05-14 11:56:33;OUVERTE
TXN-009599;CLT-0025;41406,4;Allemagne;Italie;14;1;40;0;0;0;40;ÉLEVÉ;2026-05-14 11:56:32;2026-05-14 11:56:33;OUVERTE
TXN-009593;CLT-0064;45552,56;France;France;14;1;40;0;0;0;40;ÉLEVÉ;2026-05-14 11:56:32;2026-05-14 11:56:33;OUVERTE
TXN-009574;CLT-0043;75022,82;Espagne;Suisse;14;1;40;0;0;0;40;ÉLEVÉ;2026-05-14 11:56:32;2026-05-14 11:56:33;OUVERTE
TXN-009564;CLT-0028;12286,16;France;France;14;1;40;0;0;0;40;ÉLEVÉ;2026-05-14 11:56:32;2026-05-14 11:56:33;OUVERTE
TXN-009558;CLT-0021;44429,61;Russie;France;14;1;40;0;0;0;40;ÉLEVÉ;2026-05-14 11:56:32;2026-05-14 11:56:33;OUVERTE
TXN-002252;CLT-0093;40802,2;France;Suisse;14;1;40;0;0;0;40;ÉLEVÉ;2026-05-14 11:56:32;2026-05-14 11:56:33;OUVERTE
TXN-002245;CLT-0073;81725,09;France;France;14;1;40;0;0;0;40;ÉLEVÉ;2026-05-14 11:56:32;2026-05-14 11:56:33;OUVERTE
TXN-002238;CLT-0093;23233,42;France;Suisse;14;1;40;0;0;0;40;ÉLEVÉ;2026-05-14 11:56:32;2026-05-14 11:56:33;OUVERTE
TXN-002237;CLT-0027;46153,58;France;Espagne;14;1;40;0;0;0;40;ÉLEVÉ;2026-05-14 11:56:32;2026-05-14 11:56:33;OUVERTE
TXN-002187;CLT-0098;27800,0;Russie;Espagne;14;1;40;0;0;0;40;ÉLEVÉ;2026-05-14 11:56:32;2026-05-14 11:56:33;OUVERTE
TXN-002160;CLT-0053;10812,06;Russie;Espagne;14;1;40;0;0;0;40;ÉLEVÉ;2026-05-14 11:56:32;2026-05-14 11:56:33;OUVERTE
TXN-002157;CLT-0060;10687,41;Allemagne;Italie;14;1;40;0;0;0;40;ÉLEVÉ;2026-05-14 11:56:32;2026-05-14 11:56:33;OUVERTE
TXN-009541;CLT-0019;45689,89;France;Espagne;14;1;40;0;0;0;40;ÉLEVÉ;2026-05-14 11:56:32;2026-05-14 11:56:33;OUVERTE
TXN-009540;CLT-0088;60845,9;Espagne;Allemagne;14;1;40;0;0;0;40;ÉLEVÉ;2026-05-14 11:56:32;2026-05-14 11:56:33;OUVERTE
TXN-009719;CLT-0007;64768,36;France;Suisse;14;1;40;0;0;0;40;ÉLEVÉ;2026-05-14 11:56:32;2026-05-14 11:56:33;OUVERTE
TXN-009698;CLT-0068;55916,8;Allemagne;Allemagne;14;1;40;0;0;0;40;ÉLEVÉ;2026-05-14 11:56:32;2026-05-14 11:56:33;OUVERTE
TXN-009687;CLT-0094;80509,85;Allemagne;Allemagne;14;1;40;0;0;0;40;ÉLEVÉ;2026-05-14 11:56:32;2026-05-14 11:56:33;OUVERTE
TXN-009680;CLT-0039;77960,83;France;France;14;1;40;0;0;0;40;ÉLEVÉ;2026-05-14 11:56:32;2026-05-14 11:56:33;OUVERTE
TXN-009678;CLT-0077;93198,99;France;France;14;1;40;0;0;0;40;ÉLEVÉ;2026-05-14 11:56:32;2026-05-14 11:56:33;OUVERTE
TXN-009664;CLT-0039;88123,42;France;France;14;1;40;0;0;0;40;ÉLEVÉ;2026-05-14 11:56:32;2026-05-14 11:56:33;OUVERTE
TXN-002140;CLT-0048;73076,95;Espagne;Suisse;14;1;40;0;0;0;40;ÉLEVÉ;2026-05-14 11:56:32;2026-05-14 11:56:33;OUVERTE
TXN-002101;CLT-0052;74384,85;Espagne;France;14;1;40;0;0;0;40;ÉLEVÉ;2026-05-14 11:56:32;2026-05-14 11:56:33;OUVERTE
TXN-002091;CLT-0098;88822,09;France;Espagne;14;1;40;0;0;0;40;ÉLEVÉ;2026-05-14 11:56:32;2026-05-14 11:56:33;OUVERTE
TXN-002072;CLT-0094;87866,97;France;Allemagne;14;1;40;0;0;0;40;ÉLEVÉ;2026-05-14 11:56:32;2026-05-14 11:56:33;OUVERTE
TXN-002064;CLT-0008;80563,61;France;Suisse;14;1;40;0;0;0;40;ÉLEVÉ;2026-05-14 11:56:32;2026-05-14 11:56:33;OUVERTE
TXN-002063;CLT-0020;10508,82;France;Italie;14;1;40;0;0;0;40;ÉLEVÉ;2026-05-14 11:56:32;2026-05-14 11:56:33;OUVERTE
TXN-002060;CLT-0036;68508,42;France;Italie;14;1;40;0;0;0;40;ÉLEVÉ;2026-05-14 11:56:32;2026-05-14 11:56:33;OUVERTE
TXN-002058;CLT-0048;35003,99;France;Suisse;14;1;40;0;0;0;40;ÉLEVÉ;2026-05-14 11:56:32;2026-05-14 11:56:33;OUVERTE
TXN-009649;CLT-0056;34451,38;France;Allemagne;14;1;40;0;0;0;40;ÉLEVÉ;2026-05-14 11:56:32;2026-05-14 11:56:33;OUVERTE
TXN-009647;CLT-0007;9191,07;Russie;Suisse;14;1;40;0;0;0;40;ÉLEVÉ;2026-05-14 11:56:32;2026-05-14 11:56:33;OUVERTE
TXN-001878;CLT-0073;32657,73;France;France;14;1;40;0;0;0;40;ÉLEVÉ;2026-05-14 11:56:32;2026-05-14 11:56:33;OUVERTE
TXN-001872;CLT-0062;18597,59;Allemagne;France;14;1;40;0;0;0;40;ÉLEVÉ;2026-05-14 11:56:32;2026-05-14 11:56:33;OUVERTE
TXN-001870;CLT-0016;8003,11;France;Espagne;14;1;40;0;0;0;40;ÉLEVÉ;2026-05-14 11:56:32;2026-05-14 11:56:33;OUVERTE
TXN-001863;CLT-0052;81524,34;Russie;France;14;1;40;0;0;0;40;ÉLEVÉ;2026-05-14 11:56:32;2026-05-14 11:56:33;OUVERTE
TXN-001857;CLT-0040;56222,69;Espagne;Suisse;14;1;40;0;0;0;40;ÉLEVÉ;2026-05-14 11:56:32;2026-05-14 11:56:33;OUVERTE
TXN-001850;CLT-0046;34606,47;France;France;14;1;40;0;0;0;40;ÉLEVÉ;2026-05-14 11:56:32;2026-05-14 11:56:33;OUVERTE
TXN-002048;CLT-0042;49365,37;France;Italie;14;1;40;0;0;0;40;ÉLEVÉ;2026-05-14 11:56:32;2026-05-14 11:56:33;OUVERTE
TXN-002044;CLT-0036;21260,7;Espagne;Italie;14;1;40;0;0;0;40;ÉLEVÉ;2026-05-14 11:56:32;2026-05-14 11:56:33;OUVERTE
TXN-002033;CLT-0052;84056,71;Espagne;France;14;1;40;0;0;0;40;ÉLEVÉ;2026-05-14 11:56:32;2026-05-14 11:56:33;OUVERTE
TXN-002027;CLT-0053;67942,79;Espagne;Espagne;14;1;40;0;0;0;40;ÉLEVÉ;2026-05-14 11:56:32;2026-05-14 11:56:33;OUVERTE
TXN-002017;CLT-0061;92325,83;Espagne;France;14;1;40;0;0;0;40;ÉLEVÉ;2026-05-14 11:56:32;2026-05-14 11:56:33;OUVERTE
TXN-002014;CLT-0078;72610,72;France;Suisse;14;1;40;0;0;0;40;ÉLEVÉ;2026-05-14 11:56:32;2026-05-14 11:56:33;OUVERTE
TXN-002011;CLT-0032;62945,33;Espagne;Suisse;14;1;40;0;0;0;40;ÉLEVÉ;2026-05-14 11:56:32;2026-05-14 11:56:33;OUVERTE
TXN-001989;CLT-0087;40730,19;Espagne;Italie;14;1;40;0;0;0;40;ÉLEVÉ;2026-05-14 11:56:32;2026-05-14 11:56:33;OUVERTE
TXN-009728;CLT-0007;64359,47;Espagne;Suisse;14;1;40;0;0;0;40;ÉLEVÉ;2026-05-14 11:56:32;2026-05-14 11:56:33;OUVERTE
TXN-009720;CLT-0007;32187,9;Espagne;Suisse;14;1;40;0;0;0;40;ÉLEVÉ;2026-05-14 11:56:32;2026-05-14 11:56:33;OUVERTE
TXN-009899;CLT-0077;85188,74;Espagne;France;14;1;40;0;0;0;40;ÉLEVÉ;2026-05-14 11:56:32;2026-05-14 11:56:33;OUVERTE
TXN-009995;CLT-0078;77986,68;France;Suisse;14;1;40;0;0;0;40;ÉLEVÉ;2026-05-14 11:56:32;2026-05-14 11:56:33;OUVERTE
TXN-009994;CLT-0049;17096,49;France;France;14;1;40;0;0;0;40;ÉLEVÉ;2026-05-14 11:56:32;2026-05-14 11:56:33;OUVERTE
TXN-000003;CLT-0009;52181,08;France;Suisse;14;1;40;0;0;0;40;ÉLEVÉ;2026-05-14 11:56:32;2026-05-14 11:56:33;OUVERTE
TXN-000012;CLT-0020;17312,13;Espagne;Italie;14;1;40;0;0;0;40;ÉLEVÉ;2026-05-14 11:56:32;2026-05-14 11:56:33;OUVERTE
TXN-009970;CLT-0026;89209,49;France;Italie;14;1;40;0;0;0;40;ÉLEVÉ;2026-05-14 11:56:32;2026-05-14 11:56:33;OUVERTE
TXN-009968;CLT-0011;93685,03;Allemagne;France;14;1;40;0;0;0;40;ÉLEVÉ;2026-05-14 11:56:32;2026-05-14 11:56:33;OUVERTE
TXN-009967;CLT-0086;58592,72;France;France;14;1;40;0;0;0;40;ÉLEVÉ;2026-05-14 11:56:32;2026-05-14 11:56:33;OUVERTE
TXN-009816;CLT-0052;92358,52;France;France;14;1;40;0;0;0;40;ÉLEVÉ;2026-05-14 11:56:32;2026-05-14 11:56:33;OUVERTE
TXN-009801;CLT-0045;35842,75;France;France;14;1;40;0;0;0;40;ÉLEVÉ;2026-05-14 11:56:32;2026-05-14 11:56:33;OUVERTE
TXN-009789;CLT-0090;8439,1;Allemagne;France;14;1;40;0;0;0;40;ÉLEVÉ;2026-05-14 11:56:32;2026-05-14 11:56:33;OUVERTE
TXN-009782;CLT-0007;9731,06;Espagne;Suisse;14;1;40;0;0;0;40;ÉLEVÉ;2026-05-14 11:56:32;2026-05-14 11:56:33;OUVERTE
TXN-009771;CLT-0023;58560,11;France;Allemagne;14;1;40;0;0;0;40;ÉLEVÉ;2026-05-14 11:56:32;2026-05-14 11:56:33;OUVERTE
TXN-009768;CLT-0075;64433,21;France;France;14;1;40;0;0;0;40;ÉLEVÉ;2026-05-14 11:56:32;2026-05-14 11:56:33;OUVERTE
TXN-009759;CLT-0021;11609,85;Espagne;France;14;1;40;0;0;0;40;ÉLEVÉ;2026-05-14 11:56:32;2026-05-14 11:56:33;OUVERTE
TXN-009751;CLT-0088;25924,89;France;Allemagne;14;1;40;0;0;0;40;ÉLEVÉ;2026-05-14 11:56:32;2026-05-14 11:56:33;OUVERTE
TXN-005834;CLT-0062;65130,03;France;France;14;1;40;0;0;0;40;ÉLEVÉ;2026-05-14 11:56:32;2026-05-14 11:56:33;OUVERTE
TXN-005826;CLT-0087;86216,16;France;Italie;14;1;40;0;0;0;40;ÉLEVÉ;2026-05-14 11:56:32;2026-05-14 11:56:33;OUVERTE
TXN-005817;CLT-0019;17983,88;France;Espagne;14;1;40;0;0;0;40;ÉLEVÉ;2026-05-14 11:56:32;2026-05-14 11:56:33;OUVERTE
TXN-005787;CLT-0088;43142,79;France;Allemagne;14;1;40;0;0;0;40;ÉLEVÉ;2026-05-14 11:56:32;2026-05-14 11:56:33;OUVERTE
TXN-005774;CLT-0011;63960,15;France;France;14;1;40;0;0;0;40;ÉLEVÉ;2026-05-14 11:56:32;2026-05-14 11:56:33;OUVERTE
TXN-005768;CLT-0062;12538,1;Russie;France;14;1;40;0;0;0;40;ÉLEVÉ;2026-05-14 11:56:32;2026-05-14 11:56:33;OUVERTE
TXN-005760;CLT-0074;38993,02;Allemagne;Allemagne;14;1;40;0;0;0;40;ÉLEVÉ;2026-05-14 11:56:32;2026-05-14 11:56:33;OUVERTE
TXN-005756;CLT-0009;84209,49;Espagne;Suisse;14;1;40;0;0;0;40;ÉLEVÉ;2026-05-14 11:56:32;2026-05-14 11:56:33;OUVERTE
TXN-005719;CLT-0003;72234,78;Russie;France;14;1;40;0;0;0;40;ÉLEVÉ;2026-05-14 11:56:32;2026-05-14 11:56:33;OUVERTE
TXN-009958;CLT-0092;57810,81;Espagne;Suisse;14;1;40;0;0;0;40;ÉLEVÉ;2026-05-14 11:56:32;2026-05-14 11:56:33;OUVERTE
TXN-009955;CLT-0075;52378,11;France;France;14;1;40;0;0;0;40;ÉLEVÉ;2026-05-14 11:56:32;2026-05-14 11:56:33;OUVERTE
TXN-009858;CLT-0094;48226,16;France;Allemagne;14;1;40;0;0;0;40;ÉLEVÉ;2026-05-14 11:56:32;2026-05-14 11:56:33;OUVERTE
TXN-009839;CLT-0022;80921,94;Espagne;Allemagne;14;1;40;0;0;0;40;ÉLEVÉ;2026-05-14 11:56:32;2026-05-14 11:56:33;OUVERTE
TXN-009835;CLT-0007;32750,65;Allemagne;Suisse;14;1;40;0;0;0;40;ÉLEVÉ;2026-05-14 11:56:32;2026-05-14 11:56:33;OUVERTE
TXN-009834;CLT-0086;92755,54;France;France;14;1;40;0;0;0;40;ÉLEVÉ;2026-05-14 11:56:32;2026-05-14 11:56:33;OUVERTE
TXN-009825;CLT-0098;78401,65;France;Espagne;14;1;40;0;0;0;40;ÉLEVÉ;2026-05-14 11:56:32;2026-05-14 11:56:33;OUVERTE
