transaction_id;client_id;montant;pays_destination;pays_client;heure;est_suspecte;score_montant;score_pays_destination;score_client;score_nocturne;score_risque;niveau_risque;date_calcul
TXN-000001;CLT-0008;957,59;France;Suisse;14;0;0;0;0;0;0;FAIBLE;2026-05-14 11:56:32
TXN-000002;CLT-0062;295,25;France;France;14;0;0;0;0;0;0;FAIBLE;2026-05-14 11:56:32
TXN-000003;CLT-0009;52181,08;France;Suisse;14;1;40;0;0;0;40;ÉLEVÉ;2026-05-14 11:56:32
TXN-000004;CLT-0073;1183,67;France;France;14;0;0;0;0;0;0;FAIBLE;2026-05-14 11:56:32
TXN-000005;CLT-0073;2101,93;Panama;France;14;0;0;25;0;0;25;MODÉRÉ;2026-05-14 11:56:32
TXN-000006;CLT-0031;1029,25;Îles Caïmans;Panama;14;0;0;25;20;0;45;ÉLEVÉ;2026-05-14 11:56:32
TXN-000007;CLT-0041;64158,57;France;Panama;14;1;40;0;20;0;60;ÉLEVÉ;2026-05-14 11:56:32
TXN-000008;CLT-0010;4992,29;Allemagne;Îles Caïmans;14;0;0;0;20;0;20;MODÉRÉ;2026-05-14 11:56:32
TXN-000009;CLT-0009;670,96;Panama;Suisse;14;0;0;25;0;0;25;MODÉRÉ;2026-05-14 11:56:32
TXN-000010;CLT-0091;2196,54;France;Allemagne;14;0;0;0;0;0;0;FAIBLE;2026-05-14 11:56:32
TXN-000011;CLT-0014;2777,47;Espagne;France;14;0;0;0;0;0;0;FAIBLE;2026-05-14 11:56:32
TXN-000012;CLT-0020;17312,13;Espagne;Italie;14;1;40;0;0;0;40;ÉLEVÉ;2026-05-14 11:56:32
TXN-000013;CLT-0088;3590,88;Russie;Allemagne;14;0;0;0;0;0;0;FAIBLE;2026-05-14 11:56:32
TXN-000014;CLT-0012;4541,71;Espagne;Panama;14;0;0;0;20;0;20;MODÉRÉ;2026-05-14 11:56:32
TXN-000015;CLT-0082;37019,42;France;Panama;14;1;40;0;20;0;60;ÉLEVÉ;2026-05-14 11:56:32
TXN-000016;CLT-0072;2762,89;France;Allemagne;14;0;0;0;0;0;0;FAIBLE;2026-05-14 11:56:32
TXN-000017;CLT-0070;84830,26;Panama;Italie;14;1;40;25;0;0;65;ÉLEVÉ;2026-05-14 11:56:32
TXN-000018;CLT-0006;748,99;Panama;France;14;0;0;25;0;0;25;MODÉRÉ;2026-05-14 11:56:32
TXN-000019;CLT-0046;3982,65;Allemagne;France;14;0;0;0;0;0;0;FAIBLE;2026-05-14 11:56:32
TXN-000020;CLT-0053;1774,86;France;Espagne;14;0;0;0;0;0;0;FAIBLE;2026-05-14 11:56:32
TXN-000021;CLT-0023;1191,32;France;Allemagne;14;0;0;0;0;0;0;FAIBLE;2026-05-14 11:56:32
TXN-000022;CLT-0086;4623,19;Espagne;France;14;0;0;0;0;0;0;FAIBLE;2026-05-14 11:56:32
TXN-000023;CLT-0005;3509,38;Allemagne;Panama;14;0;0;0;20;0;20;MODÉRÉ;2026-05-14 11:56:32
TXN-000024;CLT-0040;4593,07;Allemagne;Suisse;14;0;0;0;0;0;0;FAIBLE;2026-05-14 11:56:32
TXN-000025;CLT-0036;24802,29;Espagne;Italie;14;1;40;0;0;0;40;ÉLEVÉ;2026-05-14 11:56:32
TXN-000026;CLT-0069;2551,93;France;Panama;14;0;0;0;20;0;20;MODÉRÉ;2026-05-14 11:56:32
TXN-000027;CLT-0075;92424,85;France;France;14;1;40;0;0;0;40;ÉLEVÉ;2026-05-14 11:56:32
TXN-000028;CLT-0056;45807,05;France;Allemagne;14;1;40;0;0;0;40;ÉLEVÉ;2026-05-14 11:56:32
TXN-000029;CLT-0006;2887,17;France;France;14;0;0;0;0;0;0;FAIBLE;2026-05-14 11:56:32
TXN-000030;CLT-0093;4034,49;Panama;Suisse;14;0;0;25;0;0;25;MODÉRÉ;2026-05-14 11:56:32
TXN-000031;CLT-0080;4744,88;France;France;14;0;0;0;0;0;0;FAIBLE;2026-05-14 11:56:32
TXN-000032;CLT-0086;1508,61;Panama;France;14;0;0;25;0;0;25;MODÉRÉ;2026-05-14 11:56:32
TXN-000033;CLT-0025;1485,32;Îles Caïmans;Italie;14;0;0;25;0;0;25;MODÉRÉ;2026-05-14 11:56:32
TXN-000034;CLT-0073;4515,0;Îles Caïmans;France;14;0;0;25;0;0;25;MODÉRÉ;2026-05-14 11:56:32
TXN-000035;CLT-0027;12,03;Panama;Espagne;14;0;0;25;0;0;25;MODÉRÉ;2026-05-14 11:56:32
TXN-000036;CLT-0066;2216,38;France;Espagne;14;0;0;0;0;0;0;FAIBLE;2026-05-14 11:56:32
TXN-000037;CLT-0082;1426,09;Panama;Panama;14;0;0;25;20;0;45;ÉLEVÉ;2026-05-14 11:56:32
TXN-000038;CLT-0087;90823,97;Allemagne;Italie;14;1;40;0;0;0;40;ÉLEVÉ;2026-05-14 11:56:32
TXN-000039;CLT-0032;745,3;France;Suisse;14;0;0;0;0;0;0;FAIBLE;2026-05-14 11:56:32
TXN-000040;CLT-0025;4431,82;Russie;Italie;14;0;0;0;0;0;0;FAIBLE;2026-05-14 11:56:32
TXN-000041;CLT-0001;746,38;Îles Caïmans;France;14;0;0;25;0;0;25;MODÉRÉ;2026-05-14 11:56:32
TXN-000042;CLT-0067;4022,51;France;Panama;14;0;0;0;20;0;20;MODÉRÉ;2026-05-14 11:56:32
TXN-000043;CLT-0059;4588,18;Russie;Îles Caïmans;14;0;0;0;20;0;20;MODÉRÉ;2026-05-14 11:56:32
TXN-000044;CLT-0041;4939,58;Îles Caïmans;Panama;14;0;0;25;20;0;45;ÉLEVÉ;2026-05-14 11:56:32
TXN-000045;CLT-0096;2743,88;Russie;Panama;14;0;0;0;20;0;20;MODÉRÉ;2026-05-14 11:56:32
TXN-000046;CLT-0036;1243,73;Russie;Italie;14;0;0;0;0;0;0;FAIBLE;2026-05-14 11:56:32
TXN-000047;CLT-0092;1380,24;Allemagne;Suisse;14;0;0;0;0;0;0;FAIBLE;2026-05-14 11:56:32
TXN-000048;CLT-0011;1605,35;France;France;14;0;0;0;0;0;0;FAIBLE;2026-05-14 11:56:32
TXN-000049;CLT-0028;3472,81;Îles Caïmans;France;14;0;0;25;0;0;25;MODÉRÉ;2026-05-14 11:56:32
TXN-000050;CLT-0008;2717,63;Îles Caïmans;Suisse;14;0;0;25;0;0;25;MODÉRÉ;2026-05-14 11:56:32
TXN-000051;CLT-0003;3851,28;Îles Caïmans;France;14;0;0;25;0;0;25;MODÉRÉ;2026-05-14 11:56:32
TXN-000052;CLT-0097;4714,28;Îles Caïmans;Panama;14;0;0;25;20;0;45;ÉLEVÉ;2026-05-14 11:56:32
TXN-000053;CLT-0029;3675,82;Allemagne;France;14;0;0;0;0;0;0;FAIBLE;2026-05-14 11:56:32
TXN-000054;CLT-0044;2433,35;France;France;14;0;0;0;0;0;0;FAIBLE;2026-05-14 11:56:32
TXN-000055;CLT-0069;4598,51;Îles Caïmans;Panama;14;0;0;25;20;0;45;ÉLEVÉ;2026-05-14 11:56:32
TXN-000056;CLT-0083;3318,37;France;France;14;0;0;0;0;0;0;FAIBLE;2026-05-14 11:56:32
TXN-000057;CLT-0049;916,83;Allemagne;France;14;0;0;0;0;0;0;FAIBLE;2026-05-14 11:56:32
TXN-000058;CLT-0036;1694,13;Espagne;Italie;14;0;0;0;0;0;0;FAIBLE;2026-05-14 11:56:32
TXN-000059;CLT-0007;2356,83;Allemagne;Suisse;14;0;0;0;0;0;0;FAIBLE;2026-05-14 11:56:32
TXN-000060;CLT-0006;3908,35;Allemagne;France;14;0;0;0;0;0;0;FAIBLE;2026-05-14 11:56:32
TXN-000061;CLT-0031;111,7;Russie;Panama;14;0;0;0;20;0;20;MODÉRÉ;2026-05-14 11:56:32
TXN-000062;CLT-0060;2824,21;Panama;Italie;14;0;0;25;0;0;25;MODÉRÉ;2026-05-14 11:56:32
TXN-000063;CLT-0100;3040,16;Espagne;Suisse;14;0;0;0;0;0;0;FAIBLE;2026-05-14 11:56:32
TXN-000064;CLT-0074;10234,02;Îles Caïmans;Allemagne;14;1;40;25;0;0;65;ÉLEVÉ;2026-05-14 11:56:32
TXN-000065;CLT-0089;999,67;France;Îles Caïmans;14;0;0;0;20;0;20;MODÉRÉ;2026-05-14 11:56:32
TXN-000066;CLT-0077;1514,9;France;France;14;0;0;0;0;0;0;FAIBLE;2026-05-14 11:56:32
TXN-000067;CLT-0009;2147,61;Panama;Suisse;14;0;0;25;0;0;25;MODÉRÉ;2026-05-14 11:56:32
TXN-000068;CLT-0014;44545,11;Panama;France;14;1;40;25;0;0;65;ÉLEVÉ;2026-05-14 11:56:32
TXN-000069;CLT-0020;4145,25;France;Italie;14;0;0;0;0;0;0;FAIBLE;2026-05-14 11:56:32
TXN-000070;CLT-0079;4827,71;Russie;Îles Caïmans;14;0;0;0;20;0;20;MODÉRÉ;2026-05-14 11:56:32
TXN-000071;CLT-0035;4130,42;Allemagne;Espagne;14;0;0;0;0;0;0;FAIBLE;2026-05-14 11:56:32
TXN-000072;CLT-0032;442,45;Îles Caïmans;Suisse;14;0;0;25;0;0;25;MODÉRÉ;2026-05-14 11:56:32
TXN-000073;CLT-0024;2476,59;Allemagne;Espagne;14;0;0;0;0;0;0;FAIBLE;2026-05-14 11:56:32
TXN-000074;CLT-0077;1299,18;France;France;14;0;0;0;0;0;0;FAIBLE;2026-05-14 11:56:32
TXN-000075;CLT-0093;963,37;Russie;Suisse;14;0;0;0;0;0;0;FAIBLE;2026-05-14 11:56:32
TXN-000076;CLT-0083;1209,22;Russie;France;14;0;0;0;0;0;0;FAIBLE;2026-05-14 11:56:32
TXN-000077;CLT-0052;474,34;Espagne;France;14;0;0;0;0;0;0;FAIBLE;2026-05-14 11:56:32
TXN-000078;CLT-0068;1851,41;Îles Caïmans;Allemagne;14;0;0;25;0;0;25;MODÉRÉ;2026-05-14 11:56:32
TXN-000079;CLT-0090;2756,44;Espagne;France;14;0;0;0;0;0;0;FAIBLE;2026-05-14 11:56:32
TXN-000080;CLT-0041;1160,38;France;Panama;14;0;0;0;20;0;20;MODÉRÉ;2026-05-14 11:56:32
TXN-000081;CLT-0093;3695,64;Espagne;Suisse;14;0;0;0;0;0;0;FAIBLE;2026-05-14 11:56:32
TXN-000082;CLT-0030;4164,82;France;Allemagne;14;0;0;0;0;0;0;FAIBLE;2026-05-14 11:56:32
TXN-000083;CLT-0036;3543,01;France;Italie;14;0;0;0;0;0;0;FAIBLE;2026-05-14 11:56:32
TXN-000084;CLT-0082;3490,11;France;Panama;14;0;0;0;20;0;20;MODÉRÉ;2026-05-14 11:56:32
TXN-000085;CLT-0062;2874,58;Panama;France;14;0;0;25;0;0;25;MODÉRÉ;2026-05-14 11:56:32
TXN-000086;CLT-0015;266,37;Îles Caïmans;France;14;0;0;25;0;0;25;MODÉRÉ;2026-05-14 11:56:32
TXN-000087;CLT-0007;2889,34;France;Suisse;14;0;0;0;0;0;0;FAIBLE;2026-05-14 11:56:32
TXN-000088;CLT-0032;4746,14;Îles Caïmans;Suisse;14;0;0;25;0;0;25;MODÉRÉ;2026-05-14 11:56:32
TXN-000089;CLT-0100;3955,8;Îles Caïmans;Suisse;14;0;0;25;0;0;25;MODÉRÉ;2026-05-14 11:56:32
TXN-000090;CLT-0055;2219,18;France;Espagne;14;0;0;0;0;0;0;FAIBLE;2026-05-14 11:56:32
TXN-000091;CLT-0081;3703,05;Espagne;Îles Caïmans;14;0;0;0;20;0;20;MODÉRÉ;2026-05-14 11:56:32
TXN-000092;CLT-0071;793,71;France;Îles Caïmans;14;0;0;0;20;0;20;MODÉRÉ;2026-05-14 11:56:32
TXN-000093;CLT-0061;47193,82;France;France;14;1;40;0;0;0;40;ÉLEVÉ;2026-05-14 11:56:32
TXN-000094;CLT-0059;3537,71;Allemagne;Îles Caïmans;14;0;0;0;20;0;20;MODÉRÉ;2026-05-14 11:56:32
TXN-000095;CLT-0076;3941,26;Îles Caïmans;France;14;0;0;25;0;0;25;MODÉRÉ;2026-05-14 11:56:32
TXN-000096;CLT-0035;27558,42;France;Espagne;14;1;40;0;0;0;40;ÉLEVÉ;2026-05-14 11:56:32
TXN-000097;CLT-0096;76958,69;Espagne;Panama;14;1;40;0;20;0;60;ÉLEVÉ;2026-05-14 11:56:32
TXN-000098;CLT-0090;2348,8;Espagne;France;14;0;0;0;0;0;0;FAIBLE;2026-05-14 11:56:32
TXN-000099;CLT-0077;2474,04;Îles Caïmans;France;14;0;0;25;0;0;25;MODÉRÉ;2026-05-14 11:56:32
TXN-000100;CLT-0012;3022,53;France;Panama;14;0;0;0;20;0;20;MODÉRÉ;2026-05-14 11:56:32
TXN-000101;CLT-0074;3364,69;France;Allemagne;14;0;0;0;0;0;0;FAIBLE;2026-05-14 11:56:32
TXN-000102;CLT-0024;3261,03;Îles Caïmans;Espagne;14;0;0;25;0;0;25;MODÉRÉ;2026-05-14 11:56:32
TXN-000103;CLT-0061;2463,71;Îles Caïmans;France;14;0;0;25;0;0;25;MODÉRÉ;2026-05-14 11:56:32
TXN-000104;CLT-0043;3353,97;Russie;Suisse;14;0;0;0;0;0;0;FAIBLE;2026-05-14 11:56:32
TXN-000105;CLT-0005;4726,52;France;Panama;14;0;0;0;20;0;20;MODÉRÉ;2026-05-14 11:56:32
TXN-000106;CLT-0066;1623,14;Russie;Espagne;14;0;0;0;0;0;0;FAIBLE;2026-05-14 11:56:32
TXN-000107;CLT-0080;946,04;Russie;France;14;0;0;0;0;0;0;FAIBLE;2026-05-14 11:56:32
TXN-000108;CLT-0017;1025,76;Russie;Îles Caïmans;14;0;0;0;20;0;20;MODÉRÉ;2026-05-14 11:56:32
TXN-000109;CLT-0081;2428,71;Allemagne;Îles Caïmans;14;0;0;0;20;0;20;MODÉRÉ;2026-05-14 11:56:32
TXN-000110;CLT-0071;1560,64;France;Îles Caïmans;14;0;0;0;20;0;20;MODÉRÉ;2026-05-14 11:56:32
TXN-000111;CLT-0060;4208,61;France;Italie;14;0;0;0;0;0;0;FAIBLE;2026-05-14 11:56:32
TXN-000112;CLT-0091;3585,85;Îles Caïmans;Allemagne;14;0;0;25;0;0;25;MODÉRÉ;2026-05-14 11:56:32
TXN-000113;CLT-0059;4901,42;France;Îles Caïmans;14;0;0;0;20;0;20;MODÉRÉ;2026-05-14 11:56:32
TXN-000114;CLT-0096;4610,12;France;Panama;14;0;0;0;20;0;20;MODÉRÉ;2026-05-14 11:56:32
TXN-000115;CLT-0044;3952,13;Espagne;France;14;0;0;0;0;0;0;FAIBLE;2026-05-14 11:56:32
TXN-000116;CLT-0076;1421,37;Russie;France;14;0;0;0;0;0;0;FAIBLE;2026-05-14 11:56:32
TXN-000117;CLT-0045;2238,27;Îles Caïmans;France;14;0;0;25;0;0;25;MODÉRÉ;2026-05-14 11:56:32
TXN-000118;CLT-0090;1615,67;Îles Caïmans;France;14;0;0;25;0;0;25;MODÉRÉ;2026-05-14 11:56:32
TXN-000119;CLT-0041;3879,97;Îles Caïmans;Panama;14;0;0;25;20;0;45;ÉLEVÉ;2026-05-14 11:56:32
TXN-000120;CLT-0020;3321,81;France;Italie;14;0;0;0;0;0;0;FAIBLE;2026-05-14 11:56:32
TXN-000121;CLT-0013;91985,76;France;France;14;1;40;0;0;0;40;ÉLEVÉ;2026-05-14 11:56:32
TXN-000122;CLT-0053;2290,07;France;Espagne;14;0;0;0;0;0;0;FAIBLE;2026-05-14 11:56:32
TXN-000123;CLT-0080;4846,33;France;France;14;0;0;0;0;0;0;FAIBLE;2026-05-14 11:56:32
TXN-000124;CLT-0049;4263,18;Russie;France;14;0;0;0;0;0;0;FAIBLE;2026-05-14 11:56:32
TXN-000125;CLT-0031;189,14;Allemagne;Panama;14;0;0;0;20;0;20;MODÉRÉ;2026-05-14 11:56:32
TXN-000126;CLT-0098;2175,52;Russie;Espagne;14;0;0;0;0;0;0;FAIBLE;2026-05-14 11:56:32
TXN-000127;CLT-0006;1504,34;France;France;14;0;0;0;0;0;0;FAIBLE;2026-05-14 11:56:32
TXN-000128;CLT-0032;1880,46;Îles Caïmans;Suisse;14;0;0;25;0;0;25;MODÉRÉ;2026-05-14 11:56:32
TXN-000129;CLT-0023;3964,67;Îles Caïmans;Allemagne;14;0;0;25;0;0;25;MODÉRÉ;2026-05-14 11:56:32
TXN-000130;CLT-0019;1211,74;Russie;Espagne;14;0;0;0;0;0;0;FAIBLE;2026-05-14 11:56:32
TXN-000131;CLT-0002;2303,26;Espagne;Espagne;14;0;0;0;0;0;0;FAIBLE;2026-05-14 11:56:32
TXN-000132;CLT-0045;798,3;Espagne;France;14;0;0;0;0;0;0;FAIBLE;2026-05-14 11:56:32
TXN-000133;CLT-0059;2127,3;Allemagne;Îles Caïmans;14;0;0;0;20;0;20;MODÉRÉ;2026-05-14 11:56:32
TXN-000134;CLT-0031;4268,14;Panama;Panama;14;0;0;25;20;0;45;ÉLEVÉ;2026-05-14 11:56:32
TXN-000135;CLT-0003;4963,53;Espagne;France;14;0;0;0;0;0;0;FAIBLE;2026-05-14 11:56:32
TXN-000136;CLT-0078;83260,86;Espagne;Suisse;14;1;40;0;0;0;40;ÉLEVÉ;2026-05-14 11:56:32
TXN-000137;CLT-0029;1158,29;Espagne;France;14;0;0;0;0;0;0;FAIBLE;2026-05-14 11:56:32
TXN-000138;CLT-0088;3607,43;France;Allemagne;14;0;0;0;0;0;0;FAIBLE;2026-05-14 11:56:32
TXN-000139;CLT-0057;3235,24;Panama;France;14;0;0;25;0;0;25;MODÉRÉ;2026-05-14 11:56:32
TXN-000140;CLT-0042;459,77;France;Italie;14;0;0;0;0;0;0;FAIBLE;2026-05-14 11:56:32
TXN-000141;CLT-0068;3934,7;Espagne;Allemagne;14;0;0;0;0;0;0;FAIBLE;2026-05-14 11:56:32
TXN-000142;CLT-0038;1292,28;France;Îles Caïmans;14;0;0;0;20;0;20;MODÉRÉ;2026-05-14 11:56:32
TXN-000143;CLT-0087;385,74;Panama;Italie;14;0;0;25;0;0;25;MODÉRÉ;2026-05-14 11:56:32
TXN-000144;CLT-0069;42327,99;Russie;Panama;14;1;40;0;20;0;60;ÉLEVÉ;2026-05-14 11:56:32
TXN-000145;CLT-0075;3747,57;Panama;France;14;0;0;25;0;0;25;MODÉRÉ;2026-05-14 11:56:32
TXN-000146;CLT-0080;28342,51;Panama;France;14;1;40;25;0;0;65;ÉLEVÉ;2026-05-14 11:56:32
TXN-000147;CLT-0082;1114,62;Espagne;Panama;14;0;0;0;20;0;20;MODÉRÉ;2026-05-14 11:56:32
TXN-000148;CLT-0005;592,21;Russie;Panama;14;0;0;0;20;0;20;MODÉRÉ;2026-05-14 11:56:32
TXN-000149;CLT-0018;28427,6;Russie;Panama;14;1;40;0;20;0;60;ÉLEVÉ;2026-05-14 11:56:32
TXN-000150;CLT-0070;4747,41;France;Italie;14;0;0;0;0;0;0;FAIBLE;2026-05-14 11:56:32
TXN-000151;CLT-0079;3278,06;Espagne;Îles Caïmans;14;0;0;0;20;0;20;MODÉRÉ;2026-05-14 11:56:32
TXN-000152;CLT-0057;40236,11;Panama;France;14;1;40;25;0;0;65;ÉLEVÉ;2026-05-14 11:56:32
TXN-000153;CLT-0083;67654,18;France;France;14;1;40;0;0;0;40;ÉLEVÉ;2026-05-14 11:56:32
TXN-000154;CLT-0059;957,14;Allemagne;Îles Caïmans;14;0;0;0;20;0;20;MODÉRÉ;2026-05-14 11:56:32
TXN-000155;CLT-0007;2989,76;Allemagne;Suisse;14;0;0;0;0;0;0;FAIBLE;2026-05-14 11:56:32
TXN-000156;CLT-0009;3937,02;Allemagne;Suisse;14;0;0;0;0;0;0;FAIBLE;2026-05-14 11:56:32
TXN-000157;CLT-0043;4067,13;France;Suisse;14;0;0;0;0;0;0;FAIBLE;2026-05-14 11:56:32
TXN-000158;CLT-0070;4920,3;France;Italie;14;0;0;0;0;0;0;FAIBLE;2026-05-14 11:56:32
TXN-000159;CLT-0002;83380,97;Allemagne;Espagne;14;1;40;0;0;0;40;ÉLEVÉ;2026-05-14 11:56:32
TXN-000160;CLT-0007;88,75;Îles Caïmans;Suisse;14;0;0;25;0;0;25;MODÉRÉ;2026-05-14 11:56:32
TXN-000161;CLT-0058;3730,87;France;France;14;0;0;0;0;0;0;FAIBLE;2026-05-14 11:56:32
TXN-000162;CLT-0006;1115,53;Espagne;France;14;0;0;0;0;0;0;FAIBLE;2026-05-14 11:56:32
TXN-000163;CLT-0062;4820,49;Îles Caïmans;France;14;0;0;25;0;0;25;MODÉRÉ;2026-05-14 11:56:32
TXN-000164;CLT-0010;2456,44;Panama;Îles Caïmans;14;0;0;25;20;0;45;ÉLEVÉ;2026-05-14 11:56:32
TXN-000165;CLT-0080;337,75;Panama;France;14;0;0;25;0;0;25;MODÉRÉ;2026-05-14 11:56:32
TXN-000166;CLT-0059;2990,99;Îles Caïmans;Îles Caïmans;14;0;0;25;20;0;45;ÉLEVÉ;2026-05-14 11:56:32
TXN-000167;CLT-0084;69054,81;Allemagne;Italie;14;1;40;0;0;0;40;ÉLEVÉ;2026-05-14 11:56:32
TXN-000168;CLT-0044;4441,57;Îles Caïmans;France;14;0;0;25;0;0;25;MODÉRÉ;2026-05-14 11:56:32
TXN-000169;CLT-0041;484,48;Panama;Panama;14;0;0;25;20;0;45;ÉLEVÉ;2026-05-14 11:56:32
TXN-000170;CLT-0009;3437,24;France;Suisse;14;0;0;0;0;0;0;FAIBLE;2026-05-14 11:56:32
TXN-000171;CLT-0017;16401,11;France;Îles Caïmans;14;1;40;0;20;0;60;ÉLEVÉ;2026-05-14 11:56:32
TXN-000172;CLT-0086;2812,32;Îles Caïmans;France;14;0;0;25;0;0;25;MODÉRÉ;2026-05-14 11:56:32
TXN-000173;CLT-0093;3330,05;Espagne;Suisse;14;0;0;0;0;0;0;FAIBLE;2026-05-14 11:56:32
TXN-000174;CLT-0065;1764,71;France;Îles Caïmans;14;0;0;0;20;0;20;MODÉRÉ;2026-05-14 11:56:32
TXN-000175;CLT-0045;1128,98;Panama;France;14;0;0;25;0;0;25;MODÉRÉ;2026-05-14 11:56:32
TXN-000176;CLT-0055;32235,43;France;Espagne;14;1;40;0;0;0;40;ÉLEVÉ;2026-05-14 11:56:32
TXN-000177;CLT-0035;3292,58;France;Espagne;14;0;0;0;0;0;0;FAIBLE;2026-05-14 11:56:32
TXN-000178;CLT-0045;3814,42;France;France;14;0;0;0;0;0;0;FAIBLE;2026-05-14 11:56:32
TXN-000179;CLT-0009;2835,94;France;Suisse;14;0;0;0;0;0;0;FAIBLE;2026-05-14 11:56:32
TXN-000180;CLT-0054;54151,99;Panama;Suisse;14;1;40;25;0;0;65;ÉLEVÉ;2026-05-14 11:56:32
TXN-000181;CLT-0100;1565,07;France;Suisse;14;0;0;0;0;0;0;FAIBLE;2026-05-14 11:56:32
TXN-000182;CLT-0007;786,34;Espagne;Suisse;14;0;0;0;0;0;0;FAIBLE;2026-05-14 11:56:32
TXN-000183;CLT-0057;2125,83;Espagne;France;14;0;0;0;0;0;0;FAIBLE;2026-05-14 11:56:32
TXN-000184;CLT-0056;2566,61;Espagne;Allemagne;14;0;0;0;0;0;0;FAIBLE;2026-05-14 11:56:32
TXN-000185;CLT-0086;2969,74;France;France;14;0;0;0;0;0;0;FAIBLE;2026-05-14 11:56:32
TXN-000186;CLT-0001;4922,38;Espagne;France;14;0;0;0;0;0;0;FAIBLE;2026-05-14 11:56:32
TXN-000187;CLT-0038;3839,07;France;Îles Caïmans;14;0;0;0;20;0;20;MODÉRÉ;2026-05-14 11:56:32
TXN-000188;CLT-0017;72990,23;Allemagne;Îles Caïmans;14;1;40;0;20;0;60;ÉLEVÉ;2026-05-14 11:56:32
TXN-000189;CLT-0010;4168,44;France;Îles Caïmans;14;0;0;0;20;0;20;MODÉRÉ;2026-05-14 11:56:32
TXN-000190;CLT-0041;2304,17;Îles Caïmans;Panama;14;0;0;25;20;0;45;ÉLEVÉ;2026-05-14 11:56:32
TXN-000191;CLT-0038;3550,4;Îles Caïmans;Îles Caïmans;14;0;0;25;20;0;45;ÉLEVÉ;2026-05-14 11:56:32
TXN-000192;CLT-0059;36254,83;France;Îles Caïmans;14;1;40;0;20;0;60;ÉLEVÉ;2026-05-14 11:56:32
TXN-000193;CLT-0076;538,26;France;France;14;0;0;0;0;0;0;FAIBLE;2026-05-14 11:56:32
TXN-000194;CLT-0029;1558,27;France;France;14;0;0;0;0;0;0;FAIBLE;2026-05-14 11:56:32
TXN-000195;CLT-0066;63090,55;Panama;Espagne;14;1;40;25;0;0;65;ÉLEVÉ;2026-05-14 11:56:32
TXN-000196;CLT-0019;4791,53;France;Espagne;14;0;0;0;0;0;0;FAIBLE;2026-05-14 11:56:32
TXN-000197;CLT-0020;25162,65;France;Italie;14;1;40;0;0;0;40;ÉLEVÉ;2026-05-14 11:56:32
TXN-000198;CLT-0097;3143,46;Russie;Panama;14;0;0;0;20;0;20;MODÉRÉ;2026-05-14 11:56:32
TXN-000199;CLT-0082;4411,42;Panama;Panama;14;0;0;25;20;0;45;ÉLEVÉ;2026-05-14 11:56:32
TXN-000200;CLT-0057;3139,81;Russie;France;14;0;0;0;0;0;0;FAIBLE;2026-05-14 11:56:32
TXN-000201;CLT-0076;1521,07;Panama;France;14;0;0;25;0;0;25;MODÉRÉ;2026-05-14 11:56:32
TXN-000202;CLT-0005;1558,94;Panama;Panama;14;0;0;25;20;0;45;ÉLEVÉ;2026-05-14 11:56:32
TXN-000203;CLT-0079;392,89;Îles Caïmans;Îles Caïmans;14;0;0;25;20;0;45;ÉLEVÉ;2026-05-14 11:56:32
TXN-000204;CLT-0058;2776,04;Allemagne;France;14;0;0;0;0;0;0;FAIBLE;2026-05-14 11:56:32
TXN-000205;CLT-0008;2383,39;France;Suisse;14;0;0;0;0;0;0;FAIBLE;2026-05-14 11:56:32
TXN-000206;CLT-0011;4188,51;France;France;14;0;0;0;0;0;0;FAIBLE;2026-05-14 11:56:32
TXN-000207;CLT-0068;69563,09;France;Allemagne;14;1;40;0;0;0;40;ÉLEVÉ;2026-05-14 11:56:32
TXN-000208;CLT-0053;4590,5;France;Espagne;14;0;0;0;0;0;0;FAIBLE;2026-05-14 11:56:32
TXN-000209;CLT-0043;3240,05;Îles Caïmans;Suisse;14;0;0;25;0;0;25;MODÉRÉ;2026-05-14 11:56:32
TXN-000210;CLT-0078;3621,43;Panama;Suisse;14;0;0;25;0;0;25;MODÉRÉ;2026-05-14 11:56:32
TXN-000211;CLT-0040;65734,25;France;Suisse;14;1;40;0;0;0;40;ÉLEVÉ;2026-05-14 11:56:32
TXN-000212;CLT-0072;4690,63;Panama;Allemagne;14;0;0;25;0;0;25;MODÉRÉ;2026-05-14 11:56:32
TXN-000213;CLT-0068;3353,88;Îles Caïmans;Allemagne;14;0;0;25;0;0;25;MODÉRÉ;2026-05-14 11:56:32
TXN-000214;CLT-0024;100,97;Panama;Espagne;14;0;0;25;0;0;25;MODÉRÉ;2026-05-14 11:56:32
TXN-000215;CLT-0018;2436,49;France;Panama;14;0;0;0;20;0;20;MODÉRÉ;2026-05-14 11:56:32
TXN-000216;CLT-0099;3942,72;France;Panama;14;0;0;0;20;0;20;MODÉRÉ;2026-05-14 11:56:32
TXN-000217;CLT-0017;4383,2;Îles Caïmans;Îles Caïmans;14;0;0;25;20;0;45;ÉLEVÉ;2026-05-14 11:56:32
TXN-000218;CLT-0099;912,42;France;Panama;14;0;0;0;20;0;20;MODÉRÉ;2026-05-14 11:56:32
TXN-000219;CLT-0087;228,03;Russie;Italie;14;0;0;0;0;0;0;FAIBLE;2026-05-14 11:56:32
TXN-000220;CLT-0030;3764,43;Allemagne;Allemagne;14;0;0;0;0;0;0;FAIBLE;2026-05-14 11:56:32
TXN-000221;CLT-0025;4045,03;Russie;Italie;14;0;0;0;0;0;0;FAIBLE;2026-05-14 11:56:32
TXN-000222;CLT-0065;1416,04;Îles Caïmans;Îles Caïmans;14;0;0;25;20;0;45;ÉLEVÉ;2026-05-14 11:56:32
TXN-000223;CLT-0018;4086,29;France;Panama;14;0;0;0;20;0;20;MODÉRÉ;2026-05-14 11:56:32
TXN-000224;CLT-0014;4371,84;France;France;14;0;0;0;0;0;0;FAIBLE;2026-05-14 11:56:32
TXN-000225;CLT-0058;3817,95;France;France;14;0;0;0;0;0;0;FAIBLE;2026-05-14 11:56:32
TXN-000226;CLT-0058;467,65;France;France;14;0;0;0;0;0;0;FAIBLE;2026-05-14 11:56:32
TXN-000227;CLT-0031;1988,31;France;Panama;14;0;0;0;20;0;20;MODÉRÉ;2026-05-14 11:56:32
TXN-000228;CLT-0092;150,66;France;Suisse;14;0;0;0;0;0;0;FAIBLE;2026-05-14 11:56:32
TXN-000229;CLT-0090;32958,51;Russie;France;14;1;40;0;0;0;40;ÉLEVÉ;2026-05-14 11:56:32
TXN-000230;CLT-0003;36,2;Allemagne;France;14;0;0;0;0;0;0;FAIBLE;2026-05-14 11:56:32
TXN-000231;CLT-0068;2748,53;France;Allemagne;14;0;0;0;0;0;0;FAIBLE;2026-05-14 11:56:32
TXN-000232;CLT-0007;1195,82;Îles Caïmans;Suisse;14;0;0;25;0;0;25;MODÉRÉ;2026-05-14 11:56:32
TXN-000233;CLT-0015;3117,82;France;France;14;0;0;0;0;0;0;FAIBLE;2026-05-14 11:56:32
TXN-000234;CLT-0038;2879,49;France;Îles Caïmans;14;0;0;0;20;0;20;MODÉRÉ;2026-05-14 11:56:32
TXN-000235;CLT-0024;1210,42;Panama;Espagne;14;0;0;25;0;0;25;MODÉRÉ;2026-05-14 11:56:32
TXN-000236;CLT-0065;53767,17;France;Îles Caïmans;14;1;40;0;20;0;60;ÉLEVÉ;2026-05-14 11:56:32
TXN-000237;CLT-0050;2355,97;Espagne;Espagne;14;0;0;0;0;0;0;FAIBLE;2026-05-14 11:56:32
TXN-000238;CLT-0045;1791,9;France;France;14;0;0;0;0;0;0;FAIBLE;2026-05-14 11:56:32
TXN-000239;CLT-0018;3678,58;Panama;Panama;14;0;0;25;20;0;45;ÉLEVÉ;2026-05-14 11:56:32
TXN-000240;CLT-0100;4069,41;Russie;Suisse;14;0;0;0;0;0;0;FAIBLE;2026-05-14 11:56:32
TXN-000241;CLT-0092;4059,37;France;Suisse;14;0;0;0;0;0;0;FAIBLE;2026-05-14 11:56:32
TXN-000242;CLT-0006;228,59;Espagne;France;14;0;0;0;0;0;0;FAIBLE;2026-05-14 11:56:32
TXN-000243;CLT-0061;4945,72;France;France;14;0;0;0;0;0;0;FAIBLE;2026-05-14 11:56:32
TXN-000244;CLT-0100;963,61;Panama;Suisse;14;0;0;25;0;0;25;MODÉRÉ;2026-05-14 11:56:32
TXN-000245;CLT-0052;3998,72;Îles Caïmans;France;14;0;0;25;0;0;25;MODÉRÉ;2026-05-14 11:56:32
TXN-000246;CLT-0064;942,22;Espagne;France;14;0;0;0;0;0;0;FAIBLE;2026-05-14 11:56:32
TXN-000247;CLT-0056;3638,14;France;Allemagne;14;0;0;0;0;0;0;FAIBLE;2026-05-14 11:56:32
TXN-000248;CLT-0042;1612,85;Espagne;Italie;14;0;0;0;0;0;0;FAIBLE;2026-05-14 11:56:32
TXN-000249;CLT-0089;3591,14;Panama;Îles Caïmans;14;0;0;25;20;0;45;ÉLEVÉ;2026-05-14 11:56:32
TXN-000250;CLT-0079;3636,8;Espagne;Îles Caïmans;14;0;0;0;20;0;20;MODÉRÉ;2026-05-14 11:56:32
TXN-000251;CLT-0010;3959,47;Panama;Îles Caïmans;14;0;0;25;20;0;45;ÉLEVÉ;2026-05-14 11:56:32
TXN-000252;CLT-0004;3751,99;Russie;Suisse;14;0;0;0;0;0;0;FAIBLE;2026-05-14 11:56:32
TXN-000253;CLT-0047;13849,3;Îles Caïmans;Îles Caïmans;14;1;40;25;20;0;85;CRITIQUE;2026-05-14 11:56:32
TXN-000254;CLT-0087;171,6;Panama;Italie;14;0;0;25;0;0;25;MODÉRÉ;2026-05-14 11:56:32
TXN-000255;CLT-0018;3817,79;Panama;Panama;14;0;0;25;20;0;45;ÉLEVÉ;2026-05-14 11:56:32
TXN-000256;CLT-0015;3251,31;France;France;14;0;0;0;0;0;0;FAIBLE;2026-05-14 11:56:32
TXN-000257;CLT-0016;1941,07;Espagne;Espagne;14;0;0;0;0;0;0;FAIBLE;2026-05-14 11:56:32
TXN-000258;CLT-0037;1080,71;Allemagne;Îles Caïmans;14;0;0;0;20;0;20;MODÉRÉ;2026-05-14 11:56:32
TXN-000259;CLT-0023;82195,89;France;Allemagne;14;1;40;0;0;0;40;ÉLEVÉ;2026-05-14 11:56:32
TXN-000260;CLT-0086;4838,13;France;France;14;0;0;0;0;0;0;FAIBLE;2026-05-14 11:56:32
TXN-000261;CLT-0021;1458,91;Panama;France;14;0;0;25;0;0;25;MODÉRÉ;2026-05-14 11:56:32
TXN-000262;CLT-0018;615,6;Russie;Panama;14;0;0;0;20;0;20;MODÉRÉ;2026-05-14 11:56:32
TXN-000263;CLT-0060;56199,87;France;Italie;14;1;40;0;0;0;40;ÉLEVÉ;2026-05-14 11:56:32
TXN-000264;CLT-0051;440,22;Îles Caïmans;France;14;0;0;25;0;0;25;MODÉRÉ;2026-05-14 11:56:32
TXN-000265;CLT-0017;4118,46;France;Îles Caïmans;14;0;0;0;20;0;20;MODÉRÉ;2026-05-14 11:56:32
TXN-000266;CLT-0017;3403,74;France;Îles Caïmans;14;0;0;0;20;0;20;MODÉRÉ;2026-05-14 11:56:32
TXN-000267;CLT-0008;653,87;France;Suisse;14;0;0;0;0;0;0;FAIBLE;2026-05-14 11:56:32
TXN-000268;CLT-0029;818,22;Espagne;France;14;0;0;0;0;0;0;FAIBLE;2026-05-14 11:56:32
TXN-000269;CLT-0071;1260,52;France;Îles Caïmans;14;0;0;0;20;0;20;MODÉRÉ;2026-05-14 11:56:32
TXN-000270;CLT-0065;3076,0;France;Îles Caïmans;14;0;0;0;20;0;20;MODÉRÉ;2026-05-14 11:56:32
TXN-000271;CLT-0044;3126,15;France;France;14;0;0;0;0;0;0;FAIBLE;2026-05-14 11:56:32
TXN-000272;CLT-0083;151,58;Espagne;France;14;0;0;0;0;0;0;FAIBLE;2026-05-14 11:56:32
TXN-000273;CLT-0080;3837,13;Russie;France;14;0;0;0;0;0;0;FAIBLE;2026-05-14 11:56:32
TXN-000274;CLT-0039;2732,43;Allemagne;France;14;0;0;0;0;0;0;FAIBLE;2026-05-14 11:56:32
TXN-000275;CLT-0059;3428,1;France;Îles Caïmans;14;0;0;0;20;0;20;MODÉRÉ;2026-05-14 11:56:32
TXN-000276;CLT-0027;2083,95;France;Espagne;14;0;0;0;0;0;0;FAIBLE;2026-05-14 11:56:32
TXN-000277;CLT-0052;3594,63;Panama;France;14;0;0;25;0;0;25;MODÉRÉ;2026-05-14 11:56:32
TXN-000278;CLT-0060;539,86;Espagne;Italie;14;0;0;0;0;0;0;FAIBLE;2026-05-14 11:56:32
TXN-000279;CLT-0038;712,98;Îles Caïmans;Îles Caïmans;14;0;0;25;20;0;45;ÉLEVÉ;2026-05-14 11:56:32
TXN-000280;CLT-0042;4327,88;Panama;Italie;14;0;0;25;0;0;25;MODÉRÉ;2026-05-14 11:56:32
TXN-000281;CLT-0060;805,12;Espagne;Italie;14;0;0;0;0;0;0;FAIBLE;2026-05-14 11:56:32
TXN-000282;CLT-0065;459,34;Allemagne;Îles Caïmans;14;0;0;0;20;0;20;MODÉRÉ;2026-05-14 11:56:32
TXN-000283;CLT-0037;1770,95;Russie;Îles Caïmans;14;0;0;0;20;0;20;MODÉRÉ;2026-05-14 11:56:32
TXN-000284;CLT-0056;50,81;Espagne;Allemagne;14;0;0;0;0;0;0;FAIBLE;2026-05-14 11:56:32
TXN-000285;CLT-0006;3821,65;France;France;14;0;0;0;0;0;0;FAIBLE;2026-05-14 11:56:32
TXN-000286;CLT-0037;981,33;Îles Caïmans;Îles Caïmans;14;0;0;25;20;0;45;ÉLEVÉ;2026-05-14 11:56:32
TXN-000287;CLT-0080;3824,38;France;France;14;0;0;0;0;0;0;FAIBLE;2026-05-14 11:56:32
TXN-000288;CLT-0044;16411,29;Panama;France;14;1;40;25;0;0;65;ÉLEVÉ;2026-05-14 11:56:32
TXN-000289;CLT-0052;1003,3;France;France;14;0;0;0;0;0;0;FAIBLE;2026-05-14 11:56:32
TXN-000290;CLT-0061;19922,16;Russie;France;14;1;40;0;0;0;40;ÉLEVÉ;2026-05-14 11:56:32
TXN-000291;CLT-0042;85702,46;Panama;Italie;14;1;40;25;0;0;65;ÉLEVÉ;2026-05-14 11:56:32
TXN-000292;CLT-0076;4953,17;Russie;France;14;0;0;0;0;0;0;FAIBLE;2026-05-14 11:56:32
TXN-000293;CLT-0048;1505,95;France;Suisse;14;0;0;0;0;0;0;FAIBLE;2026-05-14 11:56:32
TXN-000294;CLT-0081;2922,67;Russie;Îles Caïmans;14;0;0;0;20;0;20;MODÉRÉ;2026-05-14 11:56:32
TXN-000295;CLT-0074;3281,4;France;Allemagne;14;0;0;0;0;0;0;FAIBLE;2026-05-14 11:56:32
TXN-000296;CLT-0093;860,86;Îles Caïmans;Suisse;14;0;0;25;0;0;25;MODÉRÉ;2026-05-14 11:56:32
TXN-000297;CLT-0074;67223,24;Allemagne;Allemagne;14;1;40;0;0;0;40;ÉLEVÉ;2026-05-14 11:56:32
TXN-000298;CLT-0053;35291,25;Îles Caïmans;Espagne;14;1;40;25;0;0;65;ÉLEVÉ;2026-05-14 11:56:32
TXN-000299;CLT-0095;3061,28;France;Îles Caïmans;14;0;0;0;20;0;20;MODÉRÉ;2026-05-14 11:56:32
TXN-000300;CLT-0062;2808,82;Îles Caïmans;France;14;0;0;25;0;0;25;MODÉRÉ;2026-05-14 11:56:32
TXN-000301;CLT-0044;874,18;Panama;France;14;0;0;25;0;0;25;MODÉRÉ;2026-05-14 11:56:32
TXN-000302;CLT-0083;4339,6;Russie;France;14;0;0;0;0;0;0;FAIBLE;2026-05-14 11:56:32
TXN-000303;CLT-0039;1240,13;Espagne;France;14;0;0;0;0;0;0;FAIBLE;2026-05-14 11:56:32
TXN-000304;CLT-0091;3527,46;Panama;Allemagne;14;0;0;25;0;0;25;MODÉRÉ;2026-05-14 11:56:32
TXN-000305;CLT-0037;2806,83;Îles Caïmans;Îles Caïmans;14;0;0;25;20;0;45;ÉLEVÉ;2026-05-14 11:56:32
TXN-000306;CLT-0099;1978,72;Espagne;Panama;14;0;0;0;20;0;20;MODÉRÉ;2026-05-14 11:56:32
TXN-000307;CLT-0045;91112,29;Espagne;France;14;1;40;0;0;0;40;ÉLEVÉ;2026-05-14 11:56:32
TXN-000308;CLT-0035;1077,79;Espagne;Espagne;14;0;0;0;0;0;0;FAIBLE;2026-05-14 11:56:32
TXN-000309;CLT-0031;61563,9;France;Panama;14;1;40;0;20;0;60;ÉLEVÉ;2026-05-14 11:56:32
TXN-000310;CLT-0030;2659,9;France;Allemagne;14;0;0;0;0;0;0;FAIBLE;2026-05-14 11:56:32
TXN-000311;CLT-0088;3589,62;France;Allemagne;14;0;0;0;0;0;0;FAIBLE;2026-05-14 11:56:32
TXN-000312;CLT-0053;4889,77;Russie;Espagne;14;0;0;0;0;0;0;FAIBLE;2026-05-14 11:56:32
TXN-000313;CLT-0042;3782,0;France;Italie;14;0;0;0;0;0;0;FAIBLE;2026-05-14 11:56:32
TXN-000314;CLT-0030;456,41;France;Allemagne;14;0;0;0;0;0;0;FAIBLE;2026-05-14 11:56:32
TXN-000315;CLT-0005;883,57;Russie;Panama;14;0;0;0;20;0;20;MODÉRÉ;2026-05-14 11:56:32
TXN-000316;CLT-0005;3747,53;Espagne;Panama;14;0;0;0;20;0;20;MODÉRÉ;2026-05-14 11:56:32
TXN-000317;CLT-0037;545,43;Russie;Îles Caïmans;14;0;0;0;20;0;20;MODÉRÉ;2026-05-14 11:56:32
TXN-000318;CLT-0060;679,66;Allemagne;Italie;14;0;0;0;0;0;0;FAIBLE;2026-05-14 11:56:32
TXN-000319;CLT-0083;1660,11;France;France;14;0;0;0;0;0;0;FAIBLE;2026-05-14 11:56:32
TXN-000320;CLT-0073;37328,76;France;France;14;1;40;0;0;0;40;ÉLEVÉ;2026-05-14 11:56:32
TXN-000321;CLT-0055;3197,24;Panama;Espagne;14;0;0;25;0;0;25;MODÉRÉ;2026-05-14 11:56:32
TXN-000322;CLT-0018;66225,26;Panama;Panama;14;1;40;25;20;0;85;CRITIQUE;2026-05-14 11:56:32
TXN-000323;CLT-0031;44,08;Espagne;Panama;14;0;0;0;20;0;20;MODÉRÉ;2026-05-14 11:56:32
TXN-000324;CLT-0002;1516,71;Panama;Espagne;14;0;0;25;0;0;25;MODÉRÉ;2026-05-14 11:56:32
TXN-000325;CLT-0060;320,0;France;Italie;14;0;0;0;0;0;0;FAIBLE;2026-05-14 11:56:32
TXN-000326;CLT-0099;2517,58;France;Panama;14;0;0;0;20;0;20;MODÉRÉ;2026-05-14 11:56:32
TXN-000327;CLT-0079;4703,77;Allemagne;Îles Caïmans;14;0;0;0;20;0;20;MODÉRÉ;2026-05-14 11:56:32
TXN-000328;CLT-0096;2396,13;Panama;Panama;14;0;0;25;20;0;45;ÉLEVÉ;2026-05-14 11:56:32
TXN-000329;CLT-0097;2750,68;Allemagne;Panama;14;0;0;0;20;0;20;MODÉRÉ;2026-05-14 11:56:32
TXN-000330;CLT-0011;3404,91;Russie;France;14;0;0;0;0;0;0;FAIBLE;2026-05-14 11:56:32
TXN-000331;CLT-0015;1815,31;Allemagne;France;14;0;0;0;0;0;0;FAIBLE;2026-05-14 11:56:32
TXN-000332;CLT-0067;757,76;France;Panama;14;0;0;0;20;0;20;MODÉRÉ;2026-05-14 11:56:32
TXN-000333;CLT-0012;3587,42;Russie;Panama;14;0;0;0;20;0;20;MODÉRÉ;2026-05-14 11:56:32
TXN-000334;CLT-0054;2272,63;France;Suisse;14;0;0;0;0;0;0;FAIBLE;2026-05-14 11:56:32
TXN-000335;CLT-0093;3367,11;Îles Caïmans;Suisse;14;0;0;25;0;0;25;MODÉRÉ;2026-05-14 11:56:32
TXN-000336;CLT-0075;25,05;France;France;14;0;0;0;0;0;0;FAIBLE;2026-05-14 11:56:32
TXN-000337;CLT-0008;3504,92;Russie;Suisse;14;0;0;0;0;0;0;FAIBLE;2026-05-14 11:56:32
TXN-000338;CLT-0099;43571,42;Panama;Panama;14;1;40;25;20;0;85;CRITIQUE;2026-05-14 11:56:32
TXN-000339;CLT-0049;1918,57;France;France;14;0;0;0;0;0;0;FAIBLE;2026-05-14 11:56:32
TXN-000340;CLT-0069;1745,37;France;Panama;14;0;0;0;20;0;20;MODÉRÉ;2026-05-14 11:56:32
TXN-000341;CLT-0097;1121,22;Espagne;Panama;14;0;0;0;20;0;20;MODÉRÉ;2026-05-14 11:56:32
TXN-000342;CLT-0069;3598,28;Allemagne;Panama;14;0;0;0;20;0;20;MODÉRÉ;2026-05-14 11:56:32
TXN-000343;CLT-0025;1737,34;France;Italie;14;0;0;0;0;0;0;FAIBLE;2026-05-14 11:56:32
TXN-000344;CLT-0031;2102,01;France;Panama;14;0;0;0;20;0;20;MODÉRÉ;2026-05-14 11:56:32
TXN-000345;CLT-0087;10921,14;Allemagne;Italie;14;1;40;0;0;0;40;ÉLEVÉ;2026-05-14 11:56:32
TXN-000346;CLT-0070;2017,3;France;Italie;14;0;0;0;0;0;0;FAIBLE;2026-05-14 11:56:32
TXN-000347;CLT-0094;94433,06;Panama;Allemagne;14;1;40;25;0;0;65;ÉLEVÉ;2026-05-14 11:56:32
TXN-000348;CLT-0031;3864,97;France;Panama;14;0;0;0;20;0;20;MODÉRÉ;2026-05-14 11:56:32
TXN-000349;CLT-0039;2611,04;France;France;14;0;0;0;0;0;0;FAIBLE;2026-05-14 11:56:32
TXN-000350;CLT-0081;2962,42;Russie;Îles Caïmans;14;0;0;0;20;0;20;MODÉRÉ;2026-05-14 11:56:32
TXN-000351;CLT-0086;37964,09;Panama;France;14;1;40;25;0;0;65;ÉLEVÉ;2026-05-14 11:56:32
TXN-000352;CLT-0049;2047,21;Russie;France;14;0;0;0;0;0;0;FAIBLE;2026-05-14 11:56:32
TXN-000353;CLT-0019;1134,47;France;Espagne;14;0;0;0;0;0;0;FAIBLE;2026-05-14 11:56:32
TXN-000354;CLT-0068;4839,25;Îles Caïmans;Allemagne;14;0;0;25;0;0;25;MODÉRÉ;2026-05-14 11:56:32
TXN-000355;CLT-0011;1024,65;Panama;France;14;0;0;25;0;0;25;MODÉRÉ;2026-05-14 11:56:32
TXN-000356;CLT-0007;71038,87;Îles Caïmans;Suisse;14;1;40;25;0;0;65;ÉLEVÉ;2026-05-14 11:56:32
TXN-000357;CLT-0025;3018,58;Allemagne;Italie;14;0;0;0;0;0;0;FAIBLE;2026-05-14 11:56:32
TXN-000358;CLT-0039;4348,67;Allemagne;France;14;0;0;0;0;0;0;FAIBLE;2026-05-14 11:56:32
TXN-000359;CLT-0096;4810,77;Allemagne;Panama;14;0;0;0;20;0;20;MODÉRÉ;2026-05-14 11:56:32
TXN-000360;CLT-0031;3521,81;Panama;Panama;14;0;0;25;20;0;45;ÉLEVÉ;2026-05-14 11:56:32
TXN-000361;CLT-0084;1909,5;Espagne;Italie;14;0;0;0;0;0;0;FAIBLE;2026-05-14 11:56:32
TXN-000362;CLT-0060;2568,95;Russie;Italie;14;0;0;0;0;0;0;FAIBLE;2026-05-14 11:56:32
TXN-000363;CLT-0048;1607,96;Îles Caïmans;Suisse;14;0;0;25;0;0;25;MODÉRÉ;2026-05-14 11:56:32
TXN-000364;CLT-0003;83175,38;Îles Caïmans;France;14;1;40;25;0;0;65;ÉLEVÉ;2026-05-14 11:56:32
TXN-000365;CLT-0049;989,0;Allemagne;France;14;0;0;0;0;0;0;FAIBLE;2026-05-14 11:56:32
TXN-000366;CLT-0044;3276,49;Russie;France;14;0;0;0;0;0;0;FAIBLE;2026-05-14 11:56:32
TXN-000367;CLT-0059;3212,06;Panama;Îles Caïmans;14;0;0;25;20;0;45;ÉLEVÉ;2026-05-14 11:56:32
TXN-000368;CLT-0024;3604,36;France;Espagne;14;0;0;0;0;0;0;FAIBLE;2026-05-14 11:56:32
TXN-000369;CLT-0086;4196,95;France;France;14;0;0;0;0;0;0;FAIBLE;2026-05-14 11:56:32
TXN-000370;CLT-0009;4214,3;France;Suisse;14;0;0;0;0;0;0;FAIBLE;2026-05-14 11:56:32
TXN-000371;CLT-0080;2285,49;Russie;France;14;0;0;0;0;0;0;FAIBLE;2026-05-14 11:56:32
TXN-000372;CLT-0071;88,5;France;Îles Caïmans;14;0;0;0;20;0;20;MODÉRÉ;2026-05-14 11:56:32
TXN-000373;CLT-0037;70830,77;Îles Caïmans;Îles Caïmans;14;1;40;25;20;0;85;CRITIQUE;2026-05-14 11:56:32
TXN-000374;CLT-0013;4549,77;France;France;14;0;0;0;0;0;0;FAIBLE;2026-05-14 11:56:32
TXN-000375;CLT-0046;3102,71;Îles Caïmans;France;14;0;0;25;0;0;25;MODÉRÉ;2026-05-14 11:56:32
TXN-000376;CLT-0073;91458,91;Allemagne;France;14;1;40;0;0;0;40;ÉLEVÉ;2026-05-14 11:56:32
TXN-000377;CLT-0084;4142,03;France;Italie;14;0;0;0;0;0;0;FAIBLE;2026-05-14 11:56:32
TXN-000378;CLT-0008;1892,08;France;Suisse;14;0;0;0;0;0;0;FAIBLE;2026-05-14 11:56:32
TXN-000379;CLT-0043;81543,69;France;Suisse;14;1;40;0;0;0;40;ÉLEVÉ;2026-05-14 11:56:32
TXN-000380;CLT-0028;4596,57;Russie;France;14;0;0;0;0;0;0;FAIBLE;2026-05-14 11:56:32
TXN-000381;CLT-0036;4621,55;France;Italie;14;0;0;0;0;0;0;FAIBLE;2026-05-14 11:56:32
TXN-000382;CLT-0027;4253,63;France;Espagne;14;0;0;0;0;0;0;FAIBLE;2026-05-14 11:56:32
TXN-000383;CLT-0010;3566,43;France;Îles Caïmans;14;0;0;0;20;0;20;MODÉRÉ;2026-05-14 11:56:32
TXN-000384;CLT-0087;2837,81;Panama;Italie;14;0;0;25;0;0;25;MODÉRÉ;2026-05-14 11:56:32
TXN-000385;CLT-0093;3701,33;Panama;Suisse;14;0;0;25;0;0;25;MODÉRÉ;2026-05-14 11:56:32
TXN-000386;CLT-0044;46026,68;Îles Caïmans;France;14;1;40;25;0;0;65;ÉLEVÉ;2026-05-14 11:56:32
TXN-000387;CLT-0035;1638,62;Russie;Espagne;14;0;0;0;0;0;0;FAIBLE;2026-05-14 11:56:32
TXN-000388;CLT-0056;2769,66;Îles Caïmans;Allemagne;14;0;0;25;0;0;25;MODÉRÉ;2026-05-14 11:56:32
TXN-000389;CLT-0092;61819,58;France;Suisse;14;1;40;0;0;0;40;ÉLEVÉ;2026-05-14 11:56:32
TXN-000390;CLT-0020;1906,2;Panama;Italie;14;0;0;25;0;0;25;MODÉRÉ;2026-05-14 11:56:32
TXN-000391;CLT-0057;466,69;Espagne;France;14;0;0;0;0;0;0;FAIBLE;2026-05-14 11:56:32
TXN-000392;CLT-0058;15594,86;Îles Caïmans;France;14;1;40;25;0;0;65;ÉLEVÉ;2026-05-14 11:56:32
TXN-000393;CLT-0012;15796,84;Panama;Panama;14;1;40;25;20;0;85;CRITIQUE;2026-05-14 11:56:32
TXN-000394;CLT-0050;71,58;Allemagne;Espagne;14;0;0;0;0;0;0;FAIBLE;2026-05-14 11:56:32
TXN-000395;CLT-0022;856,22;Espagne;Allemagne;14;0;0;0;0;0;0;FAIBLE;2026-05-14 11:56:32
TXN-000396;CLT-0022;2470,69;Espagne;Allemagne;14;0;0;0;0;0;0;FAIBLE;2026-05-14 11:56:32
TXN-000397;CLT-0047;2426,31;Allemagne;Îles Caïmans;14;0;0;0;20;0;20;MODÉRÉ;2026-05-14 11:56:32
TXN-000398;CLT-0026;2484,05;France;Italie;14;0;0;0;0;0;0;FAIBLE;2026-05-14 11:56:32
TXN-000399;CLT-0043;8588,76;Îles Caïmans;Suisse;14;1;40;25;0;0;65;ÉLEVÉ;2026-05-14 11:56:32
TXN-000400;CLT-0056;1654,41;France;Allemagne;14;0;0;0;0;0;0;FAIBLE;2026-05-14 11:56:32
TXN-000401;CLT-0026;3020,02;Panama;Italie;14;0;0;25;0;0;25;MODÉRÉ;2026-05-14 11:56:32
TXN-000402;CLT-0038;1997,22;Allemagne;Îles Caïmans;14;0;0;0;20;0;20;MODÉRÉ;2026-05-14 11:56:32
TXN-000403;CLT-0047;1408,7;Allemagne;Îles Caïmans;14;0;0;0;20;0;20;MODÉRÉ;2026-05-14 11:56:32
TXN-000404;CLT-0099;2732,69;France;Panama;14;0;0;0;20;0;20;MODÉRÉ;2026-05-14 11:56:32
TXN-000405;CLT-0027;2313,49;Espagne;Espagne;14;0;0;0;0;0;0;FAIBLE;2026-05-14 11:56:32
TXN-000406;CLT-0087;355,1;France;Italie;14;0;0;0;0;0;0;FAIBLE;2026-05-14 11:56:32
TXN-000407;CLT-0020;1217,69;Îles Caïmans;Italie;14;0;0;25;0;0;25;MODÉRÉ;2026-05-14 11:56:32
TXN-000408;CLT-0075;94190,95;Îles Caïmans;France;14;1;40;25;0;0;65;ÉLEVÉ;2026-05-14 11:56:32
TXN-000409;CLT-0090;3955,7;France;France;14;0;0;0;0;0;0;FAIBLE;2026-05-14 11:56:32
TXN-000410;CLT-0046;29596,09;France;France;14;1;40;0;0;0;40;ÉLEVÉ;2026-05-14 11:56:32
TXN-000411;CLT-0052;3228,71;Îles Caïmans;France;14;0;0;25;0;0;25;MODÉRÉ;2026-05-14 11:56:32
TXN-000412;CLT-0066;16578,77;Allemagne;Espagne;14;1;40;0;0;0;40;ÉLEVÉ;2026-05-14 11:56:32
TXN-000413;CLT-0076;1961,76;France;France;14;0;0;0;0;0;0;FAIBLE;2026-05-14 11:56:32
TXN-000414;CLT-0038;132,57;France;Îles Caïmans;14;0;0;0;20;0;20;MODÉRÉ;2026-05-14 11:56:32
TXN-000415;CLT-0045;89838,83;Panama;France;14;1;40;25;0;0;65;ÉLEVÉ;2026-05-14 11:56:32
TXN-000416;CLT-0045;1042,27;France;France;14;0;0;0;0;0;0;FAIBLE;2026-05-14 11:56:32
TXN-000417;CLT-0009;3486,85;France;Suisse;14;0;0;0;0;0;0;FAIBLE;2026-05-14 11:56:32
TXN-000418;CLT-0083;584,28;France;France;14;0;0;0;0;0;0;FAIBLE;2026-05-14 11:56:32
TXN-000419;CLT-0023;3705,04;France;Allemagne;14;0;0;0;0;0;0;FAIBLE;2026-05-14 11:56:32
TXN-000420;CLT-0030;2137,58;France;Allemagne;14;0;0;0;0;0;0;FAIBLE;2026-05-14 11:56:32
TXN-000421;CLT-0004;3289,97;Allemagne;Suisse;14;0;0;0;0;0;0;FAIBLE;2026-05-14 11:56:32
TXN-000422;CLT-0091;2153,47;Allemagne;Allemagne;14;0;0;0;0;0;0;FAIBLE;2026-05-14 11:56:32
TXN-000423;CLT-0074;3521,76;France;Allemagne;14;0;0;0;0;0;0;FAIBLE;2026-05-14 11:56:32
TXN-000424;CLT-0034;993,4;Panama;France;14;0;0;25;0;0;25;MODÉRÉ;2026-05-14 11:56:32
TXN-000425;CLT-0015;3060,43;Panama;France;14;0;0;25;0;0;25;MODÉRÉ;2026-05-14 11:56:32
TXN-000426;CLT-0091;3090,64;France;Allemagne;14;0;0;0;0;0;0;FAIBLE;2026-05-14 11:56:32
TXN-000427;CLT-0040;1572,8;France;Suisse;14;0;0;0;0;0;0;FAIBLE;2026-05-14 11:56:32
TXN-000428;CLT-0054;715,38;France;Suisse;14;0;0;0;0;0;0;FAIBLE;2026-05-14 11:56:32
TXN-000429;CLT-0082;2120,96;France;Panama;14;0;0;0;20;0;20;MODÉRÉ;2026-05-14 11:56:32
TXN-000430;CLT-0024;2453,31;Russie;Espagne;14;0;0;0;0;0;0;FAIBLE;2026-05-14 11:56:32
TXN-000431;CLT-0063;4328,96;Allemagne;Îles Caïmans;14;0;0;0;20;0;20;MODÉRÉ;2026-05-14 11:56:32
TXN-000432;CLT-0084;4819,51;Îles Caïmans;Italie;14;0;0;25;0;0;25;MODÉRÉ;2026-05-14 11:56:32
TXN-000433;CLT-0063;2084,0;France;Îles Caïmans;14;0;0;0;20;0;20;MODÉRÉ;2026-05-14 11:56:32
TXN-000434;CLT-0038;3981,45;Espagne;Îles Caïmans;14;0;0;0;20;0;20;MODÉRÉ;2026-05-14 11:56:32
TXN-000435;CLT-0073;1450,46;France;France;14;0;0;0;0;0;0;FAIBLE;2026-05-14 11:56:32
TXN-000436;CLT-0047;1346,77;France;Îles Caïmans;14;0;0;0;20;0;20;MODÉRÉ;2026-05-14 11:56:32
TXN-000437;CLT-0055;2212,42;Allemagne;Espagne;14;0;0;0;0;0;0;FAIBLE;2026-05-14 11:56:32
TXN-000438;CLT-0034;4996,57;France;France;14;0;0;0;0;0;0;FAIBLE;2026-05-14 11:56:32
TXN-000439;CLT-0027;4969,85;Panama;Espagne;14;0;0;25;0;0;25;MODÉRÉ;2026-05-14 11:56:32
TXN-000440;CLT-0022;3055,21;France;Allemagne;14;0;0;0;0;0;0;FAIBLE;2026-05-14 11:56:32
TXN-000441;CLT-0073;4069,51;Espagne;France;14;0;0;0;0;0;0;FAIBLE;2026-05-14 11:56:32
TXN-000442;CLT-0038;850,2;Espagne;Îles Caïmans;14;0;0;0;20;0;20;MODÉRÉ;2026-05-14 11:56:32
TXN-000443;CLT-0013;2576,93;Îles Caïmans;France;14;0;0;25;0;0;25;MODÉRÉ;2026-05-14 11:56:32
TXN-000444;CLT-0017;4962,51;Allemagne;Îles Caïmans;14;0;0;0;20;0;20;MODÉRÉ;2026-05-14 11:56:32
TXN-000445;CLT-0098;36022,41;Russie;Espagne;14;1;40;0;0;0;40;ÉLEVÉ;2026-05-14 11:56:32
TXN-000446;CLT-0054;63018,97;Russie;Suisse;14;1;40;0;0;0;40;ÉLEVÉ;2026-05-14 11:56:32
TXN-000447;CLT-0052;77130,08;Espagne;France;14;1;40;0;0;0;40;ÉLEVÉ;2026-05-14 11:56:32
TXN-000448;CLT-0063;4387,81;France;Îles Caïmans;14;0;0;0;20;0;20;MODÉRÉ;2026-05-14 11:56:32
TXN-000449;CLT-0094;4237,36;Panama;Allemagne;14;0;0;25;0;0;25;MODÉRÉ;2026-05-14 11:56:32
TXN-000450;CLT-0028;3980,43;Allemagne;France;14;0;0;0;0;0;0;FAIBLE;2026-05-14 11:56:32
TXN-000451;CLT-0044;1621,1;France;France;14;0;0;0;0;0;0;FAIBLE;2026-05-14 11:56:32
TXN-000452;CLT-0088;2431,84;France;Allemagne;14;0;0;0;0;0;0;FAIBLE;2026-05-14 11:56:32
TXN-000453;CLT-0003;76198,41;France;France;14;1;40;0;0;0;40;ÉLEVÉ;2026-05-14 11:56:32
TXN-000454;CLT-0026;13,37;Espagne;Italie;14;0;0;0;0;0;0;FAIBLE;2026-05-14 11:56:32
TXN-000455;CLT-0012;4664,3;Espagne;Panama;14;0;0;0;20;0;20;MODÉRÉ;2026-05-14 11:56:32
TXN-000456;CLT-0022;65812,27;Îles Caïmans;Allemagne;14;1;40;25;0;0;65;ÉLEVÉ;2026-05-14 11:56:32
TXN-000457;CLT-0055;3632,68;France;Espagne;14;0;0;0;0;0;0;FAIBLE;2026-05-14 11:56:32
TXN-000458;CLT-0076;49482,18;Russie;France;14;1;40;0;0;0;40;ÉLEVÉ;2026-05-14 11:56:32
TXN-000459;CLT-0055;68516,95;Russie;Espagne;14;1;40;0;0;0;40;ÉLEVÉ;2026-05-14 11:56:32
TXN-000460;CLT-0014;41327,08;Panama;France;14;1;40;25;0;0;65;ÉLEVÉ;2026-05-14 11:56:32
TXN-000461;CLT-0083;694,28;France;France;14;0;0;0;0;0;0;FAIBLE;2026-05-14 11:56:32
TXN-000462;CLT-0022;52,29;Panama;Allemagne;14;0;0;25;0;0;25;MODÉRÉ;2026-05-14 11:56:32
TXN-000463;CLT-0053;3144,12;Russie;Espagne;14;0;0;0;0;0;0;FAIBLE;2026-05-14 11:56:32
TXN-000464;CLT-0018;442,57;Îles Caïmans;Panama;14;0;0;25;20;0;45;ÉLEVÉ;2026-05-14 11:56:32
TXN-000465;CLT-0032;2152,65;France;Suisse;14;0;0;0;0;0;0;FAIBLE;2026-05-14 11:56:32
TXN-000466;CLT-0037;3008,99;Espagne;Îles Caïmans;14;0;0;0;20;0;20;MODÉRÉ;2026-05-14 11:56:32
TXN-000467;CLT-0096;3038,57;Espagne;Panama;14;0;0;0;20;0;20;MODÉRÉ;2026-05-14 11:56:32
TXN-000468;CLT-0064;3921,17;France;France;14;0;0;0;0;0;0;FAIBLE;2026-05-14 11:56:32
TXN-000469;CLT-0068;3194,03;Panama;Allemagne;14;0;0;25;0;0;25;MODÉRÉ;2026-05-14 11:56:32
TXN-000470;CLT-0054;668,59;France;Suisse;14;0;0;0;0;0;0;FAIBLE;2026-05-14 11:56:32
TXN-000471;CLT-0003;4772,72;France;France;14;0;0;0;0;0;0;FAIBLE;2026-05-14 11:56:32
TXN-000472;CLT-0051;26769,64;Espagne;France;14;1;40;0;0;0;40;ÉLEVÉ;2026-05-14 11:56:32
TXN-000473;CLT-0055;2510,23;France;Espagne;14;0;0;0;0;0;0;FAIBLE;2026-05-14 11:56:32
TXN-000474;CLT-0036;2692,9;Espagne;Italie;14;0;0;0;0;0;0;FAIBLE;2026-05-14 11:56:32
TXN-000475;CLT-0069;88120,46;Îles Caïmans;Panama;14;1;40;25;20;0;85;CRITIQUE;2026-05-14 11:56:32
TXN-000476;CLT-0088;3818,49;Espagne;Allemagne;14;0;0;0;0;0;0;FAIBLE;2026-05-14 11:56:32
TXN-000477;CLT-0008;3652,49;France;Suisse;14;0;0;0;0;0;0;FAIBLE;2026-05-14 11:56:32
TXN-000478;CLT-0078;588,77;Espagne;Suisse;14;0;0;0;0;0;0;FAIBLE;2026-05-14 11:56:32
TXN-000479;CLT-0016;3293,68;France;Espagne;14;0;0;0;0;0;0;FAIBLE;2026-05-14 11:56:32
TXN-000480;CLT-0067;827,52;Espagne;Panama;14;0;0;0;20;0;20;MODÉRÉ;2026-05-14 11:56:32
TXN-000481;CLT-0094;643,38;France;Allemagne;14;0;0;0;0;0;0;FAIBLE;2026-05-14 11:56:32
TXN-000482;CLT-0009;2152,33;France;Suisse;14;0;0;0;0;0;0;FAIBLE;2026-05-14 11:56:32
TXN-000483;CLT-0064;2558,8;France;France;14;0;0;0;0;0;0;FAIBLE;2026-05-14 11:56:32
TXN-000484;CLT-0074;1283,03;Allemagne;Allemagne;14;0;0;0;0;0;0;FAIBLE;2026-05-14 11:56:32
TXN-000485;CLT-0032;22,82;Russie;Suisse;14;0;0;0;0;0;0;FAIBLE;2026-05-14 11:56:32
TXN-000486;CLT-0005;4601,93;Îles Caïmans;Panama;14;0;0;25;20;0;45;ÉLEVÉ;2026-05-14 11:56:32
TXN-000487;CLT-0035;1248,83;Panama;Espagne;14;0;0;25;0;0;25;MODÉRÉ;2026-05-14 11:56:32
TXN-000488;CLT-0023;66579,34;France;Allemagne;14;1;40;0;0;0;40;ÉLEVÉ;2026-05-14 11:56:32
TXN-000489;CLT-0037;353,94;Panama;Îles Caïmans;14;0;0;25;20;0;45;ÉLEVÉ;2026-05-14 11:56:32
TXN-000490;CLT-0026;47736,92;Espagne;Italie;14;1;40;0;0;0;40;ÉLEVÉ;2026-05-14 11:56:32
TXN-000491;CLT-0076;1220,49;Allemagne;France;14;0;0;0;0;0;0;FAIBLE;2026-05-14 11:56:32
TXN-000492;CLT-0020;2737,33;Îles Caïmans;Italie;14;0;0;25;0;0;25;MODÉRÉ;2026-05-14 11:56:32
TXN-000493;CLT-0089;55114,43;Panama;Îles Caïmans;14;1;40;25;20;0;85;CRITIQUE;2026-05-14 11:56:32
TXN-000494;CLT-0014;65185,43;Allemagne;France;14;1;40;0;0;0;40;ÉLEVÉ;2026-05-14 11:56:32
TXN-000495;CLT-0092;4806,31;France;Suisse;14;0;0;0;0;0;0;FAIBLE;2026-05-14 11:56:32
TXN-000496;CLT-0053;28138,11;Russie;Espagne;14;1;40;0;0;0;40;ÉLEVÉ;2026-05-14 11:56:32
TXN-000497;CLT-0065;433,66;Îles Caïmans;Îles Caïmans;14;0;0;25;20;0;45;ÉLEVÉ;2026-05-14 11:56:32
TXN-000498;CLT-0085;57400,4;Allemagne;Îles Caïmans;14;1;40;0;20;0;60;ÉLEVÉ;2026-05-14 11:56:32
TXN-000499;CLT-0090;4256,06;Panama;France;14;0;0;25;0;0;25;MODÉRÉ;2026-05-14 11:56:32
TXN-000500;CLT-0018;1175,72;France;Panama;14;0;0;0;20;0;20;MODÉRÉ;2026-05-14 11:56:32
TXN-000501;CLT-0041;830,23;France;Panama;14;0;0;0;20;0;20;MODÉRÉ;2026-05-14 11:56:32
TXN-000502;CLT-0058;4823,53;Russie;France;14;0;0;0;0;0;0;FAIBLE;2026-05-14 11:56:32
TXN-000503;CLT-0088;608,37;France;Allemagne;14;0;0;0;0;0;0;FAIBLE;2026-05-14 11:56:32
TXN-000504;CLT-0012;4284,3;Panama;Panama;14;0;0;25;20;0;45;ÉLEVÉ;2026-05-14 11:56:32
TXN-000505;CLT-0034;254,26;France;France;14;0;0;0;0;0;0;FAIBLE;2026-05-14 11:56:32
TXN-000506;CLT-0096;4274,46;Allemagne;Panama;14;0;0;0;20;0;20;MODÉRÉ;2026-05-14 11:56:32
TXN-000507;CLT-0016;16865,94;France;Espagne;14;1;40;0;0;0;40;ÉLEVÉ;2026-05-14 11:56:32
TXN-000508;CLT-0026;4913,01;Panama;Italie;14;0;0;25;0;0;25;MODÉRÉ;2026-05-14 11:56:32
TXN-000509;CLT-0075;4688,5;Espagne;France;14;0;0;0;0;0;0;FAIBLE;2026-05-14 11:56:32
TXN-000510;CLT-0026;384,19;France;Italie;14;0;0;0;0;0;0;FAIBLE;2026-05-14 11:56:32
TXN-000511;CLT-0016;81712,96;Russie;Espagne;14;1;40;0;0;0;40;ÉLEVÉ;2026-05-14 11:56:32
TXN-000512;CLT-0093;88399,46;Russie;Suisse;14;1;40;0;0;0;40;ÉLEVÉ;2026-05-14 11:56:32
TXN-000513;CLT-0046;67439,52;France;France;14;1;40;0;0;0;40;ÉLEVÉ;2026-05-14 11:56:32
TXN-000514;CLT-0005;2235,6;Allemagne;Panama;14;0;0;0;20;0;20;MODÉRÉ;2026-05-14 11:56:32
TXN-000515;CLT-0062;2499,47;France;France;14;0;0;0;0;0;0;FAIBLE;2026-05-14 11:56:32
TXN-000516;CLT-0083;694,81;Allemagne;France;14;0;0;0;0;0;0;FAIBLE;2026-05-14 11:56:32
TXN-000517;CLT-0049;4012,82;Russie;France;14;0;0;0;0;0;0;FAIBLE;2026-05-14 11:56:32
TXN-000518;CLT-0065;2428,55;Îles Caïmans;Îles Caïmans;14;0;0;25;20;0;45;ÉLEVÉ;2026-05-14 11:56:32
TXN-000519;CLT-0029;140,05;Espagne;France;14;0;0;0;0;0;0;FAIBLE;2026-05-14 11:56:32
TXN-000520;CLT-0046;94263,23;Allemagne;France;14;1;40;0;0;0;40;ÉLEVÉ;2026-05-14 11:56:32
TXN-000521;CLT-0031;509,67;France;Panama;14;0;0;0;20;0;20;MODÉRÉ;2026-05-14 11:56:32
TXN-000522;CLT-0050;4739,53;France;Espagne;14;0;0;0;0;0;0;FAIBLE;2026-05-14 11:56:32
TXN-000523;CLT-0046;2966,67;France;France;14;0;0;0;0;0;0;FAIBLE;2026-05-14 11:56:32
TXN-000524;CLT-0073;1764,89;Allemagne;France;14;0;0;0;0;0;0;FAIBLE;2026-05-14 11:56:32
TXN-000525;CLT-0070;4053,9;France;Italie;14;0;0;0;0;0;0;FAIBLE;2026-05-14 11:56:32
TXN-000526;CLT-0078;460,38;France;Suisse;14;0;0;0;0;0;0;FAIBLE;2026-05-14 11:56:32
TXN-000527;CLT-0026;13,41;Panama;Italie;14;0;0;25;0;0;25;MODÉRÉ;2026-05-14 11:56:32
TXN-000528;CLT-0008;4594,72;France;Suisse;14;0;0;0;0;0;0;FAIBLE;2026-05-14 11:56:32
TXN-000529;CLT-0068;4586,95;France;Allemagne;14;0;0;0;0;0;0;FAIBLE;2026-05-14 11:56:32
TXN-000530;CLT-0076;4710,2;Panama;France;14;0;0;25;0;0;25;MODÉRÉ;2026-05-14 11:56:32
TXN-000531;CLT-0094;690,89;Russie;Allemagne;14;0;0;0;0;0;0;FAIBLE;2026-05-14 11:56:32
TXN-000532;CLT-0089;879,27;Panama;Îles Caïmans;14;0;0;25;20;0;45;ÉLEVÉ;2026-05-14 11:56:32
TXN-000533;CLT-0049;2948,86;Espagne;France;14;0;0;0;0;0;0;FAIBLE;2026-05-14 11:56:32
TXN-000534;CLT-0074;71408,29;France;Allemagne;14;1;40;0;0;0;40;ÉLEVÉ;2026-05-14 11:56:32
TXN-000535;CLT-0029;1597,9;France;France;14;0;0;0;0;0;0;FAIBLE;2026-05-14 11:56:32
TXN-000536;CLT-0031;711,81;Panama;Panama;14;0;0;25;20;0;45;ÉLEVÉ;2026-05-14 11:56:32
TXN-000537;CLT-0091;4427,75;Russie;Allemagne;14;0;0;0;0;0;0;FAIBLE;2026-05-14 11:56:32
TXN-000538;CLT-0009;26242,53;Espagne;Suisse;14;1;40;0;0;0;40;ÉLEVÉ;2026-05-14 11:56:32
TXN-000539;CLT-0050;3604,86;Îles Caïmans;Espagne;14;0;0;25;0;0;25;MODÉRÉ;2026-05-14 11:56:32
TXN-000540;CLT-0049;4423,91;Îles Caïmans;France;14;0;0;25;0;0;25;MODÉRÉ;2026-05-14 11:56:32
TXN-000541;CLT-0084;49715,56;France;Italie;14;1;40;0;0;0;40;ÉLEVÉ;2026-05-14 11:56:32
TXN-000542;CLT-0038;3997,98;Panama;Îles Caïmans;14;0;0;25;20;0;45;ÉLEVÉ;2026-05-14 11:56:32
TXN-000543;CLT-0022;532,58;France;Allemagne;14;0;0;0;0;0;0;FAIBLE;2026-05-14 11:56:32
TXN-000544;CLT-0044;2739,76;Russie;France;14;0;0;0;0;0;0;FAIBLE;2026-05-14 11:56:32
TXN-000545;CLT-0022;2162,3;Îles Caïmans;Allemagne;14;0;0;25;0;0;25;MODÉRÉ;2026-05-14 11:56:32
TXN-000546;CLT-0025;515,28;Espagne;Italie;14;0;0;0;0;0;0;FAIBLE;2026-05-14 11:56:32
TXN-000547;CLT-0007;1494,03;Russie;Suisse;14;0;0;0;0;0;0;FAIBLE;2026-05-14 11:56:32
TXN-000548;CLT-0012;1810,54;Russie;Panama;14;0;0;0;20;0;20;MODÉRÉ;2026-05-14 11:56:32
TXN-000549;CLT-0082;138,42;France;Panama;14;0;0;0;20;0;20;MODÉRÉ;2026-05-14 11:56:32
TXN-000550;CLT-0061;586,39;Espagne;France;14;0;0;0;0;0;0;FAIBLE;2026-05-14 11:56:32
TXN-000551;CLT-0048;55338,96;Panama;Suisse;14;1;40;25;0;0;65;ÉLEVÉ;2026-05-14 11:56:32
TXN-000552;CLT-0060;232,64;Allemagne;Italie;14;0;0;0;0;0;0;FAIBLE;2026-05-14 11:56:32
TXN-000553;CLT-0097;2825,59;France;Panama;14;0;0;0;20;0;20;MODÉRÉ;2026-05-14 11:56:32
TXN-000554;CLT-0097;4042,82;Allemagne;Panama;14;0;0;0;20;0;20;MODÉRÉ;2026-05-14 11:56:32
TXN-000555;CLT-0054;4205,58;Russie;Suisse;14;0;0;0;0;0;0;FAIBLE;2026-05-14 11:56:32
TXN-000556;CLT-0011;1185,85;France;France;14;0;0;0;0;0;0;FAIBLE;2026-05-14 11:56:32
TXN-000557;CLT-0087;4503,27;France;Italie;14;0;0;0;0;0;0;FAIBLE;2026-05-14 11:56:32
TXN-000558;CLT-0022;73875,42;Allemagne;Allemagne;14;1;40;0;0;0;40;ÉLEVÉ;2026-05-14 11:56:32
TXN-000559;CLT-0056;44833,62;France;Allemagne;14;1;40;0;0;0;40;ÉLEVÉ;2026-05-14 11:56:32
TXN-000560;CLT-0012;1296,85;Îles Caïmans;Panama;14;0;0;25;20;0;45;ÉLEVÉ;2026-05-14 11:56:32
TXN-000561;CLT-0059;4284,55;Îles Caïmans;Îles Caïmans;14;0;0;25;20;0;45;ÉLEVÉ;2026-05-14 11:56:32
TXN-000562;CLT-0076;21018,88;France;France;14;1;40;0;0;0;40;ÉLEVÉ;2026-05-14 11:56:32
TXN-000563;CLT-0037;2817,79;Panama;Îles Caïmans;14;0;0;25;20;0;45;ÉLEVÉ;2026-05-14 11:56:32
TXN-000564;CLT-0063;1328,04;Russie;Îles Caïmans;14;0;0;0;20;0;20;MODÉRÉ;2026-05-14 11:56:32
TXN-000565;CLT-0080;31961,03;Îles Caïmans;France;14;1;40;25;0;0;65;ÉLEVÉ;2026-05-14 11:56:32
TXN-000566;CLT-0089;85392,96;France;Îles Caïmans;14;1;40;0;20;0;60;ÉLEVÉ;2026-05-14 11:56:32
TXN-000567;CLT-0003;4604,97;Espagne;France;14;0;0;0;0;0;0;FAIBLE;2026-05-14 11:56:32
TXN-000568;CLT-0088;4215,8;Allemagne;Allemagne;14;0;0;0;0;0;0;FAIBLE;2026-05-14 11:56:32
TXN-000569;CLT-0100;92757,09;Espagne;Suisse;14;1;40;0;0;0;40;ÉLEVÉ;2026-05-14 11:56:32
TXN-000570;CLT-0025;3028,85;Allemagne;Italie;14;0;0;0;0;0;0;FAIBLE;2026-05-14 11:56:32
TXN-000571;CLT-0098;2041,78;Panama;Espagne;14;0;0;25;0;0;25;MODÉRÉ;2026-05-14 11:56:32
TXN-000572;CLT-0009;2581,2;Îles Caïmans;Suisse;14;0;0;25;0;0;25;MODÉRÉ;2026-05-14 11:56:32
TXN-000573;CLT-0004;82062,69;Allemagne;Suisse;14;1;40;0;0;0;40;ÉLEVÉ;2026-05-14 11:56:32
TXN-000574;CLT-0032;1011,63;Russie;Suisse;14;0;0;0;0;0;0;FAIBLE;2026-05-14 11:56:32
TXN-000575;CLT-0036;39352,63;Russie;Italie;14;1;40;0;0;0;40;ÉLEVÉ;2026-05-14 11:56:32
TXN-000576;CLT-0088;3180,69;Allemagne;Allemagne;14;0;0;0;0;0;0;FAIBLE;2026-05-14 11:56:32
TXN-000577;CLT-0061;2974,28;Panama;France;14;0;0;25;0;0;25;MODÉRÉ;2026-05-14 11:56:32
TXN-000578;CLT-0096;4189,89;Espagne;Panama;14;0;0;0;20;0;20;MODÉRÉ;2026-05-14 11:56:32
TXN-000579;CLT-0100;12319,64;Allemagne;Suisse;14;1;40;0;0;0;40;ÉLEVÉ;2026-05-14 11:56:32
TXN-000580;CLT-0084;3391,7;France;Italie;14;0;0;0;0;0;0;FAIBLE;2026-05-14 11:56:32
TXN-000581;CLT-0002;4836,02;France;Espagne;14;0;0;0;0;0;0;FAIBLE;2026-05-14 11:56:32
TXN-000582;CLT-0029;3009,7;Espagne;France;14;0;0;0;0;0;0;FAIBLE;2026-05-14 11:56:32
TXN-000583;CLT-0055;3549,75;Panama;Espagne;14;0;0;25;0;0;25;MODÉRÉ;2026-05-14 11:56:32
TXN-000584;CLT-0087;1098,86;Îles Caïmans;Italie;14;0;0;25;0;0;25;MODÉRÉ;2026-05-14 11:56:32
TXN-000585;CLT-0048;46,66;Espagne;Suisse;14;0;0;0;0;0;0;FAIBLE;2026-05-14 11:56:32
TXN-000586;CLT-0044;549,44;Panama;France;14;0;0;25;0;0;25;MODÉRÉ;2026-05-14 11:56:32
TXN-000587;CLT-0084;1313,12;Allemagne;Italie;14;0;0;0;0;0;0;FAIBLE;2026-05-14 11:56:32
TXN-000588;CLT-0077;74596,27;Panama;France;14;1;40;25;0;0;65;ÉLEVÉ;2026-05-14 11:56:32
TXN-000589;CLT-0064;3609,2;Espagne;France;14;0;0;0;0;0;0;FAIBLE;2026-05-14 11:56:32
TXN-000590;CLT-0075;2028,95;Allemagne;France;14;0;0;0;0;0;0;FAIBLE;2026-05-14 11:56:32
TXN-000591;CLT-0069;3569,71;Panama;Panama;14;0;0;25;20;0;45;ÉLEVÉ;2026-05-14 11:56:32
TXN-000592;CLT-0072;4228,64;Espagne;Allemagne;14;0;0;0;0;0;0;FAIBLE;2026-05-14 11:56:32
TXN-000593;CLT-0093;19131,14;France;Suisse;14;1;40;0;0;0;40;ÉLEVÉ;2026-05-14 11:56:32
TXN-000594;CLT-0012;4498,96;Panama;Panama;14;0;0;25;20;0;45;ÉLEVÉ;2026-05-14 11:56:32
TXN-000595;CLT-0043;4358,45;Espagne;Suisse;14;0;0;0;0;0;0;FAIBLE;2026-05-14 11:56:32
TXN-000596;CLT-0061;2324,17;France;France;14;0;0;0;0;0;0;FAIBLE;2026-05-14 11:56:32
TXN-000597;CLT-0088;980,77;Espagne;Allemagne;14;0;0;0;0;0;0;FAIBLE;2026-05-14 11:56:32
TXN-000598;CLT-0018;4355,54;Panama;Panama;14;0;0;25;20;0;45;ÉLEVÉ;2026-05-14 11:56:32
TXN-000599;CLT-0019;2851,32;France;Espagne;14;0;0;0;0;0;0;FAIBLE;2026-05-14 11:56:32
TXN-000600;CLT-0023;2443,03;France;Allemagne;14;0;0;0;0;0;0;FAIBLE;2026-05-14 11:56:32
TXN-000601;CLT-0074;31796,92;Russie;Allemagne;14;1;40;0;0;0;40;ÉLEVÉ;2026-05-14 11:56:32
TXN-000602;CLT-0079;3900,96;Îles Caïmans;Îles Caïmans;14;0;0;25;20;0;45;ÉLEVÉ;2026-05-14 11:56:32
TXN-000603;CLT-0001;4826,99;Allemagne;France;14;0;0;0;0;0;0;FAIBLE;2026-05-14 11:56:32
TXN-000604;CLT-0097;4750,84;Allemagne;Panama;14;0;0;0;20;0;20;MODÉRÉ;2026-05-14 11:56:32
TXN-000605;CLT-0029;8358,77;Espagne;France;14;1;40;0;0;0;40;ÉLEVÉ;2026-05-14 11:56:32
TXN-000606;CLT-0040;41368,89;France;Suisse;14;1;40;0;0;0;40;ÉLEVÉ;2026-05-14 11:56:32
TXN-000607;CLT-0059;1498,03;Panama;Îles Caïmans;14;0;0;25;20;0;45;ÉLEVÉ;2026-05-14 11:56:32
TXN-000608;CLT-0044;3437,03;Panama;France;14;0;0;25;0;0;25;MODÉRÉ;2026-05-14 11:56:32
TXN-000609;CLT-0003;832,77;Allemagne;France;14;0;0;0;0;0;0;FAIBLE;2026-05-14 11:56:32
TXN-000610;CLT-0076;664,72;France;France;14;0;0;0;0;0;0;FAIBLE;2026-05-14 11:56:32
TXN-000611;CLT-0049;69866,58;France;France;14;1;40;0;0;0;40;ÉLEVÉ;2026-05-14 11:56:32
TXN-000612;CLT-0084;249,32;France;Italie;14;0;0;0;0;0;0;FAIBLE;2026-05-14 11:56:32
TXN-000613;CLT-0016;2089,71;Espagne;Espagne;14;0;0;0;0;0;0;FAIBLE;2026-05-14 11:56:32
TXN-000614;CLT-0088;774,1;Espagne;Allemagne;14;0;0;0;0;0;0;FAIBLE;2026-05-14 11:56:32
TXN-000615;CLT-0035;513,89;France;Espagne;14;0;0;0;0;0;0;FAIBLE;2026-05-14 11:56:32
TXN-000616;CLT-0093;4494,12;France;Suisse;14;0;0;0;0;0;0;FAIBLE;2026-05-14 11:56:32
TXN-000617;CLT-0026;3925,95;Allemagne;Italie;14;0;0;0;0;0;0;FAIBLE;2026-05-14 11:56:32
TXN-000618;CLT-0046;4159,18;Espagne;France;14;0;0;0;0;0;0;FAIBLE;2026-05-14 11:56:32
TXN-000619;CLT-0089;2745,21;Panama;Îles Caïmans;14;0;0;25;20;0;45;ÉLEVÉ;2026-05-14 11:56:32
TXN-000620;CLT-0015;73,62;Russie;France;14;0;0;0;0;0;0;FAIBLE;2026-05-14 11:56:32
TXN-000621;CLT-0010;15837,19;Espagne;Îles Caïmans;14;1;40;0;20;0;60;ÉLEVÉ;2026-05-14 11:56:32
TXN-000622;CLT-0034;2289,19;France;France;14;0;0;0;0;0;0;FAIBLE;2026-05-14 11:56:32
TXN-000623;CLT-0038;23199,06;Panama;Îles Caïmans;14;1;40;25;20;0;85;CRITIQUE;2026-05-14 11:56:32
TXN-000624;CLT-0002;588,35;France;Espagne;14;0;0;0;0;0;0;FAIBLE;2026-05-14 11:56:32
TXN-000625;CLT-0035;4473,69;Panama;Espagne;14;0;0;25;0;0;25;MODÉRÉ;2026-05-14 11:56:32
TXN-000626;CLT-0052;922,52;Espagne;France;14;0;0;0;0;0;0;FAIBLE;2026-05-14 11:56:32
TXN-000627;CLT-0054;3452,61;France;Suisse;14;0;0;0;0;0;0;FAIBLE;2026-05-14 11:56:32
TXN-000628;CLT-0014;71197,77;Russie;France;14;1;40;0;0;0;40;ÉLEVÉ;2026-05-14 11:56:32
TXN-000629;CLT-0079;3395,18;Panama;Îles Caïmans;14;0;0;25;20;0;45;ÉLEVÉ;2026-05-14 11:56:32
TXN-000630;CLT-0062;4314,25;France;France;14;0;0;0;0;0;0;FAIBLE;2026-05-14 11:56:32
TXN-000631;CLT-0034;2209,03;France;France;14;0;0;0;0;0;0;FAIBLE;2026-05-14 11:56:32
TXN-000632;CLT-0093;3392,87;Allemagne;Suisse;14;0;0;0;0;0;0;FAIBLE;2026-05-14 11:56:32
TXN-000633;CLT-0067;3352,52;France;Panama;14;0;0;0;20;0;20;MODÉRÉ;2026-05-14 11:56:32
TXN-000634;CLT-0045;3635,99;France;France;14;0;0;0;0;0;0;FAIBLE;2026-05-14 11:56:32
TXN-000635;CLT-0007;2796,14;France;Suisse;14;0;0;0;0;0;0;FAIBLE;2026-05-14 11:56:32
TXN-000636;CLT-0022;2351,75;Russie;Allemagne;14;0;0;0;0;0;0;FAIBLE;2026-05-14 11:56:32
TXN-000637;CLT-0007;1661,17;Allemagne;Suisse;14;0;0;0;0;0;0;FAIBLE;2026-05-14 11:56:32
TXN-000638;CLT-0011;1899,4;Russie;France;14;0;0;0;0;0;0;FAIBLE;2026-05-14 11:56:32
TXN-000639;CLT-0058;2246,01;France;France;14;0;0;0;0;0;0;FAIBLE;2026-05-14 11:56:32
TXN-000640;CLT-0014;3728,74;Îles Caïmans;France;14;0;0;25;0;0;25;MODÉRÉ;2026-05-14 11:56:32
TXN-000641;CLT-0078;55771,59;Espagne;Suisse;14;1;40;0;0;0;40;ÉLEVÉ;2026-05-14 11:56:32
TXN-000642;CLT-0086;2816,04;Panama;France;14;0;0;25;0;0;25;MODÉRÉ;2026-05-14 11:56:32
TXN-000643;CLT-0059;280,83;Russie;Îles Caïmans;14;0;0;0;20;0;20;MODÉRÉ;2026-05-14 11:56:32
TXN-000644;CLT-0015;1822,84;Allemagne;France;14;0;0;0;0;0;0;FAIBLE;2026-05-14 11:56:32
TXN-000645;CLT-0038;38897,09;Panama;Îles Caïmans;14;1;40;25;20;0;85;CRITIQUE;2026-05-14 11:56:32
TXN-000646;CLT-0064;238,43;Îles Caïmans;France;14;0;0;25;0;0;25;MODÉRÉ;2026-05-14 11:56:32
TXN-000647;CLT-0016;61144,1;Allemagne;Espagne;14;1;40;0;0;0;40;ÉLEVÉ;2026-05-14 11:56:32
TXN-000648;CLT-0014;3909,29;France;France;14;0;0;0;0;0;0;FAIBLE;2026-05-14 11:56:32
TXN-000649;CLT-0016;4188,96;Russie;Espagne;14;0;0;0;0;0;0;FAIBLE;2026-05-14 11:56:32
TXN-000650;CLT-0064;4781,39;France;France;14;0;0;0;0;0;0;FAIBLE;2026-05-14 11:56:32
TXN-000651;CLT-0062;2169,72;France;France;14;0;0;0;0;0;0;FAIBLE;2026-05-14 11:56:32
TXN-000652;CLT-0014;876,51;Panama;France;14;0;0;25;0;0;25;MODÉRÉ;2026-05-14 11:56:32
TXN-000653;CLT-0089;1929,47;Espagne;Îles Caïmans;14;0;0;0;20;0;20;MODÉRÉ;2026-05-14 11:56:32
TXN-000654;CLT-0058;1720,87;France;France;14;0;0;0;0;0;0;FAIBLE;2026-05-14 11:56:32
TXN-000655;CLT-0039;3503,07;Panama;France;14;0;0;25;0;0;25;MODÉRÉ;2026-05-14 11:56:32
TXN-000656;CLT-0028;4678,21;Allemagne;France;14;0;0;0;0;0;0;FAIBLE;2026-05-14 11:56:32
TXN-000657;CLT-0087;1459,99;France;Italie;14;0;0;0;0;0;0;FAIBLE;2026-05-14 11:56:32
TXN-000658;CLT-0091;3474,62;Panama;Allemagne;14;0;0;25;0;0;25;MODÉRÉ;2026-05-14 11:56:32
TXN-000659;CLT-0091;2918,2;Espagne;Allemagne;14;0;0;0;0;0;0;FAIBLE;2026-05-14 11:56:32
TXN-000660;CLT-0067;2117,71;France;Panama;14;0;0;0;20;0;20;MODÉRÉ;2026-05-14 11:56:32
TXN-000661;CLT-0026;274,79;France;Italie;14;0;0;0;0;0;0;FAIBLE;2026-05-14 11:56:32
TXN-000662;CLT-0008;3420,12;Allemagne;Suisse;14;0;0;0;0;0;0;FAIBLE;2026-05-14 11:56:32
TXN-000663;CLT-0014;171,21;Allemagne;France;14;0;0;0;0;0;0;FAIBLE;2026-05-14 11:56:32
TXN-000664;CLT-0066;2810,74;France;Espagne;14;0;0;0;0;0;0;FAIBLE;2026-05-14 11:56:32
TXN-000665;CLT-0041;1943,9;France;Panama;14;0;0;0;20;0;20;MODÉRÉ;2026-05-14 11:56:32
TXN-000666;CLT-0100;29866,68;Allemagne;Suisse;14;1;40;0;0;0;40;ÉLEVÉ;2026-05-14 11:56:32
TXN-000667;CLT-0048;3526,1;Allemagne;Suisse;14;0;0;0;0;0;0;FAIBLE;2026-05-14 11:56:32
TXN-000668;CLT-0058;4821,81;France;France;14;0;0;0;0;0;0;FAIBLE;2026-05-14 11:56:32
TXN-000669;CLT-0016;877,24;France;Espagne;14;0;0;0;0;0;0;FAIBLE;2026-05-14 11:56:32
TXN-000670;CLT-0021;2787,43;Espagne;France;14;0;0;0;0;0;0;FAIBLE;2026-05-14 11:56:32
TXN-000671;CLT-0006;48570,83;Panama;France;14;1;40;25;0;0;65;ÉLEVÉ;2026-05-14 11:56:32
TXN-000672;CLT-0079;3870,57;Russie;Îles Caïmans;14;0;0;0;20;0;20;MODÉRÉ;2026-05-14 11:56:32
TXN-000673;CLT-0091;2755,3;Allemagne;Allemagne;14;0;0;0;0;0;0;FAIBLE;2026-05-14 11:56:32
TXN-000674;CLT-0021;2607,83;Îles Caïmans;France;14;0;0;25;0;0;25;MODÉRÉ;2026-05-14 11:56:32
TXN-000675;CLT-0085;27244,23;Panama;Îles Caïmans;14;1;40;25;20;0;85;CRITIQUE;2026-05-14 11:56:32
TXN-000676;CLT-0068;1100,04;France;Allemagne;14;0;0;0;0;0;0;FAIBLE;2026-05-14 11:56:32
TXN-000677;CLT-0083;38102,63;Allemagne;France;14;1;40;0;0;0;40;ÉLEVÉ;2026-05-14 11:56:32
TXN-000678;CLT-0049;3415,93;Îles Caïmans;France;14;0;0;25;0;0;25;MODÉRÉ;2026-05-14 11:56:32
TXN-000679;CLT-0067;3622,64;Russie;Panama;14;0;0;0;20;0;20;MODÉRÉ;2026-05-14 11:56:32
TXN-000680;CLT-0025;1489,21;France;Italie;14;0;0;0;0;0;0;FAIBLE;2026-05-14 11:56:32
TXN-000681;CLT-0069;845,3;France;Panama;14;0;0;0;20;0;20;MODÉRÉ;2026-05-14 11:56:32
TXN-000682;CLT-0088;3151,28;France;Allemagne;14;0;0;0;0;0;0;FAIBLE;2026-05-14 11:56:32
TXN-000683;CLT-0083;4145,46;France;France;14;0;0;0;0;0;0;FAIBLE;2026-05-14 11:56:32
TXN-000684;CLT-0012;70367,54;France;Panama;14;1;40;0;20;0;60;ÉLEVÉ;2026-05-14 11:56:32
TXN-000685;CLT-0074;1267,02;Espagne;Allemagne;14;0;0;0;0;0;0;FAIBLE;2026-05-14 11:56:32
TXN-000686;CLT-0056;2261,12;France;Allemagne;14;0;0;0;0;0;0;FAIBLE;2026-05-14 11:56:32
TXN-000687;CLT-0083;600,35;France;France;14;0;0;0;0;0;0;FAIBLE;2026-05-14 11:56:32
TXN-000688;CLT-0010;2932,18;France;Îles Caïmans;14;0;0;0;20;0;20;MODÉRÉ;2026-05-14 11:56:32
TXN-000689;CLT-0012;3432,53;Russie;Panama;14;0;0;0;20;0;20;MODÉRÉ;2026-05-14 11:56:32
TXN-000690;CLT-0061;4112,39;Allemagne;France;14;0;0;0;0;0;0;FAIBLE;2026-05-14 11:56:32
TXN-000691;CLT-0038;42016,35;Espagne;Îles Caïmans;14;1;40;0;20;0;60;ÉLEVÉ;2026-05-14 11:56:32
TXN-000692;CLT-0048;4571,7;France;Suisse;14;0;0;0;0;0;0;FAIBLE;2026-05-14 11:56:32
TXN-000693;CLT-0051;8437,6;France;France;14;1;40;0;0;0;40;ÉLEVÉ;2026-05-14 11:56:32
TXN-000694;CLT-0028;3744,0;France;France;14;0;0;0;0;0;0;FAIBLE;2026-05-14 11:56:32
TXN-000695;CLT-0025;1111,73;France;Italie;14;0;0;0;0;0;0;FAIBLE;2026-05-14 11:56:32
TXN-000696;CLT-0097;2840,79;Russie;Panama;14;0;0;0;20;0;20;MODÉRÉ;2026-05-14 11:56:32
TXN-000697;CLT-0009;374,99;France;Suisse;14;0;0;0;0;0;0;FAIBLE;2026-05-14 11:56:32
TXN-000698;CLT-0046;2907,17;Allemagne;France;14;0;0;0;0;0;0;FAIBLE;2026-05-14 11:56:32
TXN-000699;CLT-0041;61897,87;Russie;Panama;14;1;40;0;20;0;60;ÉLEVÉ;2026-05-14 11:56:32
TXN-000700;CLT-0075;3300,52;Panama;France;14;0;0;25;0;0;25;MODÉRÉ;2026-05-14 11:56:32
TXN-000701;CLT-0001;4793,71;Allemagne;France;14;0;0;0;0;0;0;FAIBLE;2026-05-14 11:56:32
TXN-000702;CLT-0056;3563,87;Panama;Allemagne;14;0;0;25;0;0;25;MODÉRÉ;2026-05-14 11:56:32
TXN-000703;CLT-0060;71768,63;Panama;Italie;14;1;40;25;0;0;65;ÉLEVÉ;2026-05-14 11:56:32
TXN-000704;CLT-0023;2439,99;France;Allemagne;14;0;0;0;0;0;0;FAIBLE;2026-05-14 11:56:32
TXN-000705;CLT-0069;4294,98;Espagne;Panama;14;0;0;0;20;0;20;MODÉRÉ;2026-05-14 11:56:32
TXN-000706;CLT-0003;3136,83;France;France;14;0;0;0;0;0;0;FAIBLE;2026-05-14 11:56:32
TXN-000707;CLT-0028;2898,71;Espagne;France;14;0;0;0;0;0;0;FAIBLE;2026-05-14 11:56:32
TXN-000708;CLT-0084;4993,65;Panama;Italie;14;0;0;25;0;0;25;MODÉRÉ;2026-05-14 11:56:32
TXN-000709;CLT-0094;4458,27;France;Allemagne;14;0;0;0;0;0;0;FAIBLE;2026-05-14 11:56:32
TXN-000710;CLT-0047;2556,96;France;Îles Caïmans;14;0;0;0;20;0;20;MODÉRÉ;2026-05-14 11:56:32
TXN-000711;CLT-0088;4241,43;France;Allemagne;14;0;0;0;0;0;0;FAIBLE;2026-05-14 11:56:32
TXN-000712;CLT-0085;903,93;Russie;Îles Caïmans;14;0;0;0;20;0;20;MODÉRÉ;2026-05-14 11:56:32
TXN-000713;CLT-0030;211,69;Espagne;Allemagne;14;0;0;0;0;0;0;FAIBLE;2026-05-14 11:56:32
TXN-000714;CLT-0067;223,61;Îles Caïmans;Panama;14;0;0;25;20;0;45;ÉLEVÉ;2026-05-14 11:56:32
TXN-000715;CLT-0006;2278,67;France;France;14;0;0;0;0;0;0;FAIBLE;2026-05-14 11:56:32
TXN-000716;CLT-0095;2611,65;France;Îles Caïmans;14;0;0;0;20;0;20;MODÉRÉ;2026-05-14 11:56:32
TXN-000717;CLT-0084;1898,81;Espagne;Italie;14;0;0;0;0;0;0;FAIBLE;2026-05-14 11:56:32
TXN-000718;CLT-0052;4537,14;Panama;France;14;0;0;25;0;0;25;MODÉRÉ;2026-05-14 11:56:32
TXN-000719;CLT-0001;2415,73;France;France;14;0;0;0;0;0;0;FAIBLE;2026-05-14 11:56:32
TXN-000720;CLT-0083;1157,65;Allemagne;France;14;0;0;0;0;0;0;FAIBLE;2026-05-14 11:56:32
TXN-000721;CLT-0092;795,21;Allemagne;Suisse;14;0;0;0;0;0;0;FAIBLE;2026-05-14 11:56:32
TXN-000722;CLT-0062;1657,82;Russie;France;14;0;0;0;0;0;0;FAIBLE;2026-05-14 11:56:32
TXN-000723;CLT-0003;814,62;France;France;14;0;0;0;0;0;0;FAIBLE;2026-05-14 11:56:32
TXN-000724;CLT-0081;59534,25;France;Îles Caïmans;14;1;40;0;20;0;60;ÉLEVÉ;2026-05-14 11:56:32
TXN-000725;CLT-0034;742,86;Îles Caïmans;France;14;0;0;25;0;0;25;MODÉRÉ;2026-05-14 11:56:32
TXN-000726;CLT-0093;2822,39;France;Suisse;14;0;0;0;0;0;0;FAIBLE;2026-05-14 11:56:32
TXN-000727;CLT-0062;3036,56;Allemagne;France;14;0;0;0;0;0;0;FAIBLE;2026-05-14 11:56:32
TXN-000728;CLT-0099;3008,19;Espagne;Panama;14;0;0;0;20;0;20;MODÉRÉ;2026-05-14 11:56:32
TXN-000729;CLT-0077;3431,1;France;France;14;0;0;0;0;0;0;FAIBLE;2026-05-14 11:56:32
TXN-000730;CLT-0003;1933,45;Îles Caïmans;France;14;0;0;25;0;0;25;MODÉRÉ;2026-05-14 11:56:32
TXN-000731;CLT-0061;3031,5;France;France;14;0;0;0;0;0;0;FAIBLE;2026-05-14 11:56:32
TXN-000732;CLT-0012;2661,84;France;Panama;14;0;0;0;20;0;20;MODÉRÉ;2026-05-14 11:56:32
TXN-000733;CLT-0100;2701,04;Îles Caïmans;Suisse;14;0;0;25;0;0;25;MODÉRÉ;2026-05-14 11:56:32
TXN-000734;CLT-0055;226,76;Russie;Espagne;14;0;0;0;0;0;0;FAIBLE;2026-05-14 11:56:32
TXN-000735;CLT-0095;1912,37;France;Îles Caïmans;14;0;0;0;20;0;20;MODÉRÉ;2026-05-14 11:56:32
TXN-000736;CLT-0011;1280,04;Îles Caïmans;France;14;0;0;25;0;0;25;MODÉRÉ;2026-05-14 11:56:32
TXN-000737;CLT-0074;37,29;France;Allemagne;14;0;0;0;0;0;0;FAIBLE;2026-05-14 11:56:32
TXN-000738;CLT-0089;1881,4;Îles Caïmans;Îles Caïmans;14;0;0;25;20;0;45;ÉLEVÉ;2026-05-14 11:56:32
TXN-000739;CLT-0075;782,35;Espagne;France;14;0;0;0;0;0;0;FAIBLE;2026-05-14 11:56:32
TXN-000740;CLT-0079;2123,57;Îles Caïmans;Îles Caïmans;14;0;0;25;20;0;45;ÉLEVÉ;2026-05-14 11:56:32
TXN-000741;CLT-0062;2072,01;Panama;France;14;0;0;25;0;0;25;MODÉRÉ;2026-05-14 11:56:32
TXN-000742;CLT-0074;2423,96;Îles Caïmans;Allemagne;14;0;0;25;0;0;25;MODÉRÉ;2026-05-14 11:56:32
TXN-000743;CLT-0016;4276,44;Russie;Espagne;14;0;0;0;0;0;0;FAIBLE;2026-05-14 11:56:32
TXN-000744;CLT-0028;4746,73;Îles Caïmans;France;14;0;0;25;0;0;25;MODÉRÉ;2026-05-14 11:56:32
TXN-000745;CLT-0090;4006,26;France;France;14;0;0;0;0;0;0;FAIBLE;2026-05-14 11:56:32
TXN-000746;CLT-0019;3183,02;Îles Caïmans;Espagne;14;0;0;25;0;0;25;MODÉRÉ;2026-05-14 11:56:32
TXN-000747;CLT-0011;30889,0;France;France;14;1;40;0;0;0;40;ÉLEVÉ;2026-05-14 11:56:32
TXN-000748;CLT-0079;4654,12;Espagne;Îles Caïmans;14;0;0;0;20;0;20;MODÉRÉ;2026-05-14 11:56:32
TXN-000749;CLT-0082;2991,39;Russie;Panama;14;0;0;0;20;0;20;MODÉRÉ;2026-05-14 11:56:32
TXN-000750;CLT-0037;81999,38;France;Îles Caïmans;14;1;40;0;20;0;60;ÉLEVÉ;2026-05-14 11:56:32
TXN-000751;CLT-0030;2557,63;France;Allemagne;14;0;0;0;0;0;0;FAIBLE;2026-05-14 11:56:32
TXN-000752;CLT-0001;1805,1;France;France;14;0;0;0;0;0;0;FAIBLE;2026-05-14 11:56:32
TXN-000753;CLT-0086;3900,57;Îles Caïmans;France;14;0;0;25;0;0;25;MODÉRÉ;2026-05-14 11:56:32
TXN-000754;CLT-0009;2593,54;Espagne;Suisse;14;0;0;0;0;0;0;FAIBLE;2026-05-14 11:56:32
TXN-000755;CLT-0045;2799,98;Espagne;France;14;0;0;0;0;0;0;FAIBLE;2026-05-14 11:56:32
TXN-000756;CLT-0052;4815,66;France;France;14;0;0;0;0;0;0;FAIBLE;2026-05-14 11:56:32
TXN-000757;CLT-0072;2041,6;Espagne;Allemagne;14;0;0;0;0;0;0;FAIBLE;2026-05-14 11:56:32
TXN-000758;CLT-0033;593,87;Espagne;Italie;14;0;0;0;0;0;0;FAIBLE;2026-05-14 11:56:32
TXN-000759;CLT-0062;4830,62;Panama;France;14;0;0;25;0;0;25;MODÉRÉ;2026-05-14 11:56:32
TXN-000760;CLT-0076;2299,65;Russie;France;14;0;0;0;0;0;0;FAIBLE;2026-05-14 11:56:32
TXN-000761;CLT-0029;13877,22;Panama;France;14;1;40;25;0;0;65;ÉLEVÉ;2026-05-14 11:56:32
TXN-000762;CLT-0002;1771,95;Allemagne;Espagne;14;0;0;0;0;0;0;FAIBLE;2026-05-14 11:56:32
TXN-000763;CLT-0010;2000,66;France;Îles Caïmans;14;0;0;0;20;0;20;MODÉRÉ;2026-05-14 11:56:32
TXN-000764;CLT-0035;1774,15;Allemagne;Espagne;14;0;0;0;0;0;0;FAIBLE;2026-05-14 11:56:32
TXN-000765;CLT-0034;1006,34;Allemagne;France;14;0;0;0;0;0;0;FAIBLE;2026-05-14 11:56:32
TXN-000766;CLT-0046;1255,98;France;France;14;0;0;0;0;0;0;FAIBLE;2026-05-14 11:56:32
TXN-000767;CLT-0064;14828,42;France;France;14;1;40;0;0;0;40;ÉLEVÉ;2026-05-14 11:56:32
TXN-000768;CLT-0062;2711,96;Panama;France;14;0;0;25;0;0;25;MODÉRÉ;2026-05-14 11:56:32
TXN-000769;CLT-0036;4926,95;France;Italie;14;0;0;0;0;0;0;FAIBLE;2026-05-14 11:56:32
TXN-000770;CLT-0051;4580,87;France;France;14;0;0;0;0;0;0;FAIBLE;2026-05-14 11:56:32
TXN-000771;CLT-0070;77536,48;Panama;Italie;14;1;40;25;0;0;65;ÉLEVÉ;2026-05-14 11:56:32
TXN-000772;CLT-0059;3434,83;Russie;Îles Caïmans;14;0;0;0;20;0;20;MODÉRÉ;2026-05-14 11:56:32
TXN-000773;CLT-0027;52,01;France;Espagne;14;0;0;0;0;0;0;FAIBLE;2026-05-14 11:56:32
TXN-000774;CLT-0024;3067,76;Espagne;Espagne;14;0;0;0;0;0;0;FAIBLE;2026-05-14 11:56:32
TXN-000775;CLT-0044;2362,01;France;France;14;0;0;0;0;0;0;FAIBLE;2026-05-14 11:56:32
TXN-000776;CLT-0097;1060,56;Panama;Panama;14;0;0;25;20;0;45;ÉLEVÉ;2026-05-14 11:56:32
TXN-000777;CLT-0074;1405,35;Allemagne;Allemagne;14;0;0;0;0;0;0;FAIBLE;2026-05-14 11:56:32
TXN-000778;CLT-0072;3606,87;Îles Caïmans;Allemagne;14;0;0;25;0;0;25;MODÉRÉ;2026-05-14 11:56:32
TXN-000779;CLT-0061;4002,19;France;France;14;0;0;0;0;0;0;FAIBLE;2026-05-14 11:56:32
TXN-000780;CLT-0067;681,01;Panama;Panama;14;0;0;25;20;0;45;ÉLEVÉ;2026-05-14 11:56:32
TXN-000781;CLT-0073;1507,17;Îles Caïmans;France;14;0;0;25;0;0;25;MODÉRÉ;2026-05-14 11:56:32
TXN-000782;CLT-0033;22210,74;France;Italie;14;1;40;0;0;0;40;ÉLEVÉ;2026-05-14 11:56:32
TXN-000783;CLT-0047;1679,94;Espagne;Îles Caïmans;14;0;0;0;20;0;20;MODÉRÉ;2026-05-14 11:56:32
TXN-000784;CLT-0087;2064,69;Allemagne;Italie;14;0;0;0;0;0;0;FAIBLE;2026-05-14 11:56:32
TXN-000785;CLT-0023;3252,83;Panama;Allemagne;14;0;0;25;0;0;25;MODÉRÉ;2026-05-14 11:56:32
TXN-000786;CLT-0011;2557,12;Espagne;France;14;0;0;0;0;0;0;FAIBLE;2026-05-14 11:56:32
TXN-000787;CLT-0082;4783,41;Îles Caïmans;Panama;14;0;0;25;20;0;45;ÉLEVÉ;2026-05-14 11:56:32
TXN-000788;CLT-0011;2862,47;Panama;France;14;0;0;25;0;0;25;MODÉRÉ;2026-05-14 11:56:32
TXN-000789;CLT-0091;1591,22;Îles Caïmans;Allemagne;14;0;0;25;0;0;25;MODÉRÉ;2026-05-14 11:56:32
TXN-000790;CLT-0096;2230,04;Russie;Panama;14;0;0;0;20;0;20;MODÉRÉ;2026-05-14 11:56:32
TXN-000791;CLT-0017;927,59;Espagne;Îles Caïmans;14;0;0;0;20;0;20;MODÉRÉ;2026-05-14 11:56:32
TXN-000792;CLT-0027;3506,48;Îles Caïmans;Espagne;14;0;0;25;0;0;25;MODÉRÉ;2026-05-14 11:56:32
TXN-000793;CLT-0071;13549,94;France;Îles Caïmans;14;1;40;0;20;0;60;ÉLEVÉ;2026-05-14 11:56:32
TXN-000794;CLT-0014;2624,67;France;France;14;0;0;0;0;0;0;FAIBLE;2026-05-14 11:56:32
TXN-000795;CLT-0040;89048,29;Allemagne;Suisse;14;1;40;0;0;0;40;ÉLEVÉ;2026-05-14 11:56:32
TXN-000796;CLT-0017;2221,37;France;Îles Caïmans;14;0;0;0;20;0;20;MODÉRÉ;2026-05-14 11:56:32
TXN-000797;CLT-0061;65728,77;Espagne;France;14;1;40;0;0;0;40;ÉLEVÉ;2026-05-14 11:56:32
TXN-000798;CLT-0070;684,22;Russie;Italie;14;0;0;0;0;0;0;FAIBLE;2026-05-14 11:56:32
TXN-000799;CLT-0056;3182,9;Espagne;Allemagne;14;0;0;0;0;0;0;FAIBLE;2026-05-14 11:56:32
TXN-000800;CLT-0012;2413,44;Espagne;Panama;14;0;0;0;20;0;20;MODÉRÉ;2026-05-14 11:56:32
TXN-000801;CLT-0002;1306,44;France;Espagne;14;0;0;0;0;0;0;FAIBLE;2026-05-14 11:56:32
TXN-000802;CLT-0089;2351,3;Russie;Îles Caïmans;14;0;0;0;20;0;20;MODÉRÉ;2026-05-14 11:56:32
TXN-000803;CLT-0077;3831,69;France;France;14;0;0;0;0;0;0;FAIBLE;2026-05-14 11:56:32
TXN-000804;CLT-0056;950,97;Allemagne;Allemagne;14;0;0;0;0;0;0;FAIBLE;2026-05-14 11:56:32
TXN-000805;CLT-0049;3688,22;Espagne;France;14;0;0;0;0;0;0;FAIBLE;2026-05-14 11:56:32
TXN-000806;CLT-0098;62403,1;Espagne;Espagne;14;1;40;0;0;0;40;ÉLEVÉ;2026-05-14 11:56:32
TXN-000807;CLT-0053;3717,21;France;Espagne;14;0;0;0;0;0;0;FAIBLE;2026-05-14 11:56:32
TXN-000808;CLT-0059;1455,08;Russie;Îles Caïmans;14;0;0;0;20;0;20;MODÉRÉ;2026-05-14 11:56:32
TXN-000809;CLT-0042;3117,54;France;Italie;14;0;0;0;0;0;0;FAIBLE;2026-05-14 11:56:32
TXN-000810;CLT-0014;54542,46;Espagne;France;14;1;40;0;0;0;40;ÉLEVÉ;2026-05-14 11:56:32
TXN-000811;CLT-0030;46142,25;France;Allemagne;14;1;40;0;0;0;40;ÉLEVÉ;2026-05-14 11:56:32
TXN-000812;CLT-0040;26895,36;Panama;Suisse;14;1;40;25;0;0;65;ÉLEVÉ;2026-05-14 11:56:32
TXN-000813;CLT-0011;3959,21;France;France;14;0;0;0;0;0;0;FAIBLE;2026-05-14 11:56:32
TXN-000814;CLT-0061;1968,18;Allemagne;France;14;0;0;0;0;0;0;FAIBLE;2026-05-14 11:56:32
TXN-000815;CLT-0002;1257,9;Allemagne;Espagne;14;0;0;0;0;0;0;FAIBLE;2026-05-14 11:56:32
TXN-000816;CLT-0095;4875,11;Allemagne;Îles Caïmans;14;0;0;0;20;0;20;MODÉRÉ;2026-05-14 11:56:32
TXN-000817;CLT-0086;3857,27;Russie;France;14;0;0;0;0;0;0;FAIBLE;2026-05-14 11:56:32
TXN-000818;CLT-0021;4806,46;France;France;14;0;0;0;0;0;0;FAIBLE;2026-05-14 11:56:32
TXN-000819;CLT-0047;3196,21;Allemagne;Îles Caïmans;14;0;0;0;20;0;20;MODÉRÉ;2026-05-14 11:56:32
TXN-000820;CLT-0042;1187,47;France;Italie;14;0;0;0;0;0;0;FAIBLE;2026-05-14 11:56:32
TXN-000821;CLT-0032;2927,64;France;Suisse;14;0;0;0;0;0;0;FAIBLE;2026-05-14 11:56:32
TXN-000822;CLT-0077;3456,85;Panama;France;14;0;0;25;0;0;25;MODÉRÉ;2026-05-14 11:56:32
TXN-000823;CLT-0012;1251,12;Panama;Panama;14;0;0;25;20;0;45;ÉLEVÉ;2026-05-14 11:56:32
TXN-000824;CLT-0008;4984,9;Panama;Suisse;14;0;0;25;0;0;25;MODÉRÉ;2026-05-14 11:56:32
TXN-000825;CLT-0017;3509,63;Allemagne;Îles Caïmans;14;0;0;0;20;0;20;MODÉRÉ;2026-05-14 11:56:32
TXN-000826;CLT-0097;2796,17;Russie;Panama;14;0;0;0;20;0;20;MODÉRÉ;2026-05-14 11:56:32
TXN-000827;CLT-0046;116,55;Espagne;France;14;0;0;0;0;0;0;FAIBLE;2026-05-14 11:56:32
TXN-000828;CLT-0072;2431,66;Russie;Allemagne;14;0;0;0;0;0;0;FAIBLE;2026-05-14 11:56:32
TXN-000829;CLT-0042;941,27;Espagne;Italie;14;0;0;0;0;0;0;FAIBLE;2026-05-14 11:56:32
TXN-000830;CLT-0021;2997,41;France;France;14;0;0;0;0;0;0;FAIBLE;2026-05-14 11:56:32
TXN-000831;CLT-0047;4098,9;France;Îles Caïmans;14;0;0;0;20;0;20;MODÉRÉ;2026-05-14 11:56:32
TXN-000832;CLT-0003;2534,73;Panama;France;14;0;0;25;0;0;25;MODÉRÉ;2026-05-14 11:56:32
TXN-000833;CLT-0085;1201,54;Îles Caïmans;Îles Caïmans;14;0;0;25;20;0;45;ÉLEVÉ;2026-05-14 11:56:32
TXN-000834;CLT-0020;3419,29;Espagne;Italie;14;0;0;0;0;0;0;FAIBLE;2026-05-14 11:56:32
TXN-000835;CLT-0013;3208,11;France;France;14;0;0;0;0;0;0;FAIBLE;2026-05-14 11:56:32
TXN-000836;CLT-0005;89588,56;France;Panama;14;1;40;0;20;0;60;ÉLEVÉ;2026-05-14 11:56:32
TXN-000837;CLT-0083;502,78;Russie;France;14;0;0;0;0;0;0;FAIBLE;2026-05-14 11:56:32
TXN-000838;CLT-0007;3509,56;Allemagne;Suisse;14;0;0;0;0;0;0;FAIBLE;2026-05-14 11:56:32
TXN-000839;CLT-0084;363,66;France;Italie;14;0;0;0;0;0;0;FAIBLE;2026-05-14 11:56:32
TXN-000840;CLT-0072;3198,19;Panama;Allemagne;14;0;0;25;0;0;25;MODÉRÉ;2026-05-14 11:56:32
TXN-000841;CLT-0035;300,92;France;Espagne;14;0;0;0;0;0;0;FAIBLE;2026-05-14 11:56:32
TXN-000842;CLT-0028;4173,94;France;France;14;0;0;0;0;0;0;FAIBLE;2026-05-14 11:56:32
TXN-000843;CLT-0025;28098,57;Allemagne;Italie;14;1;40;0;0;0;40;ÉLEVÉ;2026-05-14 11:56:32
TXN-000844;CLT-0096;4738,04;Îles Caïmans;Panama;14;0;0;25;20;0;45;ÉLEVÉ;2026-05-14 11:56:32
TXN-000845;CLT-0046;3833,75;Îles Caïmans;France;14;0;0;25;0;0;25;MODÉRÉ;2026-05-14 11:56:32
TXN-000846;CLT-0071;842,38;Panama;Îles Caïmans;14;0;0;25;20;0;45;ÉLEVÉ;2026-05-14 11:56:32
TXN-000847;CLT-0057;2674,16;Panama;France;14;0;0;25;0;0;25;MODÉRÉ;2026-05-14 11:56:32
TXN-000848;CLT-0053;4984,28;Panama;Espagne;14;0;0;25;0;0;25;MODÉRÉ;2026-05-14 11:56:32
TXN-000849;CLT-0049;2820,09;Espagne;France;14;0;0;0;0;0;0;FAIBLE;2026-05-14 11:56:32
TXN-000850;CLT-0001;2267,49;Espagne;France;14;0;0;0;0;0;0;FAIBLE;2026-05-14 11:56:32
TXN-000851;CLT-0001;2592,87;Allemagne;France;14;0;0;0;0;0;0;FAIBLE;2026-05-14 11:56:32
TXN-000852;CLT-0036;1581,37;France;Italie;14;0;0;0;0;0;0;FAIBLE;2026-05-14 11:56:32
TXN-000853;CLT-0018;48052,17;Panama;Panama;14;1;40;25;20;0;85;CRITIQUE;2026-05-14 11:56:32
TXN-000854;CLT-0039;1256,79;Îles Caïmans;France;14;0;0;25;0;0;25;MODÉRÉ;2026-05-14 11:56:32
TXN-000855;CLT-0093;1095,01;Russie;Suisse;14;0;0;0;0;0;0;FAIBLE;2026-05-14 11:56:32
TXN-000856;CLT-0090;4130,27;France;France;14;0;0;0;0;0;0;FAIBLE;2026-05-14 11:56:32
TXN-000857;CLT-0049;1508,96;France;France;14;0;0;0;0;0;0;FAIBLE;2026-05-14 11:56:32
TXN-000858;CLT-0054;1678,6;Allemagne;Suisse;14;0;0;0;0;0;0;FAIBLE;2026-05-14 11:56:32
TXN-000859;CLT-0082;4248,9;France;Panama;14;0;0;0;20;0;20;MODÉRÉ;2026-05-14 11:56:32
TXN-000860;CLT-0073;215,5;Panama;France;14;0;0;25;0;0;25;MODÉRÉ;2026-05-14 11:56:32
TXN-000861;CLT-0087;1111,78;Russie;Italie;14;0;0;0;0;0;0;FAIBLE;2026-05-14 11:56:32
TXN-000862;CLT-0029;2880,52;Espagne;France;14;0;0;0;0;0;0;FAIBLE;2026-05-14 11:56:32
TXN-000863;CLT-0011;748,58;France;France;14;0;0;0;0;0;0;FAIBLE;2026-05-14 11:56:32
TXN-000864;CLT-0065;1320,16;France;Îles Caïmans;14;0;0;0;20;0;20;MODÉRÉ;2026-05-14 11:56:32
TXN-000865;CLT-0063;2409,8;Allemagne;Îles Caïmans;14;0;0;0;20;0;20;MODÉRÉ;2026-05-14 11:56:32
TXN-000866;CLT-0032;4985,42;France;Suisse;14;0;0;0;0;0;0;FAIBLE;2026-05-14 11:56:32
TXN-000867;CLT-0074;2156,03;France;Allemagne;14;0;0;0;0;0;0;FAIBLE;2026-05-14 11:56:32
TXN-000868;CLT-0025;2123,47;Panama;Italie;14;0;0;25;0;0;25;MODÉRÉ;2026-05-14 11:56:32
TXN-000869;CLT-0022;130,79;Russie;Allemagne;14;0;0;0;0;0;0;FAIBLE;2026-05-14 11:56:32
TXN-000870;CLT-0026;2207,91;France;Italie;14;0;0;0;0;0;0;FAIBLE;2026-05-14 11:56:32
TXN-000871;CLT-0095;4265,29;Allemagne;Îles Caïmans;14;0;0;0;20;0;20;MODÉRÉ;2026-05-14 11:56:32
TXN-000872;CLT-0002;4634,38;France;Espagne;14;0;0;0;0;0;0;FAIBLE;2026-05-14 11:56:32
TXN-000873;CLT-0027;2361,24;Allemagne;Espagne;14;0;0;0;0;0;0;FAIBLE;2026-05-14 11:56:32
TXN-000874;CLT-0071;2621,1;France;Îles Caïmans;14;0;0;0;20;0;20;MODÉRÉ;2026-05-14 11:56:32
TXN-000875;CLT-0075;3344,62;France;France;14;0;0;0;0;0;0;FAIBLE;2026-05-14 11:56:32
TXN-000876;CLT-0090;309,95;Espagne;France;14;0;0;0;0;0;0;FAIBLE;2026-05-14 11:56:32
TXN-000877;CLT-0009;64963,93;Espagne;Suisse;14;1;40;0;0;0;40;ÉLEVÉ;2026-05-14 11:56:32
TXN-000878;CLT-0014;4565,22;Espagne;France;14;0;0;0;0;0;0;FAIBLE;2026-05-14 11:56:32
TXN-000879;CLT-0049;3250,56;France;France;14;0;0;0;0;0;0;FAIBLE;2026-05-14 11:56:32
TXN-000880;CLT-0069;2428,46;France;Panama;14;0;0;0;20;0;20;MODÉRÉ;2026-05-14 11:56:32
TXN-000881;CLT-0092;4834,29;France;Suisse;14;0;0;0;0;0;0;FAIBLE;2026-05-14 11:56:32
TXN-000882;CLT-0063;2651,78;France;Îles Caïmans;14;0;0;0;20;0;20;MODÉRÉ;2026-05-14 11:56:32
TXN-000883;CLT-0081;67535,09;Allemagne;Îles Caïmans;14;1;40;0;20;0;60;ÉLEVÉ;2026-05-14 11:56:32
TXN-000884;CLT-0008;4893,15;Îles Caïmans;Suisse;14;0;0;25;0;0;25;MODÉRÉ;2026-05-14 11:56:32
TXN-000885;CLT-0072;4076,14;Allemagne;Allemagne;14;0;0;0;0;0;0;FAIBLE;2026-05-14 11:56:32
TXN-000886;CLT-0018;4486,9;Îles Caïmans;Panama;14;0;0;25;20;0;45;ÉLEVÉ;2026-05-14 11:56:32
TXN-000887;CLT-0088;3393,19;Îles Caïmans;Allemagne;14;0;0;25;0;0;25;MODÉRÉ;2026-05-14 11:56:32
TXN-000888;CLT-0078;772,22;Russie;Suisse;14;0;0;0;0;0;0;FAIBLE;2026-05-14 11:56:32
TXN-000889;CLT-0075;1041,72;Allemagne;France;14;0;0;0;0;0;0;FAIBLE;2026-05-14 11:56:32
TXN-000890;CLT-0068;1551,9;Îles Caïmans;Allemagne;14;0;0;25;0;0;25;MODÉRÉ;2026-05-14 11:56:32
TXN-000891;CLT-0084;4879,13;France;Italie;14;0;0;0;0;0;0;FAIBLE;2026-05-14 11:56:32
TXN-000892;CLT-0024;2791,13;France;Espagne;14;0;0;0;0;0;0;FAIBLE;2026-05-14 11:56:32
TXN-000893;CLT-0053;3829,52;Russie;Espagne;14;0;0;0;0;0;0;FAIBLE;2026-05-14 11:56:32
TXN-000894;CLT-0095;4110,28;France;Îles Caïmans;14;0;0;0;20;0;20;MODÉRÉ;2026-05-14 11:56:32
TXN-000895;CLT-0004;542,79;Espagne;Suisse;14;0;0;0;0;0;0;FAIBLE;2026-05-14 11:56:32
TXN-000896;CLT-0030;3065,69;France;Allemagne;14;0;0;0;0;0;0;FAIBLE;2026-05-14 11:56:32
TXN-000897;CLT-0018;3443,83;Russie;Panama;14;0;0;0;20;0;20;MODÉRÉ;2026-05-14 11:56:32
TXN-000898;CLT-0063;1876,06;France;Îles Caïmans;14;0;0;0;20;0;20;MODÉRÉ;2026-05-14 11:56:32
TXN-000899;CLT-0098;1139,1;Espagne;Espagne;14;0;0;0;0;0;0;FAIBLE;2026-05-14 11:56:32
TXN-000900;CLT-0026;1120,55;France;Italie;14;0;0;0;0;0;0;FAIBLE;2026-05-14 11:56:32
TXN-000901;CLT-0079;4773,95;Panama;Îles Caïmans;14;0;0;25;20;0;45;ÉLEVÉ;2026-05-14 11:56:32
TXN-000902;CLT-0052;4439,06;Îles Caïmans;France;14;0;0;25;0;0;25;MODÉRÉ;2026-05-14 11:56:32
TXN-000903;CLT-0077;1976,81;France;France;14;0;0;0;0;0;0;FAIBLE;2026-05-14 11:56:32
TXN-000904;CLT-0032;2263,53;Îles Caïmans;Suisse;14;0;0;25;0;0;25;MODÉRÉ;2026-05-14 11:56:32
TXN-000905;CLT-0067;205,87;Allemagne;Panama;14;0;0;0;20;0;20;MODÉRÉ;2026-05-14 11:56:32
TXN-000906;CLT-0100;1996,22;Russie;Suisse;14;0;0;0;0;0;0;FAIBLE;2026-05-14 11:56:32
TXN-000907;CLT-0089;1479,15;France;Îles Caïmans;14;0;0;0;20;0;20;MODÉRÉ;2026-05-14 11:56:32
TXN-000908;CLT-0093;3234,05;France;Suisse;14;0;0;0;0;0;0;FAIBLE;2026-05-14 11:56:32
TXN-000909;CLT-0070;2931,38;Îles Caïmans;Italie;14;0;0;25;0;0;25;MODÉRÉ;2026-05-14 11:56:32
TXN-000910;CLT-0059;2259,92;Allemagne;Îles Caïmans;14;0;0;0;20;0;20;MODÉRÉ;2026-05-14 11:56:32
TXN-000911;CLT-0089;460,0;France;Îles Caïmans;14;0;0;0;20;0;20;MODÉRÉ;2026-05-14 11:56:32
TXN-000912;CLT-0047;69441,72;Îles Caïmans;Îles Caïmans;14;1;40;25;20;0;85;CRITIQUE;2026-05-14 11:56:32
TXN-000913;CLT-0021;4876,21;Îles Caïmans;France;14;0;0;25;0;0;25;MODÉRÉ;2026-05-14 11:56:32
TXN-000914;CLT-0073;22866,99;France;France;14;1;40;0;0;0;40;ÉLEVÉ;2026-05-14 11:56:32
TXN-000915;CLT-0007;902,55;Espagne;Suisse;14;0;0;0;0;0;0;FAIBLE;2026-05-14 11:56:32
TXN-000916;CLT-0037;3845,47;France;Îles Caïmans;14;0;0;0;20;0;20;MODÉRÉ;2026-05-14 11:56:32
TXN-000917;CLT-0080;4802,57;France;France;14;0;0;0;0;0;0;FAIBLE;2026-05-14 11:56:32
TXN-000918;CLT-0001;4278,5;Russie;France;14;0;0;0;0;0;0;FAIBLE;2026-05-14 11:56:32
TXN-000919;CLT-0059;2948,42;Russie;Îles Caïmans;14;0;0;0;20;0;20;MODÉRÉ;2026-05-14 11:56:32
TXN-000920;CLT-0071;60208,88;Allemagne;Îles Caïmans;14;1;40;0;20;0;60;ÉLEVÉ;2026-05-14 11:56:32
TXN-000921;CLT-0045;20898,29;France;France;14;1;40;0;0;0;40;ÉLEVÉ;2026-05-14 11:56:32
TXN-000922;CLT-0039;3338,31;France;France;14;0;0;0;0;0;0;FAIBLE;2026-05-14 11:56:32
TXN-000923;CLT-0021;44275,25;France;France;14;1;40;0;0;0;40;ÉLEVÉ;2026-05-14 11:56:32
TXN-000924;CLT-0005;3749,18;Espagne;Panama;14;0;0;0;20;0;20;MODÉRÉ;2026-05-14 11:56:32
TXN-000925;CLT-0098;4488,67;France;Espagne;14;0;0;0;0;0;0;FAIBLE;2026-05-14 11:56:32
TXN-000926;CLT-0036;681,38;Îles Caïmans;Italie;14;0;0;25;0;0;25;MODÉRÉ;2026-05-14 11:56:32
TXN-000927;CLT-0008;3482,19;France;Suisse;14;0;0;0;0;0;0;FAIBLE;2026-05-14 11:56:32
TXN-000928;CLT-0037;3446,38;Panama;Îles Caïmans;14;0;0;25;20;0;45;ÉLEVÉ;2026-05-14 11:56:32
TXN-000929;CLT-0046;2879,96;Russie;France;14;0;0;0;0;0;0;FAIBLE;2026-05-14 11:56:32
TXN-000930;CLT-0024;3162,97;Allemagne;Espagne;14;0;0;0;0;0;0;FAIBLE;2026-05-14 11:56:32
TXN-000931;CLT-0016;4896,5;Russie;Espagne;14;0;0;0;0;0;0;FAIBLE;2026-05-14 11:56:32
TXN-000932;CLT-0079;598,45;Îles Caïmans;Îles Caïmans;14;0;0;25;20;0;45;ÉLEVÉ;2026-05-14 11:56:32
TXN-000933;CLT-0028;38419,55;Allemagne;France;14;1;40;0;0;0;40;ÉLEVÉ;2026-05-14 11:56:32
TXN-000934;CLT-0040;1279,54;Panama;Suisse;14;0;0;25;0;0;25;MODÉRÉ;2026-05-14 11:56:32
TXN-000935;CLT-0044;578,05;France;France;14;0;0;0;0;0;0;FAIBLE;2026-05-14 11:56:32
TXN-000936;CLT-0087;978,14;Russie;Italie;14;0;0;0;0;0;0;FAIBLE;2026-05-14 11:56:32
TXN-000937;CLT-0020;3231,8;Panama;Italie;14;0;0;25;0;0;25;MODÉRÉ;2026-05-14 11:56:32
TXN-000938;CLT-0067;4072,69;Panama;Panama;14;0;0;25;20;0;45;ÉLEVÉ;2026-05-14 11:56:32
TXN-000939;CLT-0088;103,4;Panama;Allemagne;14;0;0;25;0;0;25;MODÉRÉ;2026-05-14 11:56:32
TXN-000940;CLT-0044;20989,53;France;France;14;1;40;0;0;0;40;ÉLEVÉ;2026-05-14 11:56:32
TXN-000941;CLT-0015;1953,94;Panama;France;14;0;0;25;0;0;25;MODÉRÉ;2026-05-14 11:56:32
TXN-000942;CLT-0064;1364,77;Panama;France;14;0;0;25;0;0;25;MODÉRÉ;2026-05-14 11:56:32
TXN-000943;CLT-0068;4754,13;France;Allemagne;14;0;0;0;0;0;0;FAIBLE;2026-05-14 11:56:32
TXN-000944;CLT-0012;76290,13;France;Panama;14;1;40;0;20;0;60;ÉLEVÉ;2026-05-14 11:56:32
TXN-000945;CLT-0025;4525,73;Russie;Italie;14;0;0;0;0;0;0;FAIBLE;2026-05-14 11:56:32
TXN-000946;CLT-0019;2622,9;France;Espagne;14;0;0;0;0;0;0;FAIBLE;2026-05-14 11:56:32
TXN-000947;CLT-0092;192,4;France;Suisse;14;0;0;0;0;0;0;FAIBLE;2026-05-14 11:56:32
TXN-000948;CLT-0077;89113,35;Panama;France;14;1;40;25;0;0;65;ÉLEVÉ;2026-05-14 11:56:32
TXN-000949;CLT-0099;240,24;France;Panama;14;0;0;0;20;0;20;MODÉRÉ;2026-05-14 11:56:32
TXN-000950;CLT-0042;1567,59;Allemagne;Italie;14;0;0;0;0;0;0;FAIBLE;2026-05-14 11:56:32
TXN-000951;CLT-0086;2666,06;Espagne;France;14;0;0;0;0;0;0;FAIBLE;2026-05-14 11:56:32
TXN-000952;CLT-0080;31806,41;France;France;14;1;40;0;0;0;40;ÉLEVÉ;2026-05-14 11:56:32
TXN-000953;CLT-0035;1758,09;Espagne;Espagne;14;0;0;0;0;0;0;FAIBLE;2026-05-14 11:56:32
TXN-000954;CLT-0079;864,66;Russie;Îles Caïmans;14;0;0;0;20;0;20;MODÉRÉ;2026-05-14 11:56:32
TXN-000955;CLT-0007;10522,36;Îles Caïmans;Suisse;14;1;40;25;0;0;65;ÉLEVÉ;2026-05-14 11:56:32
TXN-000956;CLT-0091;45102,52;Russie;Allemagne;14;1;40;0;0;0;40;ÉLEVÉ;2026-05-14 11:56:32
TXN-000957;CLT-0092;1569,08;France;Suisse;14;0;0;0;0;0;0;FAIBLE;2026-05-14 11:56:32
TXN-000958;CLT-0073;3781,16;France;France;14;0;0;0;0;0;0;FAIBLE;2026-05-14 11:56:32
TXN-000959;CLT-0013;4599,25;Espagne;France;14;0;0;0;0;0;0;FAIBLE;2026-05-14 11:56:32
TXN-000960;CLT-0061;3553,98;Allemagne;France;14;0;0;0;0;0;0;FAIBLE;2026-05-14 11:56:32
TXN-000961;CLT-0047;85925,97;France;Îles Caïmans;14;1;40;0;20;0;60;ÉLEVÉ;2026-05-14 11:56:32
TXN-000962;CLT-0059;3329,25;France;Îles Caïmans;14;0;0;0;20;0;20;MODÉRÉ;2026-05-14 11:56:32
TXN-000963;CLT-0060;17821,17;Espagne;Italie;14;1;40;0;0;0;40;ÉLEVÉ;2026-05-14 11:56:32
TXN-000964;CLT-0066;3026,16;Îles Caïmans;Espagne;14;0;0;25;0;0;25;MODÉRÉ;2026-05-14 11:56:32
TXN-000965;CLT-0072;3985,82;Espagne;Allemagne;14;0;0;0;0;0;0;FAIBLE;2026-05-14 11:56:32
TXN-000966;CLT-0031;2010,07;Allemagne;Panama;14;0;0;0;20;0;20;MODÉRÉ;2026-05-14 11:56:32
TXN-000967;CLT-0009;4869,72;Allemagne;Suisse;14;0;0;0;0;0;0;FAIBLE;2026-05-14 11:56:32
TXN-000968;CLT-0073;2958,94;Allemagne;France;14;0;0;0;0;0;0;FAIBLE;2026-05-14 11:56:32
TXN-000969;CLT-0074;3351,33;France;Allemagne;14;0;0;0;0;0;0;FAIBLE;2026-05-14 11:56:32
TXN-000970;CLT-0013;2319,91;France;France;14;0;0;0;0;0;0;FAIBLE;2026-05-14 11:56:32
TXN-000971;CLT-0014;2034,91;Îles Caïmans;France;14;0;0;25;0;0;25;MODÉRÉ;2026-05-14 11:56:32
TXN-000972;CLT-0012;3228,5;France;Panama;14;0;0;0;20;0;20;MODÉRÉ;2026-05-14 11:56:32
TXN-000973;CLT-0001;4517,25;France;France;14;0;0;0;0;0;0;FAIBLE;2026-05-14 11:56:32
TXN-000974;CLT-0074;1464,6;Allemagne;Allemagne;14;0;0;0;0;0;0;FAIBLE;2026-05-14 11:56:32
TXN-000975;CLT-0073;4388,35;Îles Caïmans;France;14;0;0;25;0;0;25;MODÉRÉ;2026-05-14 11:56:32
TXN-000976;CLT-0075;4576,44;Îles Caïmans;France;14;0;0;25;0;0;25;MODÉRÉ;2026-05-14 11:56:32
TXN-000977;CLT-0048;4264,0;France;Suisse;14;0;0;0;0;0;0;FAIBLE;2026-05-14 11:56:32
TXN-000978;CLT-0015;56722,63;France;France;14;1;40;0;0;0;40;ÉLEVÉ;2026-05-14 11:56:32
TXN-000979;CLT-0081;3514,09;Îles Caïmans;Îles Caïmans;14;0;0;25;20;0;45;ÉLEVÉ;2026-05-14 11:56:32
TXN-000980;CLT-0085;2181,6;Russie;Îles Caïmans;14;0;0;0;20;0;20;MODÉRÉ;2026-05-14 11:56:32
TXN-000981;CLT-0054;56321,68;Espagne;Suisse;14;1;40;0;0;0;40;ÉLEVÉ;2026-05-14 11:56:32
TXN-000982;CLT-0002;3353,63;France;Espagne;14;0;0;0;0;0;0;FAIBLE;2026-05-14 11:56:32
TXN-000983;CLT-0056;84985,32;France;Allemagne;14;1;40;0;0;0;40;ÉLEVÉ;2026-05-14 11:56:32
TXN-000984;CLT-0090;78116,92;Îles Caïmans;France;14;1;40;25;0;0;65;ÉLEVÉ;2026-05-14 11:56:32
TXN-000985;CLT-0071;2277,43;Îles Caïmans;Îles Caïmans;14;0;0;25;20;0;45;ÉLEVÉ;2026-05-14 11:56:32
TXN-000986;CLT-0001;937,1;Russie;France;14;0;0;0;0;0;0;FAIBLE;2026-05-14 11:56:32
TXN-000987;CLT-0035;1191,38;Panama;Espagne;14;0;0;25;0;0;25;MODÉRÉ;2026-05-14 11:56:32
TXN-000988;CLT-0091;11294,26;France;Allemagne;14;1;40;0;0;0;40;ÉLEVÉ;2026-05-14 11:56:32
TXN-000989;CLT-0019;4809,07;Espagne;Espagne;14;0;0;0;0;0;0;FAIBLE;2026-05-14 11:56:32
TXN-000990;CLT-0012;400,39;Russie;Panama;14;0;0;0;20;0;20;MODÉRÉ;2026-05-14 11:56:32
TXN-000991;CLT-0010;3322,05;Espagne;Îles Caïmans;14;0;0;0;20;0;20;MODÉRÉ;2026-05-14 11:56:32
TXN-000992;CLT-0100;4518,89;Russie;Suisse;14;0;0;0;0;0;0;FAIBLE;2026-05-14 11:56:32
TXN-000993;CLT-0094;4531,21;Îles Caïmans;Allemagne;14;0;0;25;0;0;25;MODÉRÉ;2026-05-14 11:56:32
TXN-000994;CLT-0038;4889,02;France;Îles Caïmans;14;0;0;0;20;0;20;MODÉRÉ;2026-05-14 11:56:32
TXN-000995;CLT-0094;2992,21;Espagne;Allemagne;14;0;0;0;0;0;0;FAIBLE;2026-05-14 11:56:32
TXN-000996;CLT-0074;49164,97;Espagne;Allemagne;14;1;40;0;0;0;40;ÉLEVÉ;2026-05-14 11:56:32
TXN-000997;CLT-0063;3125,34;France;Îles Caïmans;14;0;0;0;20;0;20;MODÉRÉ;2026-05-14 11:56:32
TXN-000998;CLT-0033;4258,71;Espagne;Italie;14;0;0;0;0;0;0;FAIBLE;2026-05-14 11:56:32
TXN-000999;CLT-0078;1292,21;France;Suisse;14;0;0;0;0;0;0;FAIBLE;2026-05-14 11:56:32
TXN-001000;CLT-0034;1855,14;Russie;France;14;0;0;0;0;0;0;FAIBLE;2026-05-14 11:56:32
TXN-001001;CLT-0044;2641,67;France;France;14;0;0;0;0;0;0;FAIBLE;2026-05-14 11:56:32
TXN-001002;CLT-0097;4110,4;Îles Caïmans;Panama;14;0;0;25;20;0;45;ÉLEVÉ;2026-05-14 11:56:32
TXN-001003;CLT-0022;2206,52;Panama;Allemagne;14;0;0;25;0;0;25;MODÉRÉ;2026-05-14 11:56:32
TXN-001004;CLT-0007;31002,41;Russie;Suisse;14;1;40;0;0;0;40;ÉLEVÉ;2026-05-14 11:56:32
TXN-001005;CLT-0030;1513,82;Îles Caïmans;Allemagne;14;0;0;25;0;0;25;MODÉRÉ;2026-05-14 11:56:32
TXN-001006;CLT-0002;734,3;Russie;Espagne;14;0;0;0;0;0;0;FAIBLE;2026-05-14 11:56:32
TXN-001007;CLT-0088;1585,29;France;Allemagne;14;0;0;0;0;0;0;FAIBLE;2026-05-14 11:56:32
TXN-001008;CLT-0079;3190,75;Panama;Îles Caïmans;14;0;0;25;20;0;45;ÉLEVÉ;2026-05-14 11:56:32
TXN-001009;CLT-0084;4013,56;Îles Caïmans;Italie;14;0;0;25;0;0;25;MODÉRÉ;2026-05-14 11:56:32
TXN-001010;CLT-0094;3379,7;Allemagne;Allemagne;14;0;0;0;0;0;0;FAIBLE;2026-05-14 11:56:32
TXN-001011;CLT-0041;3391,81;France;Panama;14;0;0;0;20;0;20;MODÉRÉ;2026-05-14 11:56:32
TXN-001012;CLT-0053;4160,13;France;Espagne;14;0;0;0;0;0;0;FAIBLE;2026-05-14 11:56:32
TXN-001013;CLT-0033;1764,07;France;Italie;14;0;0;0;0;0;0;FAIBLE;2026-05-14 11:56:32
TXN-001014;CLT-0085;15998,89;France;Îles Caïmans;14;1;40;0;20;0;60;ÉLEVÉ;2026-05-14 11:56:32
TXN-001015;CLT-0017;608,69;France;Îles Caïmans;14;0;0;0;20;0;20;MODÉRÉ;2026-05-14 11:56:32
TXN-001016;CLT-0038;3481,31;France;Îles Caïmans;14;0;0;0;20;0;20;MODÉRÉ;2026-05-14 11:56:32
TXN-001017;CLT-0099;4614,25;Panama;Panama;14;0;0;25;20;0;45;ÉLEVÉ;2026-05-14 11:56:32
TXN-001018;CLT-0100;3905,85;Îles Caïmans;Suisse;14;0;0;25;0;0;25;MODÉRÉ;2026-05-14 11:56:32
TXN-001019;CLT-0034;4979,83;Russie;France;14;0;0;0;0;0;0;FAIBLE;2026-05-14 11:56:32
TXN-001020;CLT-0079;93209,71;France;Îles Caïmans;14;1;40;0;20;0;60;ÉLEVÉ;2026-05-14 11:56:32
TXN-001021;CLT-0099;551,07;Allemagne;Panama;14;0;0;0;20;0;20;MODÉRÉ;2026-05-14 11:56:32
TXN-001022;CLT-0092;540,19;France;Suisse;14;0;0;0;0;0;0;FAIBLE;2026-05-14 11:56:32
TXN-001023;CLT-0100;14125,87;France;Suisse;14;1;40;0;0;0;40;ÉLEVÉ;2026-05-14 11:56:32
TXN-001024;CLT-0001;752,78;Îles Caïmans;France;14;0;0;25;0;0;25;MODÉRÉ;2026-05-14 11:56:32
TXN-001025;CLT-0074;3503,28;Russie;Allemagne;14;0;0;0;0;0;0;FAIBLE;2026-05-14 11:56:32
TXN-001026;CLT-0070;2025,52;France;Italie;14;0;0;0;0;0;0;FAIBLE;2026-05-14 11:56:32
TXN-001027;CLT-0016;3449,41;Panama;Espagne;14;0;0;25;0;0;25;MODÉRÉ;2026-05-14 11:56:32
TXN-001028;CLT-0081;1521,11;Panama;Îles Caïmans;14;0;0;25;20;0;45;ÉLEVÉ;2026-05-14 11:56:32
TXN-001029;CLT-0059;4805,02;Allemagne;Îles Caïmans;14;0;0;0;20;0;20;MODÉRÉ;2026-05-14 11:56:32
TXN-001030;CLT-0085;206,26;Espagne;Îles Caïmans;14;0;0;0;20;0;20;MODÉRÉ;2026-05-14 11:56:32
TXN-001031;CLT-0089;4483,34;Russie;Îles Caïmans;14;0;0;0;20;0;20;MODÉRÉ;2026-05-14 11:56:32
TXN-001032;CLT-0018;63052,84;Allemagne;Panama;14;1;40;0;20;0;60;ÉLEVÉ;2026-05-14 11:56:32
TXN-001033;CLT-0063;94685,37;France;Îles Caïmans;14;1;40;0;20;0;60;ÉLEVÉ;2026-05-14 11:56:32
TXN-001034;CLT-0069;3220,6;France;Panama;14;0;0;0;20;0;20;MODÉRÉ;2026-05-14 11:56:32
TXN-001035;CLT-0052;12876,74;Allemagne;France;14;1;40;0;0;0;40;ÉLEVÉ;2026-05-14 11:56:32
TXN-001036;CLT-0087;3339,91;France;Italie;14;0;0;0;0;0;0;FAIBLE;2026-05-14 11:56:32
TXN-001037;CLT-0005;1172,6;Russie;Panama;14;0;0;0;20;0;20;MODÉRÉ;2026-05-14 11:56:32
TXN-001038;CLT-0006;2361,39;France;France;14;0;0;0;0;0;0;FAIBLE;2026-05-14 11:56:32
TXN-001039;CLT-0013;63041,55;France;France;14;1;40;0;0;0;40;ÉLEVÉ;2026-05-14 11:56:32
TXN-001040;CLT-0015;329,15;Allemagne;France;14;0;0;0;0;0;0;FAIBLE;2026-05-14 11:56:32
TXN-001041;CLT-0095;25629,78;Panama;Îles Caïmans;14;1;40;25;20;0;85;CRITIQUE;2026-05-14 11:56:32
TXN-001042;CLT-0018;67515,69;Allemagne;Panama;14;1;40;0;20;0;60;ÉLEVÉ;2026-05-14 11:56:32
TXN-001043;CLT-0009;2969,5;Espagne;Suisse;14;0;0;0;0;0;0;FAIBLE;2026-05-14 11:56:32
TXN-001044;CLT-0048;44118,43;France;Suisse;14;1;40;0;0;0;40;ÉLEVÉ;2026-05-14 11:56:32
TXN-001045;CLT-0018;4629,12;Îles Caïmans;Panama;14;0;0;25;20;0;45;ÉLEVÉ;2026-05-14 11:56:32
TXN-001046;CLT-0011;88,0;France;France;14;0;0;0;0;0;0;FAIBLE;2026-05-14 11:56:32
TXN-001047;CLT-0076;454,81;Îles Caïmans;France;14;0;0;25;0;0;25;MODÉRÉ;2026-05-14 11:56:32
TXN-001048;CLT-0089;3963,28;Allemagne;Îles Caïmans;14;0;0;0;20;0;20;MODÉRÉ;2026-05-14 11:56:32
TXN-001049;CLT-0053;31572,63;France;Espagne;14;1;40;0;0;0;40;ÉLEVÉ;2026-05-14 11:56:32
TXN-001050;CLT-0092;197,73;France;Suisse;14;0;0;0;0;0;0;FAIBLE;2026-05-14 11:56:32
TXN-001051;CLT-0054;3915,09;Allemagne;Suisse;14;0;0;0;0;0;0;FAIBLE;2026-05-14 11:56:32
TXN-001052;CLT-0080;4933,15;Allemagne;France;14;0;0;0;0;0;0;FAIBLE;2026-05-14 11:56:32
TXN-001053;CLT-0036;3136,06;Allemagne;Italie;14;0;0;0;0;0;0;FAIBLE;2026-05-14 11:56:32
TXN-001054;CLT-0064;20981,92;France;France;14;1;40;0;0;0;40;ÉLEVÉ;2026-05-14 11:56:32
TXN-001055;CLT-0047;225,15;Allemagne;Îles Caïmans;14;0;0;0;20;0;20;MODÉRÉ;2026-05-14 11:56:32
TXN-001056;CLT-0006;1678,13;France;France;14;0;0;0;0;0;0;FAIBLE;2026-05-14 11:56:32
TXN-001057;CLT-0063;887,68;France;Îles Caïmans;14;0;0;0;20;0;20;MODÉRÉ;2026-05-14 11:56:32
TXN-001058;CLT-0076;28471,09;Panama;France;14;1;40;25;0;0;65;ÉLEVÉ;2026-05-14 11:56:32
TXN-001059;CLT-0030;3737,96;Panama;Allemagne;14;0;0;25;0;0;25;MODÉRÉ;2026-05-14 11:56:32
TXN-001060;CLT-0026;1193,22;Allemagne;Italie;14;0;0;0;0;0;0;FAIBLE;2026-05-14 11:56:32
TXN-001061;CLT-0056;58903,03;Allemagne;Allemagne;14;1;40;0;0;0;40;ÉLEVÉ;2026-05-14 11:56:32
TXN-001062;CLT-0048;2280,4;Russie;Suisse;14;0;0;0;0;0;0;FAIBLE;2026-05-14 11:56:32
TXN-001063;CLT-0026;3163,79;France;Italie;14;0;0;0;0;0;0;FAIBLE;2026-05-14 11:56:32
TXN-001064;CLT-0018;57473,93;Russie;Panama;14;1;40;0;20;0;60;ÉLEVÉ;2026-05-14 11:56:32
TXN-001065;CLT-0029;864,29;France;France;14;0;0;0;0;0;0;FAIBLE;2026-05-14 11:56:32
TXN-001066;CLT-0022;3193,62;Allemagne;Allemagne;14;0;0;0;0;0;0;FAIBLE;2026-05-14 11:56:32
TXN-001067;CLT-0028;82556,72;Russie;France;14;1;40;0;0;0;40;ÉLEVÉ;2026-05-14 11:56:32
TXN-001068;CLT-0095;1403,06;Allemagne;Îles Caïmans;14;0;0;0;20;0;20;MODÉRÉ;2026-05-14 11:56:32
TXN-001069;CLT-0020;2901,54;France;Italie;14;0;0;0;0;0;0;FAIBLE;2026-05-14 11:56:32
TXN-001070;CLT-0094;230,68;France;Allemagne;14;0;0;0;0;0;0;FAIBLE;2026-05-14 11:56:32
TXN-001071;CLT-0013;1977,66;Russie;France;14;0;0;0;0;0;0;FAIBLE;2026-05-14 11:56:32
TXN-001072;CLT-0089;2796,85;Allemagne;Îles Caïmans;14;0;0;0;20;0;20;MODÉRÉ;2026-05-14 11:56:32
TXN-001073;CLT-0012;33733,77;Russie;Panama;14;1;40;0;20;0;60;ÉLEVÉ;2026-05-14 11:56:32
TXN-001074;CLT-0074;817,4;France;Allemagne;14;0;0;0;0;0;0;FAIBLE;2026-05-14 11:56:32
TXN-001075;CLT-0091;2324,17;France;Allemagne;14;0;0;0;0;0;0;FAIBLE;2026-05-14 11:56:32
TXN-001076;CLT-0091;1858,4;France;Allemagne;14;0;0;0;0;0;0;FAIBLE;2026-05-14 11:56:32
TXN-001077;CLT-0005;3456,85;Îles Caïmans;Panama;14;0;0;25;20;0;45;ÉLEVÉ;2026-05-14 11:56:32
TXN-001078;CLT-0070;3493,29;Allemagne;Italie;14;0;0;0;0;0;0;FAIBLE;2026-05-14 11:56:32
TXN-001079;CLT-0095;413,99;Panama;Îles Caïmans;14;0;0;25;20;0;45;ÉLEVÉ;2026-05-14 11:56:32
TXN-001080;CLT-0060;563,72;France;Italie;14;0;0;0;0;0;0;FAIBLE;2026-05-14 11:56:32
TXN-001081;CLT-0091;884,58;Allemagne;Allemagne;14;0;0;0;0;0;0;FAIBLE;2026-05-14 11:56:32
TXN-001082;CLT-0015;37138,88;Allemagne;France;14;1;40;0;0;0;40;ÉLEVÉ;2026-05-14 11:56:32
TXN-001083;CLT-0046;3806,82;Îles Caïmans;France;14;0;0;25;0;0;25;MODÉRÉ;2026-05-14 11:56:32
TXN-001084;CLT-0058;326,21;France;France;14;0;0;0;0;0;0;FAIBLE;2026-05-14 11:56:32
TXN-001085;CLT-0038;2664,2;Panama;Îles Caïmans;14;0;0;25;20;0;45;ÉLEVÉ;2026-05-14 11:56:32
TXN-001086;CLT-0025;4727,37;France;Italie;14;0;0;0;0;0;0;FAIBLE;2026-05-14 11:56:32
TXN-001087;CLT-0010;86121,29;France;Îles Caïmans;14;1;40;0;20;0;60;ÉLEVÉ;2026-05-14 11:56:32
TXN-001088;CLT-0020;3488,44;France;Italie;14;0;0;0;0;0;0;FAIBLE;2026-05-14 11:56:32
TXN-001089;CLT-0017;4848,18;Panama;Îles Caïmans;14;0;0;25;20;0;45;ÉLEVÉ;2026-05-14 11:56:32
TXN-001090;CLT-0038;3691,17;France;Îles Caïmans;14;0;0;0;20;0;20;MODÉRÉ;2026-05-14 11:56:32
TXN-001091;CLT-0083;77773,05;Îles Caïmans;France;14;1;40;25;0;0;65;ÉLEVÉ;2026-05-14 11:56:32
TXN-001092;CLT-0063;3282,24;Russie;Îles Caïmans;14;0;0;0;20;0;20;MODÉRÉ;2026-05-14 11:56:32
TXN-001093;CLT-0022;2840,59;Allemagne;Allemagne;14;0;0;0;0;0;0;FAIBLE;2026-05-14 11:56:32
TXN-001094;CLT-0019;4853,91;Espagne;Espagne;14;0;0;0;0;0;0;FAIBLE;2026-05-14 11:56:32
TXN-001095;CLT-0092;840,15;Espagne;Suisse;14;0;0;0;0;0;0;FAIBLE;2026-05-14 11:56:32
TXN-001096;CLT-0089;885,04;France;Îles Caïmans;14;0;0;0;20;0;20;MODÉRÉ;2026-05-14 11:56:32
TXN-001097;CLT-0074;215,35;Russie;Allemagne;14;0;0;0;0;0;0;FAIBLE;2026-05-14 11:56:32
TXN-001098;CLT-0091;930,64;Panama;Allemagne;14;0;0;25;0;0;25;MODÉRÉ;2026-05-14 11:56:32
TXN-001099;CLT-0070;748,24;Espagne;Italie;14;0;0;0;0;0;0;FAIBLE;2026-05-14 11:56:32
TXN-001100;CLT-0099;10168,49;Russie;Panama;14;1;40;0;20;0;60;ÉLEVÉ;2026-05-14 11:56:32
TXN-001101;CLT-0065;788,71;Espagne;Îles Caïmans;14;0;0;0;20;0;20;MODÉRÉ;2026-05-14 11:56:32
TXN-001102;CLT-0086;1456,24;Russie;France;14;0;0;0;0;0;0;FAIBLE;2026-05-14 11:56:32
TXN-001103;CLT-0006;570,45;France;France;14;0;0;0;0;0;0;FAIBLE;2026-05-14 11:56:32
TXN-001104;CLT-0058;2014,13;France;France;14;0;0;0;0;0;0;FAIBLE;2026-05-14 11:56:32
TXN-001105;CLT-0075;3044,67;Allemagne;France;14;0;0;0;0;0;0;FAIBLE;2026-05-14 11:56:32
TXN-001106;CLT-0003;3837,8;Russie;France;14;0;0;0;0;0;0;FAIBLE;2026-05-14 11:56:32
TXN-001107;CLT-0051;4788,54;Russie;France;14;0;0;0;0;0;0;FAIBLE;2026-05-14 11:56:32
TXN-001108;CLT-0086;3029,34;Îles Caïmans;France;14;0;0;25;0;0;25;MODÉRÉ;2026-05-14 11:56:32
TXN-001109;CLT-0050;82280,95;France;Espagne;14;1;40;0;0;0;40;ÉLEVÉ;2026-05-14 11:56:32
TXN-001110;CLT-0072;1763,26;Allemagne;Allemagne;14;0;0;0;0;0;0;FAIBLE;2026-05-14 11:56:32
TXN-001111;CLT-0057;2226,66;France;France;14;0;0;0;0;0;0;FAIBLE;2026-05-14 11:56:32
TXN-001112;CLT-0094;4852,1;France;Allemagne;14;0;0;0;0;0;0;FAIBLE;2026-05-14 11:56:32
TXN-001113;CLT-0027;2993,7;Russie;Espagne;14;0;0;0;0;0;0;FAIBLE;2026-05-14 11:56:32
TXN-001114;CLT-0009;2631,25;Îles Caïmans;Suisse;14;0;0;25;0;0;25;MODÉRÉ;2026-05-14 11:56:32
TXN-001115;CLT-0054;43623,08;Russie;Suisse;14;1;40;0;0;0;40;ÉLEVÉ;2026-05-14 11:56:32
TXN-001116;CLT-0026;3778,67;Îles Caïmans;Italie;14;0;0;25;0;0;25;MODÉRÉ;2026-05-14 11:56:32
TXN-001117;CLT-0075;2458,02;Russie;France;14;0;0;0;0;0;0;FAIBLE;2026-05-14 11:56:32
TXN-001118;CLT-0001;2322,62;Espagne;France;14;0;0;0;0;0;0;FAIBLE;2026-05-14 11:56:32
TXN-001119;CLT-0061;3206,37;Espagne;France;14;0;0;0;0;0;0;FAIBLE;2026-05-14 11:56:32
TXN-001120;CLT-0083;2464,51;France;France;14;0;0;0;0;0;0;FAIBLE;2026-05-14 11:56:32
TXN-001121;CLT-0077;32117,88;Russie;France;14;1;40;0;0;0;40;ÉLEVÉ;2026-05-14 11:56:32
TXN-001122;CLT-0088;4343,05;France;Allemagne;14;0;0;0;0;0;0;FAIBLE;2026-05-14 11:56:32
TXN-001123;CLT-0034;3667,46;France;France;14;0;0;0;0;0;0;FAIBLE;2026-05-14 11:56:32
TXN-001124;CLT-0018;48110,83;France;Panama;14;1;40;0;20;0;60;ÉLEVÉ;2026-05-14 11:56:32
TXN-001125;CLT-0046;39421,22;Espagne;France;14;1;40;0;0;0;40;ÉLEVÉ;2026-05-14 11:56:32
TXN-001126;CLT-0066;3198,34;France;Espagne;14;0;0;0;0;0;0;FAIBLE;2026-05-14 11:56:32
TXN-001127;CLT-0070;2997,82;Panama;Italie;14;0;0;25;0;0;25;MODÉRÉ;2026-05-14 11:56:32
TXN-001128;CLT-0035;3427,99;France;Espagne;14;0;0;0;0;0;0;FAIBLE;2026-05-14 11:56:32
TXN-001129;CLT-0002;1764,63;Espagne;Espagne;14;0;0;0;0;0;0;FAIBLE;2026-05-14 11:56:32
TXN-001130;CLT-0021;2429,65;Allemagne;France;14;0;0;0;0;0;0;FAIBLE;2026-05-14 11:56:32
TXN-001131;CLT-0072;1113,36;France;Allemagne;14;0;0;0;0;0;0;FAIBLE;2026-05-14 11:56:32
TXN-001132;CLT-0017;4581,0;Russie;Îles Caïmans;14;0;0;0;20;0;20;MODÉRÉ;2026-05-14 11:56:32
TXN-001133;CLT-0057;3458,34;Panama;France;14;0;0;25;0;0;25;MODÉRÉ;2026-05-14 11:56:32
TXN-001134;CLT-0029;1530,37;France;France;14;0;0;0;0;0;0;FAIBLE;2026-05-14 11:56:32
TXN-001135;CLT-0017;1544,07;Îles Caïmans;Îles Caïmans;14;0;0;25;20;0;45;ÉLEVÉ;2026-05-14 11:56:32
TXN-001136;CLT-0003;3922,31;Îles Caïmans;France;14;0;0;25;0;0;25;MODÉRÉ;2026-05-14 11:56:32
TXN-001137;CLT-0066;17380,11;France;Espagne;14;1;40;0;0;0;40;ÉLEVÉ;2026-05-14 11:56:32
TXN-001138;CLT-0009;4543,56;France;Suisse;14;0;0;0;0;0;0;FAIBLE;2026-05-14 11:56:32
TXN-001139;CLT-0027;3914,03;Allemagne;Espagne;14;0;0;0;0;0;0;FAIBLE;2026-05-14 11:56:32
TXN-001140;CLT-0019;1764,15;Panama;Espagne;14;0;0;25;0;0;25;MODÉRÉ;2026-05-14 11:56:32
TXN-001141;CLT-0031;4277,14;France;Panama;14;0;0;0;20;0;20;MODÉRÉ;2026-05-14 11:56:32
TXN-001142;CLT-0068;58297,63;Allemagne;Allemagne;14;1;40;0;0;0;40;ÉLEVÉ;2026-05-14 11:56:32
TXN-001143;CLT-0001;867,15;Allemagne;France;14;0;0;0;0;0;0;FAIBLE;2026-05-14 11:56:32
TXN-001144;CLT-0047;4257,97;France;Îles Caïmans;14;0;0;0;20;0;20;MODÉRÉ;2026-05-14 11:56:32
TXN-001145;CLT-0046;4789,16;Îles Caïmans;France;14;0;0;25;0;0;25;MODÉRÉ;2026-05-14 11:56:32
TXN-001146;CLT-0098;1145,5;France;Espagne;14;0;0;0;0;0;0;FAIBLE;2026-05-14 11:56:32
TXN-001147;CLT-0098;2603,44;Espagne;Espagne;14;0;0;0;0;0;0;FAIBLE;2026-05-14 11:56:32
TXN-001148;CLT-0064;212,64;Îles Caïmans;France;14;0;0;25;0;0;25;MODÉRÉ;2026-05-14 11:56:32
TXN-001149;CLT-0088;3005,94;Allemagne;Allemagne;14;0;0;0;0;0;0;FAIBLE;2026-05-14 11:56:32
TXN-001150;CLT-0025;1460,04;Russie;Italie;14;0;0;0;0;0;0;FAIBLE;2026-05-14 11:56:32
TXN-001151;CLT-0087;1843,53;France;Italie;14;0;0;0;0;0;0;FAIBLE;2026-05-14 11:56:32
TXN-001152;CLT-0011;2618,09;France;France;14;0;0;0;0;0;0;FAIBLE;2026-05-14 11:56:32
TXN-001153;CLT-0095;3478,24;France;Îles Caïmans;14;0;0;0;20;0;20;MODÉRÉ;2026-05-14 11:56:32
TXN-001154;CLT-0077;1003,44;France;France;14;0;0;0;0;0;0;FAIBLE;2026-05-14 11:56:32
TXN-001155;CLT-0036;2129,27;Espagne;Italie;14;0;0;0;0;0;0;FAIBLE;2026-05-14 11:56:32
TXN-001156;CLT-0046;4006,91;Îles Caïmans;France;14;0;0;25;0;0;25;MODÉRÉ;2026-05-14 11:56:32
TXN-001157;CLT-0099;2561,96;France;Panama;14;0;0;0;20;0;20;MODÉRÉ;2026-05-14 11:56:32
TXN-001158;CLT-0081;50572,7;France;Îles Caïmans;14;1;40;0;20;0;60;ÉLEVÉ;2026-05-14 11:56:32
TXN-001159;CLT-0064;12598,16;France;France;14;1;40;0;0;0;40;ÉLEVÉ;2026-05-14 11:56:32
TXN-001160;CLT-0039;3399,23;France;France;14;0;0;0;0;0;0;FAIBLE;2026-05-14 11:56:32
TXN-001161;CLT-0099;3308,79;Russie;Panama;14;0;0;0;20;0;20;MODÉRÉ;2026-05-14 11:56:32
TXN-001162;CLT-0065;3313,85;Panama;Îles Caïmans;14;0;0;25;20;0;45;ÉLEVÉ;2026-05-14 11:56:32
TXN-001163;CLT-0098;2707,24;Îles Caïmans;Espagne;14;0;0;25;0;0;25;MODÉRÉ;2026-05-14 11:56:32
TXN-001164;CLT-0041;604,48;Russie;Panama;14;0;0;0;20;0;20;MODÉRÉ;2026-05-14 11:56:32
TXN-001165;CLT-0085;173,97;France;Îles Caïmans;14;0;0;0;20;0;20;MODÉRÉ;2026-05-14 11:56:32
TXN-001166;CLT-0063;681,1;Russie;Îles Caïmans;14;0;0;0;20;0;20;MODÉRÉ;2026-05-14 11:56:32
TXN-001167;CLT-0061;3430,02;France;France;14;0;0;0;0;0;0;FAIBLE;2026-05-14 11:56:32
TXN-001168;CLT-0076;1963,01;Panama;France;14;0;0;25;0;0;25;MODÉRÉ;2026-05-14 11:56:32
TXN-001169;CLT-0004;1429,34;France;Suisse;14;0;0;0;0;0;0;FAIBLE;2026-05-14 11:56:32
TXN-001170;CLT-0004;39877,68;Îles Caïmans;Suisse;14;1;40;25;0;0;65;ÉLEVÉ;2026-05-14 11:56:32
TXN-001171;CLT-0053;38027,44;France;Espagne;14;1;40;0;0;0;40;ÉLEVÉ;2026-05-14 11:56:32
TXN-001172;CLT-0040;1245,59;France;Suisse;14;0;0;0;0;0;0;FAIBLE;2026-05-14 11:56:32
TXN-001173;CLT-0015;336,85;France;France;14;0;0;0;0;0;0;FAIBLE;2026-05-14 11:56:32
TXN-001174;CLT-0085;36372,16;Îles Caïmans;Îles Caïmans;14;1;40;25;20;0;85;CRITIQUE;2026-05-14 11:56:32
TXN-001175;CLT-0003;3482,83;Îles Caïmans;France;14;0;0;25;0;0;25;MODÉRÉ;2026-05-14 11:56:32
TXN-001176;CLT-0063;1618,88;Allemagne;Îles Caïmans;14;0;0;0;20;0;20;MODÉRÉ;2026-05-14 11:56:32
TXN-001177;CLT-0044;2518,81;Espagne;France;14;0;0;0;0;0;0;FAIBLE;2026-05-14 11:56:32
TXN-001178;CLT-0082;2185,6;Allemagne;Panama;14;0;0;0;20;0;20;MODÉRÉ;2026-05-14 11:56:32
TXN-001179;CLT-0052;247,18;France;France;14;0;0;0;0;0;0;FAIBLE;2026-05-14 11:56:32
TXN-001180;CLT-0044;2895,18;France;France;14;0;0;0;0;0;0;FAIBLE;2026-05-14 11:56:32
TXN-001181;CLT-0027;2660,01;France;Espagne;14;0;0;0;0;0;0;FAIBLE;2026-05-14 11:56:32
TXN-001182;CLT-0056;1516,22;Panama;Allemagne;14;0;0;25;0;0;25;MODÉRÉ;2026-05-14 11:56:32
TXN-001183;CLT-0066;2017,48;France;Espagne;14;0;0;0;0;0;0;FAIBLE;2026-05-14 11:56:32
TXN-001184;CLT-0024;3142,94;Russie;Espagne;14;0;0;0;0;0;0;FAIBLE;2026-05-14 11:56:32
TXN-001185;CLT-0035;4810,96;Îles Caïmans;Espagne;14;0;0;25;0;0;25;MODÉRÉ;2026-05-14 11:56:32
TXN-001186;CLT-0067;3635,81;Panama;Panama;14;0;0;25;20;0;45;ÉLEVÉ;2026-05-14 11:56:32
TXN-001187;CLT-0098;1209,47;Îles Caïmans;Espagne;14;0;0;25;0;0;25;MODÉRÉ;2026-05-14 11:56:32
TXN-001188;CLT-0082;4302,33;Îles Caïmans;Panama;14;0;0;25;20;0;45;ÉLEVÉ;2026-05-14 11:56:32
TXN-001189;CLT-0033;1442,35;Allemagne;Italie;14;0;0;0;0;0;0;FAIBLE;2026-05-14 11:56:32
TXN-001190;CLT-0004;576,66;Espagne;Suisse;14;0;0;0;0;0;0;FAIBLE;2026-05-14 11:56:32
TXN-001191;CLT-0055;2803,53;Allemagne;Espagne;14;0;0;0;0;0;0;FAIBLE;2026-05-14 11:56:32
TXN-001192;CLT-0036;690,79;France;Italie;14;0;0;0;0;0;0;FAIBLE;2026-05-14 11:56:32
TXN-001193;CLT-0003;220,74;France;France;14;0;0;0;0;0;0;FAIBLE;2026-05-14 11:56:32
TXN-001194;CLT-0053;1496,92;France;Espagne;14;0;0;0;0;0;0;FAIBLE;2026-05-14 11:56:32
TXN-001195;CLT-0031;4200,65;France;Panama;14;0;0;0;20;0;20;MODÉRÉ;2026-05-14 11:56:32
TXN-001196;CLT-0033;4146,62;France;Italie;14;0;0;0;0;0;0;FAIBLE;2026-05-14 11:56:32
TXN-001197;CLT-0043;620,16;Îles Caïmans;Suisse;14;0;0;25;0;0;25;MODÉRÉ;2026-05-14 11:56:32
TXN-001198;CLT-0028;3722,36;France;France;14;0;0;0;0;0;0;FAIBLE;2026-05-14 11:56:32
TXN-001199;CLT-0053;4849,92;France;Espagne;14;0;0;0;0;0;0;FAIBLE;2026-05-14 11:56:32
TXN-001200;CLT-0041;1879,78;Îles Caïmans;Panama;14;0;0;25;20;0;45;ÉLEVÉ;2026-05-14 11:56:32
TXN-001201;CLT-0019;1239,27;Russie;Espagne;14;0;0;0;0;0;0;FAIBLE;2026-05-14 11:56:32
TXN-001202;CLT-0083;4108,61;France;France;14;0;0;0;0;0;0;FAIBLE;2026-05-14 11:56:32
TXN-001203;CLT-0089;3314,49;Espagne;Îles Caïmans;14;0;0;0;20;0;20;MODÉRÉ;2026-05-14 11:56:32
TXN-001204;CLT-0047;1553,25;Allemagne;Îles Caïmans;14;0;0;0;20;0;20;MODÉRÉ;2026-05-14 11:56:32
TXN-001205;CLT-0033;1948,47;France;Italie;14;0;0;0;0;0;0;FAIBLE;2026-05-14 11:56:32
TXN-001206;CLT-0027;3785,77;Russie;Espagne;14;0;0;0;0;0;0;FAIBLE;2026-05-14 11:56:32
TXN-001207;CLT-0053;4398,54;Espagne;Espagne;14;0;0;0;0;0;0;FAIBLE;2026-05-14 11:56:32
TXN-001208;CLT-0061;4117,76;Panama;France;14;0;0;25;0;0;25;MODÉRÉ;2026-05-14 11:56:32
TXN-001209;CLT-0021;4385,04;France;France;14;0;0;0;0;0;0;FAIBLE;2026-05-14 11:56:32
TXN-001210;CLT-0095;3014,56;Russie;Îles Caïmans;14;0;0;0;20;0;20;MODÉRÉ;2026-05-14 11:56:32
TXN-001211;CLT-0083;3812,26;Russie;France;14;0;0;0;0;0;0;FAIBLE;2026-05-14 11:56:32
TXN-001212;CLT-0026;689,1;Panama;Italie;14;0;0;25;0;0;25;MODÉRÉ;2026-05-14 11:56:32
TXN-001213;CLT-0067;563,03;Îles Caïmans;Panama;14;0;0;25;20;0;45;ÉLEVÉ;2026-05-14 11:56:32
TXN-001214;CLT-0095;1603,8;Espagne;Îles Caïmans;14;0;0;0;20;0;20;MODÉRÉ;2026-05-14 11:56:32
TXN-001215;CLT-0037;2969,17;France;Îles Caïmans;14;0;0;0;20;0;20;MODÉRÉ;2026-05-14 11:56:32
TXN-001216;CLT-0074;917,63;France;Allemagne;14;0;0;0;0;0;0;FAIBLE;2026-05-14 11:56:32
TXN-001217;CLT-0079;4616,33;France;Îles Caïmans;14;0;0;0;20;0;20;MODÉRÉ;2026-05-14 11:56:32
TXN-001218;CLT-0022;999,35;Îles Caïmans;Allemagne;14;0;0;25;0;0;25;MODÉRÉ;2026-05-14 11:56:32
TXN-001219;CLT-0012;3005,96;France;Panama;14;0;0;0;20;0;20;MODÉRÉ;2026-05-14 11:56:32
TXN-001220;CLT-0056;595,58;Russie;Allemagne;14;0;0;0;0;0;0;FAIBLE;2026-05-14 11:56:32
TXN-001221;CLT-0035;70080,04;Russie;Espagne;14;1;40;0;0;0;40;ÉLEVÉ;2026-05-14 11:56:32
TXN-001222;CLT-0077;2162,23;Espagne;France;14;0;0;0;0;0;0;FAIBLE;2026-05-14 11:56:32
TXN-001223;CLT-0053;954,92;France;Espagne;14;0;0;0;0;0;0;FAIBLE;2026-05-14 11:56:32
TXN-001224;CLT-0058;1316,38;Panama;France;14;0;0;25;0;0;25;MODÉRÉ;2026-05-14 11:56:32
TXN-001225;CLT-0002;3239,71;France;Espagne;14;0;0;0;0;0;0;FAIBLE;2026-05-14 11:56:32
TXN-001226;CLT-0088;4872,25;Îles Caïmans;Allemagne;14;0;0;25;0;0;25;MODÉRÉ;2026-05-14 11:56:32
TXN-001227;CLT-0010;3683,16;France;Îles Caïmans;14;0;0;0;20;0;20;MODÉRÉ;2026-05-14 11:56:32
TXN-001228;CLT-0046;89002,62;France;France;14;1;40;0;0;0;40;ÉLEVÉ;2026-05-14 11:56:32
TXN-001229;CLT-0039;51895,15;Panama;France;14;1;40;25;0;0;65;ÉLEVÉ;2026-05-14 11:56:32
TXN-001230;CLT-0075;85623,66;Espagne;France;14;1;40;0;0;0;40;ÉLEVÉ;2026-05-14 11:56:32
TXN-001231;CLT-0060;2469,27;France;Italie;14;0;0;0;0;0;0;FAIBLE;2026-05-14 11:56:32
TXN-001232;CLT-0034;2656,81;Panama;France;14;0;0;25;0;0;25;MODÉRÉ;2026-05-14 11:56:32
TXN-001233;CLT-0096;19124,82;Îles Caïmans;Panama;14;1;40;25;20;0;85;CRITIQUE;2026-05-14 11:56:32
TXN-001234;CLT-0098;4385,91;Panama;Espagne;14;0;0;25;0;0;25;MODÉRÉ;2026-05-14 11:56:32
TXN-001235;CLT-0098;833,27;Russie;Espagne;14;0;0;0;0;0;0;FAIBLE;2026-05-14 11:56:32
TXN-001236;CLT-0024;20930,01;Russie;Espagne;14;1;40;0;0;0;40;ÉLEVÉ;2026-05-14 11:56:32
TXN-001237;CLT-0015;3532,75;France;France;14;0;0;0;0;0;0;FAIBLE;2026-05-14 11:56:32
TXN-001238;CLT-0063;4944,2;Russie;Îles Caïmans;14;0;0;0;20;0;20;MODÉRÉ;2026-05-14 11:56:32
TXN-001239;CLT-0016;70619,46;France;Espagne;14;1;40;0;0;0;40;ÉLEVÉ;2026-05-14 11:56:32
TXN-001240;CLT-0096;1427,74;Espagne;Panama;14;0;0;0;20;0;20;MODÉRÉ;2026-05-14 11:56:32
TXN-001241;CLT-0075;3319,06;France;France;14;0;0;0;0;0;0;FAIBLE;2026-05-14 11:56:32
TXN-001242;CLT-0087;393,41;Panama;Italie;14;0;0;25;0;0;25;MODÉRÉ;2026-05-14 11:56:32
TXN-001243;CLT-0016;67274,17;Panama;Espagne;14;1;40;25;0;0;65;ÉLEVÉ;2026-05-14 11:56:32
TXN-001244;CLT-0020;4756,59;France;Italie;14;0;0;0;0;0;0;FAIBLE;2026-05-14 11:56:32
TXN-001245;CLT-0059;3541,46;France;Îles Caïmans;14;0;0;0;20;0;20;MODÉRÉ;2026-05-14 11:56:32
TXN-001246;CLT-0058;228,8;France;France;14;0;0;0;0;0;0;FAIBLE;2026-05-14 11:56:32
TXN-001247;CLT-0037;252,92;France;Îles Caïmans;14;0;0;0;20;0;20;MODÉRÉ;2026-05-14 11:56:32
TXN-001248;CLT-0049;2740,31;Îles Caïmans;France;14;0;0;25;0;0;25;MODÉRÉ;2026-05-14 11:56:32
TXN-001249;CLT-0012;1208,0;Allemagne;Panama;14;0;0;0;20;0;20;MODÉRÉ;2026-05-14 11:56:32
TXN-001250;CLT-0083;3899,67;France;France;14;0;0;0;0;0;0;FAIBLE;2026-05-14 11:56:32
TXN-001251;CLT-0088;4007,49;France;Allemagne;14;0;0;0;0;0;0;FAIBLE;2026-05-14 11:56:32
TXN-001252;CLT-0066;489,6;Russie;Espagne;14;0;0;0;0;0;0;FAIBLE;2026-05-14 11:56:32
TXN-001253;CLT-0073;1946,57;Îles Caïmans;France;14;0;0;25;0;0;25;MODÉRÉ;2026-05-14 11:56:32
TXN-001254;CLT-0079;44760,66;Îles Caïmans;Îles Caïmans;14;1;40;25;20;0;85;CRITIQUE;2026-05-14 11:56:32
TXN-001255;CLT-0044;473,81;Allemagne;France;14;0;0;0;0;0;0;FAIBLE;2026-05-14 11:56:32
TXN-001256;CLT-0068;3571,04;France;Allemagne;14;0;0;0;0;0;0;FAIBLE;2026-05-14 11:56:32
TXN-001257;CLT-0039;2192,4;France;France;14;0;0;0;0;0;0;FAIBLE;2026-05-14 11:56:32
TXN-001258;CLT-0067;1509,04;Espagne;Panama;14;0;0;0;20;0;20;MODÉRÉ;2026-05-14 11:56:32
TXN-001259;CLT-0066;2759,46;Îles Caïmans;Espagne;14;0;0;25;0;0;25;MODÉRÉ;2026-05-14 11:56:32
TXN-001260;CLT-0033;2328,64;Espagne;Italie;14;0;0;0;0;0;0;FAIBLE;2026-05-14 11:56:32
TXN-001261;CLT-0015;3845,55;France;France;14;0;0;0;0;0;0;FAIBLE;2026-05-14 11:56:32
TXN-001262;CLT-0011;4216,12;Espagne;France;14;0;0;0;0;0;0;FAIBLE;2026-05-14 11:56:32
TXN-001263;CLT-0058;3623,23;Espagne;France;14;0;0;0;0;0;0;FAIBLE;2026-05-14 11:56:32
TXN-001264;CLT-0028;4591,38;France;France;14;0;0;0;0;0;0;FAIBLE;2026-05-14 11:56:32
TXN-001265;CLT-0014;3024,22;France;France;14;0;0;0;0;0;0;FAIBLE;2026-05-14 11:56:32
TXN-001266;CLT-0084;18151,01;Russie;Italie;14;1;40;0;0;0;40;ÉLEVÉ;2026-05-14 11:56:32
TXN-001267;CLT-0093;4345,21;Espagne;Suisse;14;0;0;0;0;0;0;FAIBLE;2026-05-14 11:56:32
TXN-001268;CLT-0089;4869,87;Espagne;Îles Caïmans;14;0;0;0;20;0;20;MODÉRÉ;2026-05-14 11:56:32
TXN-001269;CLT-0015;19754,91;Allemagne;France;14;1;40;0;0;0;40;ÉLEVÉ;2026-05-14 11:56:32
TXN-001270;CLT-0019;1054,06;Îles Caïmans;Espagne;14;0;0;25;0;0;25;MODÉRÉ;2026-05-14 11:56:32
TXN-001271;CLT-0025;4292,36;Espagne;Italie;14;0;0;0;0;0;0;FAIBLE;2026-05-14 11:56:32
TXN-001272;CLT-0003;749,35;France;France;14;0;0;0;0;0;0;FAIBLE;2026-05-14 11:56:32
TXN-001273;CLT-0063;3696,52;France;Îles Caïmans;14;0;0;0;20;0;20;MODÉRÉ;2026-05-14 11:56:32
TXN-001274;CLT-0038;2930,28;Îles Caïmans;Îles Caïmans;14;0;0;25;20;0;45;ÉLEVÉ;2026-05-14 11:56:32
TXN-001275;CLT-0092;8685,06;Îles Caïmans;Suisse;14;1;40;25;0;0;65;ÉLEVÉ;2026-05-14 11:56:32
TXN-001276;CLT-0094;3688,02;Espagne;Allemagne;14;0;0;0;0;0;0;FAIBLE;2026-05-14 11:56:32
TXN-001277;CLT-0076;42772,19;Russie;France;14;1;40;0;0;0;40;ÉLEVÉ;2026-05-14 11:56:32
TXN-001278;CLT-0055;312,92;Panama;Espagne;14;0;0;25;0;0;25;MODÉRÉ;2026-05-14 11:56:32
TXN-001279;CLT-0054;1346,57;France;Suisse;14;0;0;0;0;0;0;FAIBLE;2026-05-14 11:56:32
TXN-001280;CLT-0058;4695,43;France;France;14;0;0;0;0;0;0;FAIBLE;2026-05-14 11:56:32
TXN-001281;CLT-0045;3633,78;Allemagne;France;14;0;0;0;0;0;0;FAIBLE;2026-05-14 11:56:32
TXN-001282;CLT-0044;2942,42;Russie;France;14;0;0;0;0;0;0;FAIBLE;2026-05-14 11:56:32
TXN-001283;CLT-0050;33525,28;Panama;Espagne;14;1;40;25;0;0;65;ÉLEVÉ;2026-05-14 11:56:32
TXN-001284;CLT-0080;4000,78;Espagne;France;14;0;0;0;0;0;0;FAIBLE;2026-05-14 11:56:32
TXN-001285;CLT-0017;440,1;Allemagne;Îles Caïmans;14;0;0;0;20;0;20;MODÉRÉ;2026-05-14 11:56:32
TXN-001286;CLT-0064;2466,01;Allemagne;France;14;0;0;0;0;0;0;FAIBLE;2026-05-14 11:56:32
TXN-001287;CLT-0046;244,78;Panama;France;14;0;0;25;0;0;25;MODÉRÉ;2026-05-14 11:56:32
TXN-001288;CLT-0005;881,83;Panama;Panama;14;0;0;25;20;0;45;ÉLEVÉ;2026-05-14 11:56:32
TXN-001289;CLT-0072;3091,64;Russie;Allemagne;14;0;0;0;0;0;0;FAIBLE;2026-05-14 11:56:32
TXN-001290;CLT-0099;1708,22;Espagne;Panama;14;0;0;0;20;0;20;MODÉRÉ;2026-05-14 11:56:32
TXN-001291;CLT-0078;4268,51;France;Suisse;14;0;0;0;0;0;0;FAIBLE;2026-05-14 11:56:32
TXN-001292;CLT-0097;2194,76;France;Panama;14;0;0;0;20;0;20;MODÉRÉ;2026-05-14 11:56:32
TXN-001293;CLT-0072;3052,18;France;Allemagne;14;0;0;0;0;0;0;FAIBLE;2026-05-14 11:56:32
TXN-001294;CLT-0047;599,12;Espagne;Îles Caïmans;14;0;0;0;20;0;20;MODÉRÉ;2026-05-14 11:56:32
TXN-001295;CLT-0094;3812,2;France;Allemagne;14;0;0;0;0;0;0;FAIBLE;2026-05-14 11:56:32
TXN-001296;CLT-0016;1679,69;Russie;Espagne;14;0;0;0;0;0;0;FAIBLE;2026-05-14 11:56:32
TXN-001297;CLT-0032;3848,4;Panama;Suisse;14;0;0;25;0;0;25;MODÉRÉ;2026-05-14 11:56:32
TXN-001298;CLT-0048;864,6;Panama;Suisse;14;0;0;25;0;0;25;MODÉRÉ;2026-05-14 11:56:32
TXN-001299;CLT-0054;1234,8;France;Suisse;14;0;0;0;0;0;0;FAIBLE;2026-05-14 11:56:32
TXN-001300;CLT-0059;2072,91;Panama;Îles Caïmans;14;0;0;25;20;0;45;ÉLEVÉ;2026-05-14 11:56:32
TXN-001301;CLT-0092;2218,47;France;Suisse;14;0;0;0;0;0;0;FAIBLE;2026-05-14 11:56:32
TXN-001302;CLT-0056;35388,0;Îles Caïmans;Allemagne;14;1;40;25;0;0;65;ÉLEVÉ;2026-05-14 11:56:32
TXN-001303;CLT-0020;3304,28;France;Italie;14;0;0;0;0;0;0;FAIBLE;2026-05-14 11:56:32
TXN-001304;CLT-0067;4900,43;Îles Caïmans;Panama;14;0;0;25;20;0;45;ÉLEVÉ;2026-05-14 11:56:32
TXN-001305;CLT-0039;3407,54;Panama;France;14;0;0;25;0;0;25;MODÉRÉ;2026-05-14 11:56:32
TXN-001306;CLT-0079;32340,92;Îles Caïmans;Îles Caïmans;14;1;40;25;20;0;85;CRITIQUE;2026-05-14 11:56:32
TXN-001307;CLT-0080;1033,62;Russie;France;14;0;0;0;0;0;0;FAIBLE;2026-05-14 11:56:32
TXN-001308;CLT-0052;4439,5;Espagne;France;14;0;0;0;0;0;0;FAIBLE;2026-05-14 11:56:32
TXN-001309;CLT-0093;54756,71;Espagne;Suisse;14;1;40;0;0;0;40;ÉLEVÉ;2026-05-14 11:56:32
TXN-001310;CLT-0067;2563,24;France;Panama;14;0;0;0;20;0;20;MODÉRÉ;2026-05-14 11:56:32
TXN-001311;CLT-0076;85457,78;Allemagne;France;14;1;40;0;0;0;40;ÉLEVÉ;2026-05-14 11:56:32
TXN-001312;CLT-0065;1526,67;France;Îles Caïmans;14;0;0;0;20;0;20;MODÉRÉ;2026-05-14 11:56:32
TXN-001313;CLT-0046;1306,18;France;France;14;0;0;0;0;0;0;FAIBLE;2026-05-14 11:56:32
TXN-001314;CLT-0039;4707,3;France;France;14;0;0;0;0;0;0;FAIBLE;2026-05-14 11:56:32
TXN-001315;CLT-0073;4914,92;Allemagne;France;14;0;0;0;0;0;0;FAIBLE;2026-05-14 11:56:32
TXN-001316;CLT-0087;1429,83;Îles Caïmans;Italie;14;0;0;25;0;0;25;MODÉRÉ;2026-05-14 11:56:32
TXN-001317;CLT-0067;1245,69;Allemagne;Panama;14;0;0;0;20;0;20;MODÉRÉ;2026-05-14 11:56:32
TXN-001318;CLT-0019;1812,72;Îles Caïmans;Espagne;14;0;0;25;0;0;25;MODÉRÉ;2026-05-14 11:56:32
TXN-001319;CLT-0061;13410,85;Russie;France;14;1;40;0;0;0;40;ÉLEVÉ;2026-05-14 11:56:32
TXN-001320;CLT-0076;66883,55;Îles Caïmans;France;14;1;40;25;0;0;65;ÉLEVÉ;2026-05-14 11:56:32
TXN-001321;CLT-0055;2925,68;Russie;Espagne;14;0;0;0;0;0;0;FAIBLE;2026-05-14 11:56:32
TXN-001322;CLT-0019;2090,44;France;Espagne;14;0;0;0;0;0;0;FAIBLE;2026-05-14 11:56:32
TXN-001323;CLT-0066;2293,99;France;Espagne;14;0;0;0;0;0;0;FAIBLE;2026-05-14 11:56:32
TXN-001324;CLT-0096;2282,61;Panama;Panama;14;0;0;25;20;0;45;ÉLEVÉ;2026-05-14 11:56:32
TXN-001325;CLT-0015;602,64;Panama;France;14;0;0;25;0;0;25;MODÉRÉ;2026-05-14 11:56:32
TXN-001326;CLT-0016;211,01;Espagne;Espagne;14;0;0;0;0;0;0;FAIBLE;2026-05-14 11:56:32
TXN-001327;CLT-0004;1523,27;France;Suisse;14;0;0;0;0;0;0;FAIBLE;2026-05-14 11:56:32
TXN-001328;CLT-0037;2114,57;France;Îles Caïmans;14;0;0;0;20;0;20;MODÉRÉ;2026-05-14 11:56:32
TXN-001329;CLT-0071;2449,08;France;Îles Caïmans;14;0;0;0;20;0;20;MODÉRÉ;2026-05-14 11:56:32
TXN-001330;CLT-0040;2093,7;Russie;Suisse;14;0;0;0;0;0;0;FAIBLE;2026-05-14 11:56:32
TXN-001331;CLT-0093;3908,93;France;Suisse;14;0;0;0;0;0;0;FAIBLE;2026-05-14 11:56:32
TXN-001332;CLT-0098;2528,77;Russie;Espagne;14;0;0;0;0;0;0;FAIBLE;2026-05-14 11:56:32
TXN-001333;CLT-0080;71324,18;Îles Caïmans;France;14;1;40;25;0;0;65;ÉLEVÉ;2026-05-14 11:56:32
TXN-001334;CLT-0070;4502,22;Russie;Italie;14;0;0;0;0;0;0;FAIBLE;2026-05-14 11:56:32
TXN-001335;CLT-0091;3233,12;Espagne;Allemagne;14;0;0;0;0;0;0;FAIBLE;2026-05-14 11:56:32
TXN-001336;CLT-0011;627,67;France;France;14;0;0;0;0;0;0;FAIBLE;2026-05-14 11:56:32
TXN-001337;CLT-0065;2613,55;France;Îles Caïmans;14;0;0;0;20;0;20;MODÉRÉ;2026-05-14 11:56:32
TXN-001338;CLT-0036;2663,98;Allemagne;Italie;14;0;0;0;0;0;0;FAIBLE;2026-05-14 11:56:32
TXN-001339;CLT-0057;4196,2;Panama;France;14;0;0;25;0;0;25;MODÉRÉ;2026-05-14 11:56:32
TXN-001340;CLT-0044;234,47;France;France;14;0;0;0;0;0;0;FAIBLE;2026-05-14 11:56:32
TXN-001341;CLT-0049;4299,65;France;France;14;0;0;0;0;0;0;FAIBLE;2026-05-14 11:56:32
TXN-001342;CLT-0037;16642,03;France;Îles Caïmans;14;1;40;0;20;0;60;ÉLEVÉ;2026-05-14 11:56:32
TXN-001343;CLT-0053;457,25;France;Espagne;14;0;0;0;0;0;0;FAIBLE;2026-05-14 11:56:32
TXN-001344;CLT-0092;1633,2;Espagne;Suisse;14;0;0;0;0;0;0;FAIBLE;2026-05-14 11:56:32
TXN-001345;CLT-0042;1607,01;Îles Caïmans;Italie;14;0;0;25;0;0;25;MODÉRÉ;2026-05-14 11:56:32
TXN-001346;CLT-0026;4498,51;Allemagne;Italie;14;0;0;0;0;0;0;FAIBLE;2026-05-14 11:56:32
TXN-001347;CLT-0015;3764,43;France;France;14;0;0;0;0;0;0;FAIBLE;2026-05-14 11:56:32
TXN-001348;CLT-0062;2770,07;Îles Caïmans;France;14;0;0;25;0;0;25;MODÉRÉ;2026-05-14 11:56:32
TXN-001349;CLT-0035;4569,54;France;Espagne;14;0;0;0;0;0;0;FAIBLE;2026-05-14 11:56:32
TXN-001350;CLT-0039;2777,99;Îles Caïmans;France;14;0;0;25;0;0;25;MODÉRÉ;2026-05-14 11:56:32
TXN-001351;CLT-0027;4232,93;Panama;Espagne;14;0;0;25;0;0;25;MODÉRÉ;2026-05-14 11:56:32
TXN-001352;CLT-0069;849,26;Russie;Panama;14;0;0;0;20;0;20;MODÉRÉ;2026-05-14 11:56:32
TXN-001353;CLT-0038;78700,0;France;Îles Caïmans;14;1;40;0;20;0;60;ÉLEVÉ;2026-05-14 11:56:32
TXN-001354;CLT-0077;88197,53;Îles Caïmans;France;14;1;40;25;0;0;65;ÉLEVÉ;2026-05-14 11:56:32
TXN-001355;CLT-0075;4213,77;Espagne;France;14;0;0;0;0;0;0;FAIBLE;2026-05-14 11:56:32
TXN-001356;CLT-0009;72308,92;France;Suisse;14;1;40;0;0;0;40;ÉLEVÉ;2026-05-14 11:56:32
TXN-001357;CLT-0093;623,66;Espagne;Suisse;14;0;0;0;0;0;0;FAIBLE;2026-05-14 11:56:32
TXN-001358;CLT-0041;1062,14;Espagne;Panama;14;0;0;0;20;0;20;MODÉRÉ;2026-05-14 11:56:32
TXN-001359;CLT-0032;3541,69;Panama;Suisse;14;0;0;25;0;0;25;MODÉRÉ;2026-05-14 11:56:32
TXN-001360;CLT-0003;4795,37;France;France;14;0;0;0;0;0;0;FAIBLE;2026-05-14 11:56:32
TXN-001361;CLT-0087;31,35;Îles Caïmans;Italie;14;0;0;25;0;0;25;MODÉRÉ;2026-05-14 11:56:32
TXN-001362;CLT-0098;3485,48;France;Espagne;14;0;0;0;0;0;0;FAIBLE;2026-05-14 11:56:32
TXN-001363;CLT-0069;3249,0;Russie;Panama;14;0;0;0;20;0;20;MODÉRÉ;2026-05-14 11:56:32
TXN-001364;CLT-0077;1771,44;Îles Caïmans;France;14;0;0;25;0;0;25;MODÉRÉ;2026-05-14 11:56:32
TXN-001365;CLT-0002;3842,15;Russie;Espagne;14;0;0;0;0;0;0;FAIBLE;2026-05-14 11:56:32
TXN-001366;CLT-0029;973,02;Espagne;France;14;0;0;0;0;0;0;FAIBLE;2026-05-14 11:56:32
TXN-001367;CLT-0012;3548,9;Espagne;Panama;14;0;0;0;20;0;20;MODÉRÉ;2026-05-14 11:56:32
TXN-001368;CLT-0047;1113,53;Espagne;Îles Caïmans;14;0;0;0;20;0;20;MODÉRÉ;2026-05-14 11:56:32
TXN-001369;CLT-0027;3523,2;Allemagne;Espagne;14;0;0;0;0;0;0;FAIBLE;2026-05-14 11:56:32
TXN-001370;CLT-0036;3195,8;Russie;Italie;14;0;0;0;0;0;0;FAIBLE;2026-05-14 11:56:32
TXN-001371;CLT-0087;976,91;France;Italie;14;0;0;0;0;0;0;FAIBLE;2026-05-14 11:56:32
TXN-001372;CLT-0017;19157,44;Allemagne;Îles Caïmans;14;1;40;0;20;0;60;ÉLEVÉ;2026-05-14 11:56:32
TXN-001373;CLT-0025;3647,21;Espagne;Italie;14;0;0;0;0;0;0;FAIBLE;2026-05-14 11:56:32
TXN-001374;CLT-0055;4416,68;Panama;Espagne;14;0;0;25;0;0;25;MODÉRÉ;2026-05-14 11:56:32
TXN-001375;CLT-0016;4975,58;Russie;Espagne;14;0;0;0;0;0;0;FAIBLE;2026-05-14 11:56:32
TXN-001376;CLT-0093;2591,11;France;Suisse;14;0;0;0;0;0;0;FAIBLE;2026-05-14 11:56:32
TXN-001377;CLT-0041;2106,11;Îles Caïmans;Panama;14;0;0;25;20;0;45;ÉLEVÉ;2026-05-14 11:56:32
TXN-001378;CLT-0004;418,23;Îles Caïmans;Suisse;14;0;0;25;0;0;25;MODÉRÉ;2026-05-14 11:56:32
TXN-001379;CLT-0022;4585,81;Espagne;Allemagne;14;0;0;0;0;0;0;FAIBLE;2026-05-14 11:56:32
TXN-001380;CLT-0062;62400,64;France;France;14;1;40;0;0;0;40;ÉLEVÉ;2026-05-14 11:56:32
TXN-001381;CLT-0033;3135,22;France;Italie;14;0;0;0;0;0;0;FAIBLE;2026-05-14 11:56:32
TXN-001382;CLT-0043;4794,43;Allemagne;Suisse;14;0;0;0;0;0;0;FAIBLE;2026-05-14 11:56:32
TXN-001383;CLT-0057;3880,99;Russie;France;14;0;0;0;0;0;0;FAIBLE;2026-05-14 11:56:32
TXN-001384;CLT-0005;436,82;Panama;Panama;14;0;0;25;20;0;45;ÉLEVÉ;2026-05-14 11:56:32
TXN-001385;CLT-0008;3469,88;France;Suisse;14;0;0;0;0;0;0;FAIBLE;2026-05-14 11:56:32
TXN-001386;CLT-0014;3134,66;France;France;14;0;0;0;0;0;0;FAIBLE;2026-05-14 11:56:32
TXN-001387;CLT-0080;1913,46;Allemagne;France;14;0;0;0;0;0;0;FAIBLE;2026-05-14 11:56:32
TXN-001388;CLT-0002;3939,5;Îles Caïmans;Espagne;14;0;0;25;0;0;25;MODÉRÉ;2026-05-14 11:56:32
TXN-001389;CLT-0080;2146,25;Panama;France;14;0;0;25;0;0;25;MODÉRÉ;2026-05-14 11:56:32
TXN-001390;CLT-0059;3382,12;Panama;Îles Caïmans;14;0;0;25;20;0;45;ÉLEVÉ;2026-05-14 11:56:32
TXN-001391;CLT-0077;548,95;Allemagne;France;14;0;0;0;0;0;0;FAIBLE;2026-05-14 11:56:32
TXN-001392;CLT-0033;638,65;Îles Caïmans;Italie;14;0;0;25;0;0;25;MODÉRÉ;2026-05-14 11:56:32
TXN-001393;CLT-0032;3108,05;France;Suisse;14;0;0;0;0;0;0;FAIBLE;2026-05-14 11:56:32
TXN-001394;CLT-0066;35115,02;Espagne;Espagne;14;1;40;0;0;0;40;ÉLEVÉ;2026-05-14 11:56:32
TXN-001395;CLT-0019;2710,31;Espagne;Espagne;14;0;0;0;0;0;0;FAIBLE;2026-05-14 11:56:32
TXN-001396;CLT-0067;1462,41;France;Panama;14;0;0;0;20;0;20;MODÉRÉ;2026-05-14 11:56:32
TXN-001397;CLT-0007;52118,38;Panama;Suisse;14;1;40;25;0;0;65;ÉLEVÉ;2026-05-14 11:56:32
TXN-001398;CLT-0009;1009,86;Allemagne;Suisse;14;0;0;0;0;0;0;FAIBLE;2026-05-14 11:56:32
TXN-001399;CLT-0077;3476,96;Panama;France;14;0;0;25;0;0;25;MODÉRÉ;2026-05-14 11:56:32
TXN-001400;CLT-0014;2099,29;France;France;14;0;0;0;0;0;0;FAIBLE;2026-05-14 11:56:32
TXN-001401;CLT-0029;4600,57;Russie;France;14;0;0;0;0;0;0;FAIBLE;2026-05-14 11:56:32
TXN-001402;CLT-0095;1202,71;Allemagne;Îles Caïmans;14;0;0;0;20;0;20;MODÉRÉ;2026-05-14 11:56:32
TXN-001403;CLT-0047;4132,16;France;Îles Caïmans;14;0;0;0;20;0;20;MODÉRÉ;2026-05-14 11:56:32
TXN-001404;CLT-0038;2777,91;Allemagne;Îles Caïmans;14;0;0;0;20;0;20;MODÉRÉ;2026-05-14 11:56:32
TXN-001405;CLT-0006;4564,42;Allemagne;France;14;0;0;0;0;0;0;FAIBLE;2026-05-14 11:56:32
TXN-001406;CLT-0093;878,99;Panama;Suisse;14;0;0;25;0;0;25;MODÉRÉ;2026-05-14 11:56:32
TXN-001407;CLT-0003;1237,36;Espagne;France;14;0;0;0;0;0;0;FAIBLE;2026-05-14 11:56:32
TXN-001408;CLT-0018;114,76;France;Panama;14;0;0;0;20;0;20;MODÉRÉ;2026-05-14 11:56:32
TXN-001409;CLT-0031;1059,08;Panama;Panama;14;0;0;25;20;0;45;ÉLEVÉ;2026-05-14 11:56:32
TXN-001410;CLT-0056;4706,4;France;Allemagne;14;0;0;0;0;0;0;FAIBLE;2026-05-14 11:56:32
TXN-001411;CLT-0025;88401,53;Îles Caïmans;Italie;14;1;40;25;0;0;65;ÉLEVÉ;2026-05-14 11:56:32
TXN-001412;CLT-0082;1596,58;France;Panama;14;0;0;0;20;0;20;MODÉRÉ;2026-05-14 11:56:32
TXN-001413;CLT-0038;2940,76;Panama;Îles Caïmans;14;0;0;25;20;0;45;ÉLEVÉ;2026-05-14 11:56:32
TXN-001414;CLT-0017;3151,0;Russie;Îles Caïmans;14;0;0;0;20;0;20;MODÉRÉ;2026-05-14 11:56:32
TXN-001415;CLT-0085;416,22;France;Îles Caïmans;14;0;0;0;20;0;20;MODÉRÉ;2026-05-14 11:56:32
TXN-001416;CLT-0097;1946,7;Panama;Panama;14;0;0;25;20;0;45;ÉLEVÉ;2026-05-14 11:56:32
TXN-001417;CLT-0092;2326,69;Russie;Suisse;14;0;0;0;0;0;0;FAIBLE;2026-05-14 11:56:32
TXN-001418;CLT-0075;2479,01;France;France;14;0;0;0;0;0;0;FAIBLE;2026-05-14 11:56:32
TXN-001419;CLT-0031;4475,47;Allemagne;Panama;14;0;0;0;20;0;20;MODÉRÉ;2026-05-14 11:56:32
TXN-001420;CLT-0021;4444,66;Espagne;France;14;0;0;0;0;0;0;FAIBLE;2026-05-14 11:56:32
TXN-001421;CLT-0038;680,31;Panama;Îles Caïmans;14;0;0;25;20;0;45;ÉLEVÉ;2026-05-14 11:56:32
TXN-001422;CLT-0080;215,3;Îles Caïmans;France;14;0;0;25;0;0;25;MODÉRÉ;2026-05-14 11:56:32
TXN-001423;CLT-0064;2168,2;Espagne;France;14;0;0;0;0;0;0;FAIBLE;2026-05-14 11:56:32
TXN-001424;CLT-0034;906,03;Panama;France;14;0;0;25;0;0;25;MODÉRÉ;2026-05-14 11:56:32
TXN-001425;CLT-0066;1479,64;France;Espagne;14;0;0;0;0;0;0;FAIBLE;2026-05-14 11:56:32
TXN-001426;CLT-0016;4633,76;Panama;Espagne;14;0;0;25;0;0;25;MODÉRÉ;2026-05-14 11:56:32
TXN-001427;CLT-0087;25426,67;Espagne;Italie;14;1;40;0;0;0;40;ÉLEVÉ;2026-05-14 11:56:32
TXN-001428;CLT-0036;4079,67;France;Italie;14;0;0;0;0;0;0;FAIBLE;2026-05-14 11:56:32
TXN-001429;CLT-0034;3764,39;Espagne;France;14;0;0;0;0;0;0;FAIBLE;2026-05-14 11:56:32
TXN-001430;CLT-0052;1739,7;France;France;14;0;0;0;0;0;0;FAIBLE;2026-05-14 11:56:32
TXN-001431;CLT-0051;2568,11;Allemagne;France;14;0;0;0;0;0;0;FAIBLE;2026-05-14 11:56:32
TXN-001432;CLT-0067;1057,28;Russie;Panama;14;0;0;0;20;0;20;MODÉRÉ;2026-05-14 11:56:32
TXN-001433;CLT-0041;2312,39;Îles Caïmans;Panama;14;0;0;25;20;0;45;ÉLEVÉ;2026-05-14 11:56:32
TXN-001434;CLT-0057;3492,73;France;France;14;0;0;0;0;0;0;FAIBLE;2026-05-14 11:56:32
TXN-001435;CLT-0040;2891,77;Russie;Suisse;14;0;0;0;0;0;0;FAIBLE;2026-05-14 11:56:32
TXN-001436;CLT-0029;4173,15;Îles Caïmans;France;14;0;0;25;0;0;25;MODÉRÉ;2026-05-14 11:56:32
TXN-001437;CLT-0069;2022,81;Panama;Panama;14;0;0;25;20;0;45;ÉLEVÉ;2026-05-14 11:56:32
TXN-001438;CLT-0018;2842,21;Panama;Panama;14;0;0;25;20;0;45;ÉLEVÉ;2026-05-14 11:56:32
TXN-001439;CLT-0074;3997,74;Îles Caïmans;Allemagne;14;0;0;25;0;0;25;MODÉRÉ;2026-05-14 11:56:32
TXN-001440;CLT-0050;1959,27;Russie;Espagne;14;0;0;0;0;0;0;FAIBLE;2026-05-14 11:56:32
TXN-001441;CLT-0082;57547,81;France;Panama;14;1;40;0;20;0;60;ÉLEVÉ;2026-05-14 11:56:32
TXN-001442;CLT-0005;3377,68;Russie;Panama;14;0;0;0;20;0;20;MODÉRÉ;2026-05-14 11:56:32
TXN-001443;CLT-0037;25312,89;Allemagne;Îles Caïmans;14;1;40;0;20;0;60;ÉLEVÉ;2026-05-14 11:56:32
TXN-001444;CLT-0008;2626,73;France;Suisse;14;0;0;0;0;0;0;FAIBLE;2026-05-14 11:56:32
TXN-001445;CLT-0051;4299,94;France;France;14;0;0;0;0;0;0;FAIBLE;2026-05-14 11:56:32
TXN-001446;CLT-0050;44401,95;France;Espagne;14;1;40;0;0;0;40;ÉLEVÉ;2026-05-14 11:56:32
TXN-001447;CLT-0086;1555,69;France;France;14;0;0;0;0;0;0;FAIBLE;2026-05-14 11:56:32
TXN-001448;CLT-0026;4696,38;Russie;Italie;14;0;0;0;0;0;0;FAIBLE;2026-05-14 11:56:32
TXN-001449;CLT-0058;47,14;Îles Caïmans;France;14;0;0;25;0;0;25;MODÉRÉ;2026-05-14 11:56:32
TXN-001450;CLT-0073;1241,73;Russie;France;14;0;0;0;0;0;0;FAIBLE;2026-05-14 11:56:32
TXN-001451;CLT-0037;205,03;Panama;Îles Caïmans;14;0;0;25;20;0;45;ÉLEVÉ;2026-05-14 11:56:32
TXN-001452;CLT-0051;3561,12;France;France;14;0;0;0;0;0;0;FAIBLE;2026-05-14 11:56:32
TXN-001453;CLT-0094;906,09;Russie;Allemagne;14;0;0;0;0;0;0;FAIBLE;2026-05-14 11:56:32
TXN-001454;CLT-0073;3298,81;Îles Caïmans;France;14;0;0;25;0;0;25;MODÉRÉ;2026-05-14 11:56:32
TXN-001455;CLT-0036;227,89;Espagne;Italie;14;0;0;0;0;0;0;FAIBLE;2026-05-14 11:56:32
TXN-001456;CLT-0064;343,05;France;France;14;0;0;0;0;0;0;FAIBLE;2026-05-14 11:56:32
TXN-001457;CLT-0065;391,9;Îles Caïmans;Îles Caïmans;14;0;0;25;20;0;45;ÉLEVÉ;2026-05-14 11:56:32
TXN-001458;CLT-0006;1271,31;France;France;14;0;0;0;0;0;0;FAIBLE;2026-05-14 11:56:32
TXN-001459;CLT-0049;68420,26;Îles Caïmans;France;14;1;40;25;0;0;65;ÉLEVÉ;2026-05-14 11:56:32
TXN-001460;CLT-0033;1989,4;France;Italie;14;0;0;0;0;0;0;FAIBLE;2026-05-14 11:56:32
TXN-001461;CLT-0060;3745,89;France;Italie;14;0;0;0;0;0;0;FAIBLE;2026-05-14 11:56:32
TXN-001462;CLT-0018;1219,05;Espagne;Panama;14;0;0;0;20;0;20;MODÉRÉ;2026-05-14 11:56:32
TXN-001463;CLT-0078;861,24;France;Suisse;14;0;0;0;0;0;0;FAIBLE;2026-05-14 11:56:32
TXN-001464;CLT-0022;2677,92;France;Allemagne;14;0;0;0;0;0;0;FAIBLE;2026-05-14 11:56:32
TXN-001465;CLT-0023;775,95;France;Allemagne;14;0;0;0;0;0;0;FAIBLE;2026-05-14 11:56:32
TXN-001466;CLT-0090;2666,17;France;France;14;0;0;0;0;0;0;FAIBLE;2026-05-14 11:56:32
TXN-001467;CLT-0077;1548,54;France;France;14;0;0;0;0;0;0;FAIBLE;2026-05-14 11:56:32
TXN-001468;CLT-0048;3837,9;Allemagne;Suisse;14;0;0;0;0;0;0;FAIBLE;2026-05-14 11:56:32
TXN-001469;CLT-0044;44686,4;France;France;14;1;40;0;0;0;40;ÉLEVÉ;2026-05-14 11:56:32
TXN-001470;CLT-0022;4412,61;France;Allemagne;14;0;0;0;0;0;0;FAIBLE;2026-05-14 11:56:32
TXN-001471;CLT-0042;547,34;Allemagne;Italie;14;0;0;0;0;0;0;FAIBLE;2026-05-14 11:56:32
TXN-001472;CLT-0055;4672,29;Allemagne;Espagne;14;0;0;0;0;0;0;FAIBLE;2026-05-14 11:56:32
TXN-001473;CLT-0002;1789,32;Panama;Espagne;14;0;0;25;0;0;25;MODÉRÉ;2026-05-14 11:56:32
TXN-001474;CLT-0009;26510,81;Panama;Suisse;14;1;40;25;0;0;65;ÉLEVÉ;2026-05-14 11:56:32
TXN-001475;CLT-0039;85035,02;Russie;France;14;1;40;0;0;0;40;ÉLEVÉ;2026-05-14 11:56:32
TXN-001476;CLT-0073;518,05;Espagne;France;14;0;0;0;0;0;0;FAIBLE;2026-05-14 11:56:32
TXN-001477;CLT-0090;3003,34;France;France;14;0;0;0;0;0;0;FAIBLE;2026-05-14 11:56:32
TXN-001478;CLT-0041;3180,41;France;Panama;14;0;0;0;20;0;20;MODÉRÉ;2026-05-14 11:56:32
TXN-001479;CLT-0058;3046,58;Allemagne;France;14;0;0;0;0;0;0;FAIBLE;2026-05-14 11:56:32
TXN-001480;CLT-0030;3526,1;France;Allemagne;14;0;0;0;0;0;0;FAIBLE;2026-05-14 11:56:32
TXN-001481;CLT-0080;3692,19;France;France;14;0;0;0;0;0;0;FAIBLE;2026-05-14 11:56:32
TXN-001482;CLT-0020;51389,2;Allemagne;Italie;14;1;40;0;0;0;40;ÉLEVÉ;2026-05-14 11:56:32
TXN-001483;CLT-0057;1197,94;France;France;14;0;0;0;0;0;0;FAIBLE;2026-05-14 11:56:32
TXN-001484;CLT-0067;3221,57;Espagne;Panama;14;0;0;0;20;0;20;MODÉRÉ;2026-05-14 11:56:32
TXN-001485;CLT-0044;1152,76;Allemagne;France;14;0;0;0;0;0;0;FAIBLE;2026-05-14 11:56:32
TXN-001486;CLT-0032;4534,09;Îles Caïmans;Suisse;14;0;0;25;0;0;25;MODÉRÉ;2026-05-14 11:56:32
TXN-001487;CLT-0001;925,89;Russie;France;14;0;0;0;0;0;0;FAIBLE;2026-05-14 11:56:32
TXN-001488;CLT-0019;24744,49;France;Espagne;14;1;40;0;0;0;40;ÉLEVÉ;2026-05-14 11:56:32
TXN-001489;CLT-0031;59558,87;France;Panama;14;1;40;0;20;0;60;ÉLEVÉ;2026-05-14 11:56:32
TXN-001490;CLT-0093;2340,7;Allemagne;Suisse;14;0;0;0;0;0;0;FAIBLE;2026-05-14 11:56:32
TXN-001491;CLT-0037;3033,2;Russie;Îles Caïmans;14;0;0;0;20;0;20;MODÉRÉ;2026-05-14 11:56:32
TXN-001492;CLT-0011;1014,99;Îles Caïmans;France;14;0;0;25;0;0;25;MODÉRÉ;2026-05-14 11:56:32
TXN-001493;CLT-0065;2358,86;Îles Caïmans;Îles Caïmans;14;0;0;25;20;0;45;ÉLEVÉ;2026-05-14 11:56:32
TXN-001494;CLT-0003;4099,82;Îles Caïmans;France;14;0;0;25;0;0;25;MODÉRÉ;2026-05-14 11:56:32
TXN-001495;CLT-0077;3796,7;France;France;14;0;0;0;0;0;0;FAIBLE;2026-05-14 11:56:32
TXN-001496;CLT-0060;886,74;Russie;Italie;14;0;0;0;0;0;0;FAIBLE;2026-05-14 11:56:32
TXN-001497;CLT-0010;2815,09;France;Îles Caïmans;14;0;0;0;20;0;20;MODÉRÉ;2026-05-14 11:56:32
TXN-001498;CLT-0001;986,62;Panama;France;14;0;0;25;0;0;25;MODÉRÉ;2026-05-14 11:56:32
TXN-001499;CLT-0096;4629,2;Îles Caïmans;Panama;14;0;0;25;20;0;45;ÉLEVÉ;2026-05-14 11:56:32
TXN-001500;CLT-0010;3208,83;France;Îles Caïmans;14;0;0;0;20;0;20;MODÉRÉ;2026-05-14 11:56:32
TXN-001501;CLT-0021;631,14;Îles Caïmans;France;14;0;0;25;0;0;25;MODÉRÉ;2026-05-14 11:56:32
TXN-001502;CLT-0066;3858,64;Panama;Espagne;14;0;0;25;0;0;25;MODÉRÉ;2026-05-14 11:56:32
TXN-001503;CLT-0095;3258,02;Allemagne;Îles Caïmans;14;0;0;0;20;0;20;MODÉRÉ;2026-05-14 11:56:32
TXN-001504;CLT-0081;4608,13;France;Îles Caïmans;14;0;0;0;20;0;20;MODÉRÉ;2026-05-14 11:56:32
TXN-001505;CLT-0019;2282,8;Allemagne;Espagne;14;0;0;0;0;0;0;FAIBLE;2026-05-14 11:56:32
TXN-001506;CLT-0002;4759,37;France;Espagne;14;0;0;0;0;0;0;FAIBLE;2026-05-14 11:56:32
TXN-001507;CLT-0091;4585,25;France;Allemagne;14;0;0;0;0;0;0;FAIBLE;2026-05-14 11:56:32
TXN-001508;CLT-0022;952,23;Espagne;Allemagne;14;0;0;0;0;0;0;FAIBLE;2026-05-14 11:56:32
TXN-001509;CLT-0085;2508,23;Espagne;Îles Caïmans;14;0;0;0;20;0;20;MODÉRÉ;2026-05-14 11:56:32
TXN-001510;CLT-0014;3764,79;Panama;France;14;0;0;25;0;0;25;MODÉRÉ;2026-05-14 11:56:32
TXN-001511;CLT-0096;1352,42;Espagne;Panama;14;0;0;0;20;0;20;MODÉRÉ;2026-05-14 11:56:32
TXN-001512;CLT-0001;22650,69;France;France;14;1;40;0;0;0;40;ÉLEVÉ;2026-05-14 11:56:32
TXN-001513;CLT-0084;2095,02;Îles Caïmans;Italie;14;0;0;25;0;0;25;MODÉRÉ;2026-05-14 11:56:32
TXN-001514;CLT-0018;1879,51;Russie;Panama;14;0;0;0;20;0;20;MODÉRÉ;2026-05-14 11:56:32
TXN-001515;CLT-0073;4742,93;France;France;14;0;0;0;0;0;0;FAIBLE;2026-05-14 11:56:32
TXN-001516;CLT-0034;3752,08;Russie;France;14;0;0;0;0;0;0;FAIBLE;2026-05-14 11:56:32
TXN-001517;CLT-0022;3125,86;Espagne;Allemagne;14;0;0;0;0;0;0;FAIBLE;2026-05-14 11:56:32
TXN-001518;CLT-0044;18847,3;Allemagne;France;14;1;40;0;0;0;40;ÉLEVÉ;2026-05-14 11:56:32
TXN-001519;CLT-0002;3367,29;Espagne;Espagne;14;0;0;0;0;0;0;FAIBLE;2026-05-14 11:56:32
TXN-001520;CLT-0006;46,06;Allemagne;France;14;0;0;0;0;0;0;FAIBLE;2026-05-14 11:56:32
TXN-001521;CLT-0067;46,24;Russie;Panama;14;0;0;0;20;0;20;MODÉRÉ;2026-05-14 11:56:32
TXN-001522;CLT-0044;1691,78;Panama;France;14;0;0;25;0;0;25;MODÉRÉ;2026-05-14 11:56:32
TXN-001523;CLT-0086;4086,07;Îles Caïmans;France;14;0;0;25;0;0;25;MODÉRÉ;2026-05-14 11:56:32
TXN-001524;CLT-0013;4876,77;Russie;France;14;0;0;0;0;0;0;FAIBLE;2026-05-14 11:56:32
TXN-001525;CLT-0004;2015,02;France;Suisse;14;0;0;0;0;0;0;FAIBLE;2026-05-14 11:56:32
TXN-001526;CLT-0097;1404,54;Panama;Panama;14;0;0;25;20;0;45;ÉLEVÉ;2026-05-14 11:56:32
TXN-001527;CLT-0066;3434,06;Allemagne;Espagne;14;0;0;0;0;0;0;FAIBLE;2026-05-14 11:56:32
TXN-001528;CLT-0003;63512,37;France;France;14;1;40;0;0;0;40;ÉLEVÉ;2026-05-14 11:56:32
TXN-001529;CLT-0057;3681,71;Russie;France;14;0;0;0;0;0;0;FAIBLE;2026-05-14 11:56:32
TXN-001530;CLT-0045;3066,84;Russie;France;14;0;0;0;0;0;0;FAIBLE;2026-05-14 11:56:32
TXN-001531;CLT-0094;4286,93;Espagne;Allemagne;14;0;0;0;0;0;0;FAIBLE;2026-05-14 11:56:32
TXN-001532;CLT-0074;3562,59;France;Allemagne;14;0;0;0;0;0;0;FAIBLE;2026-05-14 11:56:32
TXN-001533;CLT-0087;77323,41;Russie;Italie;14;1;40;0;0;0;40;ÉLEVÉ;2026-05-14 11:56:32
TXN-001534;CLT-0062;2236,97;Allemagne;France;14;0;0;0;0;0;0;FAIBLE;2026-05-14 11:56:32
TXN-001535;CLT-0090;860,46;France;France;14;0;0;0;0;0;0;FAIBLE;2026-05-14 11:56:32
TXN-001536;CLT-0042;3581,67;Espagne;Italie;14;0;0;0;0;0;0;FAIBLE;2026-05-14 11:56:32
TXN-001537;CLT-0086;1295,57;France;France;14;0;0;0;0;0;0;FAIBLE;2026-05-14 11:56:32
TXN-001538;CLT-0012;3171,41;Allemagne;Panama;14;0;0;0;20;0;20;MODÉRÉ;2026-05-14 11:56:32
TXN-001539;CLT-0009;3834,02;Îles Caïmans;Suisse;14;0;0;25;0;0;25;MODÉRÉ;2026-05-14 11:56:32
TXN-001540;CLT-0084;3717,41;Îles Caïmans;Italie;14;0;0;25;0;0;25;MODÉRÉ;2026-05-14 11:56:32
TXN-001541;CLT-0038;1125,52;France;Îles Caïmans;14;0;0;0;20;0;20;MODÉRÉ;2026-05-14 11:56:32
TXN-001542;CLT-0096;72430,57;Panama;Panama;14;1;40;25;20;0;85;CRITIQUE;2026-05-14 11:56:32
TXN-001543;CLT-0074;35263,39;Espagne;Allemagne;14;1;40;0;0;0;40;ÉLEVÉ;2026-05-14 11:56:32
TXN-001544;CLT-0055;54597,46;Panama;Espagne;14;1;40;25;0;0;65;ÉLEVÉ;2026-05-14 11:56:32
TXN-001545;CLT-0067;4670,29;Allemagne;Panama;14;0;0;0;20;0;20;MODÉRÉ;2026-05-14 11:56:32
TXN-001546;CLT-0041;8799,4;Espagne;Panama;14;1;40;0;20;0;60;ÉLEVÉ;2026-05-14 11:56:32
TXN-001547;CLT-0019;2504,16;Espagne;Espagne;14;0;0;0;0;0;0;FAIBLE;2026-05-14 11:56:32
TXN-001548;CLT-0005;65885,51;Panama;Panama;14;1;40;25;20;0;85;CRITIQUE;2026-05-14 11:56:32
TXN-001549;CLT-0036;4951,77;Russie;Italie;14;0;0;0;0;0;0;FAIBLE;2026-05-14 11:56:32
TXN-001550;CLT-0091;1086,37;France;Allemagne;14;0;0;0;0;0;0;FAIBLE;2026-05-14 11:56:32
TXN-001551;CLT-0094;1672,39;France;Allemagne;14;0;0;0;0;0;0;FAIBLE;2026-05-14 11:56:32
TXN-001552;CLT-0094;3882,43;Espagne;Allemagne;14;0;0;0;0;0;0;FAIBLE;2026-05-14 11:56:32
TXN-001553;CLT-0003;3299,66;Îles Caïmans;France;14;0;0;25;0;0;25;MODÉRÉ;2026-05-14 11:56:32
TXN-001554;CLT-0097;3392,71;Îles Caïmans;Panama;14;0;0;25;20;0;45;ÉLEVÉ;2026-05-14 11:56:32
TXN-001555;CLT-0090;71227,65;Îles Caïmans;France;14;1;40;25;0;0;65;ÉLEVÉ;2026-05-14 11:56:32
TXN-001556;CLT-0007;36137,42;Russie;Suisse;14;1;40;0;0;0;40;ÉLEVÉ;2026-05-14 11:56:32
TXN-001557;CLT-0090;2890,02;Espagne;France;14;0;0;0;0;0;0;FAIBLE;2026-05-14 11:56:32
TXN-001558;CLT-0095;1056,73;Panama;Îles Caïmans;14;0;0;25;20;0;45;ÉLEVÉ;2026-05-14 11:56:32
TXN-001559;CLT-0019;2882,65;Îles Caïmans;Espagne;14;0;0;25;0;0;25;MODÉRÉ;2026-05-14 11:56:32
TXN-001560;CLT-0013;849,43;Russie;France;14;0;0;0;0;0;0;FAIBLE;2026-05-14 11:56:32
TXN-001561;CLT-0084;271,84;Îles Caïmans;Italie;14;0;0;25;0;0;25;MODÉRÉ;2026-05-14 11:56:32
TXN-001562;CLT-0032;3138,59;France;Suisse;14;0;0;0;0;0;0;FAIBLE;2026-05-14 11:56:32
TXN-001563;CLT-0077;2448,24;Îles Caïmans;France;14;0;0;25;0;0;25;MODÉRÉ;2026-05-14 11:56:32
TXN-001564;CLT-0085;4955,91;Russie;Îles Caïmans;14;0;0;0;20;0;20;MODÉRÉ;2026-05-14 11:56:32
TXN-001565;CLT-0081;3255,05;Panama;Îles Caïmans;14;0;0;25;20;0;45;ÉLEVÉ;2026-05-14 11:56:32
TXN-001566;CLT-0063;18146,6;Allemagne;Îles Caïmans;14;1;40;0;20;0;60;ÉLEVÉ;2026-05-14 11:56:32
TXN-001567;CLT-0062;57849,43;France;France;14;1;40;0;0;0;40;ÉLEVÉ;2026-05-14 11:56:32
TXN-001568;CLT-0083;913,67;Espagne;France;14;0;0;0;0;0;0;FAIBLE;2026-05-14 11:56:32
TXN-001569;CLT-0092;506,21;France;Suisse;14;0;0;0;0;0;0;FAIBLE;2026-05-14 11:56:32
TXN-001570;CLT-0072;3506,7;Russie;Allemagne;14;0;0;0;0;0;0;FAIBLE;2026-05-14 11:56:32
TXN-001571;CLT-0092;80831,52;Allemagne;Suisse;14;1;40;0;0;0;40;ÉLEVÉ;2026-05-14 11:56:32
TXN-001572;CLT-0077;4489,04;France;France;14;0;0;0;0;0;0;FAIBLE;2026-05-14 11:56:32
TXN-001573;CLT-0006;4004,56;Allemagne;France;14;0;0;0;0;0;0;FAIBLE;2026-05-14 11:56:32
TXN-001574;CLT-0097;448,23;France;Panama;14;0;0;0;20;0;20;MODÉRÉ;2026-05-14 11:56:32
TXN-001575;CLT-0070;2535,68;Îles Caïmans;Italie;14;0;0;25;0;0;25;MODÉRÉ;2026-05-14 11:56:32
TXN-001576;CLT-0039;3294,22;Espagne;France;14;0;0;0;0;0;0;FAIBLE;2026-05-14 11:56:32
TXN-001577;CLT-0063;2230,15;Panama;Îles Caïmans;14;0;0;25;20;0;45;ÉLEVÉ;2026-05-14 11:56:32
TXN-001578;CLT-0013;2557,85;Allemagne;France;14;0;0;0;0;0;0;FAIBLE;2026-05-14 11:56:32
TXN-001579;CLT-0018;20325,06;Allemagne;Panama;14;1;40;0;20;0;60;ÉLEVÉ;2026-05-14 11:56:32
TXN-001580;CLT-0055;1394,2;Espagne;Espagne;14;0;0;0;0;0;0;FAIBLE;2026-05-14 11:56:32
TXN-001581;CLT-0052;3252,35;France;France;14;0;0;0;0;0;0;FAIBLE;2026-05-14 11:56:32
TXN-001582;CLT-0019;3385,86;Allemagne;Espagne;14;0;0;0;0;0;0;FAIBLE;2026-05-14 11:56:32
TXN-001583;CLT-0090;71742,72;Panama;France;14;1;40;25;0;0;65;ÉLEVÉ;2026-05-14 11:56:32
TXN-001584;CLT-0078;3242,38;Îles Caïmans;Suisse;14;0;0;25;0;0;25;MODÉRÉ;2026-05-14 11:56:32
TXN-001585;CLT-0049;1588,64;Allemagne;France;14;0;0;0;0;0;0;FAIBLE;2026-05-14 11:56:32
TXN-001586;CLT-0088;18842,05;Îles Caïmans;Allemagne;14;1;40;25;0;0;65;ÉLEVÉ;2026-05-14 11:56:32
TXN-001587;CLT-0043;63695,44;France;Suisse;14;1;40;0;0;0;40;ÉLEVÉ;2026-05-14 11:56:32
TXN-001588;CLT-0013;1136,57;Allemagne;France;14;0;0;0;0;0;0;FAIBLE;2026-05-14 11:56:32
TXN-001589;CLT-0023;533,96;Espagne;Allemagne;14;0;0;0;0;0;0;FAIBLE;2026-05-14 11:56:32
TXN-001590;CLT-0068;4035,92;Espagne;Allemagne;14;0;0;0;0;0;0;FAIBLE;2026-05-14 11:56:32
TXN-001591;CLT-0022;3041,26;Îles Caïmans;Allemagne;14;0;0;25;0;0;25;MODÉRÉ;2026-05-14 11:56:32
TXN-001592;CLT-0069;4032,36;Îles Caïmans;Panama;14;0;0;25;20;0;45;ÉLEVÉ;2026-05-14 11:56:32
TXN-001593;CLT-0088;646,59;France;Allemagne;14;0;0;0;0;0;0;FAIBLE;2026-05-14 11:56:32
TXN-001594;CLT-0095;721,92;France;Îles Caïmans;14;0;0;0;20;0;20;MODÉRÉ;2026-05-14 11:56:32
TXN-001595;CLT-0091;3199,58;Îles Caïmans;Allemagne;14;0;0;25;0;0;25;MODÉRÉ;2026-05-14 11:56:32
TXN-001596;CLT-0060;923,69;Espagne;Italie;14;0;0;0;0;0;0;FAIBLE;2026-05-14 11:56:32
TXN-001597;CLT-0040;2144,55;Espagne;Suisse;14;0;0;0;0;0;0;FAIBLE;2026-05-14 11:56:32
TXN-001598;CLT-0082;1570,56;France;Panama;14;0;0;0;20;0;20;MODÉRÉ;2026-05-14 11:56:32
TXN-001599;CLT-0074;4724,89;France;Allemagne;14;0;0;0;0;0;0;FAIBLE;2026-05-14 11:56:32
TXN-001600;CLT-0002;2775,26;France;Espagne;14;0;0;0;0;0;0;FAIBLE;2026-05-14 11:56:32
TXN-001601;CLT-0069;2579,91;Îles Caïmans;Panama;14;0;0;25;20;0;45;ÉLEVÉ;2026-05-14 11:56:32
TXN-001602;CLT-0092;24546,01;Panama;Suisse;14;1;40;25;0;0;65;ÉLEVÉ;2026-05-14 11:56:32
TXN-001603;CLT-0088;3697,53;France;Allemagne;14;0;0;0;0;0;0;FAIBLE;2026-05-14 11:56:32
TXN-001604;CLT-0098;4823,59;Allemagne;Espagne;14;0;0;0;0;0;0;FAIBLE;2026-05-14 11:56:32
TXN-001605;CLT-0066;1841,58;France;Espagne;14;0;0;0;0;0;0;FAIBLE;2026-05-14 11:56:32
TXN-001606;CLT-0015;1901,68;Allemagne;France;14;0;0;0;0;0;0;FAIBLE;2026-05-14 11:56:32
TXN-001607;CLT-0038;4255,38;Russie;Îles Caïmans;14;0;0;0;20;0;20;MODÉRÉ;2026-05-14 11:56:32
TXN-001608;CLT-0073;1073,2;Allemagne;France;14;0;0;0;0;0;0;FAIBLE;2026-05-14 11:56:32
TXN-001609;CLT-0066;4646,25;Russie;Espagne;14;0;0;0;0;0;0;FAIBLE;2026-05-14 11:56:32
TXN-001610;CLT-0046;4243,28;Russie;France;14;0;0;0;0;0;0;FAIBLE;2026-05-14 11:56:32
TXN-001611;CLT-0045;1775,92;Îles Caïmans;France;14;0;0;25;0;0;25;MODÉRÉ;2026-05-14 11:56:32
TXN-001612;CLT-0026;515,68;France;Italie;14;0;0;0;0;0;0;FAIBLE;2026-05-14 11:56:32
TXN-001613;CLT-0020;4566,41;Allemagne;Italie;14;0;0;0;0;0;0;FAIBLE;2026-05-14 11:56:32
TXN-001614;CLT-0055;1877,8;Espagne;Espagne;14;0;0;0;0;0;0;FAIBLE;2026-05-14 11:56:32
TXN-001615;CLT-0021;46155,77;Panama;France;14;1;40;25;0;0;65;ÉLEVÉ;2026-05-14 11:56:32
TXN-001616;CLT-0026;38,99;Allemagne;Italie;14;0;0;0;0;0;0;FAIBLE;2026-05-14 11:56:32
TXN-001617;CLT-0096;677,06;France;Panama;14;0;0;0;20;0;20;MODÉRÉ;2026-05-14 11:56:32
TXN-001618;CLT-0086;1002,97;France;France;14;0;0;0;0;0;0;FAIBLE;2026-05-14 11:56:32
TXN-001619;CLT-0092;2755,12;Panama;Suisse;14;0;0;25;0;0;25;MODÉRÉ;2026-05-14 11:56:32
TXN-001620;CLT-0065;3903,88;France;Îles Caïmans;14;0;0;0;20;0;20;MODÉRÉ;2026-05-14 11:56:32
TXN-001621;CLT-0017;17385,52;Panama;Îles Caïmans;14;1;40;25;20;0;85;CRITIQUE;2026-05-14 11:56:32
TXN-001622;CLT-0007;3839,25;Îles Caïmans;Suisse;14;0;0;25;0;0;25;MODÉRÉ;2026-05-14 11:56:32
TXN-001623;CLT-0062;3689,78;Espagne;France;14;0;0;0;0;0;0;FAIBLE;2026-05-14 11:56:32
TXN-001624;CLT-0080;3806,89;France;France;14;0;0;0;0;0;0;FAIBLE;2026-05-14 11:56:32
TXN-001625;CLT-0090;3835,97;Îles Caïmans;France;14;0;0;25;0;0;25;MODÉRÉ;2026-05-14 11:56:32
TXN-001626;CLT-0090;3535,24;France;France;14;0;0;0;0;0;0;FAIBLE;2026-05-14 11:56:32
TXN-001627;CLT-0082;4275,81;Allemagne;Panama;14;0;0;0;20;0;20;MODÉRÉ;2026-05-14 11:56:32
TXN-001628;CLT-0025;42911,63;Îles Caïmans;Italie;14;1;40;25;0;0;65;ÉLEVÉ;2026-05-14 11:56:32
TXN-001629;CLT-0049;25368,98;Espagne;France;14;1;40;0;0;0;40;ÉLEVÉ;2026-05-14 11:56:32
TXN-001630;CLT-0044;4900,82;Russie;France;14;0;0;0;0;0;0;FAIBLE;2026-05-14 11:56:32
TXN-001631;CLT-0039;45155,34;Espagne;France;14;1;40;0;0;0;40;ÉLEVÉ;2026-05-14 11:56:32
TXN-001632;CLT-0054;4715,56;Panama;Suisse;14;0;0;25;0;0;25;MODÉRÉ;2026-05-14 11:56:32
TXN-001633;CLT-0007;916,94;Allemagne;Suisse;14;0;0;0;0;0;0;FAIBLE;2026-05-14 11:56:32
TXN-001634;CLT-0013;1408,0;France;France;14;0;0;0;0;0;0;FAIBLE;2026-05-14 11:56:32
TXN-001635;CLT-0039;2461,52;France;France;14;0;0;0;0;0;0;FAIBLE;2026-05-14 11:56:32
TXN-001636;CLT-0043;3417,98;Panama;Suisse;14;0;0;25;0;0;25;MODÉRÉ;2026-05-14 11:56:32
TXN-001637;CLT-0048;2948,67;Espagne;Suisse;14;0;0;0;0;0;0;FAIBLE;2026-05-14 11:56:32
TXN-001638;CLT-0017;1926,41;France;Îles Caïmans;14;0;0;0;20;0;20;MODÉRÉ;2026-05-14 11:56:32
TXN-001639;CLT-0025;92244,73;Russie;Italie;14;1;40;0;0;0;40;ÉLEVÉ;2026-05-14 11:56:32
TXN-001640;CLT-0080;383,65;Espagne;France;14;0;0;0;0;0;0;FAIBLE;2026-05-14 11:56:32
TXN-001641;CLT-0069;4948,33;France;Panama;14;0;0;0;20;0;20;MODÉRÉ;2026-05-14 11:56:32
TXN-001642;CLT-0033;44384,49;Panama;Italie;14;1;40;25;0;0;65;ÉLEVÉ;2026-05-14 11:56:32
TXN-001643;CLT-0056;2247,93;Russie;Allemagne;14;0;0;0;0;0;0;FAIBLE;2026-05-14 11:56:32
TXN-001644;CLT-0003;4657,35;Espagne;France;14;0;0;0;0;0;0;FAIBLE;2026-05-14 11:56:32
TXN-001645;CLT-0073;653,38;Allemagne;France;14;0;0;0;0;0;0;FAIBLE;2026-05-14 11:56:32
TXN-001646;CLT-0069;1993,49;France;Panama;14;0;0;0;20;0;20;MODÉRÉ;2026-05-14 11:56:32
TXN-001647;CLT-0072;3756,13;Îles Caïmans;Allemagne;14;0;0;25;0;0;25;MODÉRÉ;2026-05-14 11:56:32
TXN-001648;CLT-0021;1042,55;Allemagne;France;14;0;0;0;0;0;0;FAIBLE;2026-05-14 11:56:32
TXN-001649;CLT-0059;54,22;Espagne;Îles Caïmans;14;0;0;0;20;0;20;MODÉRÉ;2026-05-14 11:56:32
TXN-001650;CLT-0035;1109,48;France;Espagne;14;0;0;0;0;0;0;FAIBLE;2026-05-14 11:56:32
TXN-001651;CLT-0038;237,61;France;Îles Caïmans;14;0;0;0;20;0;20;MODÉRÉ;2026-05-14 11:56:32
TXN-001652;CLT-0035;1396,0;Allemagne;Espagne;14;0;0;0;0;0;0;FAIBLE;2026-05-14 11:56:32
TXN-001653;CLT-0001;1057,76;Panama;France;14;0;0;25;0;0;25;MODÉRÉ;2026-05-14 11:56:32
TXN-001654;CLT-0034;4732,67;Îles Caïmans;France;14;0;0;25;0;0;25;MODÉRÉ;2026-05-14 11:56:32
TXN-001655;CLT-0081;1481,53;Panama;Îles Caïmans;14;0;0;25;20;0;45;ÉLEVÉ;2026-05-14 11:56:32
TXN-001656;CLT-0033;4826,49;France;Italie;14;0;0;0;0;0;0;FAIBLE;2026-05-14 11:56:32
TXN-001657;CLT-0033;3443,7;Allemagne;Italie;14;0;0;0;0;0;0;FAIBLE;2026-05-14 11:56:32
TXN-001658;CLT-0027;1110,99;Îles Caïmans;Espagne;14;0;0;25;0;0;25;MODÉRÉ;2026-05-14 11:56:32
TXN-001659;CLT-0048;1166,3;Russie;Suisse;14;0;0;0;0;0;0;FAIBLE;2026-05-14 11:56:32
TXN-001660;CLT-0023;23791,68;Russie;Allemagne;14;1;40;0;0;0;40;ÉLEVÉ;2026-05-14 11:56:32
TXN-001661;CLT-0003;910,23;France;France;14;0;0;0;0;0;0;FAIBLE;2026-05-14 11:56:32
TXN-001662;CLT-0078;4089,32;France;Suisse;14;0;0;0;0;0;0;FAIBLE;2026-05-14 11:56:32
TXN-001663;CLT-0083;45096,37;France;France;14;1;40;0;0;0;40;ÉLEVÉ;2026-05-14 11:56:32
TXN-001664;CLT-0078;695,08;Îles Caïmans;Suisse;14;0;0;25;0;0;25;MODÉRÉ;2026-05-14 11:56:32
TXN-001665;CLT-0098;559,08;France;Espagne;14;0;0;0;0;0;0;FAIBLE;2026-05-14 11:56:32
TXN-001666;CLT-0081;427,14;France;Îles Caïmans;14;0;0;0;20;0;20;MODÉRÉ;2026-05-14 11:56:32
TXN-001667;CLT-0070;56,89;France;Italie;14;0;0;0;0;0;0;FAIBLE;2026-05-14 11:56:32
TXN-001668;CLT-0057;2407,32;Espagne;France;14;0;0;0;0;0;0;FAIBLE;2026-05-14 11:56:32
TXN-001669;CLT-0070;781,02;France;Italie;14;0;0;0;0;0;0;FAIBLE;2026-05-14 11:56:32
TXN-001670;CLT-0038;11873,75;Îles Caïmans;Îles Caïmans;14;1;40;25;20;0;85;CRITIQUE;2026-05-14 11:56:32
TXN-001671;CLT-0030;87358,53;Îles Caïmans;Allemagne;14;1;40;25;0;0;65;ÉLEVÉ;2026-05-14 11:56:32
TXN-001672;CLT-0088;65016,72;France;Allemagne;14;1;40;0;0;0;40;ÉLEVÉ;2026-05-14 11:56:32
TXN-001673;CLT-0014;4953,93;Panama;France;14;0;0;25;0;0;25;MODÉRÉ;2026-05-14 11:56:32
TXN-001674;CLT-0011;37034,06;France;France;14;1;40;0;0;0;40;ÉLEVÉ;2026-05-14 11:56:32
TXN-001675;CLT-0024;2657,1;France;Espagne;14;0;0;0;0;0;0;FAIBLE;2026-05-14 11:56:32
TXN-001676;CLT-0037;3438,93;France;Îles Caïmans;14;0;0;0;20;0;20;MODÉRÉ;2026-05-14 11:56:32
TXN-001677;CLT-0034;2501,26;France;France;14;0;0;0;0;0;0;FAIBLE;2026-05-14 11:56:32
TXN-001678;CLT-0019;4890,47;France;Espagne;14;0;0;0;0;0;0;FAIBLE;2026-05-14 11:56:32
TXN-001679;CLT-0009;3609,5;Îles Caïmans;Suisse;14;0;0;25;0;0;25;MODÉRÉ;2026-05-14 11:56:32
TXN-001680;CLT-0042;1399,6;France;Italie;14;0;0;0;0;0;0;FAIBLE;2026-05-14 11:56:32
TXN-001681;CLT-0055;1769,52;Îles Caïmans;Espagne;14;0;0;25;0;0;25;MODÉRÉ;2026-05-14 11:56:32
TXN-001682;CLT-0084;3186,65;Îles Caïmans;Italie;14;0;0;25;0;0;25;MODÉRÉ;2026-05-14 11:56:32
TXN-001683;CLT-0064;2490,54;Allemagne;France;14;0;0;0;0;0;0;FAIBLE;2026-05-14 11:56:32
TXN-001684;CLT-0068;2909,01;Allemagne;Allemagne;14;0;0;0;0;0;0;FAIBLE;2026-05-14 11:56:32
TXN-001685;CLT-0027;1183,61;Panama;Espagne;14;0;0;25;0;0;25;MODÉRÉ;2026-05-14 11:56:32
TXN-001686;CLT-0008;4788,5;Panama;Suisse;14;0;0;25;0;0;25;MODÉRÉ;2026-05-14 11:56:32
TXN-001687;CLT-0038;4335,19;France;Îles Caïmans;14;0;0;0;20;0;20;MODÉRÉ;2026-05-14 11:56:32
TXN-001688;CLT-0032;2761,99;Allemagne;Suisse;14;0;0;0;0;0;0;FAIBLE;2026-05-14 11:56:32
TXN-001689;CLT-0091;19988,71;Îles Caïmans;Allemagne;14;1;40;25;0;0;65;ÉLEVÉ;2026-05-14 11:56:32
TXN-001690;CLT-0048;3483,65;France;Suisse;14;0;0;0;0;0;0;FAIBLE;2026-05-14 11:56:32
TXN-001691;CLT-0021;378,11;France;France;14;0;0;0;0;0;0;FAIBLE;2026-05-14 11:56:32
TXN-001692;CLT-0002;404,18;Îles Caïmans;Espagne;14;0;0;25;0;0;25;MODÉRÉ;2026-05-14 11:56:32
TXN-001693;CLT-0096;23870,93;Espagne;Panama;14;1;40;0;20;0;60;ÉLEVÉ;2026-05-14 11:56:32
TXN-001694;CLT-0083;3615,56;Espagne;France;14;0;0;0;0;0;0;FAIBLE;2026-05-14 11:56:32
TXN-001695;CLT-0005;13220,07;France;Panama;14;1;40;0;20;0;60;ÉLEVÉ;2026-05-14 11:56:32
TXN-001696;CLT-0088;64,23;Espagne;Allemagne;14;0;0;0;0;0;0;FAIBLE;2026-05-14 11:56:32
TXN-001697;CLT-0030;2514,34;France;Allemagne;14;0;0;0;0;0;0;FAIBLE;2026-05-14 11:56:32
TXN-001698;CLT-0017;468,76;Îles Caïmans;Îles Caïmans;14;0;0;25;20;0;45;ÉLEVÉ;2026-05-14 11:56:32
TXN-001699;CLT-0096;1102,34;France;Panama;14;0;0;0;20;0;20;MODÉRÉ;2026-05-14 11:56:32
TXN-001700;CLT-0084;2347,5;Îles Caïmans;Italie;14;0;0;25;0;0;25;MODÉRÉ;2026-05-14 11:56:32
TXN-001701;CLT-0055;4018,66;Espagne;Espagne;14;0;0;0;0;0;0;FAIBLE;2026-05-14 11:56:32
TXN-001702;CLT-0100;14769,35;France;Suisse;14;1;40;0;0;0;40;ÉLEVÉ;2026-05-14 11:56:32
TXN-001703;CLT-0009;822,17;France;Suisse;14;0;0;0;0;0;0;FAIBLE;2026-05-14 11:56:32
TXN-001704;CLT-0026;1552,51;Allemagne;Italie;14;0;0;0;0;0;0;FAIBLE;2026-05-14 11:56:32
TXN-001705;CLT-0006;4883,55;Russie;France;14;0;0;0;0;0;0;FAIBLE;2026-05-14 11:56:32
TXN-001706;CLT-0002;35368,49;Espagne;Espagne;14;1;40;0;0;0;40;ÉLEVÉ;2026-05-14 11:56:32
TXN-001707;CLT-0097;2506,08;Panama;Panama;14;0;0;25;20;0;45;ÉLEVÉ;2026-05-14 11:56:32
TXN-001708;CLT-0043;3516,26;France;Suisse;14;0;0;0;0;0;0;FAIBLE;2026-05-14 11:56:32
TXN-001709;CLT-0076;3877,55;Russie;France;14;0;0;0;0;0;0;FAIBLE;2026-05-14 11:56:32
TXN-001710;CLT-0021;4261,62;Russie;France;14;0;0;0;0;0;0;FAIBLE;2026-05-14 11:56:32
TXN-001711;CLT-0028;62457,89;France;France;14;1;40;0;0;0;40;ÉLEVÉ;2026-05-14 11:56:32
TXN-001712;CLT-0084;2513,08;Panama;Italie;14;0;0;25;0;0;25;MODÉRÉ;2026-05-14 11:56:32
TXN-001713;CLT-0047;664,68;Îles Caïmans;Îles Caïmans;14;0;0;25;20;0;45;ÉLEVÉ;2026-05-14 11:56:32
TXN-001714;CLT-0050;70010,34;Allemagne;Espagne;14;1;40;0;0;0;40;ÉLEVÉ;2026-05-14 11:56:32
TXN-001715;CLT-0073;3038,32;France;France;14;0;0;0;0;0;0;FAIBLE;2026-05-14 11:56:32
TXN-001716;CLT-0071;721,69;Russie;Îles Caïmans;14;0;0;0;20;0;20;MODÉRÉ;2026-05-14 11:56:32
TXN-001717;CLT-0021;35293,53;Espagne;France;14;1;40;0;0;0;40;ÉLEVÉ;2026-05-14 11:56:32
TXN-001718;CLT-0023;1773,31;Espagne;Allemagne;14;0;0;0;0;0;0;FAIBLE;2026-05-14 11:56:32
TXN-001719;CLT-0084;4892,63;France;Italie;14;0;0;0;0;0;0;FAIBLE;2026-05-14 11:56:32
TXN-001720;CLT-0037;2446,41;Îles Caïmans;Îles Caïmans;14;0;0;25;20;0;45;ÉLEVÉ;2026-05-14 11:56:32
TXN-001721;CLT-0057;4586,53;Panama;France;14;0;0;25;0;0;25;MODÉRÉ;2026-05-14 11:56:32
TXN-001722;CLT-0058;3414,18;France;France;14;0;0;0;0;0;0;FAIBLE;2026-05-14 11:56:32
TXN-001723;CLT-0090;3222,9;France;France;14;0;0;0;0;0;0;FAIBLE;2026-05-14 11:56:32
TXN-001724;CLT-0021;535,44;Îles Caïmans;France;14;0;0;25;0;0;25;MODÉRÉ;2026-05-14 11:56:32
TXN-001725;CLT-0086;1123,03;Panama;France;14;0;0;25;0;0;25;MODÉRÉ;2026-05-14 11:56:32
TXN-001726;CLT-0014;3216,0;France;France;14;0;0;0;0;0;0;FAIBLE;2026-05-14 11:56:32
TXN-001727;CLT-0099;4588,13;Allemagne;Panama;14;0;0;0;20;0;20;MODÉRÉ;2026-05-14 11:56:32
TXN-001728;CLT-0078;331,71;Allemagne;Suisse;14;0;0;0;0;0;0;FAIBLE;2026-05-14 11:56:32
TXN-001729;CLT-0059;2386,34;France;Îles Caïmans;14;0;0;0;20;0;20;MODÉRÉ;2026-05-14 11:56:32
TXN-001730;CLT-0041;736,11;France;Panama;14;0;0;0;20;0;20;MODÉRÉ;2026-05-14 11:56:32
TXN-001731;CLT-0047;3873,29;Russie;Îles Caïmans;14;0;0;0;20;0;20;MODÉRÉ;2026-05-14 11:56:32
TXN-001732;CLT-0098;1065,35;Espagne;Espagne;14;0;0;0;0;0;0;FAIBLE;2026-05-14 11:56:32
TXN-001733;CLT-0009;888,77;Îles Caïmans;Suisse;14;0;0;25;0;0;25;MODÉRÉ;2026-05-14 11:56:32
TXN-001734;CLT-0054;84018,5;Allemagne;Suisse;14;1;40;0;0;0;40;ÉLEVÉ;2026-05-14 11:56:32
TXN-001735;CLT-0012;1304,64;Panama;Panama;14;0;0;25;20;0;45;ÉLEVÉ;2026-05-14 11:56:32
TXN-001736;CLT-0045;1491,56;Russie;France;14;0;0;0;0;0;0;FAIBLE;2026-05-14 11:56:32
TXN-001737;CLT-0090;3447,26;Panama;France;14;0;0;25;0;0;25;MODÉRÉ;2026-05-14 11:56:32
TXN-001738;CLT-0072;2855,88;Allemagne;Allemagne;14;0;0;0;0;0;0;FAIBLE;2026-05-14 11:56:32
TXN-001739;CLT-0019;66112,74;Panama;Espagne;14;1;40;25;0;0;65;ÉLEVÉ;2026-05-14 11:56:32
TXN-001740;CLT-0064;85995,6;France;France;14;1;40;0;0;0;40;ÉLEVÉ;2026-05-14 11:56:32
TXN-001741;CLT-0067;3372,99;Russie;Panama;14;0;0;0;20;0;20;MODÉRÉ;2026-05-14 11:56:32
TXN-001742;CLT-0058;4287,76;France;France;14;0;0;0;0;0;0;FAIBLE;2026-05-14 11:56:32
TXN-001743;CLT-0054;72876,56;France;Suisse;14;1;40;0;0;0;40;ÉLEVÉ;2026-05-14 11:56:32
TXN-001744;CLT-0025;1088,53;France;Italie;14;0;0;0;0;0;0;FAIBLE;2026-05-14 11:56:32
TXN-001745;CLT-0040;1825,33;France;Suisse;14;0;0;0;0;0;0;FAIBLE;2026-05-14 11:56:32
TXN-001746;CLT-0053;3248,07;Panama;Espagne;14;0;0;25;0;0;25;MODÉRÉ;2026-05-14 11:56:32
TXN-001747;CLT-0098;2716,91;France;Espagne;14;0;0;0;0;0;0;FAIBLE;2026-05-14 11:56:32
TXN-001748;CLT-0023;2299,53;France;Allemagne;14;0;0;0;0;0;0;FAIBLE;2026-05-14 11:56:32
TXN-001749;CLT-0089;1914,0;Espagne;Îles Caïmans;14;0;0;0;20;0;20;MODÉRÉ;2026-05-14 11:56:32
TXN-001750;CLT-0012;4690,13;France;Panama;14;0;0;0;20;0;20;MODÉRÉ;2026-05-14 11:56:32
TXN-001751;CLT-0014;3085,14;France;France;14;0;0;0;0;0;0;FAIBLE;2026-05-14 11:56:32
TXN-001752;CLT-0086;2521,77;Îles Caïmans;France;14;0;0;25;0;0;25;MODÉRÉ;2026-05-14 11:56:32
TXN-001753;CLT-0049;3886,63;Allemagne;France;14;0;0;0;0;0;0;FAIBLE;2026-05-14 11:56:32
TXN-001754;CLT-0060;4753,25;Îles Caïmans;Italie;14;0;0;25;0;0;25;MODÉRÉ;2026-05-14 11:56:32
TXN-001755;CLT-0065;40594,01;Espagne;Îles Caïmans;14;1;40;0;20;0;60;ÉLEVÉ;2026-05-14 11:56:32
TXN-001756;CLT-0087;1329,85;France;Italie;14;0;0;0;0;0;0;FAIBLE;2026-05-14 11:56:32
TXN-001757;CLT-0004;2078,64;Panama;Suisse;14;0;0;25;0;0;25;MODÉRÉ;2026-05-14 11:56:32
TXN-001758;CLT-0041;2599,63;France;Panama;14;0;0;0;20;0;20;MODÉRÉ;2026-05-14 11:56:32
TXN-001759;CLT-0072;4964,22;Allemagne;Allemagne;14;0;0;0;0;0;0;FAIBLE;2026-05-14 11:56:32
TXN-001760;CLT-0074;1972,66;France;Allemagne;14;0;0;0;0;0;0;FAIBLE;2026-05-14 11:56:32
TXN-001761;CLT-0052;1958,15;France;France;14;0;0;0;0;0;0;FAIBLE;2026-05-14 11:56:32
TXN-001762;CLT-0065;506,89;Îles Caïmans;Îles Caïmans;14;0;0;25;20;0;45;ÉLEVÉ;2026-05-14 11:56:32
TXN-001763;CLT-0071;3140,32;Panama;Îles Caïmans;14;0;0;25;20;0;45;ÉLEVÉ;2026-05-14 11:56:32
TXN-001764;CLT-0002;475,39;France;Espagne;14;0;0;0;0;0;0;FAIBLE;2026-05-14 11:56:32
TXN-001765;CLT-0074;69559,1;France;Allemagne;14;1;40;0;0;0;40;ÉLEVÉ;2026-05-14 11:56:32
TXN-001766;CLT-0082;661,43;France;Panama;14;0;0;0;20;0;20;MODÉRÉ;2026-05-14 11:56:32
TXN-001767;CLT-0025;4490,57;Allemagne;Italie;14;0;0;0;0;0;0;FAIBLE;2026-05-14 11:56:32
TXN-001768;CLT-0099;4037,42;France;Panama;14;0;0;0;20;0;20;MODÉRÉ;2026-05-14 11:56:32
TXN-001769;CLT-0003;4675,53;France;France;14;0;0;0;0;0;0;FAIBLE;2026-05-14 11:56:32
TXN-001770;CLT-0014;88666,32;Espagne;France;14;1;40;0;0;0;40;ÉLEVÉ;2026-05-14 11:56:32
TXN-001771;CLT-0064;911,33;Allemagne;France;14;0;0;0;0;0;0;FAIBLE;2026-05-14 11:56:32
TXN-001772;CLT-0053;2460,27;Russie;Espagne;14;0;0;0;0;0;0;FAIBLE;2026-05-14 11:56:32
TXN-001773;CLT-0054;390,8;Panama;Suisse;14;0;0;25;0;0;25;MODÉRÉ;2026-05-14 11:56:32
TXN-001774;CLT-0024;2259,88;France;Espagne;14;0;0;0;0;0;0;FAIBLE;2026-05-14 11:56:32
TXN-001775;CLT-0078;3301,74;France;Suisse;14;0;0;0;0;0;0;FAIBLE;2026-05-14 11:56:32
TXN-001776;CLT-0079;4968,76;France;Îles Caïmans;14;0;0;0;20;0;20;MODÉRÉ;2026-05-14 11:56:32
TXN-001777;CLT-0025;3711,07;France;Italie;14;0;0;0;0;0;0;FAIBLE;2026-05-14 11:56:32
TXN-001778;CLT-0028;2594,79;France;France;14;0;0;0;0;0;0;FAIBLE;2026-05-14 11:56:32
TXN-001779;CLT-0029;157,19;France;France;14;0;0;0;0;0;0;FAIBLE;2026-05-14 11:56:32
TXN-001780;CLT-0045;2413,06;Espagne;France;14;0;0;0;0;0;0;FAIBLE;2026-05-14 11:56:32
TXN-001781;CLT-0066;4046,97;Allemagne;Espagne;14;0;0;0;0;0;0;FAIBLE;2026-05-14 11:56:32
TXN-001782;CLT-0051;997,4;Espagne;France;14;0;0;0;0;0;0;FAIBLE;2026-05-14 11:56:32
TXN-001783;CLT-0056;1037,1;Îles Caïmans;Allemagne;14;0;0;25;0;0;25;MODÉRÉ;2026-05-14 11:56:32
TXN-001784;CLT-0080;1365,65;Îles Caïmans;France;14;0;0;25;0;0;25;MODÉRÉ;2026-05-14 11:56:32
TXN-001785;CLT-0081;2840,04;Russie;Îles Caïmans;14;0;0;0;20;0;20;MODÉRÉ;2026-05-14 11:56:32
TXN-001786;CLT-0033;178,46;Îles Caïmans;Italie;14;0;0;25;0;0;25;MODÉRÉ;2026-05-14 11:56:32
TXN-001787;CLT-0068;4135,17;Îles Caïmans;Allemagne;14;0;0;25;0;0;25;MODÉRÉ;2026-05-14 11:56:32
TXN-001788;CLT-0055;23651,67;Panama;Espagne;14;1;40;25;0;0;65;ÉLEVÉ;2026-05-14 11:56:32
TXN-001789;CLT-0048;1083,77;Panama;Suisse;14;0;0;25;0;0;25;MODÉRÉ;2026-05-14 11:56:32
TXN-001790;CLT-0092;35717,26;Allemagne;Suisse;14;1;40;0;0;0;40;ÉLEVÉ;2026-05-14 11:56:32
TXN-001791;CLT-0072;3978,24;Îles Caïmans;Allemagne;14;0;0;25;0;0;25;MODÉRÉ;2026-05-14 11:56:32
TXN-001792;CLT-0014;1068,75;Espagne;France;14;0;0;0;0;0;0;FAIBLE;2026-05-14 11:56:32
TXN-001793;CLT-0010;4731,89;Îles Caïmans;Îles Caïmans;14;0;0;25;20;0;45;ÉLEVÉ;2026-05-14 11:56:32
TXN-001794;CLT-0026;2181,68;France;Italie;14;0;0;0;0;0;0;FAIBLE;2026-05-14 11:56:32
TXN-001795;CLT-0054;2498,27;France;Suisse;14;0;0;0;0;0;0;FAIBLE;2026-05-14 11:56:32
TXN-001796;CLT-0050;3011,14;France;Espagne;14;0;0;0;0;0;0;FAIBLE;2026-05-14 11:56:32
TXN-001797;CLT-0001;3221,9;Espagne;France;14;0;0;0;0;0;0;FAIBLE;2026-05-14 11:56:32
TXN-001798;CLT-0069;92116,26;France;Panama;14;1;40;0;20;0;60;ÉLEVÉ;2026-05-14 11:56:32
TXN-001799;CLT-0013;91,2;Espagne;France;14;0;0;0;0;0;0;FAIBLE;2026-05-14 11:56:32
TXN-001800;CLT-0011;3770,92;Panama;France;14;0;0;25;0;0;25;MODÉRÉ;2026-05-14 11:56:32
TXN-001801;CLT-0090;244,89;Russie;France;14;0;0;0;0;0;0;FAIBLE;2026-05-14 11:56:32
TXN-001802;CLT-0048;4836,09;France;Suisse;14;0;0;0;0;0;0;FAIBLE;2026-05-14 11:56:32
TXN-001803;CLT-0018;12161,58;Panama;Panama;14;1;40;25;20;0;85;CRITIQUE;2026-05-14 11:56:32
TXN-001804;CLT-0022;3624,02;Allemagne;Allemagne;14;0;0;0;0;0;0;FAIBLE;2026-05-14 11:56:32
TXN-001805;CLT-0001;4063,29;Espagne;France;14;0;0;0;0;0;0;FAIBLE;2026-05-14 11:56:32
TXN-001806;CLT-0039;224,95;Espagne;France;14;0;0;0;0;0;0;FAIBLE;2026-05-14 11:56:32
TXN-001807;CLT-0035;3067,63;France;Espagne;14;0;0;0;0;0;0;FAIBLE;2026-05-14 11:56:32
TXN-001808;CLT-0019;608,31;Îles Caïmans;Espagne;14;0;0;25;0;0;25;MODÉRÉ;2026-05-14 11:56:32
TXN-001809;CLT-0068;3344,49;Russie;Allemagne;14;0;0;0;0;0;0;FAIBLE;2026-05-14 11:56:32
TXN-001810;CLT-0099;4881,98;Allemagne;Panama;14;0;0;0;20;0;20;MODÉRÉ;2026-05-14 11:56:32
TXN-001811;CLT-0011;74659,57;Allemagne;France;14;1;40;0;0;0;40;ÉLEVÉ;2026-05-14 11:56:32
TXN-001812;CLT-0089;3678,99;France;Îles Caïmans;14;0;0;0;20;0;20;MODÉRÉ;2026-05-14 11:56:32
TXN-001813;CLT-0086;310,73;Russie;France;14;0;0;0;0;0;0;FAIBLE;2026-05-14 11:56:32
TXN-001814;CLT-0044;947,71;Panama;France;14;0;0;25;0;0;25;MODÉRÉ;2026-05-14 11:56:32
TXN-001815;CLT-0084;1566,01;France;Italie;14;0;0;0;0;0;0;FAIBLE;2026-05-14 11:56:32
TXN-001816;CLT-0050;1101,74;Allemagne;Espagne;14;0;0;0;0;0;0;FAIBLE;2026-05-14 11:56:32
TXN-001817;CLT-0055;947,89;Espagne;Espagne;14;0;0;0;0;0;0;FAIBLE;2026-05-14 11:56:32
TXN-001818;CLT-0019;2890,44;France;Espagne;14;0;0;0;0;0;0;FAIBLE;2026-05-14 11:56:32
TXN-001819;CLT-0024;1210,41;France;Espagne;14;0;0;0;0;0;0;FAIBLE;2026-05-14 11:56:32
TXN-001820;CLT-0034;2659,12;France;France;14;0;0;0;0;0;0;FAIBLE;2026-05-14 11:56:32
TXN-001821;CLT-0065;1068,21;Panama;Îles Caïmans;14;0;0;25;20;0;45;ÉLEVÉ;2026-05-14 11:56:32
TXN-001822;CLT-0007;31715,23;Îles Caïmans;Suisse;14;1;40;25;0;0;65;ÉLEVÉ;2026-05-14 11:56:32
TXN-001823;CLT-0077;955,35;Russie;France;14;0;0;0;0;0;0;FAIBLE;2026-05-14 11:56:32
TXN-001824;CLT-0083;554,83;France;France;14;0;0;0;0;0;0;FAIBLE;2026-05-14 11:56:32
TXN-001825;CLT-0074;275,16;Allemagne;Allemagne;14;0;0;0;0;0;0;FAIBLE;2026-05-14 11:56:32
TXN-001826;CLT-0080;16789,78;Îles Caïmans;France;14;1;40;25;0;0;65;ÉLEVÉ;2026-05-14 11:56:32
TXN-001827;CLT-0035;1107,24;Allemagne;Espagne;14;0;0;0;0;0;0;FAIBLE;2026-05-14 11:56:32
TXN-001828;CLT-0037;1025,84;Espagne;Îles Caïmans;14;0;0;0;20;0;20;MODÉRÉ;2026-05-14 11:56:32
TXN-001829;CLT-0090;480,27;Russie;France;14;0;0;0;0;0;0;FAIBLE;2026-05-14 11:56:32
TXN-001830;CLT-0031;4264,29;Panama;Panama;14;0;0;25;20;0;45;ÉLEVÉ;2026-05-14 11:56:32
TXN-001831;CLT-0059;841,56;France;Îles Caïmans;14;0;0;0;20;0;20;MODÉRÉ;2026-05-14 11:56:32
TXN-001832;CLT-0023;2145,33;France;Allemagne;14;0;0;0;0;0;0;FAIBLE;2026-05-14 11:56:32
TXN-001833;CLT-0077;3803,7;Russie;France;14;0;0;0;0;0;0;FAIBLE;2026-05-14 11:56:32
TXN-001834;CLT-0061;2446,65;France;France;14;0;0;0;0;0;0;FAIBLE;2026-05-14 11:56:32
TXN-001835;CLT-0030;2840,66;France;Allemagne;14;0;0;0;0;0;0;FAIBLE;2026-05-14 11:56:32
TXN-001836;CLT-0039;3878,53;Russie;France;14;0;0;0;0;0;0;FAIBLE;2026-05-14 11:56:32
TXN-001837;CLT-0033;1760,4;Espagne;Italie;14;0;0;0;0;0;0;FAIBLE;2026-05-14 11:56:32
TXN-001838;CLT-0039;77,67;Russie;France;14;0;0;0;0;0;0;FAIBLE;2026-05-14 11:56:32
TXN-001839;CLT-0003;67663,22;Îles Caïmans;France;14;1;40;25;0;0;65;ÉLEVÉ;2026-05-14 11:56:32
TXN-001840;CLT-0046;3300,24;France;France;14;0;0;0;0;0;0;FAIBLE;2026-05-14 11:56:32
TXN-001841;CLT-0047;3707,65;France;Îles Caïmans;14;0;0;0;20;0;20;MODÉRÉ;2026-05-14 11:56:32
TXN-001842;CLT-0014;4774,52;Russie;France;14;0;0;0;0;0;0;FAIBLE;2026-05-14 11:56:32
TXN-001843;CLT-0034;4381,7;Panama;France;14;0;0;25;0;0;25;MODÉRÉ;2026-05-14 11:56:32
TXN-001844;CLT-0040;2092,3;France;Suisse;14;0;0;0;0;0;0;FAIBLE;2026-05-14 11:56:32
TXN-001845;CLT-0016;3512,16;Russie;Espagne;14;0;0;0;0;0;0;FAIBLE;2026-05-14 11:56:32
TXN-001846;CLT-0037;3964,7;France;Îles Caïmans;14;0;0;0;20;0;20;MODÉRÉ;2026-05-14 11:56:32
TXN-001847;CLT-0088;3430,78;Espagne;Allemagne;14;0;0;0;0;0;0;FAIBLE;2026-05-14 11:56:32
TXN-001848;CLT-0063;3324,96;France;Îles Caïmans;14;0;0;0;20;0;20;MODÉRÉ;2026-05-14 11:56:32
TXN-001849;CLT-0028;87,81;France;France;14;0;0;0;0;0;0;FAIBLE;2026-05-14 11:56:32
TXN-001850;CLT-0046;34606,47;France;France;14;1;40;0;0;0;40;ÉLEVÉ;2026-05-14 11:56:32
TXN-001851;CLT-0065;1757,59;France;Îles Caïmans;14;0;0;0;20;0;20;MODÉRÉ;2026-05-14 11:56:32
TXN-001852;CLT-0094;3568,85;Îles Caïmans;Allemagne;14;0;0;25;0;0;25;MODÉRÉ;2026-05-14 11:56:32
TXN-001853;CLT-0005;412,78;Panama;Panama;14;0;0;25;20;0;45;ÉLEVÉ;2026-05-14 11:56:32
TXN-001854;CLT-0055;3395,72;France;Espagne;14;0;0;0;0;0;0;FAIBLE;2026-05-14 11:56:32
TXN-001855;CLT-0040;4601,77;Îles Caïmans;Suisse;14;0;0;25;0;0;25;MODÉRÉ;2026-05-14 11:56:32
TXN-001856;CLT-0018;1619,17;Espagne;Panama;14;0;0;0;20;0;20;MODÉRÉ;2026-05-14 11:56:32
TXN-001857;CLT-0040;56222,69;Espagne;Suisse;14;1;40;0;0;0;40;ÉLEVÉ;2026-05-14 11:56:32
TXN-001858;CLT-0024;3145,31;Îles Caïmans;Espagne;14;0;0;25;0;0;25;MODÉRÉ;2026-05-14 11:56:32
TXN-001859;CLT-0041;53811,71;Panama;Panama;14;1;40;25;20;0;85;CRITIQUE;2026-05-14 11:56:32
TXN-001860;CLT-0053;2144,07;France;Espagne;14;0;0;0;0;0;0;FAIBLE;2026-05-14 11:56:32
TXN-001861;CLT-0012;141,85;Espagne;Panama;14;0;0;0;20;0;20;MODÉRÉ;2026-05-14 11:56:32
TXN-001862;CLT-0017;2905,81;Espagne;Îles Caïmans;14;0;0;0;20;0;20;MODÉRÉ;2026-05-14 11:56:32
TXN-001863;CLT-0052;81524,34;Russie;France;14;1;40;0;0;0;40;ÉLEVÉ;2026-05-14 11:56:32
TXN-001864;CLT-0007;4375,81;France;Suisse;14;0;0;0;0;0;0;FAIBLE;2026-05-14 11:56:32
TXN-001865;CLT-0043;4931,01;France;Suisse;14;0;0;0;0;0;0;FAIBLE;2026-05-14 11:56:32
TXN-001866;CLT-0043;2831,56;France;Suisse;14;0;0;0;0;0;0;FAIBLE;2026-05-14 11:56:32
TXN-001867;CLT-0090;3375,32;France;France;14;0;0;0;0;0;0;FAIBLE;2026-05-14 11:56:32
TXN-001868;CLT-0029;4836,72;Espagne;France;14;0;0;0;0;0;0;FAIBLE;2026-05-14 11:56:32
TXN-001869;CLT-0063;3598,52;Allemagne;Îles Caïmans;14;0;0;0;20;0;20;MODÉRÉ;2026-05-14 11:56:32
TXN-001870;CLT-0016;8003,11;France;Espagne;14;1;40;0;0;0;40;ÉLEVÉ;2026-05-14 11:56:32
TXN-001871;CLT-0065;527,0;Îles Caïmans;Îles Caïmans;14;0;0;25;20;0;45;ÉLEVÉ;2026-05-14 11:56:32
TXN-001872;CLT-0062;18597,59;Allemagne;France;14;1;40;0;0;0;40;ÉLEVÉ;2026-05-14 11:56:32
TXN-001873;CLT-0088;2738,13;France;Allemagne;14;0;0;0;0;0;0;FAIBLE;2026-05-14 11:56:32
TXN-001874;CLT-0019;3184,62;France;Espagne;14;0;0;0;0;0;0;FAIBLE;2026-05-14 11:56:32
TXN-001875;CLT-0061;3501,15;Espagne;France;14;0;0;0;0;0;0;FAIBLE;2026-05-14 11:56:32
TXN-001876;CLT-0064;509,1;Espagne;France;14;0;0;0;0;0;0;FAIBLE;2026-05-14 11:56:32
TXN-001877;CLT-0060;3491,29;Îles Caïmans;Italie;14;0;0;25;0;0;25;MODÉRÉ;2026-05-14 11:56:32
TXN-001878;CLT-0073;32657,73;France;France;14;1;40;0;0;0;40;ÉLEVÉ;2026-05-14 11:56:32
TXN-001879;CLT-0085;180,08;Russie;Îles Caïmans;14;0;0;0;20;0;20;MODÉRÉ;2026-05-14 11:56:32
TXN-001880;CLT-0060;86914,08;Espagne;Italie;14;1;40;0;0;0;40;ÉLEVÉ;2026-05-14 11:56:32
TXN-001881;CLT-0065;21773,36;Panama;Îles Caïmans;14;1;40;25;20;0;85;CRITIQUE;2026-05-14 11:56:32
TXN-001882;CLT-0009;2630,03;France;Suisse;14;0;0;0;0;0;0;FAIBLE;2026-05-14 11:56:32
TXN-001883;CLT-0059;3598,85;Espagne;Îles Caïmans;14;0;0;0;20;0;20;MODÉRÉ;2026-05-14 11:56:32
TXN-001884;CLT-0009;3295,64;Îles Caïmans;Suisse;14;0;0;25;0;0;25;MODÉRÉ;2026-05-14 11:56:32
TXN-001885;CLT-0074;3033,15;Espagne;Allemagne;14;0;0;0;0;0;0;FAIBLE;2026-05-14 11:56:32
TXN-001886;CLT-0045;36194,67;Îles Caïmans;France;14;1;40;25;0;0;65;ÉLEVÉ;2026-05-14 11:56:32
TXN-001887;CLT-0030;10568,4;France;Allemagne;14;1;40;0;0;0;40;ÉLEVÉ;2026-05-14 11:56:32
TXN-001888;CLT-0098;3399,82;Allemagne;Espagne;14;0;0;0;0;0;0;FAIBLE;2026-05-14 11:56:32
TXN-001889;CLT-0097;84625,72;France;Panama;14;1;40;0;20;0;60;ÉLEVÉ;2026-05-14 11:56:32
TXN-001890;CLT-0096;29792,09;Russie;Panama;14;1;40;0;20;0;60;ÉLEVÉ;2026-05-14 11:56:32
TXN-001891;CLT-0023;3036,6;France;Allemagne;14;0;0;0;0;0;0;FAIBLE;2026-05-14 11:56:32
TXN-001892;CLT-0074;1894,37;Allemagne;Allemagne;14;0;0;0;0;0;0;FAIBLE;2026-05-14 11:56:32
TXN-001893;CLT-0037;2460,6;Allemagne;Îles Caïmans;14;0;0;0;20;0;20;MODÉRÉ;2026-05-14 11:56:32
TXN-001894;CLT-0025;2175,97;France;Italie;14;0;0;0;0;0;0;FAIBLE;2026-05-14 11:56:32
TXN-001895;CLT-0005;3346,6;France;Panama;14;0;0;0;20;0;20;MODÉRÉ;2026-05-14 11:56:32
TXN-001896;CLT-0010;2046,06;France;Îles Caïmans;14;0;0;0;20;0;20;MODÉRÉ;2026-05-14 11:56:32
TXN-001897;CLT-0068;4789,14;Allemagne;Allemagne;14;0;0;0;0;0;0;FAIBLE;2026-05-14 11:56:32
TXN-001898;CLT-0065;2856,15;Panama;Îles Caïmans;14;0;0;25;20;0;45;ÉLEVÉ;2026-05-14 11:56:32
TXN-001899;CLT-0009;2797,9;Îles Caïmans;Suisse;14;0;0;25;0;0;25;MODÉRÉ;2026-05-14 11:56:32
TXN-001900;CLT-0011;4371,14;Espagne;France;14;0;0;0;0;0;0;FAIBLE;2026-05-14 11:56:32
TXN-001901;CLT-0077;51387,97;Panama;France;14;1;40;25;0;0;65;ÉLEVÉ;2026-05-14 11:56:32
TXN-001902;CLT-0033;79455,52;Panama;Italie;14;1;40;25;0;0;65;ÉLEVÉ;2026-05-14 11:56:32
TXN-001903;CLT-0010;83818,18;Allemagne;Îles Caïmans;14;1;40;0;20;0;60;ÉLEVÉ;2026-05-14 11:56:32
TXN-001904;CLT-0040;4659,73;France;Suisse;14;0;0;0;0;0;0;FAIBLE;2026-05-14 11:56:32
TXN-001905;CLT-0061;4460,12;France;France;14;0;0;0;0;0;0;FAIBLE;2026-05-14 11:56:32
TXN-001906;CLT-0043;44662,3;France;Suisse;14;1;40;0;0;0;40;ÉLEVÉ;2026-05-14 11:56:32
TXN-001907;CLT-0097;4085,64;Allemagne;Panama;14;0;0;0;20;0;20;MODÉRÉ;2026-05-14 11:56:32
TXN-001908;CLT-0079;4030,25;Panama;Îles Caïmans;14;0;0;25;20;0;45;ÉLEVÉ;2026-05-14 11:56:32
TXN-001909;CLT-0095;4750,04;France;Îles Caïmans;14;0;0;0;20;0;20;MODÉRÉ;2026-05-14 11:56:32
TXN-001910;CLT-0035;2399,07;France;Espagne;14;0;0;0;0;0;0;FAIBLE;2026-05-14 11:56:32
TXN-001911;CLT-0045;52161,57;Russie;France;14;1;40;0;0;0;40;ÉLEVÉ;2026-05-14 11:56:32
TXN-001912;CLT-0003;4250,67;France;France;14;0;0;0;0;0;0;FAIBLE;2026-05-14 11:56:32
TXN-001913;CLT-0078;4058,7;France;Suisse;14;0;0;0;0;0;0;FAIBLE;2026-05-14 11:56:32
TXN-001914;CLT-0090;270,18;Îles Caïmans;France;14;0;0;25;0;0;25;MODÉRÉ;2026-05-14 11:56:32
TXN-001915;CLT-0057;2752,23;Panama;France;14;0;0;25;0;0;25;MODÉRÉ;2026-05-14 11:56:32
TXN-001916;CLT-0031;1722,2;France;Panama;14;0;0;0;20;0;20;MODÉRÉ;2026-05-14 11:56:32
TXN-001917;CLT-0073;1143,36;France;France;14;0;0;0;0;0;0;FAIBLE;2026-05-14 11:56:32
TXN-001918;CLT-0010;1257,11;France;Îles Caïmans;14;0;0;0;20;0;20;MODÉRÉ;2026-05-14 11:56:32
TXN-001919;CLT-0045;1420,15;Allemagne;France;14;0;0;0;0;0;0;FAIBLE;2026-05-14 11:56:32
TXN-001920;CLT-0062;657,28;France;France;14;0;0;0;0;0;0;FAIBLE;2026-05-14 11:56:32
TXN-001921;CLT-0064;89638,2;Allemagne;France;14;1;40;0;0;0;40;ÉLEVÉ;2026-05-14 11:56:32
TXN-001922;CLT-0100;1520,57;Espagne;Suisse;14;0;0;0;0;0;0;FAIBLE;2026-05-14 11:56:32
TXN-001923;CLT-0041;1228,59;France;Panama;14;0;0;0;20;0;20;MODÉRÉ;2026-05-14 11:56:32
TXN-001924;CLT-0080;86337,01;Espagne;France;14;1;40;0;0;0;40;ÉLEVÉ;2026-05-14 11:56:32
TXN-001925;CLT-0030;87348,28;Allemagne;Allemagne;14;1;40;0;0;0;40;ÉLEVÉ;2026-05-14 11:56:32
TXN-001926;CLT-0005;71067,24;Russie;Panama;14;1;40;0;20;0;60;ÉLEVÉ;2026-05-14 11:56:32
TXN-001927;CLT-0003;2274,28;France;France;14;0;0;0;0;0;0;FAIBLE;2026-05-14 11:56:32
TXN-001928;CLT-0011;2945,32;Espagne;France;14;0;0;0;0;0;0;FAIBLE;2026-05-14 11:56:32
TXN-001929;CLT-0049;1925,84;Russie;France;14;0;0;0;0;0;0;FAIBLE;2026-05-14 11:56:32
TXN-001930;CLT-0085;25898,52;France;Îles Caïmans;14;1;40;0;20;0;60;ÉLEVÉ;2026-05-14 11:56:32
TXN-001931;CLT-0004;166,22;Panama;Suisse;14;0;0;25;0;0;25;MODÉRÉ;2026-05-14 11:56:32
TXN-001932;CLT-0028;4538,17;Panama;France;14;0;0;25;0;0;25;MODÉRÉ;2026-05-14 11:56:32
TXN-001933;CLT-0094;3111,44;France;Allemagne;14;0;0;0;0;0;0;FAIBLE;2026-05-14 11:56:32
TXN-001934;CLT-0037;4762,84;Russie;Îles Caïmans;14;0;0;0;20;0;20;MODÉRÉ;2026-05-14 11:56:32
TXN-001935;CLT-0034;3598,91;Îles Caïmans;France;14;0;0;25;0;0;25;MODÉRÉ;2026-05-14 11:56:32
TXN-001936;CLT-0017;4963,14;Espagne;Îles Caïmans;14;0;0;0;20;0;20;MODÉRÉ;2026-05-14 11:56:32
TXN-001937;CLT-0032;4755,33;Espagne;Suisse;14;0;0;0;0;0;0;FAIBLE;2026-05-14 11:56:32
TXN-001938;CLT-0036;1979,06;Espagne;Italie;14;0;0;0;0;0;0;FAIBLE;2026-05-14 11:56:32
TXN-001939;CLT-0002;3914,31;Espagne;Espagne;14;0;0;0;0;0;0;FAIBLE;2026-05-14 11:56:32
TXN-001940;CLT-0023;1611,74;Russie;Allemagne;14;0;0;0;0;0;0;FAIBLE;2026-05-14 11:56:32
TXN-001941;CLT-0046;8771,75;Allemagne;France;14;1;40;0;0;0;40;ÉLEVÉ;2026-05-14 11:56:32
TXN-001942;CLT-0036;2902,06;Panama;Italie;14;0;0;25;0;0;25;MODÉRÉ;2026-05-14 11:56:32
TXN-001943;CLT-0099;2207,79;Espagne;Panama;14;0;0;0;20;0;20;MODÉRÉ;2026-05-14 11:56:32
TXN-001944;CLT-0023;644,84;France;Allemagne;14;0;0;0;0;0;0;FAIBLE;2026-05-14 11:56:32
TXN-001945;CLT-0088;3276,46;Russie;Allemagne;14;0;0;0;0;0;0;FAIBLE;2026-05-14 11:56:32
TXN-001946;CLT-0008;219,36;Espagne;Suisse;14;0;0;0;0;0;0;FAIBLE;2026-05-14 11:56:32
TXN-001947;CLT-0070;81508,99;Allemagne;Italie;14;1;40;0;0;0;40;ÉLEVÉ;2026-05-14 11:56:32
TXN-001948;CLT-0015;396,62;France;France;14;0;0;0;0;0;0;FAIBLE;2026-05-14 11:56:32
TXN-001949;CLT-0088;1635,69;France;Allemagne;14;0;0;0;0;0;0;FAIBLE;2026-05-14 11:56:32
TXN-001950;CLT-0004;4380,51;Panama;Suisse;14;0;0;25;0;0;25;MODÉRÉ;2026-05-14 11:56:32
TXN-001951;CLT-0048;2046,61;Espagne;Suisse;14;0;0;0;0;0;0;FAIBLE;2026-05-14 11:56:32
TXN-001952;CLT-0038;809,96;France;Îles Caïmans;14;0;0;0;20;0;20;MODÉRÉ;2026-05-14 11:56:32
TXN-001953;CLT-0066;26398,73;Panama;Espagne;14;1;40;25;0;0;65;ÉLEVÉ;2026-05-14 11:56:32
TXN-001954;CLT-0005;1900,41;Îles Caïmans;Panama;14;0;0;25;20;0;45;ÉLEVÉ;2026-05-14 11:56:32
TXN-001955;CLT-0029;3249,57;Îles Caïmans;France;14;0;0;25;0;0;25;MODÉRÉ;2026-05-14 11:56:32
TXN-001956;CLT-0007;615,0;Russie;Suisse;14;0;0;0;0;0;0;FAIBLE;2026-05-14 11:56:32
TXN-001957;CLT-0035;2606,48;Espagne;Espagne;14;0;0;0;0;0;0;FAIBLE;2026-05-14 11:56:32
TXN-001958;CLT-0030;1650,14;Panama;Allemagne;14;0;0;25;0;0;25;MODÉRÉ;2026-05-14 11:56:32
TXN-001959;CLT-0057;585,93;Panama;France;14;0;0;25;0;0;25;MODÉRÉ;2026-05-14 11:56:32
TXN-001960;CLT-0047;56759,77;Allemagne;Îles Caïmans;14;1;40;0;20;0;60;ÉLEVÉ;2026-05-14 11:56:32
TXN-001961;CLT-0017;2100,06;Allemagne;Îles Caïmans;14;0;0;0;20;0;20;MODÉRÉ;2026-05-14 11:56:32
TXN-001962;CLT-0086;2044,01;Espagne;France;14;0;0;0;0;0;0;FAIBLE;2026-05-14 11:56:32
TXN-001963;CLT-0011;1714,44;Îles Caïmans;France;14;0;0;25;0;0;25;MODÉRÉ;2026-05-14 11:56:32
TXN-001964;CLT-0081;750,51;France;Îles Caïmans;14;0;0;0;20;0;20;MODÉRÉ;2026-05-14 11:56:32
TXN-001965;CLT-0054;87,41;Russie;Suisse;14;0;0;0;0;0;0;FAIBLE;2026-05-14 11:56:32
TXN-001966;CLT-0056;640,73;France;Allemagne;14;0;0;0;0;0;0;FAIBLE;2026-05-14 11:56:32
TXN-001967;CLT-0050;670,56;Panama;Espagne;14;0;0;25;0;0;25;MODÉRÉ;2026-05-14 11:56:32
TXN-001968;CLT-0092;68632,8;France;Suisse;14;1;40;0;0;0;40;ÉLEVÉ;2026-05-14 11:56:32
TXN-001969;CLT-0076;4125,33;France;France;14;0;0;0;0;0;0;FAIBLE;2026-05-14 11:56:32
TXN-001970;CLT-0058;235,74;Russie;France;14;0;0;0;0;0;0;FAIBLE;2026-05-14 11:56:32
TXN-001971;CLT-0090;2184,09;France;France;14;0;0;0;0;0;0;FAIBLE;2026-05-14 11:56:32
TXN-001972;CLT-0011;2951,9;France;France;14;0;0;0;0;0;0;FAIBLE;2026-05-14 11:56:32
TXN-001973;CLT-0059;1855,67;Panama;Îles Caïmans;14;0;0;25;20;0;45;ÉLEVÉ;2026-05-14 11:56:32
TXN-001974;CLT-0036;2548,25;Allemagne;Italie;14;0;0;0;0;0;0;FAIBLE;2026-05-14 11:56:32
TXN-001975;CLT-0067;1712,17;Îles Caïmans;Panama;14;0;0;25;20;0;45;ÉLEVÉ;2026-05-14 11:56:32
TXN-001976;CLT-0019;1926,5;Allemagne;Espagne;14;0;0;0;0;0;0;FAIBLE;2026-05-14 11:56:32
TXN-001977;CLT-0041;1398,5;Panama;Panama;14;0;0;25;20;0;45;ÉLEVÉ;2026-05-14 11:56:32
TXN-001978;CLT-0063;601,57;Allemagne;Îles Caïmans;14;0;0;0;20;0;20;MODÉRÉ;2026-05-14 11:56:32
TXN-001979;CLT-0078;1449,51;Allemagne;Suisse;14;0;0;0;0;0;0;FAIBLE;2026-05-14 11:56:32
TXN-001980;CLT-0071;713,61;France;Îles Caïmans;14;0;0;0;20;0;20;MODÉRÉ;2026-05-14 11:56:32
TXN-001981;CLT-0069;86521,09;France;Panama;14;1;40;0;20;0;60;ÉLEVÉ;2026-05-14 11:56:32
TXN-001982;CLT-0027;4113,77;Îles Caïmans;Espagne;14;0;0;25;0;0;25;MODÉRÉ;2026-05-14 11:56:32
TXN-001983;CLT-0038;2609,26;France;Îles Caïmans;14;0;0;0;20;0;20;MODÉRÉ;2026-05-14 11:56:32
TXN-001984;CLT-0012;2167,01;Espagne;Panama;14;0;0;0;20;0;20;MODÉRÉ;2026-05-14 11:56:32
TXN-001985;CLT-0011;591,15;France;France;14;0;0;0;0;0;0;FAIBLE;2026-05-14 11:56:32
TXN-001986;CLT-0059;2540,23;France;Îles Caïmans;14;0;0;0;20;0;20;MODÉRÉ;2026-05-14 11:56:32
TXN-001987;CLT-0056;1580,9;Panama;Allemagne;14;0;0;25;0;0;25;MODÉRÉ;2026-05-14 11:56:32
TXN-001988;CLT-0005;2795,27;Allemagne;Panama;14;0;0;0;20;0;20;MODÉRÉ;2026-05-14 11:56:32
TXN-001989;CLT-0087;40730,19;Espagne;Italie;14;1;40;0;0;0;40;ÉLEVÉ;2026-05-14 11:56:32
TXN-001990;CLT-0094;2427,69;Espagne;Allemagne;14;0;0;0;0;0;0;FAIBLE;2026-05-14 11:56:32
TXN-001991;CLT-0067;63225,23;France;Panama;14;1;40;0;20;0;60;ÉLEVÉ;2026-05-14 11:56:32
TXN-001992;CLT-0027;2458,55;France;Espagne;14;0;0;0;0;0;0;FAIBLE;2026-05-14 11:56:32
TXN-001993;CLT-0081;1322,74;Allemagne;Îles Caïmans;14;0;0;0;20;0;20;MODÉRÉ;2026-05-14 11:56:32
TXN-001994;CLT-0024;2426,32;Allemagne;Espagne;14;0;0;0;0;0;0;FAIBLE;2026-05-14 11:56:32
TXN-001995;CLT-0081;3343,2;Panama;Îles Caïmans;14;0;0;25;20;0;45;ÉLEVÉ;2026-05-14 11:56:32
TXN-001996;CLT-0015;1484,13;Îles Caïmans;France;14;0;0;25;0;0;25;MODÉRÉ;2026-05-14 11:56:32
TXN-001997;CLT-0055;1633,73;France;Espagne;14;0;0;0;0;0;0;FAIBLE;2026-05-14 11:56:32
TXN-001998;CLT-0045;1601,34;France;France;14;0;0;0;0;0;0;FAIBLE;2026-05-14 11:56:32
TXN-001999;CLT-0077;2423,86;Allemagne;France;14;0;0;0;0;0;0;FAIBLE;2026-05-14 11:56:32
TXN-002000;CLT-0053;31309,38;Panama;Espagne;14;1;40;25;0;0;65;ÉLEVÉ;2026-05-14 11:56:32
TXN-002001;CLT-0057;1594,92;Îles Caïmans;France;14;0;0;25;0;0;25;MODÉRÉ;2026-05-14 11:56:32
TXN-002002;CLT-0094;282,62;Panama;Allemagne;14;0;0;25;0;0;25;MODÉRÉ;2026-05-14 11:56:32
TXN-002003;CLT-0053;237,69;France;Espagne;14;0;0;0;0;0;0;FAIBLE;2026-05-14 11:56:32
TXN-002004;CLT-0079;3899,96;Panama;Îles Caïmans;14;0;0;25;20;0;45;ÉLEVÉ;2026-05-14 11:56:32
TXN-002005;CLT-0049;54959,76;Panama;France;14;1;40;25;0;0;65;ÉLEVÉ;2026-05-14 11:56:32
TXN-002006;CLT-0009;3836,54;Allemagne;Suisse;14;0;0;0;0;0;0;FAIBLE;2026-05-14 11:56:32
TXN-002007;CLT-0069;1000,21;Allemagne;Panama;14;0;0;0;20;0;20;MODÉRÉ;2026-05-14 11:56:32
TXN-002008;CLT-0043;815,41;Allemagne;Suisse;14;0;0;0;0;0;0;FAIBLE;2026-05-14 11:56:32
TXN-002009;CLT-0005;1251,03;France;Panama;14;0;0;0;20;0;20;MODÉRÉ;2026-05-14 11:56:32
TXN-002010;CLT-0021;3958,8;Espagne;France;14;0;0;0;0;0;0;FAIBLE;2026-05-14 11:56:32
TXN-002011;CLT-0032;62945,33;Espagne;Suisse;14;1;40;0;0;0;40;ÉLEVÉ;2026-05-14 11:56:32
TXN-002012;CLT-0084;4066,85;France;Italie;14;0;0;0;0;0;0;FAIBLE;2026-05-14 11:56:32
TXN-002013;CLT-0010;4384,34;Îles Caïmans;Îles Caïmans;14;0;0;25;20;0;45;ÉLEVÉ;2026-05-14 11:56:32
TXN-002014;CLT-0078;72610,72;France;Suisse;14;1;40;0;0;0;40;ÉLEVÉ;2026-05-14 11:56:32
TXN-002015;CLT-0078;3965,17;Panama;Suisse;14;0;0;25;0;0;25;MODÉRÉ;2026-05-14 11:56:32
TXN-002016;CLT-0036;3719,98;Allemagne;Italie;14;0;0;0;0;0;0;FAIBLE;2026-05-14 11:56:32
TXN-002017;CLT-0061;92325,83;Espagne;France;14;1;40;0;0;0;40;ÉLEVÉ;2026-05-14 11:56:32
TXN-002018;CLT-0072;1119,04;Russie;Allemagne;14;0;0;0;0;0;0;FAIBLE;2026-05-14 11:56:32
TXN-002019;CLT-0032;3517,37;France;Suisse;14;0;0;0;0;0;0;FAIBLE;2026-05-14 11:56:32
TXN-002020;CLT-0098;3640,51;France;Espagne;14;0;0;0;0;0;0;FAIBLE;2026-05-14 11:56:32
TXN-002021;CLT-0051;2893,62;Russie;France;14;0;0;0;0;0;0;FAIBLE;2026-05-14 11:56:32
TXN-002022;CLT-0040;2820,13;France;Suisse;14;0;0;0;0;0;0;FAIBLE;2026-05-14 11:56:32
TXN-002023;CLT-0072;4879,33;Allemagne;Allemagne;14;0;0;0;0;0;0;FAIBLE;2026-05-14 11:56:32
TXN-002024;CLT-0011;2454,16;Îles Caïmans;France;14;0;0;25;0;0;25;MODÉRÉ;2026-05-14 11:56:32
TXN-002025;CLT-0098;2372,84;France;Espagne;14;0;0;0;0;0;0;FAIBLE;2026-05-14 11:56:32
TXN-002026;CLT-0095;1267,6;France;Îles Caïmans;14;0;0;0;20;0;20;MODÉRÉ;2026-05-14 11:56:32
TXN-002027;CLT-0053;67942,79;Espagne;Espagne;14;1;40;0;0;0;40;ÉLEVÉ;2026-05-14 11:56:32
TXN-002028;CLT-0070;3777,64;Panama;Italie;14;0;0;25;0;0;25;MODÉRÉ;2026-05-14 11:56:32
TXN-002029;CLT-0091;1186,34;France;Allemagne;14;0;0;0;0;0;0;FAIBLE;2026-05-14 11:56:32
TXN-002030;CLT-0049;2134,25;France;France;14;0;0;0;0;0;0;FAIBLE;2026-05-14 11:56:32
TXN-002031;CLT-0026;3743,26;France;Italie;14;0;0;0;0;0;0;FAIBLE;2026-05-14 11:56:32
TXN-002032;CLT-0081;44903,85;Russie;Îles Caïmans;14;1;40;0;20;0;60;ÉLEVÉ;2026-05-14 11:56:32
TXN-002033;CLT-0052;84056,71;Espagne;France;14;1;40;0;0;0;40;ÉLEVÉ;2026-05-14 11:56:32
TXN-002034;CLT-0035;94629,76;Panama;Espagne;14;1;40;25;0;0;65;ÉLEVÉ;2026-05-14 11:56:32
TXN-002035;CLT-0022;1864,44;Espagne;Allemagne;14;0;0;0;0;0;0;FAIBLE;2026-05-14 11:56:32
TXN-002036;CLT-0092;1030,26;Espagne;Suisse;14;0;0;0;0;0;0;FAIBLE;2026-05-14 11:56:32
TXN-002037;CLT-0096;1060,98;France;Panama;14;0;0;0;20;0;20;MODÉRÉ;2026-05-14 11:56:32
TXN-002038;CLT-0041;4148,75;France;Panama;14;0;0;0;20;0;20;MODÉRÉ;2026-05-14 11:56:32
TXN-002039;CLT-0040;344,57;Allemagne;Suisse;14;0;0;0;0;0;0;FAIBLE;2026-05-14 11:56:32
TXN-002040;CLT-0013;2693,28;Russie;France;14;0;0;0;0;0;0;FAIBLE;2026-05-14 11:56:32
TXN-002041;CLT-0072;343,19;Panama;Allemagne;14;0;0;25;0;0;25;MODÉRÉ;2026-05-14 11:56:32
TXN-002042;CLT-0037;4640,12;Espagne;Îles Caïmans;14;0;0;0;20;0;20;MODÉRÉ;2026-05-14 11:56:32
TXN-002043;CLT-0072;3837,27;Allemagne;Allemagne;14;0;0;0;0;0;0;FAIBLE;2026-05-14 11:56:32
TXN-002044;CLT-0036;21260,7;Espagne;Italie;14;1;40;0;0;0;40;ÉLEVÉ;2026-05-14 11:56:32
TXN-002045;CLT-0076;642,25;Panama;France;14;0;0;25;0;0;25;MODÉRÉ;2026-05-14 11:56:32
TXN-002046;CLT-0036;4268,47;Russie;Italie;14;0;0;0;0;0;0;FAIBLE;2026-05-14 11:56:32
TXN-002047;CLT-0028;23,33;France;France;14;0;0;0;0;0;0;FAIBLE;2026-05-14 11:56:32
TXN-002048;CLT-0042;49365,37;France;Italie;14;1;40;0;0;0;40;ÉLEVÉ;2026-05-14 11:56:32
TXN-002049;CLT-0086;78229,39;Panama;France;14;1;40;25;0;0;65;ÉLEVÉ;2026-05-14 11:56:32
TXN-002050;CLT-0072;3802,44;Îles Caïmans;Allemagne;14;0;0;25;0;0;25;MODÉRÉ;2026-05-14 11:56:32
TXN-002051;CLT-0040;3534,16;Panama;Suisse;14;0;0;25;0;0;25;MODÉRÉ;2026-05-14 11:56:32
TXN-002052;CLT-0022;4417,6;France;Allemagne;14;0;0;0;0;0;0;FAIBLE;2026-05-14 11:56:32
TXN-002053;CLT-0089;2806,82;France;Îles Caïmans;14;0;0;0;20;0;20;MODÉRÉ;2026-05-14 11:56:32
TXN-002054;CLT-0023;2182,71;Panama;Allemagne;14;0;0;25;0;0;25;MODÉRÉ;2026-05-14 11:56:32
TXN-002055;CLT-0094;3856,02;Allemagne;Allemagne;14;0;0;0;0;0;0;FAIBLE;2026-05-14 11:56:32
TXN-002056;CLT-0049;4382,71;France;France;14;0;0;0;0;0;0;FAIBLE;2026-05-14 11:56:32
TXN-002057;CLT-0057;4977,24;Allemagne;France;14;0;0;0;0;0;0;FAIBLE;2026-05-14 11:56:32
TXN-002058;CLT-0048;35003,99;France;Suisse;14;1;40;0;0;0;40;ÉLEVÉ;2026-05-14 11:56:32
TXN-002059;CLT-0083;177,31;Îles Caïmans;France;14;0;0;25;0;0;25;MODÉRÉ;2026-05-14 11:56:32
TXN-002060;CLT-0036;68508,42;France;Italie;14;1;40;0;0;0;40;ÉLEVÉ;2026-05-14 11:56:32
TXN-002061;CLT-0081;4638,6;Russie;Îles Caïmans;14;0;0;0;20;0;20;MODÉRÉ;2026-05-14 11:56:32
TXN-002062;CLT-0097;3752,18;France;Panama;14;0;0;0;20;0;20;MODÉRÉ;2026-05-14 11:56:32
TXN-002063;CLT-0020;10508,82;France;Italie;14;1;40;0;0;0;40;ÉLEVÉ;2026-05-14 11:56:32
TXN-002064;CLT-0008;80563,61;France;Suisse;14;1;40;0;0;0;40;ÉLEVÉ;2026-05-14 11:56:32
TXN-002065;CLT-0025;4290,87;France;Italie;14;0;0;0;0;0;0;FAIBLE;2026-05-14 11:56:32
TXN-002066;CLT-0091;3363,23;Panama;Allemagne;14;0;0;25;0;0;25;MODÉRÉ;2026-05-14 11:56:32
TXN-002067;CLT-0054;4703,32;France;Suisse;14;0;0;0;0;0;0;FAIBLE;2026-05-14 11:56:32
TXN-002068;CLT-0094;3808,85;France;Allemagne;14;0;0;0;0;0;0;FAIBLE;2026-05-14 11:56:32
TXN-002069;CLT-0026;232,1;Îles Caïmans;Italie;14;0;0;25;0;0;25;MODÉRÉ;2026-05-14 11:56:32
TXN-002070;CLT-0040;3736,67;Panama;Suisse;14;0;0;25;0;0;25;MODÉRÉ;2026-05-14 11:56:32
TXN-002071;CLT-0012;48563,95;Russie;Panama;14;1;40;0;20;0;60;ÉLEVÉ;2026-05-14 11:56:32
TXN-002072;CLT-0094;87866,97;France;Allemagne;14;1;40;0;0;0;40;ÉLEVÉ;2026-05-14 11:56:32
TXN-002073;CLT-0099;3136,86;France;Panama;14;0;0;0;20;0;20;MODÉRÉ;2026-05-14 11:56:32
TXN-002074;CLT-0093;1878,9;Espagne;Suisse;14;0;0;0;0;0;0;FAIBLE;2026-05-14 11:56:32
TXN-002075;CLT-0096;3215,16;Espagne;Panama;14;0;0;0;20;0;20;MODÉRÉ;2026-05-14 11:56:32
TXN-002076;CLT-0036;69414,51;Panama;Italie;14;1;40;25;0;0;65;ÉLEVÉ;2026-05-14 11:56:32
TXN-002077;CLT-0026;4178,02;Espagne;Italie;14;0;0;0;0;0;0;FAIBLE;2026-05-14 11:56:32
TXN-002078;CLT-0063;2203,6;Panama;Îles Caïmans;14;0;0;25;20;0;45;ÉLEVÉ;2026-05-14 11:56:32
TXN-002079;CLT-0081;3212,71;France;Îles Caïmans;14;0;0;0;20;0;20;MODÉRÉ;2026-05-14 11:56:32
TXN-002080;CLT-0069;2930,26;Allemagne;Panama;14;0;0;0;20;0;20;MODÉRÉ;2026-05-14 11:56:32
TXN-002081;CLT-0088;2174,93;Allemagne;Allemagne;14;0;0;0;0;0;0;FAIBLE;2026-05-14 11:56:32
TXN-002082;CLT-0096;4842,77;France;Panama;14;0;0;0;20;0;20;MODÉRÉ;2026-05-14 11:56:32
TXN-002083;CLT-0060;1061,5;France;Italie;14;0;0;0;0;0;0;FAIBLE;2026-05-14 11:56:32
TXN-002084;CLT-0024;2589,98;France;Espagne;14;0;0;0;0;0;0;FAIBLE;2026-05-14 11:56:32
TXN-002085;CLT-0049;1621,72;France;France;14;0;0;0;0;0;0;FAIBLE;2026-05-14 11:56:32
TXN-002086;CLT-0002;532,02;Îles Caïmans;Espagne;14;0;0;25;0;0;25;MODÉRÉ;2026-05-14 11:56:32
TXN-002087;CLT-0024;1689,99;Espagne;Espagne;14;0;0;0;0;0;0;FAIBLE;2026-05-14 11:56:32
TXN-002088;CLT-0057;2738,42;Russie;France;14;0;0;0;0;0;0;FAIBLE;2026-05-14 11:56:32
TXN-002089;CLT-0061;3475,55;Espagne;France;14;0;0;0;0;0;0;FAIBLE;2026-05-14 11:56:32
TXN-002090;CLT-0087;3008,7;Espagne;Italie;14;0;0;0;0;0;0;FAIBLE;2026-05-14 11:56:32
TXN-002091;CLT-0098;88822,09;France;Espagne;14;1;40;0;0;0;40;ÉLEVÉ;2026-05-14 11:56:32
TXN-002092;CLT-0052;3872,62;France;France;14;0;0;0;0;0;0;FAIBLE;2026-05-14 11:56:32
TXN-002093;CLT-0077;840,26;Allemagne;France;14;0;0;0;0;0;0;FAIBLE;2026-05-14 11:56:32
TXN-002094;CLT-0017;2844,26;France;Îles Caïmans;14;0;0;0;20;0;20;MODÉRÉ;2026-05-14 11:56:32
TXN-002095;CLT-0045;1553,27;Îles Caïmans;France;14;0;0;25;0;0;25;MODÉRÉ;2026-05-14 11:56:32
TXN-002096;CLT-0026;14,21;Espagne;Italie;14;0;0;0;0;0;0;FAIBLE;2026-05-14 11:56:32
TXN-002097;CLT-0056;931,12;Allemagne;Allemagne;14;0;0;0;0;0;0;FAIBLE;2026-05-14 11:56:32
TXN-002098;CLT-0001;2781,19;France;France;14;0;0;0;0;0;0;FAIBLE;2026-05-14 11:56:32
TXN-002099;CLT-0051;2359,3;Russie;France;14;0;0;0;0;0;0;FAIBLE;2026-05-14 11:56:32
TXN-002100;CLT-0032;4158,42;Îles Caïmans;Suisse;14;0;0;25;0;0;25;MODÉRÉ;2026-05-14 11:56:32
TXN-002101;CLT-0052;74384,85;Espagne;France;14;1;40;0;0;0;40;ÉLEVÉ;2026-05-14 11:56:32
TXN-002102;CLT-0077;3654,56;France;France;14;0;0;0;0;0;0;FAIBLE;2026-05-14 11:56:32
TXN-002103;CLT-0004;3352,68;France;Suisse;14;0;0;0;0;0;0;FAIBLE;2026-05-14 11:56:32
TXN-002104;CLT-0065;1851,97;Îles Caïmans;Îles Caïmans;14;0;0;25;20;0;45;ÉLEVÉ;2026-05-14 11:56:32
TXN-002105;CLT-0064;3231,43;France;France;14;0;0;0;0;0;0;FAIBLE;2026-05-14 11:56:32
TXN-002106;CLT-0050;2182,65;Îles Caïmans;Espagne;14;0;0;25;0;0;25;MODÉRÉ;2026-05-14 11:56:32
TXN-002107;CLT-0062;1562,35;Espagne;France;14;0;0;0;0;0;0;FAIBLE;2026-05-14 11:56:32
TXN-002108;CLT-0051;2114,47;France;France;14;0;0;0;0;0;0;FAIBLE;2026-05-14 11:56:32
TXN-002109;CLT-0094;422,38;Îles Caïmans;Allemagne;14;0;0;25;0;0;25;MODÉRÉ;2026-05-14 11:56:32
TXN-002110;CLT-0017;71,0;Îles Caïmans;Îles Caïmans;14;0;0;25;20;0;45;ÉLEVÉ;2026-05-14 11:56:32
TXN-002111;CLT-0086;67,83;Îles Caïmans;France;14;0;0;25;0;0;25;MODÉRÉ;2026-05-14 11:56:32
TXN-002112;CLT-0095;1521,74;Russie;Îles Caïmans;14;0;0;0;20;0;20;MODÉRÉ;2026-05-14 11:56:32
TXN-002113;CLT-0043;3907,21;Panama;Suisse;14;0;0;25;0;0;25;MODÉRÉ;2026-05-14 11:56:32
TXN-002114;CLT-0069;23559,04;France;Panama;14;1;40;0;20;0;60;ÉLEVÉ;2026-05-14 11:56:32
TXN-002115;CLT-0076;1692,21;Allemagne;France;14;0;0;0;0;0;0;FAIBLE;2026-05-14 11:56:32
TXN-002116;CLT-0056;3076,46;Russie;Allemagne;14;0;0;0;0;0;0;FAIBLE;2026-05-14 11:56:32
TXN-002117;CLT-0059;616,54;France;Îles Caïmans;14;0;0;0;20;0;20;MODÉRÉ;2026-05-14 11:56:32
TXN-002118;CLT-0055;3435,07;Espagne;Espagne;14;0;0;0;0;0;0;FAIBLE;2026-05-14 11:56:32
TXN-002119;CLT-0023;127,42;Panama;Allemagne;14;0;0;25;0;0;25;MODÉRÉ;2026-05-14 11:56:32
TXN-002120;CLT-0082;2239,38;France;Panama;14;0;0;0;20;0;20;MODÉRÉ;2026-05-14 11:56:32
TXN-002121;CLT-0032;192,7;France;Suisse;14;0;0;0;0;0;0;FAIBLE;2026-05-14 11:56:32
TXN-002122;CLT-0082;639,01;Îles Caïmans;Panama;14;0;0;25;20;0;45;ÉLEVÉ;2026-05-14 11:56:32
TXN-002123;CLT-0089;1733,48;Allemagne;Îles Caïmans;14;0;0;0;20;0;20;MODÉRÉ;2026-05-14 11:56:32
TXN-002124;CLT-0073;4518,87;France;France;14;0;0;0;0;0;0;FAIBLE;2026-05-14 11:56:32
TXN-002125;CLT-0078;40433,19;Îles Caïmans;Suisse;14;1;40;25;0;0;65;ÉLEVÉ;2026-05-14 11:56:32
TXN-002126;CLT-0082;3629,74;Îles Caïmans;Panama;14;0;0;25;20;0;45;ÉLEVÉ;2026-05-14 11:56:32
TXN-002127;CLT-0093;927,81;Îles Caïmans;Suisse;14;0;0;25;0;0;25;MODÉRÉ;2026-05-14 11:56:32
TXN-002128;CLT-0034;3970,29;Allemagne;France;14;0;0;0;0;0;0;FAIBLE;2026-05-14 11:56:32
TXN-002129;CLT-0061;253,67;Îles Caïmans;France;14;0;0;25;0;0;25;MODÉRÉ;2026-05-14 11:56:32
TXN-002130;CLT-0036;3447,43;France;Italie;14;0;0;0;0;0;0;FAIBLE;2026-05-14 11:56:32
TXN-002131;CLT-0037;4549,63;France;Îles Caïmans;14;0;0;0;20;0;20;MODÉRÉ;2026-05-14 11:56:32
TXN-002132;CLT-0085;103,41;Espagne;Îles Caïmans;14;0;0;0;20;0;20;MODÉRÉ;2026-05-14 11:56:32
TXN-002133;CLT-0041;2999,41;Allemagne;Panama;14;0;0;0;20;0;20;MODÉRÉ;2026-05-14 11:56:32
TXN-002134;CLT-0009;3547,95;Espagne;Suisse;14;0;0;0;0;0;0;FAIBLE;2026-05-14 11:56:32
TXN-002135;CLT-0076;3050,49;Panama;France;14;0;0;25;0;0;25;MODÉRÉ;2026-05-14 11:56:32
TXN-002136;CLT-0002;2383,26;Panama;Espagne;14;0;0;25;0;0;25;MODÉRÉ;2026-05-14 11:56:32
TXN-002137;CLT-0060;4114,92;Allemagne;Italie;14;0;0;0;0;0;0;FAIBLE;2026-05-14 11:56:32
TXN-002138;CLT-0033;858,37;France;Italie;14;0;0;0;0;0;0;FAIBLE;2026-05-14 11:56:32
TXN-002139;CLT-0081;2860,85;Panama;Îles Caïmans;14;0;0;25;20;0;45;ÉLEVÉ;2026-05-14 11:56:32
TXN-002140;CLT-0048;73076,95;Espagne;Suisse;14;1;40;0;0;0;40;ÉLEVÉ;2026-05-14 11:56:32
TXN-002141;CLT-0004;2262,98;France;Suisse;14;0;0;0;0;0;0;FAIBLE;2026-05-14 11:56:32
TXN-002142;CLT-0098;2828,81;Espagne;Espagne;14;0;0;0;0;0;0;FAIBLE;2026-05-14 11:56:32
TXN-002143;CLT-0049;2458,88;France;France;14;0;0;0;0;0;0;FAIBLE;2026-05-14 11:56:32
TXN-002144;CLT-0013;4744,61;Allemagne;France;14;0;0;0;0;0;0;FAIBLE;2026-05-14 11:56:32
TXN-002145;CLT-0023;562,06;Îles Caïmans;Allemagne;14;0;0;25;0;0;25;MODÉRÉ;2026-05-14 11:56:32
TXN-002146;CLT-0054;1766,6;Espagne;Suisse;14;0;0;0;0;0;0;FAIBLE;2026-05-14 11:56:32
TXN-002147;CLT-0086;1822,24;Îles Caïmans;France;14;0;0;25;0;0;25;MODÉRÉ;2026-05-14 11:56:32
TXN-002148;CLT-0037;2025,79;France;Îles Caïmans;14;0;0;0;20;0;20;MODÉRÉ;2026-05-14 11:56:32
TXN-002149;CLT-0001;896,36;Panama;France;14;0;0;25;0;0;25;MODÉRÉ;2026-05-14 11:56:32
TXN-002150;CLT-0013;3284,39;Îles Caïmans;France;14;0;0;25;0;0;25;MODÉRÉ;2026-05-14 11:56:32
TXN-002151;CLT-0004;2057,37;Allemagne;Suisse;14;0;0;0;0;0;0;FAIBLE;2026-05-14 11:56:32
TXN-002152;CLT-0077;61933,07;Îles Caïmans;France;14;1;40;25;0;0;65;ÉLEVÉ;2026-05-14 11:56:32
TXN-002153;CLT-0022;1631,85;Russie;Allemagne;14;0;0;0;0;0;0;FAIBLE;2026-05-14 11:56:32
TXN-002154;CLT-0096;4759,71;Îles Caïmans;Panama;14;0;0;25;20;0;45;ÉLEVÉ;2026-05-14 11:56:32
TXN-002155;CLT-0059;4318,56;Allemagne;Îles Caïmans;14;0;0;0;20;0;20;MODÉRÉ;2026-05-14 11:56:32
TXN-002156;CLT-0042;4686,33;Espagne;Italie;14;0;0;0;0;0;0;FAIBLE;2026-05-14 11:56:32
TXN-002157;CLT-0060;10687,41;Allemagne;Italie;14;1;40;0;0;0;40;ÉLEVÉ;2026-05-14 11:56:32
TXN-002158;CLT-0023;2223,83;France;Allemagne;14;0;0;0;0;0;0;FAIBLE;2026-05-14 11:56:32
TXN-002159;CLT-0032;4191,0;France;Suisse;14;0;0;0;0;0;0;FAIBLE;2026-05-14 11:56:32
TXN-002160;CLT-0053;10812,06;Russie;Espagne;14;1;40;0;0;0;40;ÉLEVÉ;2026-05-14 11:56:32
TXN-002161;CLT-0034;361,12;France;France;14;0;0;0;0;0;0;FAIBLE;2026-05-14 11:56:32
TXN-002162;CLT-0092;3038,81;Russie;Suisse;14;0;0;0;0;0;0;FAIBLE;2026-05-14 11:56:32
TXN-002163;CLT-0051;3632,9;Panama;France;14;0;0;25;0;0;25;MODÉRÉ;2026-05-14 11:56:32
TXN-002164;CLT-0084;4637,68;Îles Caïmans;Italie;14;0;0;25;0;0;25;MODÉRÉ;2026-05-14 11:56:32
TXN-002165;CLT-0098;527,08;France;Espagne;14;0;0;0;0;0;0;FAIBLE;2026-05-14 11:56:32
TXN-002166;CLT-0044;1838,66;Allemagne;France;14;0;0;0;0;0;0;FAIBLE;2026-05-14 11:56:32
TXN-002167;CLT-0043;1058,32;Russie;Suisse;14;0;0;0;0;0;0;FAIBLE;2026-05-14 11:56:32
TXN-002168;CLT-0097;2462,97;Panama;Panama;14;0;0;25;20;0;45;ÉLEVÉ;2026-05-14 11:56:32
TXN-002169;CLT-0090;2228,91;Espagne;France;14;0;0;0;0;0;0;FAIBLE;2026-05-14 11:56:32
TXN-002170;CLT-0067;3809,0;France;Panama;14;0;0;0;20;0;20;MODÉRÉ;2026-05-14 11:56:32
TXN-002171;CLT-0092;1860,55;Espagne;Suisse;14;0;0;0;0;0;0;FAIBLE;2026-05-14 11:56:32
TXN-002172;CLT-0040;799,93;Russie;Suisse;14;0;0;0;0;0;0;FAIBLE;2026-05-14 11:56:32
TXN-002173;CLT-0017;780,66;Espagne;Îles Caïmans;14;0;0;0;20;0;20;MODÉRÉ;2026-05-14 11:56:32
TXN-002174;CLT-0004;1293,96;Espagne;Suisse;14;0;0;0;0;0;0;FAIBLE;2026-05-14 11:56:32
TXN-002175;CLT-0093;9049,8;Îles Caïmans;Suisse;14;1;40;25;0;0;65;ÉLEVÉ;2026-05-14 11:56:32
TXN-002176;CLT-0083;4501,02;Panama;France;14;0;0;25;0;0;25;MODÉRÉ;2026-05-14 11:56:32
TXN-002177;CLT-0083;1896,11;Russie;France;14;0;0;0;0;0;0;FAIBLE;2026-05-14 11:56:32
TXN-002178;CLT-0086;4486,7;Panama;France;14;0;0;25;0;0;25;MODÉRÉ;2026-05-14 11:56:32
TXN-002179;CLT-0036;1040,08;France;Italie;14;0;0;0;0;0;0;FAIBLE;2026-05-14 11:56:32
TXN-002180;CLT-0073;1788,94;Allemagne;France;14;0;0;0;0;0;0;FAIBLE;2026-05-14 11:56:32
TXN-002181;CLT-0052;1824,17;Panama;France;14;0;0;25;0;0;25;MODÉRÉ;2026-05-14 11:56:32
TXN-002182;CLT-0095;1364,65;France;Îles Caïmans;14;0;0;0;20;0;20;MODÉRÉ;2026-05-14 11:56:32
TXN-002183;CLT-0067;289,31;Allemagne;Panama;14;0;0;0;20;0;20;MODÉRÉ;2026-05-14 11:56:32
TXN-002184;CLT-0084;3699,78;Allemagne;Italie;14;0;0;0;0;0;0;FAIBLE;2026-05-14 11:56:32
TXN-002185;CLT-0078;2285,77;Espagne;Suisse;14;0;0;0;0;0;0;FAIBLE;2026-05-14 11:56:32
TXN-002186;CLT-0017;24531,23;Espagne;Îles Caïmans;14;1;40;0;20;0;60;ÉLEVÉ;2026-05-14 11:56:32
TXN-002187;CLT-0098;27800,0;Russie;Espagne;14;1;40;0;0;0;40;ÉLEVÉ;2026-05-14 11:56:32
TXN-002188;CLT-0041;2689,3;Allemagne;Panama;14;0;0;0;20;0;20;MODÉRÉ;2026-05-14 11:56:32
TXN-002189;CLT-0026;2215,07;Allemagne;Italie;14;0;0;0;0;0;0;FAIBLE;2026-05-14 11:56:32
TXN-002190;CLT-0075;1506,81;France;France;14;0;0;0;0;0;0;FAIBLE;2026-05-14 11:56:32
TXN-002191;CLT-0025;2218,78;Russie;Italie;14;0;0;0;0;0;0;FAIBLE;2026-05-14 11:56:32
TXN-002192;CLT-0077;1266,22;Russie;France;14;0;0;0;0;0;0;FAIBLE;2026-05-14 11:56:32
TXN-002193;CLT-0066;1649,91;Espagne;Espagne;14;0;0;0;0;0;0;FAIBLE;2026-05-14 11:56:32
TXN-002194;CLT-0036;2665,63;Espagne;Italie;14;0;0;0;0;0;0;FAIBLE;2026-05-14 11:56:32
TXN-002195;CLT-0063;566,24;Panama;Îles Caïmans;14;0;0;25;20;0;45;ÉLEVÉ;2026-05-14 11:56:32
TXN-002196;CLT-0021;2552,64;France;France;14;0;0;0;0;0;0;FAIBLE;2026-05-14 11:56:32
TXN-002197;CLT-0057;3368,15;France;France;14;0;0;0;0;0;0;FAIBLE;2026-05-14 11:56:32
TXN-002198;CLT-0028;552,47;Espagne;France;14;0;0;0;0;0;0;FAIBLE;2026-05-14 11:56:32
TXN-002199;CLT-0088;2656,69;Allemagne;Allemagne;14;0;0;0;0;0;0;FAIBLE;2026-05-14 11:56:32
TXN-002200;CLT-0025;781,44;France;Italie;14;0;0;0;0;0;0;FAIBLE;2026-05-14 11:56:32
TXN-002201;CLT-0042;3054,51;Russie;Italie;14;0;0;0;0;0;0;FAIBLE;2026-05-14 11:56:32
TXN-002202;CLT-0030;3945,86;Russie;Allemagne;14;0;0;0;0;0;0;FAIBLE;2026-05-14 11:56:32
TXN-002203;CLT-0019;4173,85;Panama;Espagne;14;0;0;25;0;0;25;MODÉRÉ;2026-05-14 11:56:32
TXN-002204;CLT-0058;4147,86;Îles Caïmans;France;14;0;0;25;0;0;25;MODÉRÉ;2026-05-14 11:56:32
TXN-002205;CLT-0098;3815,85;France;Espagne;14;0;0;0;0;0;0;FAIBLE;2026-05-14 11:56:32
TXN-002206;CLT-0059;1774,52;France;Îles Caïmans;14;0;0;0;20;0;20;MODÉRÉ;2026-05-14 11:56:32
TXN-002207;CLT-0092;1019,04;Espagne;Suisse;14;0;0;0;0;0;0;FAIBLE;2026-05-14 11:56:32
TXN-002208;CLT-0049;128,16;Allemagne;France;14;0;0;0;0;0;0;FAIBLE;2026-05-14 11:56:32
TXN-002209;CLT-0036;3091,6;France;Italie;14;0;0;0;0;0;0;FAIBLE;2026-05-14 11:56:32
TXN-002210;CLT-0093;1634,16;Russie;Suisse;14;0;0;0;0;0;0;FAIBLE;2026-05-14 11:56:32
TXN-002211;CLT-0050;4734,07;Allemagne;Espagne;14;0;0;0;0;0;0;FAIBLE;2026-05-14 11:56:32
TXN-002212;CLT-0008;3037,46;France;Suisse;14;0;0;0;0;0;0;FAIBLE;2026-05-14 11:56:32
TXN-002213;CLT-0057;1387,47;France;France;14;0;0;0;0;0;0;FAIBLE;2026-05-14 11:56:32
TXN-002214;CLT-0042;4405,44;France;Italie;14;0;0;0;0;0;0;FAIBLE;2026-05-14 11:56:32
TXN-002215;CLT-0026;2953,14;France;Italie;14;0;0;0;0;0;0;FAIBLE;2026-05-14 11:56:32
TXN-002216;CLT-0098;1645,93;Espagne;Espagne;14;0;0;0;0;0;0;FAIBLE;2026-05-14 11:56:32
TXN-002217;CLT-0090;710,93;Panama;France;14;0;0;25;0;0;25;MODÉRÉ;2026-05-14 11:56:32
TXN-002218;CLT-0024;2234,74;Russie;Espagne;14;0;0;0;0;0;0;FAIBLE;2026-05-14 11:56:32
TXN-002219;CLT-0087;1817,4;Espagne;Italie;14;0;0;0;0;0;0;FAIBLE;2026-05-14 11:56:32
TXN-002220;CLT-0016;4664,08;Îles Caïmans;Espagne;14;0;0;25;0;0;25;MODÉRÉ;2026-05-14 11:56:32
TXN-002221;CLT-0068;2436,92;Panama;Allemagne;14;0;0;25;0;0;25;MODÉRÉ;2026-05-14 11:56:32
TXN-002222;CLT-0065;46037,0;Russie;Îles Caïmans;14;1;40;0;20;0;60;ÉLEVÉ;2026-05-14 11:56:32
TXN-002223;CLT-0095;1675,43;France;Îles Caïmans;14;0;0;0;20;0;20;MODÉRÉ;2026-05-14 11:56:32
TXN-002224;CLT-0021;3905,14;France;France;14;0;0;0;0;0;0;FAIBLE;2026-05-14 11:56:32
TXN-002225;CLT-0025;2347,55;Îles Caïmans;Italie;14;0;0;25;0;0;25;MODÉRÉ;2026-05-14 11:56:32
TXN-002226;CLT-0084;2333,92;France;Italie;14;0;0;0;0;0;0;FAIBLE;2026-05-14 11:56:32
TXN-002227;CLT-0068;2880,37;France;Allemagne;14;0;0;0;0;0;0;FAIBLE;2026-05-14 11:56:32
TXN-002228;CLT-0050;1476,13;France;Espagne;14;0;0;0;0;0;0;FAIBLE;2026-05-14 11:56:32
TXN-002229;CLT-0029;2141,48;Panama;France;14;0;0;25;0;0;25;MODÉRÉ;2026-05-14 11:56:32
TXN-002230;CLT-0099;3271,53;Panama;Panama;14;0;0;25;20;0;45;ÉLEVÉ;2026-05-14 11:56:32
TXN-002231;CLT-0020;3577,37;France;Italie;14;0;0;0;0;0;0;FAIBLE;2026-05-14 11:56:32
TXN-002232;CLT-0069;916,12;France;Panama;14;0;0;0;20;0;20;MODÉRÉ;2026-05-14 11:56:32
TXN-002233;CLT-0042;2704,98;Allemagne;Italie;14;0;0;0;0;0;0;FAIBLE;2026-05-14 11:56:32
TXN-002234;CLT-0055;1016,49;Allemagne;Espagne;14;0;0;0;0;0;0;FAIBLE;2026-05-14 11:56:32
TXN-002235;CLT-0004;1094,01;Russie;Suisse;14;0;0;0;0;0;0;FAIBLE;2026-05-14 11:56:32
TXN-002236;CLT-0057;90477,19;Îles Caïmans;France;14;1;40;25;0;0;65;ÉLEVÉ;2026-05-14 11:56:32
TXN-002237;CLT-0027;46153,58;France;Espagne;14;1;40;0;0;0;40;ÉLEVÉ;2026-05-14 11:56:32
TXN-002238;CLT-0093;23233,42;France;Suisse;14;1;40;0;0;0;40;ÉLEVÉ;2026-05-14 11:56:32
TXN-002239;CLT-0095;1056,09;Panama;Îles Caïmans;14;0;0;25;20;0;45;ÉLEVÉ;2026-05-14 11:56:32
TXN-002240;CLT-0027;1591,23;Panama;Espagne;14;0;0;25;0;0;25;MODÉRÉ;2026-05-14 11:56:32
TXN-002241;CLT-0003;2548,59;Îles Caïmans;France;14;0;0;25;0;0;25;MODÉRÉ;2026-05-14 11:56:32
TXN-002242;CLT-0046;2007,54;Espagne;France;14;0;0;0;0;0;0;FAIBLE;2026-05-14 11:56:32
TXN-002243;CLT-0039;2176,4;France;France;14;0;0;0;0;0;0;FAIBLE;2026-05-14 11:56:32
TXN-002244;CLT-0003;4052,75;Panama;France;14;0;0;25;0;0;25;MODÉRÉ;2026-05-14 11:56:32
TXN-002245;CLT-0073;81725,09;France;France;14;1;40;0;0;0;40;ÉLEVÉ;2026-05-14 11:56:32
TXN-002246;CLT-0098;709,7;France;Espagne;14;0;0;0;0;0;0;FAIBLE;2026-05-14 11:56:32
TXN-002247;CLT-0038;1057,03;Îles Caïmans;Îles Caïmans;14;0;0;25;20;0;45;ÉLEVÉ;2026-05-14 11:56:32
TXN-002248;CLT-0067;2102,0;France;Panama;14;0;0;0;20;0;20;MODÉRÉ;2026-05-14 11:56:32
TXN-002249;CLT-0004;4625,52;Allemagne;Suisse;14;0;0;0;0;0;0;FAIBLE;2026-05-14 11:56:32
TXN-002250;CLT-0080;3130,31;France;France;14;0;0;0;0;0;0;FAIBLE;2026-05-14 11:56:32
TXN-002251;CLT-0005;1664,59;Îles Caïmans;Panama;14;0;0;25;20;0;45;ÉLEVÉ;2026-05-14 11:56:32
TXN-002252;CLT-0093;40802,2;France;Suisse;14;1;40;0;0;0;40;ÉLEVÉ;2026-05-14 11:56:32
TXN-002253;CLT-0012;84,54;France;Panama;14;0;0;0;20;0;20;MODÉRÉ;2026-05-14 11:56:32
TXN-002254;CLT-0069;49384,98;France;Panama;14;1;40;0;20;0;60;ÉLEVÉ;2026-05-14 11:56:32
TXN-002255;CLT-0040;4049,03;Russie;Suisse;14;0;0;0;0;0;0;FAIBLE;2026-05-14 11:56:32
TXN-002256;CLT-0085;1291,74;Panama;Îles Caïmans;14;0;0;25;20;0;45;ÉLEVÉ;2026-05-14 11:56:32
TXN-002257;CLT-0062;3345,48;Allemagne;France;14;0;0;0;0;0;0;FAIBLE;2026-05-14 11:56:32
TXN-002258;CLT-0029;52781,86;France;France;14;1;40;0;0;0;40;ÉLEVÉ;2026-05-14 11:56:32
TXN-002259;CLT-0014;1418,68;Allemagne;France;14;0;0;0;0;0;0;FAIBLE;2026-05-14 11:56:32
TXN-002260;CLT-0043;3652,85;Espagne;Suisse;14;0;0;0;0;0;0;FAIBLE;2026-05-14 11:56:32
TXN-002261;CLT-0048;667,22;France;Suisse;14;0;0;0;0;0;0;FAIBLE;2026-05-14 11:56:32
TXN-002262;CLT-0007;4000,86;France;Suisse;14;0;0;0;0;0;0;FAIBLE;2026-05-14 11:56:32
TXN-002263;CLT-0021;63212,87;Panama;France;14;1;40;25;0;0;65;ÉLEVÉ;2026-05-14 11:56:32
TXN-002264;CLT-0025;49827,54;Îles Caïmans;Italie;14;1;40;25;0;0;65;ÉLEVÉ;2026-05-14 11:56:32
TXN-002265;CLT-0034;1082,03;Russie;France;14;0;0;0;0;0;0;FAIBLE;2026-05-14 11:56:32
TXN-002266;CLT-0044;32299,55;France;France;14;1;40;0;0;0;40;ÉLEVÉ;2026-05-14 11:56:32
TXN-002267;CLT-0099;4036,87;Russie;Panama;14;0;0;0;20;0;20;MODÉRÉ;2026-05-14 11:56:32
TXN-002268;CLT-0098;3343,38;Espagne;Espagne;14;0;0;0;0;0;0;FAIBLE;2026-05-14 11:56:32
TXN-002269;CLT-0004;39791,74;France;Suisse;14;1;40;0;0;0;40;ÉLEVÉ;2026-05-14 11:56:32
TXN-002270;CLT-0016;92832,65;Espagne;Espagne;14;1;40;0;0;0;40;ÉLEVÉ;2026-05-14 11:56:32
TXN-002271;CLT-0056;38243,31;France;Allemagne;14;1;40;0;0;0;40;ÉLEVÉ;2026-05-14 11:56:32
TXN-002272;CLT-0051;4858,68;Allemagne;France;14;0;0;0;0;0;0;FAIBLE;2026-05-14 11:56:32
TXN-002273;CLT-0026;67209,97;France;Italie;14;1;40;0;0;0;40;ÉLEVÉ;2026-05-14 11:56:32
TXN-002274;CLT-0069;2657,5;Allemagne;Panama;14;0;0;0;20;0;20;MODÉRÉ;2026-05-14 11:56:32
TXN-002275;CLT-0048;4985,9;France;Suisse;14;0;0;0;0;0;0;FAIBLE;2026-05-14 11:56:32
TXN-002276;CLT-0029;3178,19;Îles Caïmans;France;14;0;0;25;0;0;25;MODÉRÉ;2026-05-14 11:56:32
TXN-002277;CLT-0038;1399,32;Îles Caïmans;Îles Caïmans;14;0;0;25;20;0;45;ÉLEVÉ;2026-05-14 11:56:32
TXN-002278;CLT-0093;2345,34;France;Suisse;14;0;0;0;0;0;0;FAIBLE;2026-05-14 11:56:32
TXN-002279;CLT-0040;69625,67;France;Suisse;14;1;40;0;0;0;40;ÉLEVÉ;2026-05-14 11:56:32
TXN-002280;CLT-0062;43702,67;Allemagne;France;14;1;40;0;0;0;40;ÉLEVÉ;2026-05-14 11:56:32
TXN-002281;CLT-0051;805,62;Allemagne;France;14;0;0;0;0;0;0;FAIBLE;2026-05-14 11:56:32
TXN-002282;CLT-0036;1758,53;Îles Caïmans;Italie;14;0;0;25;0;0;25;MODÉRÉ;2026-05-14 11:56:32
TXN-002283;CLT-0020;72349,98;Russie;Italie;14;1;40;0;0;0;40;ÉLEVÉ;2026-05-14 11:56:32
TXN-002284;CLT-0002;31965,92;Espagne;Espagne;14;1;40;0;0;0;40;ÉLEVÉ;2026-05-14 11:56:32
TXN-002285;CLT-0061;3860,57;Russie;France;14;0;0;0;0;0;0;FAIBLE;2026-05-14 11:56:32
TXN-002286;CLT-0059;633,07;France;Îles Caïmans;14;0;0;0;20;0;20;MODÉRÉ;2026-05-14 11:56:32
TXN-002287;CLT-0035;3773,71;Îles Caïmans;Espagne;14;0;0;25;0;0;25;MODÉRÉ;2026-05-14 11:56:32
TXN-002288;CLT-0060;1284,71;France;Italie;14;0;0;0;0;0;0;FAIBLE;2026-05-14 11:56:32
TXN-002289;CLT-0098;3460,27;Allemagne;Espagne;14;0;0;0;0;0;0;FAIBLE;2026-05-14 11:56:32
TXN-002290;CLT-0077;451,98;Allemagne;France;14;0;0;0;0;0;0;FAIBLE;2026-05-14 11:56:32
TXN-002291;CLT-0056;3327,9;France;Allemagne;14;0;0;0;0;0;0;FAIBLE;2026-05-14 11:56:32
TXN-002292;CLT-0093;4327,18;Espagne;Suisse;14;0;0;0;0;0;0;FAIBLE;2026-05-14 11:56:32
TXN-002293;CLT-0033;1650,86;France;Italie;14;0;0;0;0;0;0;FAIBLE;2026-05-14 11:56:32
TXN-002294;CLT-0032;70039,32;Russie;Suisse;14;1;40;0;0;0;40;ÉLEVÉ;2026-05-14 11:56:32
TXN-002295;CLT-0014;2174,5;Îles Caïmans;France;14;0;0;25;0;0;25;MODÉRÉ;2026-05-14 11:56:32
TXN-002296;CLT-0049;4353,26;France;France;14;0;0;0;0;0;0;FAIBLE;2026-05-14 11:56:32
TXN-002297;CLT-0074;3970,06;France;Allemagne;14;0;0;0;0;0;0;FAIBLE;2026-05-14 11:56:32
TXN-002298;CLT-0087;1200,69;Îles Caïmans;Italie;14;0;0;25;0;0;25;MODÉRÉ;2026-05-14 11:56:32
TXN-002299;CLT-0045;3594,26;Russie;France;14;0;0;0;0;0;0;FAIBLE;2026-05-14 11:56:32
TXN-002300;CLT-0081;2618,6;France;Îles Caïmans;14;0;0;0;20;0;20;MODÉRÉ;2026-05-14 11:56:32
TXN-002301;CLT-0043;911,88;Espagne;Suisse;14;0;0;0;0;0;0;FAIBLE;2026-05-14 11:56:32
TXN-002302;CLT-0033;4011,46;Panama;Italie;14;0;0;25;0;0;25;MODÉRÉ;2026-05-14 11:56:32
TXN-002303;CLT-0058;4828,29;Panama;France;14;0;0;25;0;0;25;MODÉRÉ;2026-05-14 11:56:32
TXN-002304;CLT-0099;4954,97;Allemagne;Panama;14;0;0;0;20;0;20;MODÉRÉ;2026-05-14 11:56:32
TXN-002305;CLT-0042;4318,78;Panama;Italie;14;0;0;25;0;0;25;MODÉRÉ;2026-05-14 11:56:32
TXN-002306;CLT-0012;868,57;Panama;Panama;14;0;0;25;20;0;45;ÉLEVÉ;2026-05-14 11:56:32
TXN-002307;CLT-0041;3701,9;France;Panama;14;0;0;0;20;0;20;MODÉRÉ;2026-05-14 11:56:32
TXN-002308;CLT-0041;461,26;Russie;Panama;14;0;0;0;20;0;20;MODÉRÉ;2026-05-14 11:56:32
TXN-002309;CLT-0034;3785,26;Panama;France;14;0;0;25;0;0;25;MODÉRÉ;2026-05-14 11:56:32
TXN-002310;CLT-0097;2194,47;France;Panama;14;0;0;0;20;0;20;MODÉRÉ;2026-05-14 11:56:32
TXN-002311;CLT-0040;566,29;Espagne;Suisse;14;0;0;0;0;0;0;FAIBLE;2026-05-14 11:56:32
TXN-002312;CLT-0080;2695,89;Allemagne;France;14;0;0;0;0;0;0;FAIBLE;2026-05-14 11:56:32
TXN-002313;CLT-0052;69914,9;France;France;14;1;40;0;0;0;40;ÉLEVÉ;2026-05-14 11:56:32
TXN-002314;CLT-0018;2668,81;France;Panama;14;0;0;0;20;0;20;MODÉRÉ;2026-05-14 11:56:32
TXN-002315;CLT-0079;3684,05;France;Îles Caïmans;14;0;0;0;20;0;20;MODÉRÉ;2026-05-14 11:56:32
TXN-002316;CLT-0032;1131,88;France;Suisse;14;0;0;0;0;0;0;FAIBLE;2026-05-14 11:56:32
TXN-002317;CLT-0029;1376,2;Allemagne;France;14;0;0;0;0;0;0;FAIBLE;2026-05-14 11:56:32
TXN-002318;CLT-0019;2207,38;Espagne;Espagne;14;0;0;0;0;0;0;FAIBLE;2026-05-14 11:56:32
TXN-002319;CLT-0062;113,66;Îles Caïmans;France;14;0;0;25;0;0;25;MODÉRÉ;2026-05-14 11:56:32
TXN-002320;CLT-0053;4991,88;Îles Caïmans;Espagne;14;0;0;25;0;0;25;MODÉRÉ;2026-05-14 11:56:32
TXN-002321;CLT-0096;4444,13;Panama;Panama;14;0;0;25;20;0;45;ÉLEVÉ;2026-05-14 11:56:32
TXN-002322;CLT-0047;1325,15;Panama;Îles Caïmans;14;0;0;25;20;0;45;ÉLEVÉ;2026-05-14 11:56:32
TXN-002323;CLT-0018;394,43;Allemagne;Panama;14;0;0;0;20;0;20;MODÉRÉ;2026-05-14 11:56:32
TXN-002324;CLT-0065;2899,0;Panama;Îles Caïmans;14;0;0;25;20;0;45;ÉLEVÉ;2026-05-14 11:56:32
TXN-002325;CLT-0093;79887,56;Allemagne;Suisse;14;1;40;0;0;0;40;ÉLEVÉ;2026-05-14 11:56:32
TXN-002326;CLT-0059;2875,55;Russie;Îles Caïmans;14;0;0;0;20;0;20;MODÉRÉ;2026-05-14 11:56:32
TXN-002327;CLT-0003;2186,56;Russie;France;14;0;0;0;0;0;0;FAIBLE;2026-05-14 11:56:32
TXN-002328;CLT-0062;297,15;France;France;14;0;0;0;0;0;0;FAIBLE;2026-05-14 11:56:32
TXN-002329;CLT-0073;336,41;France;France;14;0;0;0;0;0;0;FAIBLE;2026-05-14 11:56:32
TXN-002330;CLT-0098;2459,14;Îles Caïmans;Espagne;14;0;0;25;0;0;25;MODÉRÉ;2026-05-14 11:56:32
TXN-002331;CLT-0090;2266,04;Panama;France;14;0;0;25;0;0;25;MODÉRÉ;2026-05-14 11:56:32
TXN-002332;CLT-0053;3994,1;Panama;Espagne;14;0;0;25;0;0;25;MODÉRÉ;2026-05-14 11:56:32
TXN-002333;CLT-0092;4854,73;France;Suisse;14;0;0;0;0;0;0;FAIBLE;2026-05-14 11:56:32
TXN-002334;CLT-0068;364,36;France;Allemagne;14;0;0;0;0;0;0;FAIBLE;2026-05-14 11:56:32
TXN-002335;CLT-0100;1251,51;France;Suisse;14;0;0;0;0;0;0;FAIBLE;2026-05-14 11:56:32
TXN-002336;CLT-0043;88807,88;France;Suisse;14;1;40;0;0;0;40;ÉLEVÉ;2026-05-14 11:56:32
TXN-002337;CLT-0050;2874,27;Îles Caïmans;Espagne;14;0;0;25;0;0;25;MODÉRÉ;2026-05-14 11:56:32
TXN-002338;CLT-0024;701,16;Espagne;Espagne;14;0;0;0;0;0;0;FAIBLE;2026-05-14 11:56:32
TXN-002339;CLT-0064;3539,24;France;France;14;0;0;0;0;0;0;FAIBLE;2026-05-14 11:56:32
TXN-002340;CLT-0083;1011,03;Panama;France;14;0;0;25;0;0;25;MODÉRÉ;2026-05-14 11:56:32
TXN-002341;CLT-0003;479,2;France;France;14;0;0;0;0;0;0;FAIBLE;2026-05-14 11:56:32
TXN-002342;CLT-0013;305,14;France;France;14;0;0;0;0;0;0;FAIBLE;2026-05-14 11:56:32
TXN-002343;CLT-0042;2650,31;Espagne;Italie;14;0;0;0;0;0;0;FAIBLE;2026-05-14 11:56:32
TXN-002344;CLT-0048;86747,62;France;Suisse;14;1;40;0;0;0;40;ÉLEVÉ;2026-05-14 11:56:32
TXN-002345;CLT-0069;3108,15;Panama;Panama;14;0;0;25;20;0;45;ÉLEVÉ;2026-05-14 11:56:32
TXN-002346;CLT-0077;67436,75;France;France;14;1;40;0;0;0;40;ÉLEVÉ;2026-05-14 11:56:32
TXN-002347;CLT-0065;3534,77;Russie;Îles Caïmans;14;0;0;0;20;0;20;MODÉRÉ;2026-05-14 11:56:32
TXN-002348;CLT-0016;11373,36;Espagne;Espagne;14;1;40;0;0;0;40;ÉLEVÉ;2026-05-14 11:56:32
TXN-002349;CLT-0067;67423,79;France;Panama;14;1;40;0;20;0;60;ÉLEVÉ;2026-05-14 11:56:32
TXN-002350;CLT-0044;3021,48;Îles Caïmans;France;14;0;0;25;0;0;25;MODÉRÉ;2026-05-14 11:56:32
TXN-002351;CLT-0071;4720,62;Panama;Îles Caïmans;14;0;0;25;20;0;45;ÉLEVÉ;2026-05-14 11:56:32
TXN-002352;CLT-0025;715,49;France;Italie;14;0;0;0;0;0;0;FAIBLE;2026-05-14 11:56:32
TXN-002353;CLT-0085;4583,89;France;Îles Caïmans;14;0;0;0;20;0;20;MODÉRÉ;2026-05-14 11:56:32
TXN-002354;CLT-0042;463,86;Îles Caïmans;Italie;14;0;0;25;0;0;25;MODÉRÉ;2026-05-14 11:56:32
TXN-002355;CLT-0042;3219,56;Russie;Italie;14;0;0;0;0;0;0;FAIBLE;2026-05-14 11:56:32
TXN-002356;CLT-0055;1471,87;Îles Caïmans;Espagne;14;0;0;25;0;0;25;MODÉRÉ;2026-05-14 11:56:32
TXN-002357;CLT-0014;2457,42;Russie;France;14;0;0;0;0;0;0;FAIBLE;2026-05-14 11:56:32
TXN-002358;CLT-0099;1536,43;France;Panama;14;0;0;0;20;0;20;MODÉRÉ;2026-05-14 11:56:32
TXN-002359;CLT-0096;455,05;France;Panama;14;0;0;0;20;0;20;MODÉRÉ;2026-05-14 11:56:32
TXN-002360;CLT-0004;3698,89;Espagne;Suisse;14;0;0;0;0;0;0;FAIBLE;2026-05-14 11:56:32
TXN-002361;CLT-0007;1765,31;France;Suisse;14;0;0;0;0;0;0;FAIBLE;2026-05-14 11:56:32
TXN-002362;CLT-0028;3408,86;Russie;France;14;0;0;0;0;0;0;FAIBLE;2026-05-14 11:56:32
TXN-002363;CLT-0041;4462,86;Allemagne;Panama;14;0;0;0;20;0;20;MODÉRÉ;2026-05-14 11:56:32
TXN-002364;CLT-0002;2860,02;Îles Caïmans;Espagne;14;0;0;25;0;0;25;MODÉRÉ;2026-05-14 11:56:32
TXN-002365;CLT-0001;3450,05;Panama;France;14;0;0;25;0;0;25;MODÉRÉ;2026-05-14 11:56:32
TXN-002366;CLT-0048;4935,56;France;Suisse;14;0;0;0;0;0;0;FAIBLE;2026-05-14 11:56:32
TXN-002367;CLT-0086;2997,77;Îles Caïmans;France;14;0;0;25;0;0;25;MODÉRÉ;2026-05-14 11:56:32
TXN-002368;CLT-0040;3553,76;Espagne;Suisse;14;0;0;0;0;0;0;FAIBLE;2026-05-14 11:56:32
TXN-002369;CLT-0049;61,03;Allemagne;France;14;0;0;0;0;0;0;FAIBLE;2026-05-14 11:56:32
TXN-002370;CLT-0002;2446,2;France;Espagne;14;0;0;0;0;0;0;FAIBLE;2026-05-14 11:56:32
TXN-002371;CLT-0089;2251,15;France;Îles Caïmans;14;0;0;0;20;0;20;MODÉRÉ;2026-05-14 11:56:32
TXN-002372;CLT-0009;585,24;Panama;Suisse;14;0;0;25;0;0;25;MODÉRÉ;2026-05-14 11:56:32
TXN-002373;CLT-0092;3703,06;Espagne;Suisse;14;0;0;0;0;0;0;FAIBLE;2026-05-14 11:56:32
TXN-002374;CLT-0034;1430,68;France;France;14;0;0;0;0;0;0;FAIBLE;2026-05-14 11:56:32
TXN-002375;CLT-0012;4429,14;Russie;Panama;14;0;0;0;20;0;20;MODÉRÉ;2026-05-14 11:56:32
TXN-002376;CLT-0061;2595,95;France;France;14;0;0;0;0;0;0;FAIBLE;2026-05-14 11:56:32
TXN-002377;CLT-0024;11308,72;France;Espagne;14;1;40;0;0;0;40;ÉLEVÉ;2026-05-14 11:56:32
TXN-002378;CLT-0095;3080,45;Russie;Îles Caïmans;14;0;0;0;20;0;20;MODÉRÉ;2026-05-14 11:56:32
TXN-002379;CLT-0099;214,85;Allemagne;Panama;14;0;0;0;20;0;20;MODÉRÉ;2026-05-14 11:56:32
TXN-002380;CLT-0020;228,35;Espagne;Italie;14;0;0;0;0;0;0;FAIBLE;2026-05-14 11:56:32
TXN-002381;CLT-0083;1757,08;Îles Caïmans;France;14;0;0;25;0;0;25;MODÉRÉ;2026-05-14 11:56:32
TXN-002382;CLT-0009;4734,64;France;Suisse;14;0;0;0;0;0;0;FAIBLE;2026-05-14 11:56:32
TXN-002383;CLT-0004;1686,08;France;Suisse;14;0;0;0;0;0;0;FAIBLE;2026-05-14 11:56:32
TXN-002384;CLT-0072;3012,28;France;Allemagne;14;0;0;0;0;0;0;FAIBLE;2026-05-14 11:56:32
TXN-002385;CLT-0088;1594,59;Îles Caïmans;Allemagne;14;0;0;25;0;0;25;MODÉRÉ;2026-05-14 11:56:32
TXN-002386;CLT-0093;97,13;Panama;Suisse;14;0;0;25;0;0;25;MODÉRÉ;2026-05-14 11:56:32
TXN-002387;CLT-0030;86432,21;Îles Caïmans;Allemagne;14;1;40;25;0;0;65;ÉLEVÉ;2026-05-14 11:56:32
TXN-002388;CLT-0099;13082,33;France;Panama;14;1;40;0;20;0;60;ÉLEVÉ;2026-05-14 11:56:32
TXN-002389;CLT-0073;3813,26;France;France;14;0;0;0;0;0;0;FAIBLE;2026-05-14 11:56:32
TXN-002390;CLT-0074;79687,86;Espagne;Allemagne;14;1;40;0;0;0;40;ÉLEVÉ;2026-05-14 11:56:32
TXN-002391;CLT-0088;1939,97;Espagne;Allemagne;14;0;0;0;0;0;0;FAIBLE;2026-05-14 11:56:32
TXN-002392;CLT-0062;4940,01;Russie;France;14;0;0;0;0;0;0;FAIBLE;2026-05-14 11:56:32
TXN-002393;CLT-0037;1807,07;Îles Caïmans;Îles Caïmans;14;0;0;25;20;0;45;ÉLEVÉ;2026-05-14 11:56:32
TXN-002394;CLT-0095;4410,87;Îles Caïmans;Îles Caïmans;14;0;0;25;20;0;45;ÉLEVÉ;2026-05-14 11:56:32
TXN-002395;CLT-0053;728,48;Allemagne;Espagne;14;0;0;0;0;0;0;FAIBLE;2026-05-14 11:56:32
TXN-002396;CLT-0046;633,87;Îles Caïmans;France;14;0;0;25;0;0;25;MODÉRÉ;2026-05-14 11:56:32
TXN-002397;CLT-0057;2094,45;Russie;France;14;0;0;0;0;0;0;FAIBLE;2026-05-14 11:56:32
TXN-002398;CLT-0018;1636,79;Allemagne;Panama;14;0;0;0;20;0;20;MODÉRÉ;2026-05-14 11:56:32
TXN-002399;CLT-0025;3565,82;Panama;Italie;14;0;0;25;0;0;25;MODÉRÉ;2026-05-14 11:56:32
TXN-002400;CLT-0048;2745,55;Allemagne;Suisse;14;0;0;0;0;0;0;FAIBLE;2026-05-14 11:56:32
TXN-002401;CLT-0084;2356,46;Espagne;Italie;14;0;0;0;0;0;0;FAIBLE;2026-05-14 11:56:32
TXN-002402;CLT-0053;4779,11;Allemagne;Espagne;14;0;0;0;0;0;0;FAIBLE;2026-05-14 11:56:32
TXN-002403;CLT-0085;2762,95;Îles Caïmans;Îles Caïmans;14;0;0;25;20;0;45;ÉLEVÉ;2026-05-14 11:56:32
TXN-002404;CLT-0027;2220,47;France;Espagne;14;0;0;0;0;0;0;FAIBLE;2026-05-14 11:56:32
TXN-002405;CLT-0099;3732,4;Îles Caïmans;Panama;14;0;0;25;20;0;45;ÉLEVÉ;2026-05-14 11:56:32
TXN-002406;CLT-0053;4006,18;Russie;Espagne;14;0;0;0;0;0;0;FAIBLE;2026-05-14 11:56:32
TXN-002407;CLT-0041;3694,94;France;Panama;14;0;0;0;20;0;20;MODÉRÉ;2026-05-14 11:56:32
TXN-002408;CLT-0003;3936,94;France;France;14;0;0;0;0;0;0;FAIBLE;2026-05-14 11:56:32
TXN-002409;CLT-0026;458,84;Allemagne;Italie;14;0;0;0;0;0;0;FAIBLE;2026-05-14 11:56:32
TXN-002410;CLT-0041;339,46;Russie;Panama;14;0;0;0;20;0;20;MODÉRÉ;2026-05-14 11:56:32
TXN-002411;CLT-0039;3520,98;France;France;14;0;0;0;0;0;0;FAIBLE;2026-05-14 11:56:32
TXN-002412;CLT-0016;768,56;Îles Caïmans;Espagne;14;0;0;25;0;0;25;MODÉRÉ;2026-05-14 11:56:32
TXN-002413;CLT-0090;2766,08;Allemagne;France;14;0;0;0;0;0;0;FAIBLE;2026-05-14 11:56:32
TXN-002414;CLT-0057;3322,71;France;France;14;0;0;0;0;0;0;FAIBLE;2026-05-14 11:56:32
TXN-002415;CLT-0062;41142,58;France;France;14;1;40;0;0;0;40;ÉLEVÉ;2026-05-14 11:56:32
TXN-002416;CLT-0057;4938,99;France;France;14;0;0;0;0;0;0;FAIBLE;2026-05-14 11:56:32
TXN-002417;CLT-0086;109,08;Panama;France;14;0;0;25;0;0;25;MODÉRÉ;2026-05-14 11:56:32
TXN-002418;CLT-0009;4939,2;France;Suisse;14;0;0;0;0;0;0;FAIBLE;2026-05-14 11:56:32
TXN-002419;CLT-0015;3390,09;Panama;France;14;0;0;25;0;0;25;MODÉRÉ;2026-05-14 11:56:32
TXN-002420;CLT-0046;3965,98;Russie;France;14;0;0;0;0;0;0;FAIBLE;2026-05-14 11:56:32
TXN-002421;CLT-0022;85521,15;Espagne;Allemagne;14;1;40;0;0;0;40;ÉLEVÉ;2026-05-14 11:56:32
TXN-002422;CLT-0004;1408,43;Panama;Suisse;14;0;0;25;0;0;25;MODÉRÉ;2026-05-14 11:56:32
TXN-002423;CLT-0090;269,54;Espagne;France;14;0;0;0;0;0;0;FAIBLE;2026-05-14 11:56:32
TXN-002424;CLT-0035;2170,42;France;Espagne;14;0;0;0;0;0;0;FAIBLE;2026-05-14 11:56:32
TXN-002425;CLT-0002;166,56;France;Espagne;14;0;0;0;0;0;0;FAIBLE;2026-05-14 11:56:32
TXN-002426;CLT-0049;1006,22;France;France;14;0;0;0;0;0;0;FAIBLE;2026-05-14 11:56:32
TXN-002427;CLT-0043;1358,72;Îles Caïmans;Suisse;14;0;0;25;0;0;25;MODÉRÉ;2026-05-14 11:56:32
TXN-002428;CLT-0093;1717,22;Allemagne;Suisse;14;0;0;0;0;0;0;FAIBLE;2026-05-14 11:56:32
TXN-002429;CLT-0086;1340,7;Panama;France;14;0;0;25;0;0;25;MODÉRÉ;2026-05-14 11:56:32
TXN-002430;CLT-0017;4480,14;Allemagne;Îles Caïmans;14;0;0;0;20;0;20;MODÉRÉ;2026-05-14 11:56:32
TXN-002431;CLT-0074;40484,78;France;Allemagne;14;1;40;0;0;0;40;ÉLEVÉ;2026-05-14 11:56:32
TXN-002432;CLT-0095;58,13;France;Îles Caïmans;14;0;0;0;20;0;20;MODÉRÉ;2026-05-14 11:56:32
TXN-002433;CLT-0081;3134,37;France;Îles Caïmans;14;0;0;0;20;0;20;MODÉRÉ;2026-05-14 11:56:32
TXN-002434;CLT-0026;290,27;France;Italie;14;0;0;0;0;0;0;FAIBLE;2026-05-14 11:56:32
TXN-002435;CLT-0056;90771,1;Allemagne;Allemagne;14;1;40;0;0;0;40;ÉLEVÉ;2026-05-14 11:56:32
TXN-002436;CLT-0081;14908,84;Allemagne;Îles Caïmans;14;1;40;0;20;0;60;ÉLEVÉ;2026-05-14 11:56:32
TXN-002437;CLT-0078;994,53;Russie;Suisse;14;0;0;0;0;0;0;FAIBLE;2026-05-14 11:56:32
TXN-002438;CLT-0057;3384,04;France;France;14;0;0;0;0;0;0;FAIBLE;2026-05-14 11:56:32
TXN-002439;CLT-0019;92754,56;Allemagne;Espagne;14;1;40;0;0;0;40;ÉLEVÉ;2026-05-14 11:56:32
TXN-002440;CLT-0025;3517,31;Panama;Italie;14;0;0;25;0;0;25;MODÉRÉ;2026-05-14 11:56:32
TXN-002441;CLT-0082;1146,3;Espagne;Panama;14;0;0;0;20;0;20;MODÉRÉ;2026-05-14 11:56:32
TXN-002442;CLT-0028;2538,21;Espagne;France;14;0;0;0;0;0;0;FAIBLE;2026-05-14 11:56:32
TXN-002443;CLT-0001;3679,86;Espagne;France;14;0;0;0;0;0;0;FAIBLE;2026-05-14 11:56:32
TXN-002444;CLT-0064;332,62;France;France;14;0;0;0;0;0;0;FAIBLE;2026-05-14 11:56:32
TXN-002445;CLT-0087;4090,34;France;Italie;14;0;0;0;0;0;0;FAIBLE;2026-05-14 11:56:32
TXN-002446;CLT-0076;3375,76;France;France;14;0;0;0;0;0;0;FAIBLE;2026-05-14 11:56:32
TXN-002447;CLT-0058;3638,47;Russie;France;14;0;0;0;0;0;0;FAIBLE;2026-05-14 11:56:32
TXN-002448;CLT-0041;1508,23;Allemagne;Panama;14;0;0;0;20;0;20;MODÉRÉ;2026-05-14 11:56:32
TXN-002449;CLT-0046;861,06;Russie;France;14;0;0;0;0;0;0;FAIBLE;2026-05-14 11:56:32
TXN-002450;CLT-0060;1628,6;Russie;Italie;14;0;0;0;0;0;0;FAIBLE;2026-05-14 11:56:32
TXN-002451;CLT-0054;3691,92;France;Suisse;14;0;0;0;0;0;0;FAIBLE;2026-05-14 11:56:32
TXN-002452;CLT-0020;1913,47;Panama;Italie;14;0;0;25;0;0;25;MODÉRÉ;2026-05-14 11:56:32
TXN-002453;CLT-0023;76849,63;France;Allemagne;14;1;40;0;0;0;40;ÉLEVÉ;2026-05-14 11:56:32
TXN-002454;CLT-0020;91,78;Panama;Italie;14;0;0;25;0;0;25;MODÉRÉ;2026-05-14 11:56:32
TXN-002455;CLT-0039;2491,64;Espagne;France;14;0;0;0;0;0;0;FAIBLE;2026-05-14 11:56:32
TXN-002456;CLT-0056;2437,81;France;Allemagne;14;0;0;0;0;0;0;FAIBLE;2026-05-14 11:56:32
TXN-002457;CLT-0014;3332,29;Panama;France;14;0;0;25;0;0;25;MODÉRÉ;2026-05-14 11:56:32
TXN-002458;CLT-0031;3043,01;Russie;Panama;14;0;0;0;20;0;20;MODÉRÉ;2026-05-14 11:56:32
TXN-002459;CLT-0040;2087,56;Panama;Suisse;14;0;0;25;0;0;25;MODÉRÉ;2026-05-14 11:56:32
TXN-002460;CLT-0079;3423,45;France;Îles Caïmans;14;0;0;0;20;0;20;MODÉRÉ;2026-05-14 11:56:32
TXN-002461;CLT-0089;1712,08;Panama;Îles Caïmans;14;0;0;25;20;0;45;ÉLEVÉ;2026-05-14 11:56:32
TXN-002462;CLT-0058;2372,88;Îles Caïmans;France;14;0;0;25;0;0;25;MODÉRÉ;2026-05-14 11:56:32
TXN-002463;CLT-0030;4723,44;Russie;Allemagne;14;0;0;0;0;0;0;FAIBLE;2026-05-14 11:56:32
TXN-002464;CLT-0043;2779,43;France;Suisse;14;0;0;0;0;0;0;FAIBLE;2026-05-14 11:56:32
TXN-002465;CLT-0030;3910,16;Allemagne;Allemagne;14;0;0;0;0;0;0;FAIBLE;2026-05-14 11:56:32
TXN-002466;CLT-0061;1253,0;Panama;France;14;0;0;25;0;0;25;MODÉRÉ;2026-05-14 11:56:32
TXN-002467;CLT-0080;486,96;France;France;14;0;0;0;0;0;0;FAIBLE;2026-05-14 11:56:32
TXN-002468;CLT-0009;2318,82;Îles Caïmans;Suisse;14;0;0;25;0;0;25;MODÉRÉ;2026-05-14 11:56:32
TXN-002469;CLT-0092;3958,5;Panama;Suisse;14;0;0;25;0;0;25;MODÉRÉ;2026-05-14 11:56:32
TXN-002470;CLT-0029;304,52;Panama;France;14;0;0;25;0;0;25;MODÉRÉ;2026-05-14 11:56:32
TXN-002471;CLT-0019;3107,06;Panama;Espagne;14;0;0;25;0;0;25;MODÉRÉ;2026-05-14 11:56:32
TXN-002472;CLT-0026;1577,7;France;Italie;14;0;0;0;0;0;0;FAIBLE;2026-05-14 11:56:32
TXN-002473;CLT-0068;312,21;Espagne;Allemagne;14;0;0;0;0;0;0;FAIBLE;2026-05-14 11:56:32
TXN-002474;CLT-0002;1886,28;Espagne;Espagne;14;0;0;0;0;0;0;FAIBLE;2026-05-14 11:56:32
TXN-002475;CLT-0084;1487,56;France;Italie;14;0;0;0;0;0;0;FAIBLE;2026-05-14 11:56:32
TXN-002476;CLT-0058;3881,23;France;France;14;0;0;0;0;0;0;FAIBLE;2026-05-14 11:56:32
TXN-002477;CLT-0036;3794,72;Espagne;Italie;14;0;0;0;0;0;0;FAIBLE;2026-05-14 11:56:32
TXN-002478;CLT-0021;3036,65;France;France;14;0;0;0;0;0;0;FAIBLE;2026-05-14 11:56:32
TXN-002479;CLT-0042;94,61;Russie;Italie;14;0;0;0;0;0;0;FAIBLE;2026-05-14 11:56:32
TXN-002480;CLT-0071;1583,19;Îles Caïmans;Îles Caïmans;14;0;0;25;20;0;45;ÉLEVÉ;2026-05-14 11:56:32
TXN-002481;CLT-0079;1983,73;Espagne;Îles Caïmans;14;0;0;0;20;0;20;MODÉRÉ;2026-05-14 11:56:32
TXN-002482;CLT-0066;3784,89;France;Espagne;14;0;0;0;0;0;0;FAIBLE;2026-05-14 11:56:32
TXN-002483;CLT-0020;4635,47;France;Italie;14;0;0;0;0;0;0;FAIBLE;2026-05-14 11:56:32
TXN-002484;CLT-0046;1182,72;France;France;14;0;0;0;0;0;0;FAIBLE;2026-05-14 11:56:32
TXN-002485;CLT-0052;3756,74;France;France;14;0;0;0;0;0;0;FAIBLE;2026-05-14 11:56:32
TXN-002486;CLT-0089;3212,68;France;Îles Caïmans;14;0;0;0;20;0;20;MODÉRÉ;2026-05-14 11:56:32
TXN-002487;CLT-0098;2248,01;Allemagne;Espagne;14;0;0;0;0;0;0;FAIBLE;2026-05-14 11:56:32
TXN-002488;CLT-0004;3227,35;Allemagne;Suisse;14;0;0;0;0;0;0;FAIBLE;2026-05-14 11:56:32
TXN-002489;CLT-0020;220,46;Panama;Italie;14;0;0;25;0;0;25;MODÉRÉ;2026-05-14 11:56:32
TXN-002490;CLT-0051;3782,26;Espagne;France;14;0;0;0;0;0;0;FAIBLE;2026-05-14 11:56:32
TXN-002491;CLT-0054;3351,51;France;Suisse;14;0;0;0;0;0;0;FAIBLE;2026-05-14 11:56:32
TXN-002492;CLT-0030;59301,17;Russie;Allemagne;14;1;40;0;0;0;40;ÉLEVÉ;2026-05-14 11:56:32
TXN-002493;CLT-0048;69058,71;France;Suisse;14;1;40;0;0;0;40;ÉLEVÉ;2026-05-14 11:56:32
TXN-002494;CLT-0081;769,76;Espagne;Îles Caïmans;14;0;0;0;20;0;20;MODÉRÉ;2026-05-14 11:56:32
TXN-002495;CLT-0021;1877,76;Espagne;France;14;0;0;0;0;0;0;FAIBLE;2026-05-14 11:56:32
TXN-002496;CLT-0051;1642,02;Espagne;France;14;0;0;0;0;0;0;FAIBLE;2026-05-14 11:56:32
TXN-002497;CLT-0086;2233,26;Îles Caïmans;France;14;0;0;25;0;0;25;MODÉRÉ;2026-05-14 11:56:32
TXN-002498;CLT-0014;572,34;Allemagne;France;14;0;0;0;0;0;0;FAIBLE;2026-05-14 11:56:32
TXN-002499;CLT-0089;3681,16;Espagne;Îles Caïmans;14;0;0;0;20;0;20;MODÉRÉ;2026-05-14 11:56:32
TXN-002500;CLT-0030;281,29;Espagne;Allemagne;14;0;0;0;0;0;0;FAIBLE;2026-05-14 11:56:32
TXN-002501;CLT-0028;128,82;Panama;France;14;0;0;25;0;0;25;MODÉRÉ;2026-05-14 11:56:32
TXN-002502;CLT-0093;4734,51;Russie;Suisse;14;0;0;0;0;0;0;FAIBLE;2026-05-14 11:56:32
TXN-002503;CLT-0063;3013,05;Espagne;Îles Caïmans;14;0;0;0;20;0;20;MODÉRÉ;2026-05-14 11:56:32
TXN-002504;CLT-0010;3338,45;France;Îles Caïmans;14;0;0;0;20;0;20;MODÉRÉ;2026-05-14 11:56:32
TXN-002505;CLT-0007;4264,88;Espagne;Suisse;14;0;0;0;0;0;0;FAIBLE;2026-05-14 11:56:32
TXN-002506;CLT-0094;1524,2;France;Allemagne;14;0;0;0;0;0;0;FAIBLE;2026-05-14 11:56:32
TXN-002507;CLT-0025;40020,33;Panama;Italie;14;1;40;25;0;0;65;ÉLEVÉ;2026-05-14 11:56:32
TXN-002508;CLT-0039;44321,37;France;France;14;1;40;0;0;0;40;ÉLEVÉ;2026-05-14 11:56:32
TXN-002509;CLT-0016;1321,0;Russie;Espagne;14;0;0;0;0;0;0;FAIBLE;2026-05-14 11:56:32
TXN-002510;CLT-0059;571,81;Espagne;Îles Caïmans;14;0;0;0;20;0;20;MODÉRÉ;2026-05-14 11:56:32
TXN-002511;CLT-0009;3517,35;Allemagne;Suisse;14;0;0;0;0;0;0;FAIBLE;2026-05-14 11:56:32
TXN-002512;CLT-0005;66987,68;Îles Caïmans;Panama;14;1;40;25;20;0;85;CRITIQUE;2026-05-14 11:56:32
TXN-002513;CLT-0074;2068,0;France;Allemagne;14;0;0;0;0;0;0;FAIBLE;2026-05-14 11:56:32
TXN-002514;CLT-0037;4383,12;Allemagne;Îles Caïmans;14;0;0;0;20;0;20;MODÉRÉ;2026-05-14 11:56:32
TXN-002515;CLT-0025;131,82;Russie;Italie;14;0;0;0;0;0;0;FAIBLE;2026-05-14 11:56:32
TXN-002516;CLT-0073;4979,23;Russie;France;14;0;0;0;0;0;0;FAIBLE;2026-05-14 11:56:32
TXN-002517;CLT-0037;3580,69;France;Îles Caïmans;14;0;0;0;20;0;20;MODÉRÉ;2026-05-14 11:56:32
TXN-002518;CLT-0070;2286,72;Panama;Italie;14;0;0;25;0;0;25;MODÉRÉ;2026-05-14 11:56:32
TXN-002519;CLT-0070;1862,65;Panama;Italie;14;0;0;25;0;0;25;MODÉRÉ;2026-05-14 11:56:32
TXN-002520;CLT-0075;1740,47;Panama;France;14;0;0;25;0;0;25;MODÉRÉ;2026-05-14 11:56:32
TXN-002521;CLT-0019;1743,71;Îles Caïmans;Espagne;14;0;0;25;0;0;25;MODÉRÉ;2026-05-14 11:56:32
TXN-002522;CLT-0033;2164,24;Panama;Italie;14;0;0;25;0;0;25;MODÉRÉ;2026-05-14 11:56:32
TXN-002523;CLT-0097;3230,87;France;Panama;14;0;0;0;20;0;20;MODÉRÉ;2026-05-14 11:56:32
TXN-002524;CLT-0019;1723,83;Panama;Espagne;14;0;0;25;0;0;25;MODÉRÉ;2026-05-14 11:56:32
TXN-002525;CLT-0074;4161,75;Allemagne;Allemagne;14;0;0;0;0;0;0;FAIBLE;2026-05-14 11:56:32
TXN-002526;CLT-0015;1987,79;France;France;14;0;0;0;0;0;0;FAIBLE;2026-05-14 11:56:32
TXN-002527;CLT-0071;2881,57;Allemagne;Îles Caïmans;14;0;0;0;20;0;20;MODÉRÉ;2026-05-14 11:56:32
TXN-002528;CLT-0015;3940,74;Panama;France;14;0;0;25;0;0;25;MODÉRÉ;2026-05-14 11:56:32
TXN-002529;CLT-0051;1980,85;Panama;France;14;0;0;25;0;0;25;MODÉRÉ;2026-05-14 11:56:32
TXN-002530;CLT-0029;3442,13;France;France;14;0;0;0;0;0;0;FAIBLE;2026-05-14 11:56:32
TXN-002531;CLT-0092;4477,22;France;Suisse;14;0;0;0;0;0;0;FAIBLE;2026-05-14 11:56:32
TXN-002532;CLT-0040;4580,06;Îles Caïmans;Suisse;14;0;0;25;0;0;25;MODÉRÉ;2026-05-14 11:56:32
TXN-002533;CLT-0013;1054,13;France;France;14;0;0;0;0;0;0;FAIBLE;2026-05-14 11:56:32
TXN-002534;CLT-0024;33733,21;France;Espagne;14;1;40;0;0;0;40;ÉLEVÉ;2026-05-14 11:56:32
TXN-002535;CLT-0046;4755,55;France;France;14;0;0;0;0;0;0;FAIBLE;2026-05-14 11:56:32
TXN-002536;CLT-0048;1508,08;Espagne;Suisse;14;0;0;0;0;0;0;FAIBLE;2026-05-14 11:56:32
TXN-002537;CLT-0082;2952,56;France;Panama;14;0;0;0;20;0;20;MODÉRÉ;2026-05-14 11:56:32
TXN-002538;CLT-0041;4885,3;France;Panama;14;0;0;0;20;0;20;MODÉRÉ;2026-05-14 11:56:32
TXN-002539;CLT-0097;2373,25;France;Panama;14;0;0;0;20;0;20;MODÉRÉ;2026-05-14 11:56:32
TXN-002540;CLT-0088;2939,75;France;Allemagne;14;0;0;0;0;0;0;FAIBLE;2026-05-14 11:56:32
TXN-002541;CLT-0061;4814,21;France;France;14;0;0;0;0;0;0;FAIBLE;2026-05-14 11:56:32
TXN-002542;CLT-0013;71012,24;Îles Caïmans;France;14;1;40;25;0;0;65;ÉLEVÉ;2026-05-14 11:56:32
TXN-002543;CLT-0005;1214,48;Espagne;Panama;14;0;0;0;20;0;20;MODÉRÉ;2026-05-14 11:56:32
TXN-002544;CLT-0028;3523,16;Îles Caïmans;France;14;0;0;25;0;0;25;MODÉRÉ;2026-05-14 11:56:32
TXN-002545;CLT-0087;67492,67;Russie;Italie;14;1;40;0;0;0;40;ÉLEVÉ;2026-05-14 11:56:32
TXN-002546;CLT-0090;23767,29;Îles Caïmans;France;14;1;40;25;0;0;65;ÉLEVÉ;2026-05-14 11:56:32
TXN-002547;CLT-0033;2682,96;France;Italie;14;0;0;0;0;0;0;FAIBLE;2026-05-14 11:56:32
TXN-002548;CLT-0038;2460,58;France;Îles Caïmans;14;0;0;0;20;0;20;MODÉRÉ;2026-05-14 11:56:32
TXN-002549;CLT-0088;1663,76;France;Allemagne;14;0;0;0;0;0;0;FAIBLE;2026-05-14 11:56:32
TXN-002550;CLT-0050;2436,37;Îles Caïmans;Espagne;14;0;0;25;0;0;25;MODÉRÉ;2026-05-14 11:56:32
TXN-002551;CLT-0088;23892,97;Russie;Allemagne;14;1;40;0;0;0;40;ÉLEVÉ;2026-05-14 11:56:32
TXN-002552;CLT-0015;2228,89;France;France;14;0;0;0;0;0;0;FAIBLE;2026-05-14 11:56:32
TXN-002553;CLT-0073;72411,01;Russie;France;14;1;40;0;0;0;40;ÉLEVÉ;2026-05-14 11:56:32
TXN-002554;CLT-0003;3973,74;Panama;France;14;0;0;25;0;0;25;MODÉRÉ;2026-05-14 11:56:32
TXN-002555;CLT-0005;540,58;Îles Caïmans;Panama;14;0;0;25;20;0;45;ÉLEVÉ;2026-05-14 11:56:32
TXN-002556;CLT-0012;2117,05;Panama;Panama;14;0;0;25;20;0;45;ÉLEVÉ;2026-05-14 11:56:32
TXN-002557;CLT-0018;2540,5;France;Panama;14;0;0;0;20;0;20;MODÉRÉ;2026-05-14 11:56:32
TXN-002558;CLT-0026;2856,4;Panama;Italie;14;0;0;25;0;0;25;MODÉRÉ;2026-05-14 11:56:32
TXN-002559;CLT-0024;2394,62;Îles Caïmans;Espagne;14;0;0;25;0;0;25;MODÉRÉ;2026-05-14 11:56:32
TXN-002560;CLT-0019;11458,75;France;Espagne;14;1;40;0;0;0;40;ÉLEVÉ;2026-05-14 11:56:32
TXN-002561;CLT-0008;1959,64;France;Suisse;14;0;0;0;0;0;0;FAIBLE;2026-05-14 11:56:32
TXN-002562;CLT-0068;65934,27;Espagne;Allemagne;14;1;40;0;0;0;40;ÉLEVÉ;2026-05-14 11:56:32
TXN-002563;CLT-0062;693,94;Allemagne;France;14;0;0;0;0;0;0;FAIBLE;2026-05-14 11:56:32
TXN-002564;CLT-0013;2396,59;Îles Caïmans;France;14;0;0;25;0;0;25;MODÉRÉ;2026-05-14 11:56:32
TXN-002565;CLT-0019;3138,88;France;Espagne;14;0;0;0;0;0;0;FAIBLE;2026-05-14 11:56:32
TXN-002566;CLT-0010;349,29;France;Îles Caïmans;14;0;0;0;20;0;20;MODÉRÉ;2026-05-14 11:56:32
TXN-002567;CLT-0047;3769,53;Espagne;Îles Caïmans;14;0;0;0;20;0;20;MODÉRÉ;2026-05-14 11:56:32
TXN-002568;CLT-0042;3764,33;France;Italie;14;0;0;0;0;0;0;FAIBLE;2026-05-14 11:56:32
TXN-002569;CLT-0051;3635,21;Allemagne;France;14;0;0;0;0;0;0;FAIBLE;2026-05-14 11:56:32
TXN-002570;CLT-0066;645,36;France;Espagne;14;0;0;0;0;0;0;FAIBLE;2026-05-14 11:56:32
TXN-002571;CLT-0099;2611,08;Îles Caïmans;Panama;14;0;0;25;20;0;45;ÉLEVÉ;2026-05-14 11:56:32
TXN-002572;CLT-0011;2092,41;France;France;14;0;0;0;0;0;0;FAIBLE;2026-05-14 11:56:32
TXN-002573;CLT-0084;1972,4;Espagne;Italie;14;0;0;0;0;0;0;FAIBLE;2026-05-14 11:56:32
TXN-002574;CLT-0061;3030,43;Russie;France;14;0;0;0;0;0;0;FAIBLE;2026-05-14 11:56:32
TXN-002575;CLT-0076;4357,08;France;France;14;0;0;0;0;0;0;FAIBLE;2026-05-14 11:56:32
TXN-002576;CLT-0044;464,03;France;France;14;0;0;0;0;0;0;FAIBLE;2026-05-14 11:56:32
TXN-002577;CLT-0037;1348,38;Allemagne;Îles Caïmans;14;0;0;0;20;0;20;MODÉRÉ;2026-05-14 11:56:32
TXN-002578;CLT-0073;4530,0;Panama;France;14;0;0;25;0;0;25;MODÉRÉ;2026-05-14 11:56:32
TXN-002579;CLT-0067;967,31;Espagne;Panama;14;0;0;0;20;0;20;MODÉRÉ;2026-05-14 11:56:32
TXN-002580;CLT-0025;2125,0;France;Italie;14;0;0;0;0;0;0;FAIBLE;2026-05-14 11:56:32
TXN-002581;CLT-0088;3444,78;Panama;Allemagne;14;0;0;25;0;0;25;MODÉRÉ;2026-05-14 11:56:32
TXN-002582;CLT-0023;2318,83;Espagne;Allemagne;14;0;0;0;0;0;0;FAIBLE;2026-05-14 11:56:32
TXN-002583;CLT-0044;1036,61;Russie;France;14;0;0;0;0;0;0;FAIBLE;2026-05-14 11:56:32
TXN-002584;CLT-0073;1964,23;Panama;France;14;0;0;25;0;0;25;MODÉRÉ;2026-05-14 11:56:32
TXN-002585;CLT-0016;60720,59;Îles Caïmans;Espagne;14;1;40;25;0;0;65;ÉLEVÉ;2026-05-14 11:56:32
TXN-002586;CLT-0064;24436,74;Espagne;France;14;1;40;0;0;0;40;ÉLEVÉ;2026-05-14 11:56:32
TXN-002587;CLT-0007;2108,26;Russie;Suisse;14;0;0;0;0;0;0;FAIBLE;2026-05-14 11:56:32
TXN-002588;CLT-0041;2387,08;France;Panama;14;0;0;0;20;0;20;MODÉRÉ;2026-05-14 11:56:32
TXN-002589;CLT-0006;1813,06;Espagne;France;14;0;0;0;0;0;0;FAIBLE;2026-05-14 11:56:32
TXN-002590;CLT-0013;54564,37;Allemagne;France;14;1;40;0;0;0;40;ÉLEVÉ;2026-05-14 11:56:32
TXN-002591;CLT-0002;65445,83;Panama;Espagne;14;1;40;25;0;0;65;ÉLEVÉ;2026-05-14 11:56:32
TXN-002592;CLT-0056;3600,66;Allemagne;Allemagne;14;0;0;0;0;0;0;FAIBLE;2026-05-14 11:56:32
TXN-002593;CLT-0071;3022,27;Allemagne;Îles Caïmans;14;0;0;0;20;0;20;MODÉRÉ;2026-05-14 11:56:32
TXN-002594;CLT-0098;2773,01;France;Espagne;14;0;0;0;0;0;0;FAIBLE;2026-05-14 11:56:32
TXN-002595;CLT-0070;4127,35;France;Italie;14;0;0;0;0;0;0;FAIBLE;2026-05-14 11:56:32
TXN-002596;CLT-0035;464,98;France;Espagne;14;0;0;0;0;0;0;FAIBLE;2026-05-14 11:56:32
TXN-002597;CLT-0031;81548,26;France;Panama;14;1;40;0;20;0;60;ÉLEVÉ;2026-05-14 11:56:32
TXN-002598;CLT-0014;4588,95;Allemagne;France;14;0;0;0;0;0;0;FAIBLE;2026-05-14 11:56:32
TXN-002599;CLT-0050;2181,61;Allemagne;Espagne;14;0;0;0;0;0;0;FAIBLE;2026-05-14 11:56:32
TXN-002600;CLT-0092;4237,94;Russie;Suisse;14;0;0;0;0;0;0;FAIBLE;2026-05-14 11:56:32
TXN-002601;CLT-0097;4441,71;France;Panama;14;0;0;0;20;0;20;MODÉRÉ;2026-05-14 11:56:32
TXN-002602;CLT-0063;1365,9;Panama;Îles Caïmans;14;0;0;25;20;0;45;ÉLEVÉ;2026-05-14 11:56:32
TXN-002603;CLT-0050;2500,17;Allemagne;Espagne;14;0;0;0;0;0;0;FAIBLE;2026-05-14 11:56:32
TXN-002604;CLT-0090;3520,25;France;France;14;0;0;0;0;0;0;FAIBLE;2026-05-14 11:56:32
TXN-002605;CLT-0046;1043,58;Espagne;France;14;0;0;0;0;0;0;FAIBLE;2026-05-14 11:56:32
TXN-002606;CLT-0049;1460,49;Russie;France;14;0;0;0;0;0;0;FAIBLE;2026-05-14 11:56:32
TXN-002607;CLT-0032;3435,6;Russie;Suisse;14;0;0;0;0;0;0;FAIBLE;2026-05-14 11:56:32
TXN-002608;CLT-0045;119,18;Îles Caïmans;France;14;0;0;25;0;0;25;MODÉRÉ;2026-05-14 11:56:32
TXN-002609;CLT-0055;45957,39;Îles Caïmans;Espagne;14;1;40;25;0;0;65;ÉLEVÉ;2026-05-14 11:56:32
TXN-002610;CLT-0034;1150,5;France;France;14;0;0;0;0;0;0;FAIBLE;2026-05-14 11:56:32
TXN-002611;CLT-0067;4269,7;Allemagne;Panama;14;0;0;0;20;0;20;MODÉRÉ;2026-05-14 11:56:32
TXN-002612;CLT-0007;4896,02;France;Suisse;14;0;0;0;0;0;0;FAIBLE;2026-05-14 11:56:32
TXN-002613;CLT-0090;802,18;France;France;14;0;0;0;0;0;0;FAIBLE;2026-05-14 11:56:32
TXN-002614;CLT-0058;2631,02;Espagne;France;14;0;0;0;0;0;0;FAIBLE;2026-05-14 11:56:32
TXN-002615;CLT-0030;45922,76;Espagne;Allemagne;14;1;40;0;0;0;40;ÉLEVÉ;2026-05-14 11:56:32
TXN-002616;CLT-0080;343,23;France;France;14;0;0;0;0;0;0;FAIBLE;2026-05-14 11:56:32
TXN-002617;CLT-0022;2356,54;France;Allemagne;14;0;0;0;0;0;0;FAIBLE;2026-05-14 11:56:32
TXN-002618;CLT-0010;984,97;France;Îles Caïmans;14;0;0;0;20;0;20;MODÉRÉ;2026-05-14 11:56:32
TXN-002619;CLT-0016;3917,89;Panama;Espagne;14;0;0;25;0;0;25;MODÉRÉ;2026-05-14 11:56:32
TXN-002620;CLT-0032;772,07;Panama;Suisse;14;0;0;25;0;0;25;MODÉRÉ;2026-05-14 11:56:32
TXN-002621;CLT-0003;3834,08;France;France;14;0;0;0;0;0;0;FAIBLE;2026-05-14 11:56:32
TXN-002622;CLT-0020;843,34;Allemagne;Italie;14;0;0;0;0;0;0;FAIBLE;2026-05-14 11:56:32
TXN-002623;CLT-0036;4173,06;Allemagne;Italie;14;0;0;0;0;0;0;FAIBLE;2026-05-14 11:56:32
TXN-002624;CLT-0032;3553,94;France;Suisse;14;0;0;0;0;0;0;FAIBLE;2026-05-14 11:56:32
TXN-002625;CLT-0037;40835,98;Russie;Îles Caïmans;14;1;40;0;20;0;60;ÉLEVÉ;2026-05-14 11:56:32
TXN-002626;CLT-0093;1981,13;Russie;Suisse;14;0;0;0;0;0;0;FAIBLE;2026-05-14 11:56:32
TXN-002627;CLT-0078;4716,99;Îles Caïmans;Suisse;14;0;0;25;0;0;25;MODÉRÉ;2026-05-14 11:56:32
TXN-002628;CLT-0022;2622,12;Russie;Allemagne;14;0;0;0;0;0;0;FAIBLE;2026-05-14 11:56:32
TXN-002629;CLT-0077;11168,25;Espagne;France;14;1;40;0;0;0;40;ÉLEVÉ;2026-05-14 11:56:32
TXN-002630;CLT-0049;86662,37;Panama;France;14;1;40;25;0;0;65;ÉLEVÉ;2026-05-14 11:56:32
TXN-002631;CLT-0028;50388,28;France;France;14;1;40;0;0;0;40;ÉLEVÉ;2026-05-14 11:56:32
TXN-002632;CLT-0084;2956,25;Îles Caïmans;Italie;14;0;0;25;0;0;25;MODÉRÉ;2026-05-14 11:56:32
TXN-002633;CLT-0057;91,73;Russie;France;14;0;0;0;0;0;0;FAIBLE;2026-05-14 11:56:32
TXN-002634;CLT-0027;3567,32;France;Espagne;14;0;0;0;0;0;0;FAIBLE;2026-05-14 11:56:32
TXN-002635;CLT-0082;266,22;Espagne;Panama;14;0;0;0;20;0;20;MODÉRÉ;2026-05-14 11:56:32
TXN-002636;CLT-0084;1759,27;France;Italie;14;0;0;0;0;0;0;FAIBLE;2026-05-14 11:56:32
TXN-002637;CLT-0071;1780,32;France;Îles Caïmans;14;0;0;0;20;0;20;MODÉRÉ;2026-05-14 11:56:32
TXN-002638;CLT-0009;4344,46;Panama;Suisse;14;0;0;25;0;0;25;MODÉRÉ;2026-05-14 11:56:32
TXN-002639;CLT-0002;4610,71;France;Espagne;14;0;0;0;0;0;0;FAIBLE;2026-05-14 11:56:32
TXN-002640;CLT-0004;2812,33;Allemagne;Suisse;14;0;0;0;0;0;0;FAIBLE;2026-05-14 11:56:32
TXN-002641;CLT-0052;1862,62;Russie;France;14;0;0;0;0;0;0;FAIBLE;2026-05-14 11:56:32
TXN-002642;CLT-0007;1639,46;France;Suisse;14;0;0;0;0;0;0;FAIBLE;2026-05-14 11:56:32
TXN-002643;CLT-0098;3794,88;France;Espagne;14;0;0;0;0;0;0;FAIBLE;2026-05-14 11:56:32
TXN-002644;CLT-0065;2744,47;France;Îles Caïmans;14;0;0;0;20;0;20;MODÉRÉ;2026-05-14 11:56:32
TXN-002645;CLT-0092;1895,85;Espagne;Suisse;14;0;0;0;0;0;0;FAIBLE;2026-05-14 11:56:32
TXN-002646;CLT-0012;74303,46;Îles Caïmans;Panama;14;1;40;25;20;0;85;CRITIQUE;2026-05-14 11:56:32
TXN-002647;CLT-0039;1108,99;France;France;14;0;0;0;0;0;0;FAIBLE;2026-05-14 11:56:32
TXN-002648;CLT-0020;2850,78;Espagne;Italie;14;0;0;0;0;0;0;FAIBLE;2026-05-14 11:56:32
TXN-002649;CLT-0021;1060,97;Espagne;France;14;0;0;0;0;0;0;FAIBLE;2026-05-14 11:56:32
TXN-002650;CLT-0060;3937,19;Russie;Italie;14;0;0;0;0;0;0;FAIBLE;2026-05-14 11:56:32
TXN-002651;CLT-0079;66239,29;Russie;Îles Caïmans;14;1;40;0;20;0;60;ÉLEVÉ;2026-05-14 11:56:32
TXN-002652;CLT-0071;1297,84;Panama;Îles Caïmans;14;0;0;25;20;0;45;ÉLEVÉ;2026-05-14 11:56:32
TXN-002653;CLT-0067;3342,08;Allemagne;Panama;14;0;0;0;20;0;20;MODÉRÉ;2026-05-14 11:56:32
TXN-002654;CLT-0035;120,9;Espagne;Espagne;14;0;0;0;0;0;0;FAIBLE;2026-05-14 11:56:32
TXN-002655;CLT-0007;3624,14;Espagne;Suisse;14;0;0;0;0;0;0;FAIBLE;2026-05-14 11:56:32
TXN-002656;CLT-0072;1295,63;Allemagne;Allemagne;14;0;0;0;0;0;0;FAIBLE;2026-05-14 11:56:32
TXN-002657;CLT-0013;1251,2;Panama;France;14;0;0;25;0;0;25;MODÉRÉ;2026-05-14 11:56:32
TXN-002658;CLT-0043;2005,26;France;Suisse;14;0;0;0;0;0;0;FAIBLE;2026-05-14 11:56:32
TXN-002659;CLT-0009;3119,06;France;Suisse;14;0;0;0;0;0;0;FAIBLE;2026-05-14 11:56:32
TXN-002660;CLT-0054;4077,15;France;Suisse;14;0;0;0;0;0;0;FAIBLE;2026-05-14 11:56:32
TXN-002661;CLT-0031;1858,2;Russie;Panama;14;0;0;0;20;0;20;MODÉRÉ;2026-05-14 11:56:32
TXN-002662;CLT-0052;1987,76;Allemagne;France;14;0;0;0;0;0;0;FAIBLE;2026-05-14 11:56:32
TXN-002663;CLT-0044;3056,76;Panama;France;14;0;0;25;0;0;25;MODÉRÉ;2026-05-14 11:56:32
TXN-002664;CLT-0011;4267,46;France;France;14;0;0;0;0;0;0;FAIBLE;2026-05-14 11:56:32
TXN-002665;CLT-0090;2148,43;France;France;14;0;0;0;0;0;0;FAIBLE;2026-05-14 11:56:32
TXN-002666;CLT-0038;23448,86;Panama;Îles Caïmans;14;1;40;25;20;0;85;CRITIQUE;2026-05-14 11:56:32
TXN-002667;CLT-0040;446,73;France;Suisse;14;0;0;0;0;0;0;FAIBLE;2026-05-14 11:56:32
TXN-002668;CLT-0079;58709,12;Allemagne;Îles Caïmans;14;1;40;0;20;0;60;ÉLEVÉ;2026-05-14 11:56:32
TXN-002669;CLT-0014;4486,31;Espagne;France;14;0;0;0;0;0;0;FAIBLE;2026-05-14 11:56:32
TXN-002670;CLT-0037;2635,18;France;Îles Caïmans;14;0;0;0;20;0;20;MODÉRÉ;2026-05-14 11:56:32
TXN-002671;CLT-0083;4263,45;France;France;14;0;0;0;0;0;0;FAIBLE;2026-05-14 11:56:32
TXN-002672;CLT-0005;1126,72;Panama;Panama;14;0;0;25;20;0;45;ÉLEVÉ;2026-05-14 11:56:32
TXN-002673;CLT-0046;3477,59;Espagne;France;14;0;0;0;0;0;0;FAIBLE;2026-05-14 11:56:32
TXN-002674;CLT-0054;3531,23;Espagne;Suisse;14;0;0;0;0;0;0;FAIBLE;2026-05-14 11:56:32
TXN-002675;CLT-0020;1060,63;France;Italie;14;0;0;0;0;0;0;FAIBLE;2026-05-14 11:56:32
TXN-002676;CLT-0019;59128,43;Russie;Espagne;14;1;40;0;0;0;40;ÉLEVÉ;2026-05-14 11:56:32
TXN-002677;CLT-0099;70880,97;Panama;Panama;14;1;40;25;20;0;85;CRITIQUE;2026-05-14 11:56:32
TXN-002678;CLT-0053;3596,02;Espagne;Espagne;14;0;0;0;0;0;0;FAIBLE;2026-05-14 11:56:32
TXN-002679;CLT-0084;1056,76;Panama;Italie;14;0;0;25;0;0;25;MODÉRÉ;2026-05-14 11:56:32
TXN-002680;CLT-0007;965,53;Espagne;Suisse;14;0;0;0;0;0;0;FAIBLE;2026-05-14 11:56:32
TXN-002681;CLT-0085;4064,47;Panama;Îles Caïmans;14;0;0;25;20;0;45;ÉLEVÉ;2026-05-14 11:56:32
TXN-002682;CLT-0055;4080,75;France;Espagne;14;0;0;0;0;0;0;FAIBLE;2026-05-14 11:56:32
TXN-002683;CLT-0054;76138,98;Russie;Suisse;14;1;40;0;0;0;40;ÉLEVÉ;2026-05-14 11:56:32
TXN-002684;CLT-0018;1679,44;Russie;Panama;14;0;0;0;20;0;20;MODÉRÉ;2026-05-14 11:56:32
TXN-002685;CLT-0054;4537,46;France;Suisse;14;0;0;0;0;0;0;FAIBLE;2026-05-14 11:56:32
TXN-002686;CLT-0048;3559,71;France;Suisse;14;0;0;0;0;0;0;FAIBLE;2026-05-14 11:56:32
TXN-002687;CLT-0026;75126,42;France;Italie;14;1;40;0;0;0;40;ÉLEVÉ;2026-05-14 11:56:32
TXN-002688;CLT-0036;3296,74;Îles Caïmans;Italie;14;0;0;25;0;0;25;MODÉRÉ;2026-05-14 11:56:32
TXN-002689;CLT-0079;4968,22;Îles Caïmans;Îles Caïmans;14;0;0;25;20;0;45;ÉLEVÉ;2026-05-14 11:56:32
TXN-002690;CLT-0059;3659,04;Espagne;Îles Caïmans;14;0;0;0;20;0;20;MODÉRÉ;2026-05-14 11:56:32
TXN-002691;CLT-0037;3781,31;France;Îles Caïmans;14;0;0;0;20;0;20;MODÉRÉ;2026-05-14 11:56:32
TXN-002692;CLT-0061;3138,94;Russie;France;14;0;0;0;0;0;0;FAIBLE;2026-05-14 11:56:32
TXN-002693;CLT-0041;3047,71;Allemagne;Panama;14;0;0;0;20;0;20;MODÉRÉ;2026-05-14 11:56:32
TXN-002694;CLT-0005;1508,41;Espagne;Panama;14;0;0;0;20;0;20;MODÉRÉ;2026-05-14 11:56:32
TXN-002695;CLT-0006;31,38;Russie;France;14;0;0;0;0;0;0;FAIBLE;2026-05-14 11:56:32
TXN-002696;CLT-0010;21,23;Îles Caïmans;Îles Caïmans;14;0;0;25;20;0;45;ÉLEVÉ;2026-05-14 11:56:32
TXN-002697;CLT-0040;83563,5;France;Suisse;14;1;40;0;0;0;40;ÉLEVÉ;2026-05-14 11:56:32
TXN-002698;CLT-0085;2905,08;Espagne;Îles Caïmans;14;0;0;0;20;0;20;MODÉRÉ;2026-05-14 11:56:32
TXN-002699;CLT-0072;4277,62;France;Allemagne;14;0;0;0;0;0;0;FAIBLE;2026-05-14 11:56:32
TXN-002700;CLT-0055;1009,28;Panama;Espagne;14;0;0;25;0;0;25;MODÉRÉ;2026-05-14 11:56:32
TXN-002701;CLT-0013;4733,43;Espagne;France;14;0;0;0;0;0;0;FAIBLE;2026-05-14 11:56:32
TXN-002702;CLT-0054;1468,66;Îles Caïmans;Suisse;14;0;0;25;0;0;25;MODÉRÉ;2026-05-14 11:56:32
TXN-002703;CLT-0098;827,9;Espagne;Espagne;14;0;0;0;0;0;0;FAIBLE;2026-05-14 11:56:32
TXN-002704;CLT-0009;3460,87;France;Suisse;14;0;0;0;0;0;0;FAIBLE;2026-05-14 11:56:32
TXN-002705;CLT-0031;4266,62;Espagne;Panama;14;0;0;0;20;0;20;MODÉRÉ;2026-05-14 11:56:32
TXN-002706;CLT-0044;575,72;Russie;France;14;0;0;0;0;0;0;FAIBLE;2026-05-14 11:56:32
TXN-002707;CLT-0036;2411,4;Panama;Italie;14;0;0;25;0;0;25;MODÉRÉ;2026-05-14 11:56:32
TXN-002708;CLT-0025;1772,67;Espagne;Italie;14;0;0;0;0;0;0;FAIBLE;2026-05-14 11:56:32
TXN-002709;CLT-0099;4555,49;France;Panama;14;0;0;0;20;0;20;MODÉRÉ;2026-05-14 11:56:32
TXN-002710;CLT-0089;1717,08;Allemagne;Îles Caïmans;14;0;0;0;20;0;20;MODÉRÉ;2026-05-14 11:56:32
TXN-002711;CLT-0045;4624,32;Panama;France;14;0;0;25;0;0;25;MODÉRÉ;2026-05-14 11:56:32
TXN-002712;CLT-0014;3965,4;Îles Caïmans;France;14;0;0;25;0;0;25;MODÉRÉ;2026-05-14 11:56:32
TXN-002713;CLT-0062;958,82;France;France;14;0;0;0;0;0;0;FAIBLE;2026-05-14 11:56:32
TXN-002714;CLT-0100;3725,81;Russie;Suisse;14;0;0;0;0;0;0;FAIBLE;2026-05-14 11:56:32
TXN-002715;CLT-0006;3216,21;Russie;France;14;0;0;0;0;0;0;FAIBLE;2026-05-14 11:56:32
TXN-002716;CLT-0086;2858,99;Panama;France;14;0;0;25;0;0;25;MODÉRÉ;2026-05-14 11:56:32
TXN-002717;CLT-0060;4189,22;France;Italie;14;0;0;0;0;0;0;FAIBLE;2026-05-14 11:56:32
TXN-002718;CLT-0099;2977,3;France;Panama;14;0;0;0;20;0;20;MODÉRÉ;2026-05-14 11:56:32
TXN-002719;CLT-0093;2772,39;France;Suisse;14;0;0;0;0;0;0;FAIBLE;2026-05-14 11:56:32
TXN-002720;CLT-0041;172,08;Espagne;Panama;14;0;0;0;20;0;20;MODÉRÉ;2026-05-14 11:56:32
TXN-002721;CLT-0014;2133,95;Espagne;France;14;0;0;0;0;0;0;FAIBLE;2026-05-14 11:56:32
TXN-002722;CLT-0034;4992,03;France;France;14;0;0;0;0;0;0;FAIBLE;2026-05-14 11:56:32
TXN-002723;CLT-0068;4250,19;France;Allemagne;14;0;0;0;0;0;0;FAIBLE;2026-05-14 11:56:32
TXN-002724;CLT-0003;3695,76;Espagne;France;14;0;0;0;0;0;0;FAIBLE;2026-05-14 11:56:32
TXN-002725;CLT-0068;3561,88;France;Allemagne;14;0;0;0;0;0;0;FAIBLE;2026-05-14 11:56:32
TXN-002726;CLT-0099;484,83;Panama;Panama;14;0;0;25;20;0;45;ÉLEVÉ;2026-05-14 11:56:32
TXN-002727;CLT-0075;921,27;Allemagne;France;14;0;0;0;0;0;0;FAIBLE;2026-05-14 11:56:32
TXN-002728;CLT-0097;35099,5;France;Panama;14;1;40;0;20;0;60;ÉLEVÉ;2026-05-14 11:56:32
TXN-002729;CLT-0089;2749,19;Espagne;Îles Caïmans;14;0;0;0;20;0;20;MODÉRÉ;2026-05-14 11:56:32
TXN-002730;CLT-0052;3292,92;Espagne;France;14;0;0;0;0;0;0;FAIBLE;2026-05-14 11:56:32
TXN-002731;CLT-0043;2106,65;France;Suisse;14;0;0;0;0;0;0;FAIBLE;2026-05-14 11:56:32
TXN-002732;CLT-0001;16205,4;Russie;France;14;1;40;0;0;0;40;ÉLEVÉ;2026-05-14 11:56:32
TXN-002733;CLT-0070;78426,55;Espagne;Italie;14;1;40;0;0;0;40;ÉLEVÉ;2026-05-14 11:56:32
TXN-002734;CLT-0011;4698,89;France;France;14;0;0;0;0;0;0;FAIBLE;2026-05-14 11:56:32
TXN-002735;CLT-0014;4591,63;Russie;France;14;0;0;0;0;0;0;FAIBLE;2026-05-14 11:56:32
TXN-002736;CLT-0095;3543,73;Allemagne;Îles Caïmans;14;0;0;0;20;0;20;MODÉRÉ;2026-05-14 11:56:32
TXN-002737;CLT-0035;36,38;Allemagne;Espagne;14;0;0;0;0;0;0;FAIBLE;2026-05-14 11:56:32
TXN-002738;CLT-0028;1197,18;Îles Caïmans;France;14;0;0;25;0;0;25;MODÉRÉ;2026-05-14 11:56:32
TXN-002739;CLT-0018;2643,63;Îles Caïmans;Panama;14;0;0;25;20;0;45;ÉLEVÉ;2026-05-14 11:56:32
TXN-002740;CLT-0079;1445,44;Îles Caïmans;Îles Caïmans;14;0;0;25;20;0;45;ÉLEVÉ;2026-05-14 11:56:32
TXN-002741;CLT-0015;3030,23;Allemagne;France;14;0;0;0;0;0;0;FAIBLE;2026-05-14 11:56:32
TXN-002742;CLT-0024;3459,59;France;Espagne;14;0;0;0;0;0;0;FAIBLE;2026-05-14 11:56:32
TXN-002743;CLT-0006;1251,41;Allemagne;France;14;0;0;0;0;0;0;FAIBLE;2026-05-14 11:56:32
TXN-002744;CLT-0051;3658,95;Allemagne;France;14;0;0;0;0;0;0;FAIBLE;2026-05-14 11:56:32
TXN-002745;CLT-0084;571,94;France;Italie;14;0;0;0;0;0;0;FAIBLE;2026-05-14 11:56:32
TXN-002746;CLT-0044;78,66;Russie;France;14;0;0;0;0;0;0;FAIBLE;2026-05-14 11:56:32
TXN-002747;CLT-0048;71015,34;Îles Caïmans;Suisse;14;1;40;25;0;0;65;ÉLEVÉ;2026-05-14 11:56:32
TXN-002748;CLT-0057;2599,14;France;France;14;0;0;0;0;0;0;FAIBLE;2026-05-14 11:56:32
TXN-002749;CLT-0085;1772,36;Russie;Îles Caïmans;14;0;0;0;20;0;20;MODÉRÉ;2026-05-14 11:56:32
TXN-002750;CLT-0033;1376,75;Îles Caïmans;Italie;14;0;0;25;0;0;25;MODÉRÉ;2026-05-14 11:56:32
TXN-002751;CLT-0096;316,41;Espagne;Panama;14;0;0;0;20;0;20;MODÉRÉ;2026-05-14 11:56:32
TXN-002752;CLT-0019;560,98;Espagne;Espagne;14;0;0;0;0;0;0;FAIBLE;2026-05-14 11:56:32
TXN-002753;CLT-0098;3847,58;France;Espagne;14;0;0;0;0;0;0;FAIBLE;2026-05-14 11:56:32
TXN-002754;CLT-0029;1745,74;Allemagne;France;14;0;0;0;0;0;0;FAIBLE;2026-05-14 11:56:32
TXN-002755;CLT-0050;1385,32;France;Espagne;14;0;0;0;0;0;0;FAIBLE;2026-05-14 11:56:32
TXN-002756;CLT-0003;2196,27;Russie;France;14;0;0;0;0;0;0;FAIBLE;2026-05-14 11:56:32
TXN-002757;CLT-0066;4932,6;France;Espagne;14;0;0;0;0;0;0;FAIBLE;2026-05-14 11:56:32
TXN-002758;CLT-0089;1860,46;Espagne;Îles Caïmans;14;0;0;0;20;0;20;MODÉRÉ;2026-05-14 11:56:32
TXN-002759;CLT-0096;2587,24;France;Panama;14;0;0;0;20;0;20;MODÉRÉ;2026-05-14 11:56:32
TXN-002760;CLT-0031;91272,41;Espagne;Panama;14;1;40;0;20;0;60;ÉLEVÉ;2026-05-14 11:56:32
TXN-002761;CLT-0072;3791,11;France;Allemagne;14;0;0;0;0;0;0;FAIBLE;2026-05-14 11:56:32
TXN-002762;CLT-0020;4887,48;Panama;Italie;14;0;0;25;0;0;25;MODÉRÉ;2026-05-14 11:56:32
TXN-002763;CLT-0073;3850,74;France;France;14;0;0;0;0;0;0;FAIBLE;2026-05-14 11:56:32
TXN-002764;CLT-0093;944,99;Espagne;Suisse;14;0;0;0;0;0;0;FAIBLE;2026-05-14 11:56:32
TXN-002765;CLT-0081;1366,99;Panama;Îles Caïmans;14;0;0;25;20;0;45;ÉLEVÉ;2026-05-14 11:56:32
TXN-002766;CLT-0032;49051,34;France;Suisse;14;1;40;0;0;0;40;ÉLEVÉ;2026-05-14 11:56:32
TXN-002767;CLT-0069;1790,83;Russie;Panama;14;0;0;0;20;0;20;MODÉRÉ;2026-05-14 11:56:32
TXN-002768;CLT-0089;4787,93;France;Îles Caïmans;14;0;0;0;20;0;20;MODÉRÉ;2026-05-14 11:56:32
TXN-002769;CLT-0006;693,61;Russie;France;14;0;0;0;0;0;0;FAIBLE;2026-05-14 11:56:32
TXN-002770;CLT-0014;4979,82;Russie;France;14;0;0;0;0;0;0;FAIBLE;2026-05-14 11:56:32
TXN-002771;CLT-0028;1111,45;France;France;14;0;0;0;0;0;0;FAIBLE;2026-05-14 11:56:32
TXN-002772;CLT-0053;9017,71;Espagne;Espagne;14;1;40;0;0;0;40;ÉLEVÉ;2026-05-14 11:56:32
TXN-002773;CLT-0012;4450,11;Allemagne;Panama;14;0;0;0;20;0;20;MODÉRÉ;2026-05-14 11:56:32
TXN-002774;CLT-0077;476,62;Allemagne;France;14;0;0;0;0;0;0;FAIBLE;2026-05-14 11:56:32
TXN-002775;CLT-0022;67942,71;Russie;Allemagne;14;1;40;0;0;0;40;ÉLEVÉ;2026-05-14 11:56:32
TXN-002776;CLT-0043;1089,63;France;Suisse;14;0;0;0;0;0;0;FAIBLE;2026-05-14 11:56:32
TXN-002777;CLT-0036;1154,35;Îles Caïmans;Italie;14;0;0;25;0;0;25;MODÉRÉ;2026-05-14 11:56:32
TXN-002778;CLT-0072;4673,93;France;Allemagne;14;0;0;0;0;0;0;FAIBLE;2026-05-14 11:56:32
TXN-002779;CLT-0003;4903,72;Allemagne;France;14;0;0;0;0;0;0;FAIBLE;2026-05-14 11:56:32
TXN-002780;CLT-0094;793,2;Allemagne;Allemagne;14;0;0;0;0;0;0;FAIBLE;2026-05-14 11:56:32
TXN-002781;CLT-0059;996,25;Russie;Îles Caïmans;14;0;0;0;20;0;20;MODÉRÉ;2026-05-14 11:56:32
TXN-002782;CLT-0093;681,23;Panama;Suisse;14;0;0;25;0;0;25;MODÉRÉ;2026-05-14 11:56:32
TXN-002783;CLT-0088;4402,03;France;Allemagne;14;0;0;0;0;0;0;FAIBLE;2026-05-14 11:56:32
TXN-002784;CLT-0061;4169,76;France;France;14;0;0;0;0;0;0;FAIBLE;2026-05-14 11:56:32
TXN-002785;CLT-0088;185,3;France;Allemagne;14;0;0;0;0;0;0;FAIBLE;2026-05-14 11:56:32
TXN-002786;CLT-0020;21705,49;France;Italie;14;1;40;0;0;0;40;ÉLEVÉ;2026-05-14 11:56:32
TXN-002787;CLT-0035;3501,44;Panama;Espagne;14;0;0;25;0;0;25;MODÉRÉ;2026-05-14 11:56:32
TXN-002788;CLT-0069;795,41;Allemagne;Panama;14;0;0;0;20;0;20;MODÉRÉ;2026-05-14 11:56:32
TXN-002789;CLT-0057;2130,18;Panama;France;14;0;0;25;0;0;25;MODÉRÉ;2026-05-14 11:56:32
TXN-002790;CLT-0026;1078,59;Espagne;Italie;14;0;0;0;0;0;0;FAIBLE;2026-05-14 11:56:32
TXN-002791;CLT-0075;2681,88;France;France;14;0;0;0;0;0;0;FAIBLE;2026-05-14 11:56:32
TXN-002792;CLT-0069;1156,39;Russie;Panama;14;0;0;0;20;0;20;MODÉRÉ;2026-05-14 11:56:32
TXN-002793;CLT-0095;3251,78;France;Îles Caïmans;14;0;0;0;20;0;20;MODÉRÉ;2026-05-14 11:56:32
TXN-002794;CLT-0017;2699,74;France;Îles Caïmans;14;0;0;0;20;0;20;MODÉRÉ;2026-05-14 11:56:32
TXN-002795;CLT-0031;3038,44;France;Panama;14;0;0;0;20;0;20;MODÉRÉ;2026-05-14 11:56:32
TXN-002796;CLT-0034;2692,46;France;France;14;0;0;0;0;0;0;FAIBLE;2026-05-14 11:56:32
TXN-002797;CLT-0027;229,65;Allemagne;Espagne;14;0;0;0;0;0;0;FAIBLE;2026-05-14 11:56:32
TXN-002798;CLT-0080;456,02;France;France;14;0;0;0;0;0;0;FAIBLE;2026-05-14 11:56:32
TXN-002799;CLT-0095;3172,93;Russie;Îles Caïmans;14;0;0;0;20;0;20;MODÉRÉ;2026-05-14 11:56:32
TXN-002800;CLT-0004;1388,79;France;Suisse;14;0;0;0;0;0;0;FAIBLE;2026-05-14 11:56:32
TXN-002801;CLT-0004;3878,77;France;Suisse;14;0;0;0;0;0;0;FAIBLE;2026-05-14 11:56:32
TXN-002802;CLT-0075;3790,22;France;France;14;0;0;0;0;0;0;FAIBLE;2026-05-14 11:56:32
TXN-002803;CLT-0057;2409,09;Panama;France;14;0;0;25;0;0;25;MODÉRÉ;2026-05-14 11:56:32
TXN-002804;CLT-0004;62883,6;Panama;Suisse;14;1;40;25;0;0;65;ÉLEVÉ;2026-05-14 11:56:32
TXN-002805;CLT-0083;3364,17;Espagne;France;14;0;0;0;0;0;0;FAIBLE;2026-05-14 11:56:32
TXN-002806;CLT-0077;434,35;Russie;France;14;0;0;0;0;0;0;FAIBLE;2026-05-14 11:56:32
TXN-002807;CLT-0020;2615,89;Espagne;Italie;14;0;0;0;0;0;0;FAIBLE;2026-05-14 11:56:32
TXN-002808;CLT-0049;3943,67;France;France;14;0;0;0;0;0;0;FAIBLE;2026-05-14 11:56:32
TXN-002809;CLT-0077;2341,89;France;France;14;0;0;0;0;0;0;FAIBLE;2026-05-14 11:56:32
TXN-002810;CLT-0045;4430,11;France;France;14;0;0;0;0;0;0;FAIBLE;2026-05-14 11:56:32
TXN-002811;CLT-0020;2584,29;Îles Caïmans;Italie;14;0;0;25;0;0;25;MODÉRÉ;2026-05-14 11:56:32
TXN-002812;CLT-0035;1186,65;Allemagne;Espagne;14;0;0;0;0;0;0;FAIBLE;2026-05-14 11:56:32
TXN-002813;CLT-0047;1854,14;France;Îles Caïmans;14;0;0;0;20;0;20;MODÉRÉ;2026-05-14 11:56:32
TXN-002814;CLT-0071;1882,87;Russie;Îles Caïmans;14;0;0;0;20;0;20;MODÉRÉ;2026-05-14 11:56:32
TXN-002815;CLT-0078;26088,74;Russie;Suisse;14;1;40;0;0;0;40;ÉLEVÉ;2026-05-14 11:56:32
TXN-002816;CLT-0099;3934,75;France;Panama;14;0;0;0;20;0;20;MODÉRÉ;2026-05-14 11:56:32
TXN-002817;CLT-0016;13281,92;Espagne;Espagne;14;1;40;0;0;0;40;ÉLEVÉ;2026-05-14 11:56:32
TXN-002818;CLT-0068;630,08;Espagne;Allemagne;14;0;0;0;0;0;0;FAIBLE;2026-05-14 11:56:32
TXN-002819;CLT-0023;1300,72;Russie;Allemagne;14;0;0;0;0;0;0;FAIBLE;2026-05-14 11:56:32
TXN-002820;CLT-0025;4655,19;Allemagne;Italie;14;0;0;0;0;0;0;FAIBLE;2026-05-14 11:56:32
TXN-002821;CLT-0032;330,19;France;Suisse;14;0;0;0;0;0;0;FAIBLE;2026-05-14 11:56:32
TXN-002822;CLT-0038;42807,19;Espagne;Îles Caïmans;14;1;40;0;20;0;60;ÉLEVÉ;2026-05-14 11:56:32
TXN-002823;CLT-0054;801,38;Panama;Suisse;14;0;0;25;0;0;25;MODÉRÉ;2026-05-14 11:56:32
TXN-002824;CLT-0028;4226,75;Espagne;France;14;0;0;0;0;0;0;FAIBLE;2026-05-14 11:56:32
TXN-002825;CLT-0006;1266,73;Espagne;France;14;0;0;0;0;0;0;FAIBLE;2026-05-14 11:56:32
TXN-002826;CLT-0046;3161,85;Espagne;France;14;0;0;0;0;0;0;FAIBLE;2026-05-14 11:56:32
TXN-002827;CLT-0030;221,17;Panama;Allemagne;14;0;0;25;0;0;25;MODÉRÉ;2026-05-14 11:56:32
TXN-002828;CLT-0094;942,91;France;Allemagne;14;0;0;0;0;0;0;FAIBLE;2026-05-14 11:56:32
TXN-002829;CLT-0038;1545,57;France;Îles Caïmans;14;0;0;0;20;0;20;MODÉRÉ;2026-05-14 11:56:32
TXN-002830;CLT-0031;3656,59;France;Panama;14;0;0;0;20;0;20;MODÉRÉ;2026-05-14 11:56:32
TXN-002831;CLT-0060;1384,41;France;Italie;14;0;0;0;0;0;0;FAIBLE;2026-05-14 11:56:32
TXN-002832;CLT-0088;1706,25;Espagne;Allemagne;14;0;0;0;0;0;0;FAIBLE;2026-05-14 11:56:32
TXN-002833;CLT-0098;4583,26;Allemagne;Espagne;14;0;0;0;0;0;0;FAIBLE;2026-05-14 11:56:32
TXN-002834;CLT-0091;1296,01;Îles Caïmans;Allemagne;14;0;0;25;0;0;25;MODÉRÉ;2026-05-14 11:56:32
TXN-002835;CLT-0012;4035,46;Russie;Panama;14;0;0;0;20;0;20;MODÉRÉ;2026-05-14 11:56:32
TXN-002836;CLT-0070;3609,05;Allemagne;Italie;14;0;0;0;0;0;0;FAIBLE;2026-05-14 11:56:32
TXN-002837;CLT-0026;466,18;Allemagne;Italie;14;0;0;0;0;0;0;FAIBLE;2026-05-14 11:56:32
TXN-002838;CLT-0006;64030,46;France;France;14;1;40;0;0;0;40;ÉLEVÉ;2026-05-14 11:56:32
TXN-002839;CLT-0098;4781,49;Russie;Espagne;14;0;0;0;0;0;0;FAIBLE;2026-05-14 11:56:32
TXN-002840;CLT-0013;1643,93;Îles Caïmans;France;14;0;0;25;0;0;25;MODÉRÉ;2026-05-14 11:56:32
TXN-002841;CLT-0002;3604,23;France;Espagne;14;0;0;0;0;0;0;FAIBLE;2026-05-14 11:56:32
TXN-002842;CLT-0076;142,58;Panama;France;14;0;0;25;0;0;25;MODÉRÉ;2026-05-14 11:56:32
TXN-002843;CLT-0077;568,95;France;France;14;0;0;0;0;0;0;FAIBLE;2026-05-14 11:56:32
TXN-002844;CLT-0082;1892,68;Espagne;Panama;14;0;0;0;20;0;20;MODÉRÉ;2026-05-14 11:56:32
TXN-002845;CLT-0016;4116,97;France;Espagne;14;0;0;0;0;0;0;FAIBLE;2026-05-14 11:56:32
TXN-002846;CLT-0048;3403,8;Panama;Suisse;14;0;0;25;0;0;25;MODÉRÉ;2026-05-14 11:56:32
TXN-002847;CLT-0078;13041,22;France;Suisse;14;1;40;0;0;0;40;ÉLEVÉ;2026-05-14 11:56:32
TXN-002848;CLT-0037;3200,05;Espagne;Îles Caïmans;14;0;0;0;20;0;20;MODÉRÉ;2026-05-14 11:56:32
TXN-002849;CLT-0044;1991,04;France;France;14;0;0;0;0;0;0;FAIBLE;2026-05-14 11:56:32
TXN-002850;CLT-0093;2042,32;Allemagne;Suisse;14;0;0;0;0;0;0;FAIBLE;2026-05-14 11:56:32
TXN-002851;CLT-0031;2534,2;Espagne;Panama;14;0;0;0;20;0;20;MODÉRÉ;2026-05-14 11:56:32
TXN-002852;CLT-0033;2097,16;Espagne;Italie;14;0;0;0;0;0;0;FAIBLE;2026-05-14 11:56:32
TXN-002853;CLT-0047;54641,14;Panama;Îles Caïmans;14;1;40;25;20;0;85;CRITIQUE;2026-05-14 11:56:32
TXN-002854;CLT-0056;4678,61;France;Allemagne;14;0;0;0;0;0;0;FAIBLE;2026-05-14 11:56:32
TXN-002855;CLT-0006;19204,42;France;France;14;1;40;0;0;0;40;ÉLEVÉ;2026-05-14 11:56:32
TXN-002856;CLT-0051;1023,88;France;France;14;0;0;0;0;0;0;FAIBLE;2026-05-14 11:56:32
TXN-002857;CLT-0020;3816,05;France;Italie;14;0;0;0;0;0;0;FAIBLE;2026-05-14 11:56:32
TXN-002858;CLT-0023;3728,35;Espagne;Allemagne;14;0;0;0;0;0;0;FAIBLE;2026-05-14 11:56:32
TXN-002859;CLT-0066;1785,42;France;Espagne;14;0;0;0;0;0;0;FAIBLE;2026-05-14 11:56:32
TXN-002860;CLT-0063;552,78;France;Îles Caïmans;14;0;0;0;20;0;20;MODÉRÉ;2026-05-14 11:56:32
TXN-002861;CLT-0038;4919,76;France;Îles Caïmans;14;0;0;0;20;0;20;MODÉRÉ;2026-05-14 11:56:32
TXN-002862;CLT-0068;4482,84;Allemagne;Allemagne;14;0;0;0;0;0;0;FAIBLE;2026-05-14 11:56:32
TXN-002863;CLT-0071;1194,75;France;Îles Caïmans;14;0;0;0;20;0;20;MODÉRÉ;2026-05-14 11:56:32
TXN-002864;CLT-0048;1067,68;France;Suisse;14;0;0;0;0;0;0;FAIBLE;2026-05-14 11:56:32
TXN-002865;CLT-0089;66031,24;France;Îles Caïmans;14;1;40;0;20;0;60;ÉLEVÉ;2026-05-14 11:56:32
TXN-002866;CLT-0091;4966,02;Espagne;Allemagne;14;0;0;0;0;0;0;FAIBLE;2026-05-14 11:56:32
TXN-002867;CLT-0092;917,07;Espagne;Suisse;14;0;0;0;0;0;0;FAIBLE;2026-05-14 11:56:32
TXN-002868;CLT-0091;836,35;Îles Caïmans;Allemagne;14;0;0;25;0;0;25;MODÉRÉ;2026-05-14 11:56:32
TXN-002869;CLT-0100;2867,85;Russie;Suisse;14;0;0;0;0;0;0;FAIBLE;2026-05-14 11:56:32
TXN-002870;CLT-0069;53432,48;Îles Caïmans;Panama;14;1;40;25;20;0;85;CRITIQUE;2026-05-14 11:56:32
TXN-002871;CLT-0043;2848,12;France;Suisse;14;0;0;0;0;0;0;FAIBLE;2026-05-14 11:56:32
TXN-002872;CLT-0073;3863,77;Allemagne;France;14;0;0;0;0;0;0;FAIBLE;2026-05-14 11:56:32
TXN-002873;CLT-0024;4453,79;Espagne;Espagne;14;0;0;0;0;0;0;FAIBLE;2026-05-14 11:56:32
TXN-002874;CLT-0052;3883,58;France;France;14;0;0;0;0;0;0;FAIBLE;2026-05-14 11:56:32
TXN-002875;CLT-0061;3501,39;Îles Caïmans;France;14;0;0;25;0;0;25;MODÉRÉ;2026-05-14 11:56:32
TXN-002876;CLT-0004;2291,34;France;Suisse;14;0;0;0;0;0;0;FAIBLE;2026-05-14 11:56:32
TXN-002877;CLT-0067;1554,41;Allemagne;Panama;14;0;0;0;20;0;20;MODÉRÉ;2026-05-14 11:56:32
TXN-002878;CLT-0084;3316,09;France;Italie;14;0;0;0;0;0;0;FAIBLE;2026-05-14 11:56:32
TXN-002879;CLT-0037;2810,15;Panama;Îles Caïmans;14;0;0;25;20;0;45;ÉLEVÉ;2026-05-14 11:56:32
TXN-002880;CLT-0019;4437,54;Îles Caïmans;Espagne;14;0;0;25;0;0;25;MODÉRÉ;2026-05-14 11:56:32
TXN-002881;CLT-0052;2750,77;Panama;France;14;0;0;25;0;0;25;MODÉRÉ;2026-05-14 11:56:32
TXN-002882;CLT-0035;741,6;Îles Caïmans;Espagne;14;0;0;25;0;0;25;MODÉRÉ;2026-05-14 11:56:32
TXN-002883;CLT-0010;1730,14;France;Îles Caïmans;14;0;0;0;20;0;20;MODÉRÉ;2026-05-14 11:56:32
TXN-002884;CLT-0087;4045,62;Allemagne;Italie;14;0;0;0;0;0;0;FAIBLE;2026-05-14 11:56:32
TXN-002885;CLT-0097;1575,34;Espagne;Panama;14;0;0;0;20;0;20;MODÉRÉ;2026-05-14 11:56:32
TXN-002886;CLT-0070;3888,32;Allemagne;Italie;14;0;0;0;0;0;0;FAIBLE;2026-05-14 11:56:32
TXN-002887;CLT-0035;3867,99;France;Espagne;14;0;0;0;0;0;0;FAIBLE;2026-05-14 11:56:32
TXN-002888;CLT-0001;829,58;Îles Caïmans;France;14;0;0;25;0;0;25;MODÉRÉ;2026-05-14 11:56:32
TXN-002889;CLT-0009;4537,62;France;Suisse;14;0;0;0;0;0;0;FAIBLE;2026-05-14 11:56:32
TXN-002890;CLT-0026;3818,64;France;Italie;14;0;0;0;0;0;0;FAIBLE;2026-05-14 11:56:32
TXN-002891;CLT-0004;4073,43;France;Suisse;14;0;0;0;0;0;0;FAIBLE;2026-05-14 11:56:32
TXN-002892;CLT-0036;289,37;Espagne;Italie;14;0;0;0;0;0;0;FAIBLE;2026-05-14 11:56:32
TXN-002893;CLT-0007;375,08;Îles Caïmans;Suisse;14;0;0;25;0;0;25;MODÉRÉ;2026-05-14 11:56:32
TXN-002894;CLT-0026;4315,86;Russie;Italie;14;0;0;0;0;0;0;FAIBLE;2026-05-14 11:56:32
TXN-002895;CLT-0094;3138,62;Allemagne;Allemagne;14;0;0;0;0;0;0;FAIBLE;2026-05-14 11:56:32
TXN-002896;CLT-0057;1357,91;Espagne;France;14;0;0;0;0;0;0;FAIBLE;2026-05-14 11:56:32
TXN-002897;CLT-0018;300,33;Îles Caïmans;Panama;14;0;0;25;20;0;45;ÉLEVÉ;2026-05-14 11:56:32
TXN-002898;CLT-0003;2985,6;France;France;14;0;0;0;0;0;0;FAIBLE;2026-05-14 11:56:32
TXN-002899;CLT-0061;2465,55;France;France;14;0;0;0;0;0;0;FAIBLE;2026-05-14 11:56:32
TXN-002900;CLT-0009;2831,45;France;Suisse;14;0;0;0;0;0;0;FAIBLE;2026-05-14 11:56:32
TXN-002901;CLT-0034;2624,67;Allemagne;France;14;0;0;0;0;0;0;FAIBLE;2026-05-14 11:56:32
TXN-002902;CLT-0017;2274,79;Panama;Îles Caïmans;14;0;0;25;20;0;45;ÉLEVÉ;2026-05-14 11:56:32
TXN-002903;CLT-0052;864,53;Russie;France;14;0;0;0;0;0;0;FAIBLE;2026-05-14 11:56:32
TXN-002904;CLT-0027;404,96;France;Espagne;14;0;0;0;0;0;0;FAIBLE;2026-05-14 11:56:32
TXN-002905;CLT-0015;22214,3;Îles Caïmans;France;14;1;40;25;0;0;65;ÉLEVÉ;2026-05-14 11:56:32
TXN-002906;CLT-0041;2571,34;Russie;Panama;14;0;0;0;20;0;20;MODÉRÉ;2026-05-14 11:56:32
TXN-002907;CLT-0049;2871,44;Allemagne;France;14;0;0;0;0;0;0;FAIBLE;2026-05-14 11:56:32
TXN-002908;CLT-0070;380,94;Espagne;Italie;14;0;0;0;0;0;0;FAIBLE;2026-05-14 11:56:32
TXN-002909;CLT-0075;255,43;France;France;14;0;0;0;0;0;0;FAIBLE;2026-05-14 11:56:32
TXN-002910;CLT-0006;42416,2;Îles Caïmans;France;14;1;40;25;0;0;65;ÉLEVÉ;2026-05-14 11:56:32
TXN-002911;CLT-0058;4974,69;Espagne;France;14;0;0;0;0;0;0;FAIBLE;2026-05-14 11:56:32
TXN-002912;CLT-0014;1997,81;Russie;France;14;0;0;0;0;0;0;FAIBLE;2026-05-14 11:56:32
TXN-002913;CLT-0022;2503,29;France;Allemagne;14;0;0;0;0;0;0;FAIBLE;2026-05-14 11:56:32
TXN-002914;CLT-0063;22048,49;France;Îles Caïmans;14;1;40;0;20;0;60;ÉLEVÉ;2026-05-14 11:56:32
TXN-002915;CLT-0054;24824,53;Panama;Suisse;14;1;40;25;0;0;65;ÉLEVÉ;2026-05-14 11:56:32
TXN-002916;CLT-0078;2461,62;Allemagne;Suisse;14;0;0;0;0;0;0;FAIBLE;2026-05-14 11:56:32
TXN-002917;CLT-0070;4334,25;France;Italie;14;0;0;0;0;0;0;FAIBLE;2026-05-14 11:56:32
TXN-002918;CLT-0041;894,31;France;Panama;14;0;0;0;20;0;20;MODÉRÉ;2026-05-14 11:56:32
TXN-002919;CLT-0095;2866,4;Russie;Îles Caïmans;14;0;0;0;20;0;20;MODÉRÉ;2026-05-14 11:56:32
TXN-002920;CLT-0055;2947,17;France;Espagne;14;0;0;0;0;0;0;FAIBLE;2026-05-14 11:56:32
TXN-002921;CLT-0064;3503,56;Îles Caïmans;France;14;0;0;25;0;0;25;MODÉRÉ;2026-05-14 11:56:32
TXN-002922;CLT-0047;4039,95;Îles Caïmans;Îles Caïmans;14;0;0;25;20;0;45;ÉLEVÉ;2026-05-14 11:56:32
TXN-002923;CLT-0024;430,92;Panama;Espagne;14;0;0;25;0;0;25;MODÉRÉ;2026-05-14 11:56:32
TXN-002924;CLT-0087;804,49;France;Italie;14;0;0;0;0;0;0;FAIBLE;2026-05-14 11:56:32
TXN-002925;CLT-0014;2699,98;Îles Caïmans;France;14;0;0;25;0;0;25;MODÉRÉ;2026-05-14 11:56:32
TXN-002926;CLT-0084;3665,12;France;Italie;14;0;0;0;0;0;0;FAIBLE;2026-05-14 11:56:32
TXN-002927;CLT-0051;702,33;France;France;14;0;0;0;0;0;0;FAIBLE;2026-05-14 11:56:32
TXN-002928;CLT-0035;2675,95;Îles Caïmans;Espagne;14;0;0;25;0;0;25;MODÉRÉ;2026-05-14 11:56:32
TXN-002929;CLT-0003;2713,87;France;France;14;0;0;0;0;0;0;FAIBLE;2026-05-14 11:56:32
TXN-002930;CLT-0005;198,56;Allemagne;Panama;14;0;0;0;20;0;20;MODÉRÉ;2026-05-14 11:56:32
TXN-002931;CLT-0092;2715,99;Espagne;Suisse;14;0;0;0;0;0;0;FAIBLE;2026-05-14 11:56:32
TXN-002932;CLT-0044;1497,7;France;France;14;0;0;0;0;0;0;FAIBLE;2026-05-14 11:56:32
TXN-002933;CLT-0081;1424,99;Russie;Îles Caïmans;14;0;0;0;20;0;20;MODÉRÉ;2026-05-14 11:56:32
TXN-002934;CLT-0089;3758,36;France;Îles Caïmans;14;0;0;0;20;0;20;MODÉRÉ;2026-05-14 11:56:32
TXN-002935;CLT-0052;903,42;Îles Caïmans;France;14;0;0;25;0;0;25;MODÉRÉ;2026-05-14 11:56:32
TXN-002936;CLT-0024;2700,96;Russie;Espagne;14;0;0;0;0;0;0;FAIBLE;2026-05-14 11:56:32
TXN-002937;CLT-0009;3903,44;Russie;Suisse;14;0;0;0;0;0;0;FAIBLE;2026-05-14 11:56:32
TXN-002938;CLT-0020;2467,43;Îles Caïmans;Italie;14;0;0;25;0;0;25;MODÉRÉ;2026-05-14 11:56:32
TXN-002939;CLT-0017;3595,51;Allemagne;Îles Caïmans;14;0;0;0;20;0;20;MODÉRÉ;2026-05-14 11:56:32
TXN-002940;CLT-0069;3751,32;France;Panama;14;0;0;0;20;0;20;MODÉRÉ;2026-05-14 11:56:32
TXN-002941;CLT-0031;939,32;France;Panama;14;0;0;0;20;0;20;MODÉRÉ;2026-05-14 11:56:32
TXN-002942;CLT-0047;4416,27;Îles Caïmans;Îles Caïmans;14;0;0;25;20;0;45;ÉLEVÉ;2026-05-14 11:56:32
TXN-002943;CLT-0073;1666,07;France;France;14;0;0;0;0;0;0;FAIBLE;2026-05-14 11:56:32
TXN-002944;CLT-0023;847,92;Panama;Allemagne;14;0;0;25;0;0;25;MODÉRÉ;2026-05-14 11:56:32
TXN-002945;CLT-0051;920,95;Îles Caïmans;France;14;0;0;25;0;0;25;MODÉRÉ;2026-05-14 11:56:32
TXN-002946;CLT-0038;1771,57;Allemagne;Îles Caïmans;14;0;0;0;20;0;20;MODÉRÉ;2026-05-14 11:56:32
TXN-002947;CLT-0095;674,16;Espagne;Îles Caïmans;14;0;0;0;20;0;20;MODÉRÉ;2026-05-14 11:56:32
TXN-002948;CLT-0025;4153,24;France;Italie;14;0;0;0;0;0;0;FAIBLE;2026-05-14 11:56:32
TXN-002949;CLT-0088;830,46;France;Allemagne;14;0;0;0;0;0;0;FAIBLE;2026-05-14 11:56:32
TXN-002950;CLT-0023;1696,06;Îles Caïmans;Allemagne;14;0;0;25;0;0;25;MODÉRÉ;2026-05-14 11:56:32
TXN-002951;CLT-0076;2881,46;Allemagne;France;14;0;0;0;0;0;0;FAIBLE;2026-05-14 11:56:32
TXN-002952;CLT-0048;3043,61;Allemagne;Suisse;14;0;0;0;0;0;0;FAIBLE;2026-05-14 11:56:32
TXN-002953;CLT-0072;4698,5;Panama;Allemagne;14;0;0;25;0;0;25;MODÉRÉ;2026-05-14 11:56:32
TXN-002954;CLT-0067;4758,63;Îles Caïmans;Panama;14;0;0;25;20;0;45;ÉLEVÉ;2026-05-14 11:56:32
TXN-002955;CLT-0079;2797,84;Russie;Îles Caïmans;14;0;0;0;20;0;20;MODÉRÉ;2026-05-14 11:56:32
TXN-002956;CLT-0029;1443,65;Allemagne;France;14;0;0;0;0;0;0;FAIBLE;2026-05-14 11:56:32
TXN-002957;CLT-0066;3119,67;France;Espagne;14;0;0;0;0;0;0;FAIBLE;2026-05-14 11:56:32
TXN-002958;CLT-0077;574,85;France;France;14;0;0;0;0;0;0;FAIBLE;2026-05-14 11:56:32
TXN-002959;CLT-0043;53374,21;Allemagne;Suisse;14;1;40;0;0;0;40;ÉLEVÉ;2026-05-14 11:56:32
TXN-002960;CLT-0027;198,08;Espagne;Espagne;14;0;0;0;0;0;0;FAIBLE;2026-05-14 11:56:32
TXN-002961;CLT-0042;33547,55;Allemagne;Italie;14;1;40;0;0;0;40;ÉLEVÉ;2026-05-14 11:56:32
TXN-002962;CLT-0080;71417,13;Îles Caïmans;France;14;1;40;25;0;0;65;ÉLEVÉ;2026-05-14 11:56:32
TXN-002963;CLT-0013;4230,92;Îles Caïmans;France;14;0;0;25;0;0;25;MODÉRÉ;2026-05-14 11:56:32
TXN-002964;CLT-0080;1593,43;France;France;14;0;0;0;0;0;0;FAIBLE;2026-05-14 11:56:32
TXN-002965;CLT-0037;3220,13;France;Îles Caïmans;14;0;0;0;20;0;20;MODÉRÉ;2026-05-14 11:56:32
TXN-002966;CLT-0079;894,85;France;Îles Caïmans;14;0;0;0;20;0;20;MODÉRÉ;2026-05-14 11:56:32
TXN-002967;CLT-0008;2623,37;France;Suisse;14;0;0;0;0;0;0;FAIBLE;2026-05-14 11:56:32
TXN-002968;CLT-0017;43,57;Panama;Îles Caïmans;14;0;0;25;20;0;45;ÉLEVÉ;2026-05-14 11:56:32
TXN-002969;CLT-0072;4452,02;Îles Caïmans;Allemagne;14;0;0;25;0;0;25;MODÉRÉ;2026-05-14 11:56:32
TXN-002970;CLT-0065;36227,6;Russie;Îles Caïmans;14;1;40;0;20;0;60;ÉLEVÉ;2026-05-14 11:56:32
TXN-002971;CLT-0018;1404,9;Panama;Panama;14;0;0;25;20;0;45;ÉLEVÉ;2026-05-14 11:56:32
TXN-002972;CLT-0036;4915,94;Panama;Italie;14;0;0;25;0;0;25;MODÉRÉ;2026-05-14 11:56:32
TXN-002973;CLT-0041;2115,6;Espagne;Panama;14;0;0;0;20;0;20;MODÉRÉ;2026-05-14 11:56:32
TXN-002974;CLT-0016;653,2;Îles Caïmans;Espagne;14;0;0;25;0;0;25;MODÉRÉ;2026-05-14 11:56:32
TXN-002975;CLT-0006;136,72;France;France;14;0;0;0;0;0;0;FAIBLE;2026-05-14 11:56:32
TXN-002976;CLT-0076;1868,79;France;France;14;0;0;0;0;0;0;FAIBLE;2026-05-14 11:56:32
TXN-002977;CLT-0042;664,33;France;Italie;14;0;0;0;0;0;0;FAIBLE;2026-05-14 11:56:32
TXN-002978;CLT-0005;1626,64;Allemagne;Panama;14;0;0;0;20;0;20;MODÉRÉ;2026-05-14 11:56:32
TXN-002979;CLT-0088;2134,16;Espagne;Allemagne;14;0;0;0;0;0;0;FAIBLE;2026-05-14 11:56:32
TXN-002980;CLT-0079;4257,1;Îles Caïmans;Îles Caïmans;14;0;0;25;20;0;45;ÉLEVÉ;2026-05-14 11:56:32
TXN-002981;CLT-0019;4975,55;Allemagne;Espagne;14;0;0;0;0;0;0;FAIBLE;2026-05-14 11:56:32
TXN-002982;CLT-0093;4495,36;Îles Caïmans;Suisse;14;0;0;25;0;0;25;MODÉRÉ;2026-05-14 11:56:32
TXN-002983;CLT-0066;8553,79;Panama;Espagne;14;1;40;25;0;0;65;ÉLEVÉ;2026-05-14 11:56:32
TXN-002984;CLT-0068;4749,02;France;Allemagne;14;0;0;0;0;0;0;FAIBLE;2026-05-14 11:56:32
TXN-002985;CLT-0095;4040,57;Allemagne;Îles Caïmans;14;0;0;0;20;0;20;MODÉRÉ;2026-05-14 11:56:32
TXN-002986;CLT-0019;640,21;Espagne;Espagne;14;0;0;0;0;0;0;FAIBLE;2026-05-14 11:56:32
TXN-002987;CLT-0012;304,33;Allemagne;Panama;14;0;0;0;20;0;20;MODÉRÉ;2026-05-14 11:56:32
TXN-002988;CLT-0092;2452,79;Russie;Suisse;14;0;0;0;0;0;0;FAIBLE;2026-05-14 11:56:32
TXN-002989;CLT-0052;2667,24;France;France;14;0;0;0;0;0;0;FAIBLE;2026-05-14 11:56:32
TXN-002990;CLT-0045;892,94;Russie;France;14;0;0;0;0;0;0;FAIBLE;2026-05-14 11:56:32
TXN-002991;CLT-0072;3736,66;Russie;Allemagne;14;0;0;0;0;0;0;FAIBLE;2026-05-14 11:56:32
TXN-002992;CLT-0005;21463,68;France;Panama;14;1;40;0;20;0;60;ÉLEVÉ;2026-05-14 11:56:32
TXN-002993;CLT-0095;2559,53;Îles Caïmans;Îles Caïmans;14;0;0;25;20;0;45;ÉLEVÉ;2026-05-14 11:56:32
TXN-002994;CLT-0051;2773,46;France;France;14;0;0;0;0;0;0;FAIBLE;2026-05-14 11:56:32
TXN-002995;CLT-0061;4802,15;France;France;14;0;0;0;0;0;0;FAIBLE;2026-05-14 11:56:32
TXN-002996;CLT-0092;1083,19;France;Suisse;14;0;0;0;0;0;0;FAIBLE;2026-05-14 11:56:32
TXN-002997;CLT-0024;4631,17;France;Espagne;14;0;0;0;0;0;0;FAIBLE;2026-05-14 11:56:32
TXN-002998;CLT-0028;2838,7;France;France;14;0;0;0;0;0;0;FAIBLE;2026-05-14 11:56:32
TXN-002999;CLT-0085;3666,7;France;Îles Caïmans;14;0;0;0;20;0;20;MODÉRÉ;2026-05-14 11:56:32
TXN-003000;CLT-0019;1189,0;France;Espagne;14;0;0;0;0;0;0;FAIBLE;2026-05-14 11:56:32
TXN-003001;CLT-0074;1824,82;Allemagne;Allemagne;14;0;0;0;0;0;0;FAIBLE;2026-05-14 11:56:32
TXN-003002;CLT-0054;4699,08;Russie;Suisse;14;0;0;0;0;0;0;FAIBLE;2026-05-14 11:56:32
TXN-003003;CLT-0029;2320,51;Îles Caïmans;France;14;0;0;25;0;0;25;MODÉRÉ;2026-05-14 11:56:32
TXN-003004;CLT-0043;4710,07;Espagne;Suisse;14;0;0;0;0;0;0;FAIBLE;2026-05-14 11:56:32
TXN-003005;CLT-0079;4765,86;France;Îles Caïmans;14;0;0;0;20;0;20;MODÉRÉ;2026-05-14 11:56:32
TXN-003006;CLT-0057;3022,0;France;France;14;0;0;0;0;0;0;FAIBLE;2026-05-14 11:56:32
TXN-003007;CLT-0008;2206,31;Allemagne;Suisse;14;0;0;0;0;0;0;FAIBLE;2026-05-14 11:56:32
TXN-003008;CLT-0064;2983,52;Allemagne;France;14;0;0;0;0;0;0;FAIBLE;2026-05-14 11:56:32
TXN-003009;CLT-0018;4477,96;Allemagne;Panama;14;0;0;0;20;0;20;MODÉRÉ;2026-05-14 11:56:32
TXN-003010;CLT-0097;10442,82;France;Panama;14;1;40;0;20;0;60;ÉLEVÉ;2026-05-14 11:56:32
TXN-003011;CLT-0071;1991,69;France;Îles Caïmans;14;0;0;0;20;0;20;MODÉRÉ;2026-05-14 11:56:32
TXN-003012;CLT-0063;11868,51;Russie;Îles Caïmans;14;1;40;0;20;0;60;ÉLEVÉ;2026-05-14 11:56:32
TXN-003013;CLT-0057;2534,52;Allemagne;France;14;0;0;0;0;0;0;FAIBLE;2026-05-14 11:56:32
TXN-003014;CLT-0086;3613,0;Panama;France;14;0;0;25;0;0;25;MODÉRÉ;2026-05-14 11:56:32
TXN-003015;CLT-0008;3190,76;Allemagne;Suisse;14;0;0;0;0;0;0;FAIBLE;2026-05-14 11:56:32
TXN-003016;CLT-0050;93085,12;Panama;Espagne;14;1;40;25;0;0;65;ÉLEVÉ;2026-05-14 11:56:32
TXN-003017;CLT-0027;13777,53;France;Espagne;14;1;40;0;0;0;40;ÉLEVÉ;2026-05-14 11:56:32
TXN-003018;CLT-0022;20981,74;Panama;Allemagne;14;1;40;25;0;0;65;ÉLEVÉ;2026-05-14 11:56:32
TXN-003019;CLT-0062;471,45;Allemagne;France;14;0;0;0;0;0;0;FAIBLE;2026-05-14 11:56:32
TXN-003020;CLT-0074;79622,68;Russie;Allemagne;14;1;40;0;0;0;40;ÉLEVÉ;2026-05-14 11:56:32
TXN-003021;CLT-0012;67749,3;France;Panama;14;1;40;0;20;0;60;ÉLEVÉ;2026-05-14 11:56:32
TXN-003022;CLT-0094;12212,23;France;Allemagne;14;1;40;0;0;0;40;ÉLEVÉ;2026-05-14 11:56:32
TXN-003023;CLT-0090;599,22;Îles Caïmans;France;14;0;0;25;0;0;25;MODÉRÉ;2026-05-14 11:56:32
TXN-003024;CLT-0015;3304,31;France;France;14;0;0;0;0;0;0;FAIBLE;2026-05-14 11:56:32
TXN-003025;CLT-0017;41284,64;France;Îles Caïmans;14;1;40;0;20;0;60;ÉLEVÉ;2026-05-14 11:56:32
TXN-003026;CLT-0018;70785,35;Russie;Panama;14;1;40;0;20;0;60;ÉLEVÉ;2026-05-14 11:56:32
TXN-003027;CLT-0096;997,78;France;Panama;14;0;0;0;20;0;20;MODÉRÉ;2026-05-14 11:56:32
TXN-003028;CLT-0044;970,3;France;France;14;0;0;0;0;0;0;FAIBLE;2026-05-14 11:56:32
TXN-003029;CLT-0039;2282,16;France;France;14;0;0;0;0;0;0;FAIBLE;2026-05-14 11:56:32
TXN-003030;CLT-0013;76295,09;Espagne;France;14;1;40;0;0;0;40;ÉLEVÉ;2026-05-14 11:56:32
TXN-003031;CLT-0081;56579,63;France;Îles Caïmans;14;1;40;0;20;0;60;ÉLEVÉ;2026-05-14 11:56:32
TXN-003032;CLT-0086;4300,62;France;France;14;0;0;0;0;0;0;FAIBLE;2026-05-14 11:56:32
TXN-003033;CLT-0003;1440,7;Allemagne;France;14;0;0;0;0;0;0;FAIBLE;2026-05-14 11:56:32
TXN-003034;CLT-0093;1839,97;France;Suisse;14;0;0;0;0;0;0;FAIBLE;2026-05-14 11:56:32
TXN-003035;CLT-0028;3682,56;Panama;France;14;0;0;25;0;0;25;MODÉRÉ;2026-05-14 11:56:32
TXN-003036;CLT-0003;68426,77;Allemagne;France;14;1;40;0;0;0;40;ÉLEVÉ;2026-05-14 11:56:32
TXN-003037;CLT-0025;602,07;Panama;Italie;14;0;0;25;0;0;25;MODÉRÉ;2026-05-14 11:56:32
TXN-003038;CLT-0040;2702,8;Allemagne;Suisse;14;0;0;0;0;0;0;FAIBLE;2026-05-14 11:56:32
TXN-003039;CLT-0096;1304,19;France;Panama;14;0;0;0;20;0;20;MODÉRÉ;2026-05-14 11:56:32
TXN-003040;CLT-0055;49921,16;Panama;Espagne;14;1;40;25;0;0;65;ÉLEVÉ;2026-05-14 11:56:32
TXN-003041;CLT-0064;2401,76;France;France;14;0;0;0;0;0;0;FAIBLE;2026-05-14 11:56:32
TXN-003042;CLT-0093;3100,93;Îles Caïmans;Suisse;14;0;0;25;0;0;25;MODÉRÉ;2026-05-14 11:56:32
TXN-003043;CLT-0030;2958,16;France;Allemagne;14;0;0;0;0;0;0;FAIBLE;2026-05-14 11:56:32
TXN-003044;CLT-0044;2659,93;Espagne;France;14;0;0;0;0;0;0;FAIBLE;2026-05-14 11:56:32
TXN-003045;CLT-0081;801,41;Allemagne;Îles Caïmans;14;0;0;0;20;0;20;MODÉRÉ;2026-05-14 11:56:32
TXN-003046;CLT-0032;4333,61;France;Suisse;14;0;0;0;0;0;0;FAIBLE;2026-05-14 11:56:32
TXN-003047;CLT-0064;39597,25;Russie;France;14;1;40;0;0;0;40;ÉLEVÉ;2026-05-14 11:56:32
TXN-003048;CLT-0080;4466,28;Panama;France;14;0;0;25;0;0;25;MODÉRÉ;2026-05-14 11:56:32
TXN-003049;CLT-0048;3388,57;Îles Caïmans;Suisse;14;0;0;25;0;0;25;MODÉRÉ;2026-05-14 11:56:32
TXN-003050;CLT-0062;4729,39;France;France;14;0;0;0;0;0;0;FAIBLE;2026-05-14 11:56:32
TXN-003051;CLT-0001;1262,99;France;France;14;0;0;0;0;0;0;FAIBLE;2026-05-14 11:56:32
TXN-003052;CLT-0016;3848,09;Allemagne;Espagne;14;0;0;0;0;0;0;FAIBLE;2026-05-14 11:56:32
TXN-003053;CLT-0071;87297,71;France;Îles Caïmans;14;1;40;0;20;0;60;ÉLEVÉ;2026-05-14 11:56:32
TXN-003054;CLT-0063;1388,09;Îles Caïmans;Îles Caïmans;14;0;0;25;20;0;45;ÉLEVÉ;2026-05-14 11:56:32
TXN-003055;CLT-0013;2726,42;Russie;France;14;0;0;0;0;0;0;FAIBLE;2026-05-14 11:56:32
TXN-003056;CLT-0044;59569,02;Russie;France;14;1;40;0;0;0;40;ÉLEVÉ;2026-05-14 11:56:32
TXN-003057;CLT-0058;52227,59;Allemagne;France;14;1;40;0;0;0;40;ÉLEVÉ;2026-05-14 11:56:32
TXN-003058;CLT-0011;69998,05;Espagne;France;14;1;40;0;0;0;40;ÉLEVÉ;2026-05-14 11:56:32
TXN-003059;CLT-0063;2658,16;Allemagne;Îles Caïmans;14;0;0;0;20;0;20;MODÉRÉ;2026-05-14 11:56:32
TXN-003060;CLT-0026;883,15;France;Italie;14;0;0;0;0;0;0;FAIBLE;2026-05-14 11:56:32
TXN-003061;CLT-0068;916,81;Russie;Allemagne;14;0;0;0;0;0;0;FAIBLE;2026-05-14 11:56:32
TXN-003062;CLT-0064;2153,13;Allemagne;France;14;0;0;0;0;0;0;FAIBLE;2026-05-14 11:56:32
TXN-003063;CLT-0086;8475,6;Îles Caïmans;France;14;1;40;25;0;0;65;ÉLEVÉ;2026-05-14 11:56:32
TXN-003064;CLT-0033;4051,23;Îles Caïmans;Italie;14;0;0;25;0;0;25;MODÉRÉ;2026-05-14 11:56:32
TXN-003065;CLT-0075;753,08;Allemagne;France;14;0;0;0;0;0;0;FAIBLE;2026-05-14 11:56:32
TXN-003066;CLT-0003;3500,39;France;France;14;0;0;0;0;0;0;FAIBLE;2026-05-14 11:56:32
TXN-003067;CLT-0013;2020,89;Panama;France;14;0;0;25;0;0;25;MODÉRÉ;2026-05-14 11:56:32
TXN-003068;CLT-0015;134,42;Russie;France;14;0;0;0;0;0;0;FAIBLE;2026-05-14 11:56:32
TXN-003069;CLT-0033;3336,02;France;Italie;14;0;0;0;0;0;0;FAIBLE;2026-05-14 11:56:32
TXN-003070;CLT-0070;1320,84;France;Italie;14;0;0;0;0;0;0;FAIBLE;2026-05-14 11:56:32
TXN-003071;CLT-0091;2818,97;France;Allemagne;14;0;0;0;0;0;0;FAIBLE;2026-05-14 11:56:32
TXN-003072;CLT-0009;3341,87;France;Suisse;14;0;0;0;0;0;0;FAIBLE;2026-05-14 11:56:32
TXN-003073;CLT-0005;61118,58;Espagne;Panama;14;1;40;0;20;0;60;ÉLEVÉ;2026-05-14 11:56:32
TXN-003074;CLT-0051;2993,69;Russie;France;14;0;0;0;0;0;0;FAIBLE;2026-05-14 11:56:32
TXN-003075;CLT-0060;3243,65;Russie;Italie;14;0;0;0;0;0;0;FAIBLE;2026-05-14 11:56:32
TXN-003076;CLT-0078;4070,19;Espagne;Suisse;14;0;0;0;0;0;0;FAIBLE;2026-05-14 11:56:32
TXN-003077;CLT-0020;87002,59;Russie;Italie;14;1;40;0;0;0;40;ÉLEVÉ;2026-05-14 11:56:32
TXN-003078;CLT-0074;255,03;Allemagne;Allemagne;14;0;0;0;0;0;0;FAIBLE;2026-05-14 11:56:32
TXN-003079;CLT-0056;879,24;Allemagne;Allemagne;14;0;0;0;0;0;0;FAIBLE;2026-05-14 11:56:32
TXN-003080;CLT-0076;4835,53;Espagne;France;14;0;0;0;0;0;0;FAIBLE;2026-05-14 11:56:32
TXN-003081;CLT-0058;4560,73;France;France;14;0;0;0;0;0;0;FAIBLE;2026-05-14 11:56:32
TXN-003082;CLT-0056;4556,24;France;Allemagne;14;0;0;0;0;0;0;FAIBLE;2026-05-14 11:56:32
TXN-003083;CLT-0070;264,39;France;Italie;14;0;0;0;0;0;0;FAIBLE;2026-05-14 11:56:32
TXN-003084;CLT-0085;12778,25;Espagne;Îles Caïmans;14;1;40;0;20;0;60;ÉLEVÉ;2026-05-14 11:56:32
TXN-003085;CLT-0011;88987,33;Panama;France;14;1;40;25;0;0;65;ÉLEVÉ;2026-05-14 11:56:32
TXN-003086;CLT-0066;3757,12;Russie;Espagne;14;0;0;0;0;0;0;FAIBLE;2026-05-14 11:56:32
TXN-003087;CLT-0057;4488,26;Espagne;France;14;0;0;0;0;0;0;FAIBLE;2026-05-14 11:56:32
TXN-003088;CLT-0070;2546,01;Espagne;Italie;14;0;0;0;0;0;0;FAIBLE;2026-05-14 11:56:32
TXN-003089;CLT-0058;699,82;Allemagne;France;14;0;0;0;0;0;0;FAIBLE;2026-05-14 11:56:32
TXN-003090;CLT-0048;2207,36;France;Suisse;14;0;0;0;0;0;0;FAIBLE;2026-05-14 11:56:32
TXN-003091;CLT-0034;317,96;France;France;14;0;0;0;0;0;0;FAIBLE;2026-05-14 11:56:32
TXN-003092;CLT-0012;1607,79;Allemagne;Panama;14;0;0;0;20;0;20;MODÉRÉ;2026-05-14 11:56:32
TXN-003093;CLT-0052;434,79;France;France;14;0;0;0;0;0;0;FAIBLE;2026-05-14 11:56:32
TXN-003094;CLT-0087;2559,38;Espagne;Italie;14;0;0;0;0;0;0;FAIBLE;2026-05-14 11:56:32
TXN-003095;CLT-0072;3003,51;France;Allemagne;14;0;0;0;0;0;0;FAIBLE;2026-05-14 11:56:32
TXN-003096;CLT-0086;3763,26;France;France;14;0;0;0;0;0;0;FAIBLE;2026-05-14 11:56:32
TXN-003097;CLT-0092;2948,32;Espagne;Suisse;14;0;0;0;0;0;0;FAIBLE;2026-05-14 11:56:32
TXN-003098;CLT-0055;451,3;Panama;Espagne;14;0;0;25;0;0;25;MODÉRÉ;2026-05-14 11:56:32
TXN-003099;CLT-0083;2476,83;France;France;14;0;0;0;0;0;0;FAIBLE;2026-05-14 11:56:32
TXN-003100;CLT-0071;3374,22;Allemagne;Îles Caïmans;14;0;0;0;20;0;20;MODÉRÉ;2026-05-14 11:56:32
TXN-003101;CLT-0100;1893,16;Îles Caïmans;Suisse;14;0;0;25;0;0;25;MODÉRÉ;2026-05-14 11:56:32
TXN-003102;CLT-0054;3203,59;Îles Caïmans;Suisse;14;0;0;25;0;0;25;MODÉRÉ;2026-05-14 11:56:32
TXN-003103;CLT-0079;1250,79;France;Îles Caïmans;14;0;0;0;20;0;20;MODÉRÉ;2026-05-14 11:56:32
TXN-003104;CLT-0009;2563,39;France;Suisse;14;0;0;0;0;0;0;FAIBLE;2026-05-14 11:56:32
TXN-003105;CLT-0019;1696,71;Panama;Espagne;14;0;0;25;0;0;25;MODÉRÉ;2026-05-14 11:56:32
TXN-003106;CLT-0053;1223,36;France;Espagne;14;0;0;0;0;0;0;FAIBLE;2026-05-14 11:56:32
TXN-003107;CLT-0035;92186,53;Îles Caïmans;Espagne;14;1;40;25;0;0;65;ÉLEVÉ;2026-05-14 11:56:32
TXN-003108;CLT-0006;2514,03;France;France;14;0;0;0;0;0;0;FAIBLE;2026-05-14 11:56:32
TXN-003109;CLT-0097;1981,99;Russie;Panama;14;0;0;0;20;0;20;MODÉRÉ;2026-05-14 11:56:32
TXN-003110;CLT-0080;350,07;France;France;14;0;0;0;0;0;0;FAIBLE;2026-05-14 11:56:32
TXN-003111;CLT-0076;1080,11;Panama;France;14;0;0;25;0;0;25;MODÉRÉ;2026-05-14 11:56:32
TXN-003112;CLT-0021;4935,81;Îles Caïmans;France;14;0;0;25;0;0;25;MODÉRÉ;2026-05-14 11:56:32
TXN-003113;CLT-0001;26560,91;France;France;14;1;40;0;0;0;40;ÉLEVÉ;2026-05-14 11:56:32
TXN-003114;CLT-0042;228,52;France;Italie;14;0;0;0;0;0;0;FAIBLE;2026-05-14 11:56:32
TXN-003115;CLT-0003;3901,0;Panama;France;14;0;0;25;0;0;25;MODÉRÉ;2026-05-14 11:56:32
TXN-003116;CLT-0064;1399,3;Espagne;France;14;0;0;0;0;0;0;FAIBLE;2026-05-14 11:56:32
TXN-003117;CLT-0084;16470,45;Allemagne;Italie;14;1;40;0;0;0;40;ÉLEVÉ;2026-05-14 11:56:32
TXN-003118;CLT-0054;1375,26;France;Suisse;14;0;0;0;0;0;0;FAIBLE;2026-05-14 11:56:32
TXN-003119;CLT-0099;3704,27;France;Panama;14;0;0;0;20;0;20;MODÉRÉ;2026-05-14 11:56:32
TXN-003120;CLT-0097;2976,79;France;Panama;14;0;0;0;20;0;20;MODÉRÉ;2026-05-14 11:56:32
TXN-003121;CLT-0052;4782,57;France;France;14;0;0;0;0;0;0;FAIBLE;2026-05-14 11:56:32
TXN-003122;CLT-0053;14926,89;France;Espagne;14;1;40;0;0;0;40;ÉLEVÉ;2026-05-14 11:56:32
TXN-003123;CLT-0024;4200,28;Îles Caïmans;Espagne;14;0;0;25;0;0;25;MODÉRÉ;2026-05-14 11:56:32
TXN-003124;CLT-0085;2734,12;Allemagne;Îles Caïmans;14;0;0;0;20;0;20;MODÉRÉ;2026-05-14 11:56:32
TXN-003125;CLT-0080;2913,03;Russie;France;14;0;0;0;0;0;0;FAIBLE;2026-05-14 11:56:32
TXN-003126;CLT-0040;2538,55;Panama;Suisse;14;0;0;25;0;0;25;MODÉRÉ;2026-05-14 11:56:32
TXN-003127;CLT-0085;1313,48;France;Îles Caïmans;14;0;0;0;20;0;20;MODÉRÉ;2026-05-14 11:56:32
TXN-003128;CLT-0087;19724,79;France;Italie;14;1;40;0;0;0;40;ÉLEVÉ;2026-05-14 11:56:32
TXN-003129;CLT-0032;3907,42;France;Suisse;14;0;0;0;0;0;0;FAIBLE;2026-05-14 11:56:32
TXN-003130;CLT-0055;361,21;Allemagne;Espagne;14;0;0;0;0;0;0;FAIBLE;2026-05-14 11:56:32
TXN-003131;CLT-0051;2693,71;Îles Caïmans;France;14;0;0;25;0;0;25;MODÉRÉ;2026-05-14 11:56:32
TXN-003132;CLT-0083;2059,84;France;France;14;0;0;0;0;0;0;FAIBLE;2026-05-14 11:56:32
TXN-003133;CLT-0077;1306,93;Îles Caïmans;France;14;0;0;25;0;0;25;MODÉRÉ;2026-05-14 11:56:32
TXN-003134;CLT-0084;255,27;Espagne;Italie;14;0;0;0;0;0;0;FAIBLE;2026-05-14 11:56:32
TXN-003135;CLT-0033;1500,58;France;Italie;14;0;0;0;0;0;0;FAIBLE;2026-05-14 11:56:32
TXN-003136;CLT-0088;1887,91;Îles Caïmans;Allemagne;14;0;0;25;0;0;25;MODÉRÉ;2026-05-14 11:56:32
TXN-003137;CLT-0056;2058,2;France;Allemagne;14;0;0;0;0;0;0;FAIBLE;2026-05-14 11:56:32
TXN-003138;CLT-0041;76773,76;Panama;Panama;14;1;40;25;20;0;85;CRITIQUE;2026-05-14 11:56:32
TXN-003139;CLT-0004;2221,05;Russie;Suisse;14;0;0;0;0;0;0;FAIBLE;2026-05-14 11:56:32
TXN-003140;CLT-0029;1549,52;France;France;14;0;0;0;0;0;0;FAIBLE;2026-05-14 11:56:32
TXN-003141;CLT-0034;1220,16;Îles Caïmans;France;14;0;0;25;0;0;25;MODÉRÉ;2026-05-14 11:56:32
TXN-003142;CLT-0099;4272,9;Panama;Panama;14;0;0;25;20;0;45;ÉLEVÉ;2026-05-14 11:56:32
TXN-003143;CLT-0081;280,42;Panama;Îles Caïmans;14;0;0;25;20;0;45;ÉLEVÉ;2026-05-14 11:56:32
TXN-003144;CLT-0087;277,96;France;Italie;14;0;0;0;0;0;0;FAIBLE;2026-05-14 11:56:32
TXN-003145;CLT-0038;600,89;Russie;Îles Caïmans;14;0;0;0;20;0;20;MODÉRÉ;2026-05-14 11:56:32
TXN-003146;CLT-0085;4407,96;Espagne;Îles Caïmans;14;0;0;0;20;0;20;MODÉRÉ;2026-05-14 11:56:32
TXN-003147;CLT-0009;3821,41;France;Suisse;14;0;0;0;0;0;0;FAIBLE;2026-05-14 11:56:32
TXN-003148;CLT-0013;23388,34;Panama;France;14;1;40;25;0;0;65;ÉLEVÉ;2026-05-14 11:56:32
TXN-003149;CLT-0069;4260,42;Îles Caïmans;Panama;14;0;0;25;20;0;45;ÉLEVÉ;2026-05-14 11:56:32
TXN-003150;CLT-0002;40,54;Russie;Espagne;14;0;0;0;0;0;0;FAIBLE;2026-05-14 11:56:32
TXN-003151;CLT-0092;4910,07;France;Suisse;14;0;0;0;0;0;0;FAIBLE;2026-05-14 11:56:32
TXN-003152;CLT-0077;404,87;Russie;France;14;0;0;0;0;0;0;FAIBLE;2026-05-14 11:56:32
TXN-003153;CLT-0058;4487,35;Îles Caïmans;France;14;0;0;25;0;0;25;MODÉRÉ;2026-05-14 11:56:32
TXN-003154;CLT-0055;4265,18;France;Espagne;14;0;0;0;0;0;0;FAIBLE;2026-05-14 11:56:32
TXN-003155;CLT-0027;4598,41;Espagne;Espagne;14;0;0;0;0;0;0;FAIBLE;2026-05-14 11:56:32
TXN-003156;CLT-0044;3801,01;Îles Caïmans;France;14;0;0;25;0;0;25;MODÉRÉ;2026-05-14 11:56:32
TXN-003157;CLT-0097;2947,82;France;Panama;14;0;0;0;20;0;20;MODÉRÉ;2026-05-14 11:56:32
TXN-003158;CLT-0022;1758,27;Espagne;Allemagne;14;0;0;0;0;0;0;FAIBLE;2026-05-14 11:56:32
TXN-003159;CLT-0016;882,39;Allemagne;Espagne;14;0;0;0;0;0;0;FAIBLE;2026-05-14 11:56:32
TXN-003160;CLT-0097;4394,46;France;Panama;14;0;0;0;20;0;20;MODÉRÉ;2026-05-14 11:56:32
TXN-003161;CLT-0040;90177,83;Espagne;Suisse;14;1;40;0;0;0;40;ÉLEVÉ;2026-05-14 11:56:32
TXN-003162;CLT-0026;1699,31;France;Italie;14;0;0;0;0;0;0;FAIBLE;2026-05-14 11:56:32
TXN-003163;CLT-0058;24838,77;Russie;France;14;1;40;0;0;0;40;ÉLEVÉ;2026-05-14 11:56:32
TXN-003164;CLT-0058;3107,74;Îles Caïmans;France;14;0;0;25;0;0;25;MODÉRÉ;2026-05-14 11:56:32
TXN-003165;CLT-0083;1222,05;Russie;France;14;0;0;0;0;0;0;FAIBLE;2026-05-14 11:56:32
TXN-003166;CLT-0069;966,22;France;Panama;14;0;0;0;20;0;20;MODÉRÉ;2026-05-14 11:56:32
TXN-003167;CLT-0092;4489,72;France;Suisse;14;0;0;0;0;0;0;FAIBLE;2026-05-14 11:56:32
TXN-003168;CLT-0032;345,69;Espagne;Suisse;14;0;0;0;0;0;0;FAIBLE;2026-05-14 11:56:32
TXN-003169;CLT-0050;3180,35;Allemagne;Espagne;14;0;0;0;0;0;0;FAIBLE;2026-05-14 11:56:32
TXN-003170;CLT-0035;2731,14;Allemagne;Espagne;14;0;0;0;0;0;0;FAIBLE;2026-05-14 11:56:32
TXN-003171;CLT-0002;1155,3;France;Espagne;14;0;0;0;0;0;0;FAIBLE;2026-05-14 11:56:32
TXN-003172;CLT-0057;3578,63;Espagne;France;14;0;0;0;0;0;0;FAIBLE;2026-05-14 11:56:32
TXN-003173;CLT-0045;344,13;Espagne;France;14;0;0;0;0;0;0;FAIBLE;2026-05-14 11:56:32
TXN-003174;CLT-0034;4584,78;Îles Caïmans;France;14;0;0;25;0;0;25;MODÉRÉ;2026-05-14 11:56:32
TXN-003175;CLT-0047;54261,12;Russie;Îles Caïmans;14;1;40;0;20;0;60;ÉLEVÉ;2026-05-14 11:56:32
TXN-003176;CLT-0071;1095,04;France;Îles Caïmans;14;0;0;0;20;0;20;MODÉRÉ;2026-05-14 11:56:32
TXN-003177;CLT-0042;3258,05;France;Italie;14;0;0;0;0;0;0;FAIBLE;2026-05-14 11:56:32
TXN-003178;CLT-0066;47714,92;Îles Caïmans;Espagne;14;1;40;25;0;0;65;ÉLEVÉ;2026-05-14 11:56:32
TXN-003179;CLT-0076;2843,81;France;France;14;0;0;0;0;0;0;FAIBLE;2026-05-14 11:56:32
TXN-003180;CLT-0008;3824,03;Panama;Suisse;14;0;0;25;0;0;25;MODÉRÉ;2026-05-14 11:56:32
TXN-003181;CLT-0014;3518,36;Russie;France;14;0;0;0;0;0;0;FAIBLE;2026-05-14 11:56:32
TXN-003182;CLT-0005;1276,43;Îles Caïmans;Panama;14;0;0;25;20;0;45;ÉLEVÉ;2026-05-14 11:56:32
TXN-003183;CLT-0027;883,4;Allemagne;Espagne;14;0;0;0;0;0;0;FAIBLE;2026-05-14 11:56:32
TXN-003184;CLT-0031;822,04;France;Panama;14;0;0;0;20;0;20;MODÉRÉ;2026-05-14 11:56:32
TXN-003185;CLT-0085;572,52;Russie;Îles Caïmans;14;0;0;0;20;0;20;MODÉRÉ;2026-05-14 11:56:32
TXN-003186;CLT-0073;88035,7;France;France;14;1;40;0;0;0;40;ÉLEVÉ;2026-05-14 11:56:32
TXN-003187;CLT-0092;2578,27;Allemagne;Suisse;14;0;0;0;0;0;0;FAIBLE;2026-05-14 11:56:32
TXN-003188;CLT-0002;614,42;Allemagne;Espagne;14;0;0;0;0;0;0;FAIBLE;2026-05-14 11:56:32
TXN-003189;CLT-0089;20,54;Îles Caïmans;Îles Caïmans;14;0;0;25;20;0;45;ÉLEVÉ;2026-05-14 11:56:32
TXN-003190;CLT-0004;1903,22;Russie;Suisse;14;0;0;0;0;0;0;FAIBLE;2026-05-14 11:56:32
TXN-003191;CLT-0011;617,3;Allemagne;France;14;0;0;0;0;0;0;FAIBLE;2026-05-14 11:56:32
TXN-003192;CLT-0008;3986,33;Espagne;Suisse;14;0;0;0;0;0;0;FAIBLE;2026-05-14 11:56:32
TXN-003193;CLT-0011;3252,88;France;France;14;0;0;0;0;0;0;FAIBLE;2026-05-14 11:56:32
TXN-003194;CLT-0083;1389,05;Allemagne;France;14;0;0;0;0;0;0;FAIBLE;2026-05-14 11:56:32
TXN-003195;CLT-0041;2049,25;France;Panama;14;0;0;0;20;0;20;MODÉRÉ;2026-05-14 11:56:32
TXN-003196;CLT-0059;71800,17;France;Îles Caïmans;14;1;40;0;20;0;60;ÉLEVÉ;2026-05-14 11:56:32
TXN-003197;CLT-0043;79111,17;Îles Caïmans;Suisse;14;1;40;25;0;0;65;ÉLEVÉ;2026-05-14 11:56:32
TXN-003198;CLT-0089;381,92;Îles Caïmans;Îles Caïmans;14;0;0;25;20;0;45;ÉLEVÉ;2026-05-14 11:56:32
TXN-003199;CLT-0055;4485,47;France;Espagne;14;0;0;0;0;0;0;FAIBLE;2026-05-14 11:56:32
TXN-003200;CLT-0048;86733,88;France;Suisse;14;1;40;0;0;0;40;ÉLEVÉ;2026-05-14 11:56:32
TXN-003201;CLT-0037;3523,36;Russie;Îles Caïmans;14;0;0;0;20;0;20;MODÉRÉ;2026-05-14 11:56:32
TXN-003202;CLT-0076;511,85;Russie;France;14;0;0;0;0;0;0;FAIBLE;2026-05-14 11:56:32
TXN-003203;CLT-0099;61520,27;Allemagne;Panama;14;1;40;0;20;0;60;ÉLEVÉ;2026-05-14 11:56:32
TXN-003204;CLT-0071;2745,69;Îles Caïmans;Îles Caïmans;14;0;0;25;20;0;45;ÉLEVÉ;2026-05-14 11:56:32
TXN-003205;CLT-0052;2841,67;Îles Caïmans;France;14;0;0;25;0;0;25;MODÉRÉ;2026-05-14 11:56:32
TXN-003206;CLT-0030;3926,71;Îles Caïmans;Allemagne;14;0;0;25;0;0;25;MODÉRÉ;2026-05-14 11:56:32
TXN-003207;CLT-0073;2604,99;Russie;France;14;0;0;0;0;0;0;FAIBLE;2026-05-14 11:56:32
TXN-003208;CLT-0063;3413,82;France;Îles Caïmans;14;0;0;0;20;0;20;MODÉRÉ;2026-05-14 11:56:32
TXN-003209;CLT-0055;1861,27;Panama;Espagne;14;0;0;25;0;0;25;MODÉRÉ;2026-05-14 11:56:32
TXN-003210;CLT-0049;396,9;Allemagne;France;14;0;0;0;0;0;0;FAIBLE;2026-05-14 11:56:32
TXN-003211;CLT-0056;90064,32;Russie;Allemagne;14;1;40;0;0;0;40;ÉLEVÉ;2026-05-14 11:56:32
TXN-003212;CLT-0072;3158,99;Îles Caïmans;Allemagne;14;0;0;25;0;0;25;MODÉRÉ;2026-05-14 11:56:32
TXN-003213;CLT-0001;93066,67;Panama;France;14;1;40;25;0;0;65;ÉLEVÉ;2026-05-14 11:56:32
TXN-003214;CLT-0047;4704,32;Panama;Îles Caïmans;14;0;0;25;20;0;45;ÉLEVÉ;2026-05-14 11:56:32
TXN-003215;CLT-0059;597,71;France;Îles Caïmans;14;0;0;0;20;0;20;MODÉRÉ;2026-05-14 11:56:32
TXN-003216;CLT-0050;698,47;France;Espagne;14;0;0;0;0;0;0;FAIBLE;2026-05-14 11:56:32
TXN-003217;CLT-0083;491,89;France;France;14;0;0;0;0;0;0;FAIBLE;2026-05-14 11:56:32
TXN-003218;CLT-0052;3046,67;Îles Caïmans;France;14;0;0;25;0;0;25;MODÉRÉ;2026-05-14 11:56:32
TXN-003219;CLT-0062;821,97;France;France;14;0;0;0;0;0;0;FAIBLE;2026-05-14 11:56:32
TXN-003220;CLT-0093;4057,7;Espagne;Suisse;14;0;0;0;0;0;0;FAIBLE;2026-05-14 11:56:32
TXN-003221;CLT-0045;535,13;Panama;France;14;0;0;25;0;0;25;MODÉRÉ;2026-05-14 11:56:32
TXN-003222;CLT-0056;4176,69;France;Allemagne;14;0;0;0;0;0;0;FAIBLE;2026-05-14 11:56:32
TXN-003223;CLT-0047;58284,07;France;Îles Caïmans;14;1;40;0;20;0;60;ÉLEVÉ;2026-05-14 11:56:32
TXN-003224;CLT-0009;100,13;Allemagne;Suisse;14;0;0;0;0;0;0;FAIBLE;2026-05-14 11:56:32
TXN-003225;CLT-0036;4493,4;Russie;Italie;14;0;0;0;0;0;0;FAIBLE;2026-05-14 11:56:32
TXN-003226;CLT-0061;4138,13;France;France;14;0;0;0;0;0;0;FAIBLE;2026-05-14 11:56:32
TXN-003227;CLT-0001;3059,02;France;France;14;0;0;0;0;0;0;FAIBLE;2026-05-14 11:56:32
TXN-003228;CLT-0024;3263,23;Espagne;Espagne;14;0;0;0;0;0;0;FAIBLE;2026-05-14 11:56:32
TXN-003229;CLT-0054;1209,45;Îles Caïmans;Suisse;14;0;0;25;0;0;25;MODÉRÉ;2026-05-14 11:56:32
TXN-003230;CLT-0001;2715,8;France;France;14;0;0;0;0;0;0;FAIBLE;2026-05-14 11:56:32
TXN-003231;CLT-0083;38574,61;France;France;14;1;40;0;0;0;40;ÉLEVÉ;2026-05-14 11:56:32
TXN-003232;CLT-0079;40346,73;Russie;Îles Caïmans;14;1;40;0;20;0;60;ÉLEVÉ;2026-05-14 11:56:32
TXN-003233;CLT-0012;554,94;France;Panama;14;0;0;0;20;0;20;MODÉRÉ;2026-05-14 11:56:32
TXN-003234;CLT-0096;3740,18;Allemagne;Panama;14;0;0;0;20;0;20;MODÉRÉ;2026-05-14 11:56:32
TXN-003235;CLT-0007;4312,35;France;Suisse;14;0;0;0;0;0;0;FAIBLE;2026-05-14 11:56:32
TXN-003236;CLT-0056;173,81;Panama;Allemagne;14;0;0;25;0;0;25;MODÉRÉ;2026-05-14 11:56:32
TXN-003237;CLT-0033;32,97;Espagne;Italie;14;0;0;0;0;0;0;FAIBLE;2026-05-14 11:56:32
TXN-003238;CLT-0030;1642,87;Russie;Allemagne;14;0;0;0;0;0;0;FAIBLE;2026-05-14 11:56:32
TXN-003239;CLT-0053;2781,11;France;Espagne;14;0;0;0;0;0;0;FAIBLE;2026-05-14 11:56:32
TXN-003240;CLT-0099;1402,35;Îles Caïmans;Panama;14;0;0;25;20;0;45;ÉLEVÉ;2026-05-14 11:56:32
TXN-003241;CLT-0093;449,57;France;Suisse;14;0;0;0;0;0;0;FAIBLE;2026-05-14 11:56:32
TXN-003242;CLT-0069;1018,9;Allemagne;Panama;14;0;0;0;20;0;20;MODÉRÉ;2026-05-14 11:56:32
TXN-003243;CLT-0005;3629,51;Panama;Panama;14;0;0;25;20;0;45;ÉLEVÉ;2026-05-14 11:56:32
TXN-003244;CLT-0085;38606,17;Îles Caïmans;Îles Caïmans;14;1;40;25;20;0;85;CRITIQUE;2026-05-14 11:56:32
TXN-003245;CLT-0038;924,05;Panama;Îles Caïmans;14;0;0;25;20;0;45;ÉLEVÉ;2026-05-14 11:56:32
TXN-003246;CLT-0044;2624,85;Îles Caïmans;France;14;0;0;25;0;0;25;MODÉRÉ;2026-05-14 11:56:32
TXN-003247;CLT-0070;2034,1;France;Italie;14;0;0;0;0;0;0;FAIBLE;2026-05-14 11:56:32
TXN-003248;CLT-0071;2244,55;Espagne;Îles Caïmans;14;0;0;0;20;0;20;MODÉRÉ;2026-05-14 11:56:32
TXN-003249;CLT-0025;4655,44;Espagne;Italie;14;0;0;0;0;0;0;FAIBLE;2026-05-14 11:56:32
TXN-003250;CLT-0049;1596,42;Îles Caïmans;France;14;0;0;25;0;0;25;MODÉRÉ;2026-05-14 11:56:32
TXN-003251;CLT-0043;2705,56;Russie;Suisse;14;0;0;0;0;0;0;FAIBLE;2026-05-14 11:56:32
TXN-003252;CLT-0007;4635,79;Panama;Suisse;14;0;0;25;0;0;25;MODÉRÉ;2026-05-14 11:56:32
TXN-003253;CLT-0047;1684,46;France;Îles Caïmans;14;0;0;0;20;0;20;MODÉRÉ;2026-05-14 11:56:32
TXN-003254;CLT-0077;922,03;Panama;France;14;0;0;25;0;0;25;MODÉRÉ;2026-05-14 11:56:32
TXN-003255;CLT-0064;1629,52;France;France;14;0;0;0;0;0;0;FAIBLE;2026-05-14 11:56:32
TXN-003256;CLT-0013;3004,44;France;France;14;0;0;0;0;0;0;FAIBLE;2026-05-14 11:56:32
TXN-003257;CLT-0013;2542,48;France;France;14;0;0;0;0;0;0;FAIBLE;2026-05-14 11:56:32
TXN-003258;CLT-0057;78073,39;France;France;14;1;40;0;0;0;40;ÉLEVÉ;2026-05-14 11:56:32
TXN-003259;CLT-0004;893,97;Panama;Suisse;14;0;0;25;0;0;25;MODÉRÉ;2026-05-14 11:56:32
TXN-003260;CLT-0090;1582,48;France;France;14;0;0;0;0;0;0;FAIBLE;2026-05-14 11:56:32
TXN-003261;CLT-0018;4465,91;Russie;Panama;14;0;0;0;20;0;20;MODÉRÉ;2026-05-14 11:56:32
TXN-003262;CLT-0046;3926,82;France;France;14;0;0;0;0;0;0;FAIBLE;2026-05-14 11:56:32
TXN-003263;CLT-0007;2094,23;Panama;Suisse;14;0;0;25;0;0;25;MODÉRÉ;2026-05-14 11:56:32
TXN-003264;CLT-0045;26670,09;Espagne;France;14;1;40;0;0;0;40;ÉLEVÉ;2026-05-14 11:56:32
TXN-003265;CLT-0005;4454,08;Espagne;Panama;14;0;0;0;20;0;20;MODÉRÉ;2026-05-14 11:56:32
TXN-003266;CLT-0098;80623,56;Allemagne;Espagne;14;1;40;0;0;0;40;ÉLEVÉ;2026-05-14 11:56:32
TXN-003267;CLT-0007;2323,84;Panama;Suisse;14;0;0;25;0;0;25;MODÉRÉ;2026-05-14 11:56:32
TXN-003268;CLT-0097;4568,14;France;Panama;14;0;0;0;20;0;20;MODÉRÉ;2026-05-14 11:56:32
TXN-003269;CLT-0080;42162,33;Espagne;France;14;1;40;0;0;0;40;ÉLEVÉ;2026-05-14 11:56:32
TXN-003270;CLT-0075;70,9;France;France;14;0;0;0;0;0;0;FAIBLE;2026-05-14 11:56:32
TXN-003271;CLT-0028;639,02;France;France;14;0;0;0;0;0;0;FAIBLE;2026-05-14 11:56:32
TXN-003272;CLT-0009;3496,66;Espagne;Suisse;14;0;0;0;0;0;0;FAIBLE;2026-05-14 11:56:32
TXN-003273;CLT-0084;4550,19;France;Italie;14;0;0;0;0;0;0;FAIBLE;2026-05-14 11:56:32
TXN-003274;CLT-0048;1802,28;Panama;Suisse;14;0;0;25;0;0;25;MODÉRÉ;2026-05-14 11:56:32
TXN-003275;CLT-0005;39437,1;Îles Caïmans;Panama;14;1;40;25;20;0;85;CRITIQUE;2026-05-14 11:56:32
TXN-003276;CLT-0002;2851,28;Îles Caïmans;Espagne;14;0;0;25;0;0;25;MODÉRÉ;2026-05-14 11:56:32
TXN-003277;CLT-0008;4715,09;Îles Caïmans;Suisse;14;0;0;25;0;0;25;MODÉRÉ;2026-05-14 11:56:32
TXN-003278;CLT-0100;2392,73;Russie;Suisse;14;0;0;0;0;0;0;FAIBLE;2026-05-14 11:56:32
TXN-003279;CLT-0092;3475,0;Allemagne;Suisse;14;0;0;0;0;0;0;FAIBLE;2026-05-14 11:56:32
TXN-003280;CLT-0090;1451,99;Allemagne;France;14;0;0;0;0;0;0;FAIBLE;2026-05-14 11:56:32
TXN-003281;CLT-0049;42158,85;Panama;France;14;1;40;25;0;0;65;ÉLEVÉ;2026-05-14 11:56:32
TXN-003282;CLT-0045;1097,65;France;France;14;0;0;0;0;0;0;FAIBLE;2026-05-14 11:56:32
TXN-003283;CLT-0033;4926,99;Îles Caïmans;Italie;14;0;0;25;0;0;25;MODÉRÉ;2026-05-14 11:56:32
TXN-003284;CLT-0033;537,78;France;Italie;14;0;0;0;0;0;0;FAIBLE;2026-05-14 11:56:32
TXN-003285;CLT-0090;3310,84;Allemagne;France;14;0;0;0;0;0;0;FAIBLE;2026-05-14 11:56:32
TXN-003286;CLT-0009;1545,5;France;Suisse;14;0;0;0;0;0;0;FAIBLE;2026-05-14 11:56:32
TXN-003287;CLT-0087;3219,32;Panama;Italie;14;0;0;25;0;0;25;MODÉRÉ;2026-05-14 11:56:32
TXN-003288;CLT-0072;3189,66;Espagne;Allemagne;14;0;0;0;0;0;0;FAIBLE;2026-05-14 11:56:32
TXN-003289;CLT-0012;765,82;Îles Caïmans;Panama;14;0;0;25;20;0;45;ÉLEVÉ;2026-05-14 11:56:32
TXN-003290;CLT-0001;3974,95;Panama;France;14;0;0;25;0;0;25;MODÉRÉ;2026-05-14 11:56:32
TXN-003291;CLT-0043;4618,41;Russie;Suisse;14;0;0;0;0;0;0;FAIBLE;2026-05-14 11:56:32
TXN-003292;CLT-0012;2832,31;Îles Caïmans;Panama;14;0;0;25;20;0;45;ÉLEVÉ;2026-05-14 11:56:32
TXN-003293;CLT-0031;1982,25;France;Panama;14;0;0;0;20;0;20;MODÉRÉ;2026-05-14 11:56:32
TXN-003294;CLT-0059;4424,87;Panama;Îles Caïmans;14;0;0;25;20;0;45;ÉLEVÉ;2026-05-14 11:56:32
TXN-003295;CLT-0060;397,91;France;Italie;14;0;0;0;0;0;0;FAIBLE;2026-05-14 11:56:32
TXN-003296;CLT-0045;46707,84;Allemagne;France;14;1;40;0;0;0;40;ÉLEVÉ;2026-05-14 11:56:32
TXN-003297;CLT-0025;2758,15;France;Italie;14;0;0;0;0;0;0;FAIBLE;2026-05-14 11:56:32
TXN-003298;CLT-0022;77187,77;Panama;Allemagne;14;1;40;25;0;0;65;ÉLEVÉ;2026-05-14 11:56:32
TXN-003299;CLT-0067;2626,92;Russie;Panama;14;0;0;0;20;0;20;MODÉRÉ;2026-05-14 11:56:32
TXN-003300;CLT-0013;3435,11;France;France;14;0;0;0;0;0;0;FAIBLE;2026-05-14 11:56:32
TXN-003301;CLT-0069;2520,63;Panama;Panama;14;0;0;25;20;0;45;ÉLEVÉ;2026-05-14 11:56:32
TXN-003302;CLT-0041;416,95;Russie;Panama;14;0;0;0;20;0;20;MODÉRÉ;2026-05-14 11:56:32
TXN-003303;CLT-0089;2357,52;Îles Caïmans;Îles Caïmans;14;0;0;25;20;0;45;ÉLEVÉ;2026-05-14 11:56:32
TXN-003304;CLT-0097;231,84;Allemagne;Panama;14;0;0;0;20;0;20;MODÉRÉ;2026-05-14 11:56:32
TXN-003305;CLT-0078;3830,28;France;Suisse;14;0;0;0;0;0;0;FAIBLE;2026-05-14 11:56:32
TXN-003306;CLT-0066;1883,43;Russie;Espagne;14;0;0;0;0;0;0;FAIBLE;2026-05-14 11:56:32
TXN-003307;CLT-0043;4020,49;France;Suisse;14;0;0;0;0;0;0;FAIBLE;2026-05-14 11:56:32
TXN-003308;CLT-0022;4977,19;France;Allemagne;14;0;0;0;0;0;0;FAIBLE;2026-05-14 11:56:32
TXN-003309;CLT-0079;23454,01;France;Îles Caïmans;14;1;40;0;20;0;60;ÉLEVÉ;2026-05-14 11:56:32
TXN-003310;CLT-0018;4195,03;France;Panama;14;0;0;0;20;0;20;MODÉRÉ;2026-05-14 11:56:32
TXN-003311;CLT-0036;1394,35;France;Italie;14;0;0;0;0;0;0;FAIBLE;2026-05-14 11:56:32
TXN-003312;CLT-0009;4302,67;Panama;Suisse;14;0;0;25;0;0;25;MODÉRÉ;2026-05-14 11:56:32
TXN-003313;CLT-0002;3555,6;France;Espagne;14;0;0;0;0;0;0;FAIBLE;2026-05-14 11:56:32
TXN-003314;CLT-0036;63161,82;Allemagne;Italie;14;1;40;0;0;0;40;ÉLEVÉ;2026-05-14 11:56:32
TXN-003315;CLT-0064;661,62;France;France;14;0;0;0;0;0;0;FAIBLE;2026-05-14 11:56:32
TXN-003316;CLT-0092;525,14;France;Suisse;14;0;0;0;0;0;0;FAIBLE;2026-05-14 11:56:32
TXN-003317;CLT-0012;3798,93;Panama;Panama;14;0;0;25;20;0;45;ÉLEVÉ;2026-05-14 11:56:32
TXN-003318;CLT-0026;2041,72;France;Italie;14;0;0;0;0;0;0;FAIBLE;2026-05-14 11:56:32
TXN-003319;CLT-0057;3967,31;Russie;France;14;0;0;0;0;0;0;FAIBLE;2026-05-14 11:56:32
TXN-003320;CLT-0079;4516,44;Allemagne;Îles Caïmans;14;0;0;0;20;0;20;MODÉRÉ;2026-05-14 11:56:32
TXN-003321;CLT-0084;14180,28;France;Italie;14;1;40;0;0;0;40;ÉLEVÉ;2026-05-14 11:56:32
TXN-003322;CLT-0096;4418,47;Russie;Panama;14;0;0;0;20;0;20;MODÉRÉ;2026-05-14 11:56:32
TXN-003323;CLT-0021;4327,29;Allemagne;France;14;0;0;0;0;0;0;FAIBLE;2026-05-14 11:56:32
TXN-003324;CLT-0032;76308,76;Espagne;Suisse;14;1;40;0;0;0;40;ÉLEVÉ;2026-05-14 11:56:32
TXN-003325;CLT-0020;41677,65;France;Italie;14;1;40;0;0;0;40;ÉLEVÉ;2026-05-14 11:56:32
TXN-003326;CLT-0054;1023,09;France;Suisse;14;0;0;0;0;0;0;FAIBLE;2026-05-14 11:56:32
TXN-003327;CLT-0048;1840,79;Îles Caïmans;Suisse;14;0;0;25;0;0;25;MODÉRÉ;2026-05-14 11:56:32
TXN-003328;CLT-0050;3768,18;Îles Caïmans;Espagne;14;0;0;25;0;0;25;MODÉRÉ;2026-05-14 11:56:32
TXN-003329;CLT-0051;429,72;Panama;France;14;0;0;25;0;0;25;MODÉRÉ;2026-05-14 11:56:32
TXN-003330;CLT-0039;58565,58;Russie;France;14;1;40;0;0;0;40;ÉLEVÉ;2026-05-14 11:56:32
TXN-003331;CLT-0088;1963,67;Allemagne;Allemagne;14;0;0;0;0;0;0;FAIBLE;2026-05-14 11:56:32
TXN-003332;CLT-0002;2842,09;Îles Caïmans;Espagne;14;0;0;25;0;0;25;MODÉRÉ;2026-05-14 11:56:32
TXN-003333;CLT-0050;956,97;Îles Caïmans;Espagne;14;0;0;25;0;0;25;MODÉRÉ;2026-05-14 11:56:32
TXN-003334;CLT-0019;596,18;Allemagne;Espagne;14;0;0;0;0;0;0;FAIBLE;2026-05-14 11:56:32
TXN-003335;CLT-0084;3330,67;Panama;Italie;14;0;0;25;0;0;25;MODÉRÉ;2026-05-14 11:56:32
TXN-003336;CLT-0066;765,01;France;Espagne;14;0;0;0;0;0;0;FAIBLE;2026-05-14 11:56:32
TXN-003337;CLT-0088;2470,03;France;Allemagne;14;0;0;0;0;0;0;FAIBLE;2026-05-14 11:56:32
TXN-003338;CLT-0082;4652,22;Espagne;Panama;14;0;0;0;20;0;20;MODÉRÉ;2026-05-14 11:56:32
TXN-003339;CLT-0077;3558,97;Îles Caïmans;France;14;0;0;25;0;0;25;MODÉRÉ;2026-05-14 11:56:32
TXN-003340;CLT-0031;1013,06;Espagne;Panama;14;0;0;0;20;0;20;MODÉRÉ;2026-05-14 11:56:32
TXN-003341;CLT-0047;4870,8;Panama;Îles Caïmans;14;0;0;25;20;0;45;ÉLEVÉ;2026-05-14 11:56:32
TXN-003342;CLT-0026;1132,32;Allemagne;Italie;14;0;0;0;0;0;0;FAIBLE;2026-05-14 11:56:32
TXN-003343;CLT-0086;69457,31;Russie;France;14;1;40;0;0;0;40;ÉLEVÉ;2026-05-14 11:56:32
TXN-003344;CLT-0048;1875,57;Îles Caïmans;Suisse;14;0;0;25;0;0;25;MODÉRÉ;2026-05-14 11:56:32
TXN-003345;CLT-0064;2822,94;Russie;France;14;0;0;0;0;0;0;FAIBLE;2026-05-14 11:56:32
TXN-003346;CLT-0093;3563,41;Allemagne;Suisse;14;0;0;0;0;0;0;FAIBLE;2026-05-14 11:56:32
TXN-003347;CLT-0073;1207,25;Espagne;France;14;0;0;0;0;0;0;FAIBLE;2026-05-14 11:56:32
TXN-003348;CLT-0100;4656,65;Îles Caïmans;Suisse;14;0;0;25;0;0;25;MODÉRÉ;2026-05-14 11:56:32
TXN-003349;CLT-0036;327,27;France;Italie;14;0;0;0;0;0;0;FAIBLE;2026-05-14 11:56:32
TXN-003350;CLT-0069;1434,9;Panama;Panama;14;0;0;25;20;0;45;ÉLEVÉ;2026-05-14 11:56:32
TXN-003351;CLT-0066;4684,86;Panama;Espagne;14;0;0;25;0;0;25;MODÉRÉ;2026-05-14 11:56:32
TXN-003352;CLT-0042;2001,51;Îles Caïmans;Italie;14;0;0;25;0;0;25;MODÉRÉ;2026-05-14 11:56:32
TXN-003353;CLT-0015;4222,76;France;France;14;0;0;0;0;0;0;FAIBLE;2026-05-14 11:56:32
TXN-003354;CLT-0031;4904,38;France;Panama;14;0;0;0;20;0;20;MODÉRÉ;2026-05-14 11:56:32
TXN-003355;CLT-0007;1930,18;Allemagne;Suisse;14;0;0;0;0;0;0;FAIBLE;2026-05-14 11:56:32
TXN-003356;CLT-0015;4487,33;Panama;France;14;0;0;25;0;0;25;MODÉRÉ;2026-05-14 11:56:32
TXN-003357;CLT-0058;1075,32;Îles Caïmans;France;14;0;0;25;0;0;25;MODÉRÉ;2026-05-14 11:56:32
TXN-003358;CLT-0014;3853,9;France;France;14;0;0;0;0;0;0;FAIBLE;2026-05-14 11:56:32
TXN-003359;CLT-0064;3434,43;Panama;France;14;0;0;25;0;0;25;MODÉRÉ;2026-05-14 11:56:32
TXN-003360;CLT-0011;719,02;Russie;France;14;0;0;0;0;0;0;FAIBLE;2026-05-14 11:56:32
TXN-003361;CLT-0041;89130,28;Allemagne;Panama;14;1;40;0;20;0;60;ÉLEVÉ;2026-05-14 11:56:32
TXN-003362;CLT-0095;4847,61;Îles Caïmans;Îles Caïmans;14;0;0;25;20;0;45;ÉLEVÉ;2026-05-14 11:56:32
TXN-003363;CLT-0034;2532,37;Russie;France;14;0;0;0;0;0;0;FAIBLE;2026-05-14 11:56:32
TXN-003364;CLT-0021;51258,15;Îles Caïmans;France;14;1;40;25;0;0;65;ÉLEVÉ;2026-05-14 11:56:32
TXN-003365;CLT-0029;4377,81;Russie;France;14;0;0;0;0;0;0;FAIBLE;2026-05-14 11:56:32
TXN-003366;CLT-0088;2890,75;Îles Caïmans;Allemagne;14;0;0;25;0;0;25;MODÉRÉ;2026-05-14 11:56:32
TXN-003367;CLT-0036;2345,47;France;Italie;14;0;0;0;0;0;0;FAIBLE;2026-05-14 11:56:32
TXN-003368;CLT-0020;3150,21;France;Italie;14;0;0;0;0;0;0;FAIBLE;2026-05-14 11:56:32
TXN-003369;CLT-0084;89436,43;France;Italie;14;1;40;0;0;0;40;ÉLEVÉ;2026-05-14 11:56:32
TXN-003370;CLT-0088;88107,41;France;Allemagne;14;1;40;0;0;0;40;ÉLEVÉ;2026-05-14 11:56:32
TXN-003371;CLT-0085;24208,85;France;Îles Caïmans;14;1;40;0;20;0;60;ÉLEVÉ;2026-05-14 11:56:32
TXN-003372;CLT-0074;3025,03;Allemagne;Allemagne;14;0;0;0;0;0;0;FAIBLE;2026-05-14 11:56:32
TXN-003373;CLT-0089;2650,14;Russie;Îles Caïmans;14;0;0;0;20;0;20;MODÉRÉ;2026-05-14 11:56:32
TXN-003374;CLT-0016;4543,08;Îles Caïmans;Espagne;14;0;0;25;0;0;25;MODÉRÉ;2026-05-14 11:56:32
TXN-003375;CLT-0067;1761,81;France;Panama;14;0;0;0;20;0;20;MODÉRÉ;2026-05-14 11:56:32
TXN-003376;CLT-0024;143,68;Russie;Espagne;14;0;0;0;0;0;0;FAIBLE;2026-05-14 11:56:32
TXN-003377;CLT-0079;1726,41;Allemagne;Îles Caïmans;14;0;0;0;20;0;20;MODÉRÉ;2026-05-14 11:56:32
TXN-003378;CLT-0082;750,31;Allemagne;Panama;14;0;0;0;20;0;20;MODÉRÉ;2026-05-14 11:56:32
TXN-003379;CLT-0078;958,62;France;Suisse;14;0;0;0;0;0;0;FAIBLE;2026-05-14 11:56:32
TXN-003380;CLT-0089;39632,38;Panama;Îles Caïmans;14;1;40;25;20;0;85;CRITIQUE;2026-05-14 11:56:32
TXN-003381;CLT-0012;1140,92;Panama;Panama;14;0;0;25;20;0;45;ÉLEVÉ;2026-05-14 11:56:32
TXN-003382;CLT-0007;2353,02;Russie;Suisse;14;0;0;0;0;0;0;FAIBLE;2026-05-14 11:56:32
TXN-003383;CLT-0064;24307,07;France;France;14;1;40;0;0;0;40;ÉLEVÉ;2026-05-14 11:56:32
TXN-003384;CLT-0013;1007,52;Russie;France;14;0;0;0;0;0;0;FAIBLE;2026-05-14 11:56:32
TXN-003385;CLT-0083;42489,04;Allemagne;France;14;1;40;0;0;0;40;ÉLEVÉ;2026-05-14 11:56:32
TXN-003386;CLT-0081;2795,8;France;Îles Caïmans;14;0;0;0;20;0;20;MODÉRÉ;2026-05-14 11:56:32
TXN-003387;CLT-0056;2470,05;Espagne;Allemagne;14;0;0;0;0;0;0;FAIBLE;2026-05-14 11:56:32
TXN-003388;CLT-0057;2397,6;France;France;14;0;0;0;0;0;0;FAIBLE;2026-05-14 11:56:32
TXN-003389;CLT-0089;93231,99;France;Îles Caïmans;14;1;40;0;20;0;60;ÉLEVÉ;2026-05-14 11:56:32
TXN-003390;CLT-0003;4599,02;Espagne;France;14;0;0;0;0;0;0;FAIBLE;2026-05-14 11:56:32
TXN-003391;CLT-0086;778,3;France;France;14;0;0;0;0;0;0;FAIBLE;2026-05-14 11:56:32
TXN-003392;CLT-0081;3328,37;France;Îles Caïmans;14;0;0;0;20;0;20;MODÉRÉ;2026-05-14 11:56:32
TXN-003393;CLT-0049;1775,16;Panama;France;14;0;0;25;0;0;25;MODÉRÉ;2026-05-14 11:56:32
TXN-003394;CLT-0032;3283,89;Allemagne;Suisse;14;0;0;0;0;0;0;FAIBLE;2026-05-14 11:56:32
TXN-003395;CLT-0008;64354,62;Îles Caïmans;Suisse;14;1;40;25;0;0;65;ÉLEVÉ;2026-05-14 11:56:32
TXN-003396;CLT-0031;2463,96;Russie;Panama;14;0;0;0;20;0;20;MODÉRÉ;2026-05-14 11:56:32
TXN-003397;CLT-0040;1153,28;Panama;Suisse;14;0;0;25;0;0;25;MODÉRÉ;2026-05-14 11:56:32
TXN-003398;CLT-0029;85297,64;France;France;14;1;40;0;0;0;40;ÉLEVÉ;2026-05-14 11:56:32
TXN-003399;CLT-0085;296,09;Allemagne;Îles Caïmans;14;0;0;0;20;0;20;MODÉRÉ;2026-05-14 11:56:32
TXN-003400;CLT-0047;3603,27;France;Îles Caïmans;14;0;0;0;20;0;20;MODÉRÉ;2026-05-14 11:56:32
TXN-003401;CLT-0006;1391,48;Panama;France;14;0;0;25;0;0;25;MODÉRÉ;2026-05-14 11:56:32
TXN-003402;CLT-0081;372,88;Panama;Îles Caïmans;14;0;0;25;20;0;45;ÉLEVÉ;2026-05-14 11:56:32
TXN-003403;CLT-0010;93029,8;Panama;Îles Caïmans;14;1;40;25;20;0;85;CRITIQUE;2026-05-14 11:56:32
TXN-003404;CLT-0086;1365,38;Îles Caïmans;France;14;0;0;25;0;0;25;MODÉRÉ;2026-05-14 11:56:32
TXN-003405;CLT-0058;1065,48;Russie;France;14;0;0;0;0;0;0;FAIBLE;2026-05-14 11:56:32
TXN-003406;CLT-0001;932,47;France;France;14;0;0;0;0;0;0;FAIBLE;2026-05-14 11:56:32
TXN-003407;CLT-0086;2178,64;France;France;14;0;0;0;0;0;0;FAIBLE;2026-05-14 11:56:32
TXN-003408;CLT-0018;3263,62;France;Panama;14;0;0;0;20;0;20;MODÉRÉ;2026-05-14 11:56:32
TXN-003409;CLT-0032;4704,6;Îles Caïmans;Suisse;14;0;0;25;0;0;25;MODÉRÉ;2026-05-14 11:56:32
TXN-003410;CLT-0052;2836,98;Russie;France;14;0;0;0;0;0;0;FAIBLE;2026-05-14 11:56:32
TXN-003411;CLT-0062;833,22;France;France;14;0;0;0;0;0;0;FAIBLE;2026-05-14 11:56:32
TXN-003412;CLT-0017;4925,6;Îles Caïmans;Îles Caïmans;14;0;0;25;20;0;45;ÉLEVÉ;2026-05-14 11:56:32
TXN-003413;CLT-0090;151,31;Russie;France;14;0;0;0;0;0;0;FAIBLE;2026-05-14 11:56:32
TXN-003414;CLT-0082;2107,58;Espagne;Panama;14;0;0;0;20;0;20;MODÉRÉ;2026-05-14 11:56:32
TXN-003415;CLT-0099;3017,06;Panama;Panama;14;0;0;25;20;0;45;ÉLEVÉ;2026-05-14 11:56:32
TXN-003416;CLT-0087;164,08;Panama;Italie;14;0;0;25;0;0;25;MODÉRÉ;2026-05-14 11:56:32
TXN-003417;CLT-0021;632,2;France;France;14;0;0;0;0;0;0;FAIBLE;2026-05-14 11:56:32
TXN-003418;CLT-0063;127,36;Espagne;Îles Caïmans;14;0;0;0;20;0;20;MODÉRÉ;2026-05-14 11:56:32
TXN-003419;CLT-0037;2819,57;France;Îles Caïmans;14;0;0;0;20;0;20;MODÉRÉ;2026-05-14 11:56:32
TXN-003420;CLT-0072;15,94;Îles Caïmans;Allemagne;14;0;0;25;0;0;25;MODÉRÉ;2026-05-14 11:56:32
TXN-003421;CLT-0064;2728,33;Espagne;France;14;0;0;0;0;0;0;FAIBLE;2026-05-14 11:56:32
TXN-003422;CLT-0012;2969,5;Allemagne;Panama;14;0;0;0;20;0;20;MODÉRÉ;2026-05-14 11:56:32
TXN-003423;CLT-0005;1744,32;Panama;Panama;14;0;0;25;20;0;45;ÉLEVÉ;2026-05-14 11:56:32
TXN-003424;CLT-0041;43383,43;Russie;Panama;14;1;40;0;20;0;60;ÉLEVÉ;2026-05-14 11:56:32
TXN-003425;CLT-0035;2948,43;Îles Caïmans;Espagne;14;0;0;25;0;0;25;MODÉRÉ;2026-05-14 11:56:32
TXN-003426;CLT-0011;4814,8;Panama;France;14;0;0;25;0;0;25;MODÉRÉ;2026-05-14 11:56:32
TXN-003427;CLT-0042;68547,25;France;Italie;14;1;40;0;0;0;40;ÉLEVÉ;2026-05-14 11:56:32
TXN-003428;CLT-0023;2971,89;Panama;Allemagne;14;0;0;25;0;0;25;MODÉRÉ;2026-05-14 11:56:32
TXN-003429;CLT-0053;54024,41;Îles Caïmans;Espagne;14;1;40;25;0;0;65;ÉLEVÉ;2026-05-14 11:56:32
TXN-003430;CLT-0079;4937,37;Panama;Îles Caïmans;14;0;0;25;20;0;45;ÉLEVÉ;2026-05-14 11:56:32
TXN-003431;CLT-0053;1749,92;Allemagne;Espagne;14;0;0;0;0;0;0;FAIBLE;2026-05-14 11:56:32
TXN-003432;CLT-0038;1658,73;Espagne;Îles Caïmans;14;0;0;0;20;0;20;MODÉRÉ;2026-05-14 11:56:32
TXN-003433;CLT-0079;3929,97;Îles Caïmans;Îles Caïmans;14;0;0;25;20;0;45;ÉLEVÉ;2026-05-14 11:56:32
TXN-003434;CLT-0097;3021,37;Allemagne;Panama;14;0;0;0;20;0;20;MODÉRÉ;2026-05-14 11:56:32
TXN-003435;CLT-0036;4724,3;Russie;Italie;14;0;0;0;0;0;0;FAIBLE;2026-05-14 11:56:32
TXN-003436;CLT-0053;2878,85;France;Espagne;14;0;0;0;0;0;0;FAIBLE;2026-05-14 11:56:32
TXN-003437;CLT-0090;3383,35;France;France;14;0;0;0;0;0;0;FAIBLE;2026-05-14 11:56:32
TXN-003438;CLT-0065;12153,75;France;Îles Caïmans;14;1;40;0;20;0;60;ÉLEVÉ;2026-05-14 11:56:32
TXN-003439;CLT-0074;2390,37;Espagne;Allemagne;14;0;0;0;0;0;0;FAIBLE;2026-05-14 11:56:32
TXN-003440;CLT-0098;21719,32;Russie;Espagne;14;1;40;0;0;0;40;ÉLEVÉ;2026-05-14 11:56:32
TXN-003441;CLT-0062;68140,66;Russie;France;14;1;40;0;0;0;40;ÉLEVÉ;2026-05-14 11:56:32
TXN-003442;CLT-0045;4497,2;Espagne;France;14;0;0;0;0;0;0;FAIBLE;2026-05-14 11:56:32
TXN-003443;CLT-0044;3924,0;France;France;14;0;0;0;0;0;0;FAIBLE;2026-05-14 11:56:32
TXN-003444;CLT-0002;637,05;Espagne;Espagne;14;0;0;0;0;0;0;FAIBLE;2026-05-14 11:56:32
TXN-003445;CLT-0049;2169,86;France;France;14;0;0;0;0;0;0;FAIBLE;2026-05-14 11:56:32
TXN-003446;CLT-0004;1125,0;Panama;Suisse;14;0;0;25;0;0;25;MODÉRÉ;2026-05-14 11:56:32
TXN-003447;CLT-0094;75754,31;Panama;Allemagne;14;1;40;25;0;0;65;ÉLEVÉ;2026-05-14 11:56:32
TXN-003448;CLT-0091;4322,95;Îles Caïmans;Allemagne;14;0;0;25;0;0;25;MODÉRÉ;2026-05-14 11:56:32
TXN-003449;CLT-0087;2915,93;France;Italie;14;0;0;0;0;0;0;FAIBLE;2026-05-14 11:56:32
TXN-003450;CLT-0074;2156,92;Allemagne;Allemagne;14;0;0;0;0;0;0;FAIBLE;2026-05-14 11:56:32
TXN-003451;CLT-0071;1312,85;Allemagne;Îles Caïmans;14;0;0;0;20;0;20;MODÉRÉ;2026-05-14 11:56:32
TXN-003452;CLT-0029;1643,01;France;France;14;0;0;0;0;0;0;FAIBLE;2026-05-14 11:56:32
TXN-003453;CLT-0007;2714,78;Espagne;Suisse;14;0;0;0;0;0;0;FAIBLE;2026-05-14 11:56:32
TXN-003454;CLT-0021;960,56;France;France;14;0;0;0;0;0;0;FAIBLE;2026-05-14 11:56:32
TXN-003455;CLT-0038;982,56;Espagne;Îles Caïmans;14;0;0;0;20;0;20;MODÉRÉ;2026-05-14 11:56:32
TXN-003456;CLT-0039;3283,56;Russie;France;14;0;0;0;0;0;0;FAIBLE;2026-05-14 11:56:32
TXN-003457;CLT-0087;2084,27;France;Italie;14;0;0;0;0;0;0;FAIBLE;2026-05-14 11:56:32
TXN-003458;CLT-0041;76857,87;Espagne;Panama;14;1;40;0;20;0;60;ÉLEVÉ;2026-05-14 11:56:32
TXN-003459;CLT-0020;2917,01;Russie;Italie;14;0;0;0;0;0;0;FAIBLE;2026-05-14 11:56:32
TXN-003460;CLT-0034;1437,37;France;France;14;0;0;0;0;0;0;FAIBLE;2026-05-14 11:56:32
TXN-003461;CLT-0020;4208,95;Panama;Italie;14;0;0;25;0;0;25;MODÉRÉ;2026-05-14 11:56:32
TXN-003462;CLT-0079;825,21;Îles Caïmans;Îles Caïmans;14;0;0;25;20;0;45;ÉLEVÉ;2026-05-14 11:56:32
TXN-003463;CLT-0094;914,06;Allemagne;Allemagne;14;0;0;0;0;0;0;FAIBLE;2026-05-14 11:56:32
TXN-003464;CLT-0080;2606,37;France;France;14;0;0;0;0;0;0;FAIBLE;2026-05-14 11:56:32
TXN-003465;CLT-0074;19696,46;Allemagne;Allemagne;14;1;40;0;0;0;40;ÉLEVÉ;2026-05-14 11:56:32
TXN-003466;CLT-0029;59,7;Espagne;France;14;0;0;0;0;0;0;FAIBLE;2026-05-14 11:56:32
TXN-003467;CLT-0016;2210,46;Russie;Espagne;14;0;0;0;0;0;0;FAIBLE;2026-05-14 11:56:32
TXN-003468;CLT-0055;4080,77;Russie;Espagne;14;0;0;0;0;0;0;FAIBLE;2026-05-14 11:56:32
TXN-003469;CLT-0032;1743,39;France;Suisse;14;0;0;0;0;0;0;FAIBLE;2026-05-14 11:56:32
TXN-003470;CLT-0011;1857,27;Allemagne;France;14;0;0;0;0;0;0;FAIBLE;2026-05-14 11:56:32
TXN-003471;CLT-0063;2785,08;Allemagne;Îles Caïmans;14;0;0;0;20;0;20;MODÉRÉ;2026-05-14 11:56:32
TXN-003472;CLT-0006;31564,23;Espagne;France;14;1;40;0;0;0;40;ÉLEVÉ;2026-05-14 11:56:32
TXN-003473;CLT-0095;4733,27;France;Îles Caïmans;14;0;0;0;20;0;20;MODÉRÉ;2026-05-14 11:56:32
TXN-003474;CLT-0085;823,59;Espagne;Îles Caïmans;14;0;0;0;20;0;20;MODÉRÉ;2026-05-14 11:56:32
TXN-003475;CLT-0093;40477,09;Espagne;Suisse;14;1;40;0;0;0;40;ÉLEVÉ;2026-05-14 11:56:32
TXN-003476;CLT-0061;2736,86;Panama;France;14;0;0;25;0;0;25;MODÉRÉ;2026-05-14 11:56:32
TXN-003477;CLT-0077;2075,46;Espagne;France;14;0;0;0;0;0;0;FAIBLE;2026-05-14 11:56:32
TXN-003478;CLT-0030;39299,19;Russie;Allemagne;14;1;40;0;0;0;40;ÉLEVÉ;2026-05-14 11:56:32
TXN-003479;CLT-0019;3391,41;France;Espagne;14;0;0;0;0;0;0;FAIBLE;2026-05-14 11:56:32
TXN-003480;CLT-0075;1590,12;Îles Caïmans;France;14;0;0;25;0;0;25;MODÉRÉ;2026-05-14 11:56:32
TXN-003481;CLT-0033;2673,54;France;Italie;14;0;0;0;0;0;0;FAIBLE;2026-05-14 11:56:32
TXN-003482;CLT-0025;2432,48;France;Italie;14;0;0;0;0;0;0;FAIBLE;2026-05-14 11:56:32
TXN-003483;CLT-0012;507,65;France;Panama;14;0;0;0;20;0;20;MODÉRÉ;2026-05-14 11:56:32
TXN-003484;CLT-0031;4830,39;Îles Caïmans;Panama;14;0;0;25;20;0;45;ÉLEVÉ;2026-05-14 11:56:32
TXN-003485;CLT-0086;3716,31;Russie;France;14;0;0;0;0;0;0;FAIBLE;2026-05-14 11:56:32
TXN-003486;CLT-0038;4316,14;Allemagne;Îles Caïmans;14;0;0;0;20;0;20;MODÉRÉ;2026-05-14 11:56:32
TXN-003487;CLT-0080;1769,08;Espagne;France;14;0;0;0;0;0;0;FAIBLE;2026-05-14 11:56:32
TXN-003488;CLT-0095;899,23;Russie;Îles Caïmans;14;0;0;0;20;0;20;MODÉRÉ;2026-05-14 11:56:32
TXN-003489;CLT-0050;23268,75;Allemagne;Espagne;14;1;40;0;0;0;40;ÉLEVÉ;2026-05-14 11:56:32
TXN-003490;CLT-0003;2277,47;Espagne;France;14;0;0;0;0;0;0;FAIBLE;2026-05-14 11:56:32
TXN-003491;CLT-0049;17829,86;Espagne;France;14;1;40;0;0;0;40;ÉLEVÉ;2026-05-14 11:56:32
TXN-003492;CLT-0025;3233,78;Allemagne;Italie;14;0;0;0;0;0;0;FAIBLE;2026-05-14 11:56:32
TXN-003493;CLT-0057;1456,58;Espagne;France;14;0;0;0;0;0;0;FAIBLE;2026-05-14 11:56:32
TXN-003494;CLT-0077;2597,64;Panama;France;14;0;0;25;0;0;25;MODÉRÉ;2026-05-14 11:56:32
TXN-003495;CLT-0002;48422,37;Îles Caïmans;Espagne;14;1;40;25;0;0;65;ÉLEVÉ;2026-05-14 11:56:32
TXN-003496;CLT-0079;3424,93;Allemagne;Îles Caïmans;14;0;0;0;20;0;20;MODÉRÉ;2026-05-14 11:56:32
TXN-003497;CLT-0080;2246,49;Îles Caïmans;France;14;0;0;25;0;0;25;MODÉRÉ;2026-05-14 11:56:32
TXN-003498;CLT-0077;3293,08;Îles Caïmans;France;14;0;0;25;0;0;25;MODÉRÉ;2026-05-14 11:56:32
TXN-003499;CLT-0061;933,08;France;France;14;0;0;0;0;0;0;FAIBLE;2026-05-14 11:56:32
TXN-003500;CLT-0003;1799,88;France;France;14;0;0;0;0;0;0;FAIBLE;2026-05-14 11:56:32
TXN-003501;CLT-0019;1752,96;France;Espagne;14;0;0;0;0;0;0;FAIBLE;2026-05-14 11:56:32
TXN-003502;CLT-0020;40093,03;Espagne;Italie;14;1;40;0;0;0;40;ÉLEVÉ;2026-05-14 11:56:32
TXN-003503;CLT-0028;36064,49;France;France;14;1;40;0;0;0;40;ÉLEVÉ;2026-05-14 11:56:32
TXN-003504;CLT-0090;1585,87;Îles Caïmans;France;14;0;0;25;0;0;25;MODÉRÉ;2026-05-14 11:56:32
TXN-003505;CLT-0093;1229,38;Îles Caïmans;Suisse;14;0;0;25;0;0;25;MODÉRÉ;2026-05-14 11:56:32
TXN-003506;CLT-0086;3115,89;France;France;14;0;0;0;0;0;0;FAIBLE;2026-05-14 11:56:32
TXN-003507;CLT-0034;389,23;France;France;14;0;0;0;0;0;0;FAIBLE;2026-05-14 11:56:32
TXN-003508;CLT-0025;2760,61;France;Italie;14;0;0;0;0;0;0;FAIBLE;2026-05-14 11:56:32
TXN-003509;CLT-0006;2696,17;Allemagne;France;14;0;0;0;0;0;0;FAIBLE;2026-05-14 11:56:32
TXN-003510;CLT-0011;793,6;France;France;14;0;0;0;0;0;0;FAIBLE;2026-05-14 11:56:32
TXN-003511;CLT-0048;80108,71;France;Suisse;14;1;40;0;0;0;40;ÉLEVÉ;2026-05-14 11:56:32
TXN-003512;CLT-0070;2696,25;Russie;Italie;14;0;0;0;0;0;0;FAIBLE;2026-05-14 11:56:32
TXN-003513;CLT-0014;1496,79;France;France;14;0;0;0;0;0;0;FAIBLE;2026-05-14 11:56:32
TXN-003514;CLT-0008;1318,1;Espagne;Suisse;14;0;0;0;0;0;0;FAIBLE;2026-05-14 11:56:32
TXN-003515;CLT-0001;3752,88;Îles Caïmans;France;14;0;0;25;0;0;25;MODÉRÉ;2026-05-14 11:56:32
TXN-003516;CLT-0057;4641,06;Russie;France;14;0;0;0;0;0;0;FAIBLE;2026-05-14 11:56:32
TXN-003517;CLT-0100;1575,26;Îles Caïmans;Suisse;14;0;0;25;0;0;25;MODÉRÉ;2026-05-14 11:56:32
TXN-003518;CLT-0100;4352,38;Îles Caïmans;Suisse;14;0;0;25;0;0;25;MODÉRÉ;2026-05-14 11:56:32
TXN-003519;CLT-0024;1096,38;France;Espagne;14;0;0;0;0;0;0;FAIBLE;2026-05-14 11:56:32
TXN-003520;CLT-0023;2186,23;Allemagne;Allemagne;14;0;0;0;0;0;0;FAIBLE;2026-05-14 11:56:32
TXN-003521;CLT-0006;1535,13;France;France;14;0;0;0;0;0;0;FAIBLE;2026-05-14 11:56:32
TXN-003522;CLT-0037;2664,17;France;Îles Caïmans;14;0;0;0;20;0;20;MODÉRÉ;2026-05-14 11:56:32
TXN-003523;CLT-0020;83054,97;Espagne;Italie;14;1;40;0;0;0;40;ÉLEVÉ;2026-05-14 11:56:32
TXN-003524;CLT-0021;2638,96;Allemagne;France;14;0;0;0;0;0;0;FAIBLE;2026-05-14 11:56:32
TXN-003525;CLT-0029;55811,09;Îles Caïmans;France;14;1;40;25;0;0;65;ÉLEVÉ;2026-05-14 11:56:32
TXN-003526;CLT-0091;3690,13;France;Allemagne;14;0;0;0;0;0;0;FAIBLE;2026-05-14 11:56:32
TXN-003527;CLT-0070;89453,42;Allemagne;Italie;14;1;40;0;0;0;40;ÉLEVÉ;2026-05-14 11:56:32
TXN-003528;CLT-0001;950,87;France;France;14;0;0;0;0;0;0;FAIBLE;2026-05-14 11:56:32
TXN-003529;CLT-0068;905,51;France;Allemagne;14;0;0;0;0;0;0;FAIBLE;2026-05-14 11:56:32
TXN-003530;CLT-0054;2770,22;France;Suisse;14;0;0;0;0;0;0;FAIBLE;2026-05-14 11:56:32
TXN-003531;CLT-0008;2827,13;Russie;Suisse;14;0;0;0;0;0;0;FAIBLE;2026-05-14 11:56:32
TXN-003532;CLT-0059;3490,56;Allemagne;Îles Caïmans;14;0;0;0;20;0;20;MODÉRÉ;2026-05-14 11:56:32
TXN-003533;CLT-0027;894,78;Îles Caïmans;Espagne;14;0;0;25;0;0;25;MODÉRÉ;2026-05-14 11:56:32
TXN-003534;CLT-0028;4414,99;Îles Caïmans;France;14;0;0;25;0;0;25;MODÉRÉ;2026-05-14 11:56:32
TXN-003535;CLT-0082;425,68;Îles Caïmans;Panama;14;0;0;25;20;0;45;ÉLEVÉ;2026-05-14 11:56:32
TXN-003536;CLT-0056;2279,83;Espagne;Allemagne;14;0;0;0;0;0;0;FAIBLE;2026-05-14 11:56:32
TXN-003537;CLT-0025;552,21;France;Italie;14;0;0;0;0;0;0;FAIBLE;2026-05-14 11:56:32
TXN-003538;CLT-0020;1135,79;Allemagne;Italie;14;0;0;0;0;0;0;FAIBLE;2026-05-14 11:56:32
TXN-003539;CLT-0094;942,31;Russie;Allemagne;14;0;0;0;0;0;0;FAIBLE;2026-05-14 11:56:32
TXN-003540;CLT-0003;4690,1;Russie;France;14;0;0;0;0;0;0;FAIBLE;2026-05-14 11:56:32
TXN-003541;CLT-0055;483,91;France;Espagne;14;0;0;0;0;0;0;FAIBLE;2026-05-14 11:56:32
TXN-003542;CLT-0067;86200,29;Espagne;Panama;14;1;40;0;20;0;60;ÉLEVÉ;2026-05-14 11:56:32
TXN-003543;CLT-0060;384,55;Russie;Italie;14;0;0;0;0;0;0;FAIBLE;2026-05-14 11:56:32
TXN-003544;CLT-0089;592,73;Panama;Îles Caïmans;14;0;0;25;20;0;45;ÉLEVÉ;2026-05-14 11:56:32
TXN-003545;CLT-0083;2100,81;Espagne;France;14;0;0;0;0;0;0;FAIBLE;2026-05-14 11:56:32
TXN-003546;CLT-0003;2492,42;Îles Caïmans;France;14;0;0;25;0;0;25;MODÉRÉ;2026-05-14 11:56:32
TXN-003547;CLT-0069;3482,7;France;Panama;14;0;0;0;20;0;20;MODÉRÉ;2026-05-14 11:56:32
TXN-003548;CLT-0018;1775,97;Russie;Panama;14;0;0;0;20;0;20;MODÉRÉ;2026-05-14 11:56:32
TXN-003549;CLT-0073;3087,55;Panama;France;14;0;0;25;0;0;25;MODÉRÉ;2026-05-14 11:56:32
TXN-003550;CLT-0056;3015,7;Russie;Allemagne;14;0;0;0;0;0;0;FAIBLE;2026-05-14 11:56:32
TXN-003551;CLT-0078;4434,11;Russie;Suisse;14;0;0;0;0;0;0;FAIBLE;2026-05-14 11:56:32
TXN-003552;CLT-0053;2381,15;Espagne;Espagne;14;0;0;0;0;0;0;FAIBLE;2026-05-14 11:56:32
TXN-003553;CLT-0051;46094,93;France;France;14;1;40;0;0;0;40;ÉLEVÉ;2026-05-14 11:56:32
TXN-003554;CLT-0059;2770,7;Russie;Îles Caïmans;14;0;0;0;20;0;20;MODÉRÉ;2026-05-14 11:56:32
TXN-003555;CLT-0074;1766,2;Îles Caïmans;Allemagne;14;0;0;25;0;0;25;MODÉRÉ;2026-05-14 11:56:32
TXN-003556;CLT-0078;4768,51;Espagne;Suisse;14;0;0;0;0;0;0;FAIBLE;2026-05-14 11:56:32
TXN-003557;CLT-0059;48197,77;Panama;Îles Caïmans;14;1;40;25;20;0;85;CRITIQUE;2026-05-14 11:56:32
TXN-003558;CLT-0069;3668,05;Îles Caïmans;Panama;14;0;0;25;20;0;45;ÉLEVÉ;2026-05-14 11:56:32
TXN-003559;CLT-0034;2925,56;Panama;France;14;0;0;25;0;0;25;MODÉRÉ;2026-05-14 11:56:32
TXN-003560;CLT-0082;60628,74;Îles Caïmans;Panama;14;1;40;25;20;0;85;CRITIQUE;2026-05-14 11:56:32
TXN-003561;CLT-0016;1640,07;France;Espagne;14;0;0;0;0;0;0;FAIBLE;2026-05-14 11:56:32
TXN-003562;CLT-0051;4806,29;Espagne;France;14;0;0;0;0;0;0;FAIBLE;2026-05-14 11:56:32
TXN-003563;CLT-0070;4509,64;Espagne;Italie;14;0;0;0;0;0;0;FAIBLE;2026-05-14 11:56:32
TXN-003564;CLT-0014;1270,79;France;France;14;0;0;0;0;0;0;FAIBLE;2026-05-14 11:56:32
TXN-003565;CLT-0025;2702,72;Panama;Italie;14;0;0;25;0;0;25;MODÉRÉ;2026-05-14 11:56:32
TXN-003566;CLT-0071;3337,12;Russie;Îles Caïmans;14;0;0;0;20;0;20;MODÉRÉ;2026-05-14 11:56:32
TXN-003567;CLT-0071;4274,51;Îles Caïmans;Îles Caïmans;14;0;0;25;20;0;45;ÉLEVÉ;2026-05-14 11:56:32
TXN-003568;CLT-0058;1190,45;France;France;14;0;0;0;0;0;0;FAIBLE;2026-05-14 11:56:32
TXN-003569;CLT-0045;26518,3;Îles Caïmans;France;14;1;40;25;0;0;65;ÉLEVÉ;2026-05-14 11:56:32
TXN-003570;CLT-0046;85308,59;France;France;14;1;40;0;0;0;40;ÉLEVÉ;2026-05-14 11:56:32
TXN-003571;CLT-0038;4752,07;Espagne;Îles Caïmans;14;0;0;0;20;0;20;MODÉRÉ;2026-05-14 11:56:32
TXN-003572;CLT-0070;965,99;Îles Caïmans;Italie;14;0;0;25;0;0;25;MODÉRÉ;2026-05-14 11:56:32
TXN-003573;CLT-0093;268,41;France;Suisse;14;0;0;0;0;0;0;FAIBLE;2026-05-14 11:56:32
TXN-003574;CLT-0005;818,36;France;Panama;14;0;0;0;20;0;20;MODÉRÉ;2026-05-14 11:56:32
TXN-003575;CLT-0089;1028,18;France;Îles Caïmans;14;0;0;0;20;0;20;MODÉRÉ;2026-05-14 11:56:32
TXN-003576;CLT-0033;4595,48;France;Italie;14;0;0;0;0;0;0;FAIBLE;2026-05-14 11:56:32
TXN-003577;CLT-0055;1378,55;Îles Caïmans;Espagne;14;0;0;25;0;0;25;MODÉRÉ;2026-05-14 11:56:32
TXN-003578;CLT-0005;1877,38;France;Panama;14;0;0;0;20;0;20;MODÉRÉ;2026-05-14 11:56:32
TXN-003579;CLT-0045;638,97;Îles Caïmans;France;14;0;0;25;0;0;25;MODÉRÉ;2026-05-14 11:56:32
TXN-003580;CLT-0099;693,27;France;Panama;14;0;0;0;20;0;20;MODÉRÉ;2026-05-14 11:56:32
TXN-003581;CLT-0002;912,19;Allemagne;Espagne;14;0;0;0;0;0;0;FAIBLE;2026-05-14 11:56:32
TXN-003582;CLT-0038;3179,66;France;Îles Caïmans;14;0;0;0;20;0;20;MODÉRÉ;2026-05-14 11:56:32
TXN-003583;CLT-0039;1543,44;Espagne;France;14;0;0;0;0;0;0;FAIBLE;2026-05-14 11:56:32
TXN-003584;CLT-0029;1635,14;Îles Caïmans;France;14;0;0;25;0;0;25;MODÉRÉ;2026-05-14 11:56:32
TXN-003585;CLT-0069;490,98;Panama;Panama;14;0;0;25;20;0;45;ÉLEVÉ;2026-05-14 11:56:32
TXN-003586;CLT-0037;80247,99;Panama;Îles Caïmans;14;1;40;25;20;0;85;CRITIQUE;2026-05-14 11:56:32
TXN-003587;CLT-0008;839,46;Allemagne;Suisse;14;0;0;0;0;0;0;FAIBLE;2026-05-14 11:56:32
TXN-003588;CLT-0009;3295,48;Allemagne;Suisse;14;0;0;0;0;0;0;FAIBLE;2026-05-14 11:56:32
TXN-003589;CLT-0060;3204,06;France;Italie;14;0;0;0;0;0;0;FAIBLE;2026-05-14 11:56:32
TXN-003590;CLT-0070;1360,79;Panama;Italie;14;0;0;25;0;0;25;MODÉRÉ;2026-05-14 11:56:32
TXN-003591;CLT-0071;3564,7;France;Îles Caïmans;14;0;0;0;20;0;20;MODÉRÉ;2026-05-14 11:56:32
TXN-003592;CLT-0088;3346,28;France;Allemagne;14;0;0;0;0;0;0;FAIBLE;2026-05-14 11:56:32
TXN-003593;CLT-0015;1570,01;Panama;France;14;0;0;25;0;0;25;MODÉRÉ;2026-05-14 11:56:32
TXN-003594;CLT-0009;3078,59;Panama;Suisse;14;0;0;25;0;0;25;MODÉRÉ;2026-05-14 11:56:32
TXN-003595;CLT-0007;2650,17;Espagne;Suisse;14;0;0;0;0;0;0;FAIBLE;2026-05-14 11:56:32
TXN-003596;CLT-0040;1299,05;Russie;Suisse;14;0;0;0;0;0;0;FAIBLE;2026-05-14 11:56:32
TXN-003597;CLT-0046;1836,95;Espagne;France;14;0;0;0;0;0;0;FAIBLE;2026-05-14 11:56:32
TXN-003598;CLT-0015;2649,33;France;France;14;0;0;0;0;0;0;FAIBLE;2026-05-14 11:56:32
TXN-003599;CLT-0059;1508,4;Espagne;Îles Caïmans;14;0;0;0;20;0;20;MODÉRÉ;2026-05-14 11:56:32
TXN-003600;CLT-0005;4507,5;Allemagne;Panama;14;0;0;0;20;0;20;MODÉRÉ;2026-05-14 11:56:32
TXN-003601;CLT-0025;2676,23;Allemagne;Italie;14;0;0;0;0;0;0;FAIBLE;2026-05-14 11:56:32
TXN-003602;CLT-0089;4370,5;Allemagne;Îles Caïmans;14;0;0;0;20;0;20;MODÉRÉ;2026-05-14 11:56:32
TXN-003603;CLT-0024;2610,62;France;Espagne;14;0;0;0;0;0;0;FAIBLE;2026-05-14 11:56:32
TXN-003604;CLT-0072;2535,08;Panama;Allemagne;14;0;0;25;0;0;25;MODÉRÉ;2026-05-14 11:56:32
TXN-003605;CLT-0026;2404,8;Espagne;Italie;14;0;0;0;0;0;0;FAIBLE;2026-05-14 11:56:32
TXN-003606;CLT-0088;2179,63;Panama;Allemagne;14;0;0;25;0;0;25;MODÉRÉ;2026-05-14 11:56:32
TXN-003607;CLT-0053;2231,4;Allemagne;Espagne;14;0;0;0;0;0;0;FAIBLE;2026-05-14 11:56:32
TXN-003608;CLT-0066;3647,4;France;Espagne;14;0;0;0;0;0;0;FAIBLE;2026-05-14 11:56:32
TXN-003609;CLT-0055;4318,75;Allemagne;Espagne;14;0;0;0;0;0;0;FAIBLE;2026-05-14 11:56:32
TXN-003610;CLT-0012;4348,09;Russie;Panama;14;0;0;0;20;0;20;MODÉRÉ;2026-05-14 11:56:32
TXN-003611;CLT-0051;4668,24;France;France;14;0;0;0;0;0;0;FAIBLE;2026-05-14 11:56:32
TXN-003612;CLT-0018;1130,17;Espagne;Panama;14;0;0;0;20;0;20;MODÉRÉ;2026-05-14 11:56:32
TXN-003613;CLT-0034;3149,23;France;France;14;0;0;0;0;0;0;FAIBLE;2026-05-14 11:56:32
TXN-003614;CLT-0089;2879,83;France;Îles Caïmans;14;0;0;0;20;0;20;MODÉRÉ;2026-05-14 11:56:32
TXN-003615;CLT-0062;59815,23;France;France;14;1;40;0;0;0;40;ÉLEVÉ;2026-05-14 11:56:32
TXN-003616;CLT-0091;1177,42;France;Allemagne;14;0;0;0;0;0;0;FAIBLE;2026-05-14 11:56:32
TXN-003617;CLT-0053;15393,64;Espagne;Espagne;14;1;40;0;0;0;40;ÉLEVÉ;2026-05-14 11:56:32
TXN-003618;CLT-0050;859,3;Espagne;Espagne;14;0;0;0;0;0;0;FAIBLE;2026-05-14 11:56:32
TXN-003619;CLT-0079;4696,42;Panama;Îles Caïmans;14;0;0;25;20;0;45;ÉLEVÉ;2026-05-14 11:56:32
TXN-003620;CLT-0100;2809,59;Panama;Suisse;14;0;0;25;0;0;25;MODÉRÉ;2026-05-14 11:56:32
TXN-003621;CLT-0017;2859,36;France;Îles Caïmans;14;0;0;0;20;0;20;MODÉRÉ;2026-05-14 11:56:32
TXN-003622;CLT-0010;266,2;Russie;Îles Caïmans;14;0;0;0;20;0;20;MODÉRÉ;2026-05-14 11:56:32
TXN-003623;CLT-0081;3049,92;France;Îles Caïmans;14;0;0;0;20;0;20;MODÉRÉ;2026-05-14 11:56:32
TXN-003624;CLT-0078;2706,84;France;Suisse;14;0;0;0;0;0;0;FAIBLE;2026-05-14 11:56:32
TXN-003625;CLT-0068;4631,89;Espagne;Allemagne;14;0;0;0;0;0;0;FAIBLE;2026-05-14 11:56:32
TXN-003626;CLT-0027;4056,32;Russie;Espagne;14;0;0;0;0;0;0;FAIBLE;2026-05-14 11:56:32
TXN-003627;CLT-0067;807,78;France;Panama;14;0;0;0;20;0;20;MODÉRÉ;2026-05-14 11:56:32
TXN-003628;CLT-0027;1096,01;Panama;Espagne;14;0;0;25;0;0;25;MODÉRÉ;2026-05-14 11:56:32
TXN-003629;CLT-0100;4246,12;Allemagne;Suisse;14;0;0;0;0;0;0;FAIBLE;2026-05-14 11:56:32
TXN-003630;CLT-0011;4929,34;Panama;France;14;0;0;25;0;0;25;MODÉRÉ;2026-05-14 11:56:32
TXN-003631;CLT-0095;4438,66;France;Îles Caïmans;14;0;0;0;20;0;20;MODÉRÉ;2026-05-14 11:56:32
TXN-003632;CLT-0007;2232,02;Panama;Suisse;14;0;0;25;0;0;25;MODÉRÉ;2026-05-14 11:56:32
TXN-003633;CLT-0075;82945,55;Allemagne;France;14;1;40;0;0;0;40;ÉLEVÉ;2026-05-14 11:56:32
TXN-003634;CLT-0085;1874,61;France;Îles Caïmans;14;0;0;0;20;0;20;MODÉRÉ;2026-05-14 11:56:32
TXN-003635;CLT-0099;2328,75;Allemagne;Panama;14;0;0;0;20;0;20;MODÉRÉ;2026-05-14 11:56:32
TXN-003636;CLT-0016;42327,05;Allemagne;Espagne;14;1;40;0;0;0;40;ÉLEVÉ;2026-05-14 11:56:32
TXN-003637;CLT-0069;408,3;Russie;Panama;14;0;0;0;20;0;20;MODÉRÉ;2026-05-14 11:56:32
TXN-003638;CLT-0045;3235,13;Allemagne;France;14;0;0;0;0;0;0;FAIBLE;2026-05-14 11:56:32
TXN-003639;CLT-0089;220,89;Panama;Îles Caïmans;14;0;0;25;20;0;45;ÉLEVÉ;2026-05-14 11:56:32
TXN-003640;CLT-0092;3990,03;France;Suisse;14;0;0;0;0;0;0;FAIBLE;2026-05-14 11:56:32
TXN-003641;CLT-0039;314,37;Russie;France;14;0;0;0;0;0;0;FAIBLE;2026-05-14 11:56:32
TXN-003642;CLT-0090;357,7;Russie;France;14;0;0;0;0;0;0;FAIBLE;2026-05-14 11:56:32
TXN-003643;CLT-0057;3790,05;Allemagne;France;14;0;0;0;0;0;0;FAIBLE;2026-05-14 11:56:32
TXN-003644;CLT-0052;2553,19;Allemagne;France;14;0;0;0;0;0;0;FAIBLE;2026-05-14 11:56:32
TXN-003645;CLT-0008;1217,55;Panama;Suisse;14;0;0;25;0;0;25;MODÉRÉ;2026-05-14 11:56:32
TXN-003646;CLT-0012;4877,38;Espagne;Panama;14;0;0;0;20;0;20;MODÉRÉ;2026-05-14 11:56:32
TXN-003647;CLT-0043;1239,09;Îles Caïmans;Suisse;14;0;0;25;0;0;25;MODÉRÉ;2026-05-14 11:56:32
TXN-003648;CLT-0046;2441,84;France;France;14;0;0;0;0;0;0;FAIBLE;2026-05-14 11:56:32
TXN-003649;CLT-0087;33245,43;France;Italie;14;1;40;0;0;0;40;ÉLEVÉ;2026-05-14 11:56:32
TXN-003650;CLT-0061;4193,21;France;France;14;0;0;0;0;0;0;FAIBLE;2026-05-14 11:56:32
TXN-003651;CLT-0077;4277,75;Îles Caïmans;France;14;0;0;25;0;0;25;MODÉRÉ;2026-05-14 11:56:32
TXN-003652;CLT-0038;1722,15;France;Îles Caïmans;14;0;0;0;20;0;20;MODÉRÉ;2026-05-14 11:56:32
TXN-003653;CLT-0091;1281,89;France;Allemagne;14;0;0;0;0;0;0;FAIBLE;2026-05-14 11:56:32
TXN-003654;CLT-0060;17121,35;Allemagne;Italie;14;1;40;0;0;0;40;ÉLEVÉ;2026-05-14 11:56:32
TXN-003655;CLT-0039;4362,24;Espagne;France;14;0;0;0;0;0;0;FAIBLE;2026-05-14 11:56:32
TXN-003656;CLT-0005;40477,53;France;Panama;14;1;40;0;20;0;60;ÉLEVÉ;2026-05-14 11:56:32
TXN-003657;CLT-0034;93271,24;Russie;France;14;1;40;0;0;0;40;ÉLEVÉ;2026-05-14 11:56:32
TXN-003658;CLT-0014;2116,88;Espagne;France;14;0;0;0;0;0;0;FAIBLE;2026-05-14 11:56:32
TXN-003659;CLT-0097;2271,91;Allemagne;Panama;14;0;0;0;20;0;20;MODÉRÉ;2026-05-14 11:56:32
TXN-003660;CLT-0074;3973,29;France;Allemagne;14;0;0;0;0;0;0;FAIBLE;2026-05-14 11:56:32
TXN-003661;CLT-0097;2016,64;France;Panama;14;0;0;0;20;0;20;MODÉRÉ;2026-05-14 11:56:32
TXN-003662;CLT-0098;873,93;Russie;Espagne;14;0;0;0;0;0;0;FAIBLE;2026-05-14 11:56:32
TXN-003663;CLT-0015;4357,13;Panama;France;14;0;0;25;0;0;25;MODÉRÉ;2026-05-14 11:56:32
TXN-003664;CLT-0063;4464,86;Russie;Îles Caïmans;14;0;0;0;20;0;20;MODÉRÉ;2026-05-14 11:56:32
TXN-003665;CLT-0055;990,76;France;Espagne;14;0;0;0;0;0;0;FAIBLE;2026-05-14 11:56:32
TXN-003666;CLT-0100;3790,22;Allemagne;Suisse;14;0;0;0;0;0;0;FAIBLE;2026-05-14 11:56:32
TXN-003667;CLT-0098;1049,24;France;Espagne;14;0;0;0;0;0;0;FAIBLE;2026-05-14 11:56:32
TXN-003668;CLT-0057;1035,68;Allemagne;France;14;0;0;0;0;0;0;FAIBLE;2026-05-14 11:56:32
TXN-003669;CLT-0098;1080,1;Russie;Espagne;14;0;0;0;0;0;0;FAIBLE;2026-05-14 11:56:32
TXN-003670;CLT-0092;29842,99;France;Suisse;14;1;40;0;0;0;40;ÉLEVÉ;2026-05-14 11:56:32
TXN-003671;CLT-0025;572,46;Îles Caïmans;Italie;14;0;0;25;0;0;25;MODÉRÉ;2026-05-14 11:56:32
TXN-003672;CLT-0051;939,59;Panama;France;14;0;0;25;0;0;25;MODÉRÉ;2026-05-14 11:56:32
TXN-003673;CLT-0034;842,63;France;France;14;0;0;0;0;0;0;FAIBLE;2026-05-14 11:56:32
TXN-003674;CLT-0079;1170,89;Panama;Îles Caïmans;14;0;0;25;20;0;45;ÉLEVÉ;2026-05-14 11:56:32
TXN-003675;CLT-0098;678,41;France;Espagne;14;0;0;0;0;0;0;FAIBLE;2026-05-14 11:56:32
TXN-003676;CLT-0089;69533,02;Espagne;Îles Caïmans;14;1;40;0;20;0;60;ÉLEVÉ;2026-05-14 11:56:32
TXN-003677;CLT-0048;26712,96;France;Suisse;14;1;40;0;0;0;40;ÉLEVÉ;2026-05-14 11:56:32
TXN-003678;CLT-0040;49996,74;France;Suisse;14;1;40;0;0;0;40;ÉLEVÉ;2026-05-14 11:56:32
TXN-003679;CLT-0004;32103,16;Russie;Suisse;14;1;40;0;0;0;40;ÉLEVÉ;2026-05-14 11:56:32
TXN-003680;CLT-0074;1954,98;Allemagne;Allemagne;14;0;0;0;0;0;0;FAIBLE;2026-05-14 11:56:32
TXN-003681;CLT-0039;1872,24;France;France;14;0;0;0;0;0;0;FAIBLE;2026-05-14 11:56:32
TXN-003682;CLT-0083;1332,42;France;France;14;0;0;0;0;0;0;FAIBLE;2026-05-14 11:56:32
TXN-003683;CLT-0007;548,33;Allemagne;Suisse;14;0;0;0;0;0;0;FAIBLE;2026-05-14 11:56:32
TXN-003684;CLT-0089;2633,94;Allemagne;Îles Caïmans;14;0;0;0;20;0;20;MODÉRÉ;2026-05-14 11:56:32
TXN-003685;CLT-0052;9043,93;France;France;14;1;40;0;0;0;40;ÉLEVÉ;2026-05-14 11:56:32
TXN-003686;CLT-0005;88907,14;Panama;Panama;14;1;40;25;20;0;85;CRITIQUE;2026-05-14 11:56:32
TXN-003687;CLT-0093;1189,86;France;Suisse;14;0;0;0;0;0;0;FAIBLE;2026-05-14 11:56:32
TXN-003688;CLT-0075;991,0;France;France;14;0;0;0;0;0;0;FAIBLE;2026-05-14 11:56:32
TXN-003689;CLT-0004;2384,22;France;Suisse;14;0;0;0;0;0;0;FAIBLE;2026-05-14 11:56:32
TXN-003690;CLT-0002;691,44;Russie;Espagne;14;0;0;0;0;0;0;FAIBLE;2026-05-14 11:56:32
TXN-003691;CLT-0097;2312,78;Russie;Panama;14;0;0;0;20;0;20;MODÉRÉ;2026-05-14 11:56:32
TXN-003692;CLT-0070;476,69;France;Italie;14;0;0;0;0;0;0;FAIBLE;2026-05-14 11:56:32
TXN-003693;CLT-0084;2368,34;Russie;Italie;14;0;0;0;0;0;0;FAIBLE;2026-05-14 11:56:32
TXN-003694;CLT-0041;18435,68;Îles Caïmans;Panama;14;1;40;25;20;0;85;CRITIQUE;2026-05-14 11:56:32
TXN-003695;CLT-0073;4993,98;France;France;14;0;0;0;0;0;0;FAIBLE;2026-05-14 11:56:32
TXN-003696;CLT-0040;41,38;Îles Caïmans;Suisse;14;0;0;25;0;0;25;MODÉRÉ;2026-05-14 11:56:32
TXN-003697;CLT-0098;93118,26;Espagne;Espagne;14;1;40;0;0;0;40;ÉLEVÉ;2026-05-14 11:56:32
TXN-003698;CLT-0024;4654,06;France;Espagne;14;0;0;0;0;0;0;FAIBLE;2026-05-14 11:56:32
TXN-003699;CLT-0044;42566,09;Allemagne;France;14;1;40;0;0;0;40;ÉLEVÉ;2026-05-14 11:56:32
TXN-003700;CLT-0019;1356,69;Espagne;Espagne;14;0;0;0;0;0;0;FAIBLE;2026-05-14 11:56:32
TXN-003701;CLT-0024;4118,23;France;Espagne;14;0;0;0;0;0;0;FAIBLE;2026-05-14 11:56:32
TXN-003702;CLT-0081;921,33;Panama;Îles Caïmans;14;0;0;25;20;0;45;ÉLEVÉ;2026-05-14 11:56:32
TXN-003703;CLT-0053;88296,59;Russie;Espagne;14;1;40;0;0;0;40;ÉLEVÉ;2026-05-14 11:56:32
TXN-003704;CLT-0004;1507,54;Espagne;Suisse;14;0;0;0;0;0;0;FAIBLE;2026-05-14 11:56:32
TXN-003705;CLT-0075;4137,53;Panama;France;14;0;0;25;0;0;25;MODÉRÉ;2026-05-14 11:56:32
TXN-003706;CLT-0014;11223,82;France;France;14;1;40;0;0;0;40;ÉLEVÉ;2026-05-14 11:56:32
TXN-003707;CLT-0012;4651,4;Îles Caïmans;Panama;14;0;0;25;20;0;45;ÉLEVÉ;2026-05-14 11:56:32
TXN-003708;CLT-0037;2028,97;Îles Caïmans;Îles Caïmans;14;0;0;25;20;0;45;ÉLEVÉ;2026-05-14 11:56:32
TXN-003709;CLT-0087;2784,45;France;Italie;14;0;0;0;0;0;0;FAIBLE;2026-05-14 11:56:32
TXN-003710;CLT-0002;1903,05;Espagne;Espagne;14;0;0;0;0;0;0;FAIBLE;2026-05-14 11:56:32
TXN-003711;CLT-0096;1301,5;Russie;Panama;14;0;0;0;20;0;20;MODÉRÉ;2026-05-14 11:56:32
TXN-003712;CLT-0073;2791,88;France;France;14;0;0;0;0;0;0;FAIBLE;2026-05-14 11:56:32
TXN-003713;CLT-0017;3102,36;Îles Caïmans;Îles Caïmans;14;0;0;25;20;0;45;ÉLEVÉ;2026-05-14 11:56:32
TXN-003714;CLT-0095;261,26;Allemagne;Îles Caïmans;14;0;0;0;20;0;20;MODÉRÉ;2026-05-14 11:56:32
TXN-003715;CLT-0017;4810,12;Panama;Îles Caïmans;14;0;0;25;20;0;45;ÉLEVÉ;2026-05-14 11:56:32
TXN-003716;CLT-0066;1400,23;Espagne;Espagne;14;0;0;0;0;0;0;FAIBLE;2026-05-14 11:56:32
TXN-003717;CLT-0021;4753,41;Allemagne;France;14;0;0;0;0;0;0;FAIBLE;2026-05-14 11:56:32
TXN-003718;CLT-0036;2643,64;France;Italie;14;0;0;0;0;0;0;FAIBLE;2026-05-14 11:56:32
TXN-003719;CLT-0009;82444,42;Allemagne;Suisse;14;1;40;0;0;0;40;ÉLEVÉ;2026-05-14 11:56:32
TXN-003720;CLT-0002;2463,42;Panama;Espagne;14;0;0;25;0;0;25;MODÉRÉ;2026-05-14 11:56:32
TXN-003721;CLT-0001;26107,95;France;France;14;1;40;0;0;0;40;ÉLEVÉ;2026-05-14 11:56:32
TXN-003722;CLT-0038;53152,75;Russie;Îles Caïmans;14;1;40;0;20;0;60;ÉLEVÉ;2026-05-14 11:56:32
TXN-003723;CLT-0001;565,04;France;France;14;0;0;0;0;0;0;FAIBLE;2026-05-14 11:56:32
TXN-003724;CLT-0003;18362,65;France;France;14;1;40;0;0;0;40;ÉLEVÉ;2026-05-14 11:56:32
TXN-003725;CLT-0020;3767,31;France;Italie;14;0;0;0;0;0;0;FAIBLE;2026-05-14 11:56:32
TXN-003726;CLT-0095;1015,69;Russie;Îles Caïmans;14;0;0;0;20;0;20;MODÉRÉ;2026-05-14 11:56:32
TXN-003727;CLT-0002;3092,7;Panama;Espagne;14;0;0;25;0;0;25;MODÉRÉ;2026-05-14 11:56:32
TXN-003728;CLT-0071;4945,07;Russie;Îles Caïmans;14;0;0;0;20;0;20;MODÉRÉ;2026-05-14 11:56:32
TXN-003729;CLT-0007;1948,65;Espagne;Suisse;14;0;0;0;0;0;0;FAIBLE;2026-05-14 11:56:32
TXN-003730;CLT-0013;1252,72;Russie;France;14;0;0;0;0;0;0;FAIBLE;2026-05-14 11:56:32
TXN-003731;CLT-0041;16362,55;Panama;Panama;14;1;40;25;20;0;85;CRITIQUE;2026-05-14 11:56:32
TXN-003732;CLT-0098;1655,33;Espagne;Espagne;14;0;0;0;0;0;0;FAIBLE;2026-05-14 11:56:32
TXN-003733;CLT-0034;100,67;France;France;14;0;0;0;0;0;0;FAIBLE;2026-05-14 11:56:32
TXN-003734;CLT-0036;1626,47;Îles Caïmans;Italie;14;0;0;25;0;0;25;MODÉRÉ;2026-05-14 11:56:32
TXN-003735;CLT-0078;35983,69;Espagne;Suisse;14;1;40;0;0;0;40;ÉLEVÉ;2026-05-14 11:56:32
TXN-003736;CLT-0052;4453,95;Russie;France;14;0;0;0;0;0;0;FAIBLE;2026-05-14 11:56:32
TXN-003737;CLT-0071;12669,16;Espagne;Îles Caïmans;14;1;40;0;20;0;60;ÉLEVÉ;2026-05-14 11:56:32
TXN-003738;CLT-0091;3607,88;France;Allemagne;14;0;0;0;0;0;0;FAIBLE;2026-05-14 11:56:32
TXN-003739;CLT-0084;769,52;Russie;Italie;14;0;0;0;0;0;0;FAIBLE;2026-05-14 11:56:32
TXN-003740;CLT-0020;3837,62;France;Italie;14;0;0;0;0;0;0;FAIBLE;2026-05-14 11:56:32
TXN-003741;CLT-0064;38158,6;Panama;France;14;1;40;25;0;0;65;ÉLEVÉ;2026-05-14 11:56:32
TXN-003742;CLT-0082;2343,17;Îles Caïmans;Panama;14;0;0;25;20;0;45;ÉLEVÉ;2026-05-14 11:56:32
TXN-003743;CLT-0045;4755,66;France;France;14;0;0;0;0;0;0;FAIBLE;2026-05-14 11:56:32
TXN-003744;CLT-0013;15585,52;France;France;14;1;40;0;0;0;40;ÉLEVÉ;2026-05-14 11:56:32
TXN-003745;CLT-0015;1666,76;France;France;14;0;0;0;0;0;0;FAIBLE;2026-05-14 11:56:32
TXN-003746;CLT-0045;3933,65;France;France;14;0;0;0;0;0;0;FAIBLE;2026-05-14 11:56:32
TXN-003747;CLT-0015;4332,73;France;France;14;0;0;0;0;0;0;FAIBLE;2026-05-14 11:56:32
TXN-003748;CLT-0034;872,74;Îles Caïmans;France;14;0;0;25;0;0;25;MODÉRÉ;2026-05-14 11:56:32
TXN-003749;CLT-0032;15417,01;France;Suisse;14;1;40;0;0;0;40;ÉLEVÉ;2026-05-14 11:56:32
TXN-003750;CLT-0026;157,83;Îles Caïmans;Italie;14;0;0;25;0;0;25;MODÉRÉ;2026-05-14 11:56:32
TXN-003751;CLT-0084;15792,7;Panama;Italie;14;1;40;25;0;0;65;ÉLEVÉ;2026-05-14 11:56:32
TXN-003752;CLT-0097;71982,28;Allemagne;Panama;14;1;40;0;20;0;60;ÉLEVÉ;2026-05-14 11:56:32
TXN-003753;CLT-0040;3861,8;France;Suisse;14;0;0;0;0;0;0;FAIBLE;2026-05-14 11:56:32
TXN-003754;CLT-0019;1534,25;Îles Caïmans;Espagne;14;0;0;25;0;0;25;MODÉRÉ;2026-05-14 11:56:32
TXN-003755;CLT-0050;4262,13;France;Espagne;14;0;0;0;0;0;0;FAIBLE;2026-05-14 11:56:32
TXN-003756;CLT-0047;1671,15;Allemagne;Îles Caïmans;14;0;0;0;20;0;20;MODÉRÉ;2026-05-14 11:56:32
TXN-003757;CLT-0034;1552,55;Panama;France;14;0;0;25;0;0;25;MODÉRÉ;2026-05-14 11:56:32
TXN-003758;CLT-0053;2115,06;France;Espagne;14;0;0;0;0;0;0;FAIBLE;2026-05-14 11:56:32
TXN-003759;CLT-0096;1596,07;Russie;Panama;14;0;0;0;20;0;20;MODÉRÉ;2026-05-14 11:56:32
TXN-003760;CLT-0001;924,53;Îles Caïmans;France;14;0;0;25;0;0;25;MODÉRÉ;2026-05-14 11:56:32
TXN-003761;CLT-0045;3520,93;France;France;14;0;0;0;0;0;0;FAIBLE;2026-05-14 11:56:32
TXN-003762;CLT-0080;1387,55;Îles Caïmans;France;14;0;0;25;0;0;25;MODÉRÉ;2026-05-14 11:56:32
TXN-003763;CLT-0080;2215,57;Russie;France;14;0;0;0;0;0;0;FAIBLE;2026-05-14 11:56:32
TXN-003764;CLT-0075;411,79;Allemagne;France;14;0;0;0;0;0;0;FAIBLE;2026-05-14 11:56:32
TXN-003765;CLT-0066;192,13;Russie;Espagne;14;0;0;0;0;0;0;FAIBLE;2026-05-14 11:56:32
TXN-003766;CLT-0031;4868,04;Espagne;Panama;14;0;0;0;20;0;20;MODÉRÉ;2026-05-14 11:56:32
TXN-003767;CLT-0093;1544,92;Îles Caïmans;Suisse;14;0;0;25;0;0;25;MODÉRÉ;2026-05-14 11:56:32
TXN-003768;CLT-0012;4737,9;Îles Caïmans;Panama;14;0;0;25;20;0;45;ÉLEVÉ;2026-05-14 11:56:32
TXN-003769;CLT-0021;3026,96;Espagne;France;14;0;0;0;0;0;0;FAIBLE;2026-05-14 11:56:32
TXN-003770;CLT-0085;868,62;Espagne;Îles Caïmans;14;0;0;0;20;0;20;MODÉRÉ;2026-05-14 11:56:32
TXN-003771;CLT-0013;448,83;Russie;France;14;0;0;0;0;0;0;FAIBLE;2026-05-14 11:56:32
TXN-003772;CLT-0068;2738,04;Russie;Allemagne;14;0;0;0;0;0;0;FAIBLE;2026-05-14 11:56:32
TXN-003773;CLT-0030;4287,3;Allemagne;Allemagne;14;0;0;0;0;0;0;FAIBLE;2026-05-14 11:56:32
TXN-003774;CLT-0065;2937,93;France;Îles Caïmans;14;0;0;0;20;0;20;MODÉRÉ;2026-05-14 11:56:32
TXN-003775;CLT-0076;2645,89;France;France;14;0;0;0;0;0;0;FAIBLE;2026-05-14 11:56:32
TXN-003776;CLT-0045;2031,71;France;France;14;0;0;0;0;0;0;FAIBLE;2026-05-14 11:56:32
TXN-003777;CLT-0048;916,91;Allemagne;Suisse;14;0;0;0;0;0;0;FAIBLE;2026-05-14 11:56:32
TXN-003778;CLT-0032;1402,04;France;Suisse;14;0;0;0;0;0;0;FAIBLE;2026-05-14 11:56:32
TXN-003779;CLT-0096;264,28;Îles Caïmans;Panama;14;0;0;25;20;0;45;ÉLEVÉ;2026-05-14 11:56:32
TXN-003780;CLT-0019;90299,22;Îles Caïmans;Espagne;14;1;40;25;0;0;65;ÉLEVÉ;2026-05-14 11:56:32
TXN-003781;CLT-0008;13085,51;France;Suisse;14;1;40;0;0;0;40;ÉLEVÉ;2026-05-14 11:56:32
TXN-003782;CLT-0080;2758,29;France;France;14;0;0;0;0;0;0;FAIBLE;2026-05-14 11:56:32
TXN-003783;CLT-0002;78260,13;Espagne;Espagne;14;1;40;0;0;0;40;ÉLEVÉ;2026-05-14 11:56:32
TXN-003784;CLT-0031;2379,47;Russie;Panama;14;0;0;0;20;0;20;MODÉRÉ;2026-05-14 11:56:32
TXN-003785;CLT-0098;2952,57;Îles Caïmans;Espagne;14;0;0;25;0;0;25;MODÉRÉ;2026-05-14 11:56:32
TXN-003786;CLT-0097;73181,71;France;Panama;14;1;40;0;20;0;60;ÉLEVÉ;2026-05-14 11:56:32
TXN-003787;CLT-0092;4700,13;France;Suisse;14;0;0;0;0;0;0;FAIBLE;2026-05-14 11:56:32
TXN-003788;CLT-0083;1299,27;Russie;France;14;0;0;0;0;0;0;FAIBLE;2026-05-14 11:56:32
TXN-003789;CLT-0002;1650,0;France;Espagne;14;0;0;0;0;0;0;FAIBLE;2026-05-14 11:56:32
TXN-003790;CLT-0044;2193,37;France;France;14;0;0;0;0;0;0;FAIBLE;2026-05-14 11:56:32
TXN-003791;CLT-0072;122,94;Russie;Allemagne;14;0;0;0;0;0;0;FAIBLE;2026-05-14 11:56:32
TXN-003792;CLT-0100;27,28;France;Suisse;14;0;0;0;0;0;0;FAIBLE;2026-05-14 11:56:32
TXN-003793;CLT-0014;2345,06;France;France;14;0;0;0;0;0;0;FAIBLE;2026-05-14 11:56:32
TXN-003794;CLT-0061;2564,81;France;France;14;0;0;0;0;0;0;FAIBLE;2026-05-14 11:56:32
TXN-003795;CLT-0082;3387,46;Espagne;Panama;14;0;0;0;20;0;20;MODÉRÉ;2026-05-14 11:56:32
TXN-003796;CLT-0026;3876,72;Panama;Italie;14;0;0;25;0;0;25;MODÉRÉ;2026-05-14 11:56:32
TXN-003797;CLT-0072;211,19;France;Allemagne;14;0;0;0;0;0;0;FAIBLE;2026-05-14 11:56:32
TXN-003798;CLT-0087;1441,11;Panama;Italie;14;0;0;25;0;0;25;MODÉRÉ;2026-05-14 11:56:32
TXN-003799;CLT-0005;2332,96;France;Panama;14;0;0;0;20;0;20;MODÉRÉ;2026-05-14 11:56:32
TXN-003800;CLT-0025;3348,96;Allemagne;Italie;14;0;0;0;0;0;0;FAIBLE;2026-05-14 11:56:32
TXN-003801;CLT-0016;4820,4;France;Espagne;14;0;0;0;0;0;0;FAIBLE;2026-05-14 11:56:32
TXN-003802;CLT-0098;1928,41;Panama;Espagne;14;0;0;25;0;0;25;MODÉRÉ;2026-05-14 11:56:32
TXN-003803;CLT-0061;1305,31;Îles Caïmans;France;14;0;0;25;0;0;25;MODÉRÉ;2026-05-14 11:56:32
TXN-003804;CLT-0009;3414,38;France;Suisse;14;0;0;0;0;0;0;FAIBLE;2026-05-14 11:56:32
TXN-003805;CLT-0090;4250,03;France;France;14;0;0;0;0;0;0;FAIBLE;2026-05-14 11:56:32
TXN-003806;CLT-0039;3681,64;Îles Caïmans;France;14;0;0;25;0;0;25;MODÉRÉ;2026-05-14 11:56:32
TXN-003807;CLT-0028;49789,82;Panama;France;14;1;40;25;0;0;65;ÉLEVÉ;2026-05-14 11:56:32
TXN-003808;CLT-0067;89868,48;France;Panama;14;1;40;0;20;0;60;ÉLEVÉ;2026-05-14 11:56:32
TXN-003809;CLT-0015;1067,29;Allemagne;France;14;0;0;0;0;0;0;FAIBLE;2026-05-14 11:56:32
TXN-003810;CLT-0065;1449,91;Allemagne;Îles Caïmans;14;0;0;0;20;0;20;MODÉRÉ;2026-05-14 11:56:32
TXN-003811;CLT-0095;34224,22;France;Îles Caïmans;14;1;40;0;20;0;60;ÉLEVÉ;2026-05-14 11:56:32
TXN-003812;CLT-0006;1588,8;France;France;14;0;0;0;0;0;0;FAIBLE;2026-05-14 11:56:32
TXN-003813;CLT-0093;365,63;Îles Caïmans;Suisse;14;0;0;25;0;0;25;MODÉRÉ;2026-05-14 11:56:32
TXN-003814;CLT-0030;2027,36;Panama;Allemagne;14;0;0;25;0;0;25;MODÉRÉ;2026-05-14 11:56:32
TXN-003815;CLT-0001;2754,25;France;France;14;0;0;0;0;0;0;FAIBLE;2026-05-14 11:56:32
TXN-003816;CLT-0064;4403,52;Espagne;France;14;0;0;0;0;0;0;FAIBLE;2026-05-14 11:56:32
TXN-003817;CLT-0075;785,79;France;France;14;0;0;0;0;0;0;FAIBLE;2026-05-14 11:56:32
TXN-003818;CLT-0042;1241,44;France;Italie;14;0;0;0;0;0;0;FAIBLE;2026-05-14 11:56:32
TXN-003819;CLT-0064;391,04;France;France;14;0;0;0;0;0;0;FAIBLE;2026-05-14 11:56:32
TXN-003820;CLT-0064;59527,95;France;France;14;1;40;0;0;0;40;ÉLEVÉ;2026-05-14 11:56:32
TXN-003821;CLT-0082;1305,39;Russie;Panama;14;0;0;0;20;0;20;MODÉRÉ;2026-05-14 11:56:32
TXN-003822;CLT-0020;3674,42;Espagne;Italie;14;0;0;0;0;0;0;FAIBLE;2026-05-14 11:56:32
TXN-003823;CLT-0099;3693,35;Îles Caïmans;Panama;14;0;0;25;20;0;45;ÉLEVÉ;2026-05-14 11:56:32
TXN-003824;CLT-0046;2348,13;Russie;France;14;0;0;0;0;0;0;FAIBLE;2026-05-14 11:56:32
TXN-003825;CLT-0065;48080,25;France;Îles Caïmans;14;1;40;0;20;0;60;ÉLEVÉ;2026-05-14 11:56:32
TXN-003826;CLT-0062;4029,49;Allemagne;France;14;0;0;0;0;0;0;FAIBLE;2026-05-14 11:56:32
TXN-003827;CLT-0013;3616,07;Panama;France;14;0;0;25;0;0;25;MODÉRÉ;2026-05-14 11:56:32
TXN-003828;CLT-0100;1149,07;Russie;Suisse;14;0;0;0;0;0;0;FAIBLE;2026-05-14 11:56:32
TXN-003829;CLT-0065;373,75;Russie;Îles Caïmans;14;0;0;0;20;0;20;MODÉRÉ;2026-05-14 11:56:32
TXN-003830;CLT-0073;1922,78;Panama;France;14;0;0;25;0;0;25;MODÉRÉ;2026-05-14 11:56:32
TXN-003831;CLT-0068;3761,19;France;Allemagne;14;0;0;0;0;0;0;FAIBLE;2026-05-14 11:56:32
TXN-003832;CLT-0039;937,82;Russie;France;14;0;0;0;0;0;0;FAIBLE;2026-05-14 11:56:32
TXN-003833;CLT-0058;1260,85;Allemagne;France;14;0;0;0;0;0;0;FAIBLE;2026-05-14 11:56:32
TXN-003834;CLT-0027;90266,8;Allemagne;Espagne;14;1;40;0;0;0;40;ÉLEVÉ;2026-05-14 11:56:32
TXN-003835;CLT-0061;4834,81;France;France;14;0;0;0;0;0;0;FAIBLE;2026-05-14 11:56:32
TXN-003836;CLT-0056;635,65;Russie;Allemagne;14;0;0;0;0;0;0;FAIBLE;2026-05-14 11:56:32
TXN-003837;CLT-0089;2038,12;Espagne;Îles Caïmans;14;0;0;0;20;0;20;MODÉRÉ;2026-05-14 11:56:32
TXN-003838;CLT-0076;4681,27;France;France;14;0;0;0;0;0;0;FAIBLE;2026-05-14 11:56:32
TXN-003839;CLT-0100;37110,97;Espagne;Suisse;14;1;40;0;0;0;40;ÉLEVÉ;2026-05-14 11:56:32
TXN-003840;CLT-0068;76573,99;France;Allemagne;14;1;40;0;0;0;40;ÉLEVÉ;2026-05-14 11:56:32
TXN-003841;CLT-0042;2892,78;Russie;Italie;14;0;0;0;0;0;0;FAIBLE;2026-05-14 11:56:32
TXN-003842;CLT-0041;1294,29;Panama;Panama;14;0;0;25;20;0;45;ÉLEVÉ;2026-05-14 11:56:32
TXN-003843;CLT-0065;298,29;Russie;Îles Caïmans;14;0;0;0;20;0;20;MODÉRÉ;2026-05-14 11:56:32
TXN-003844;CLT-0021;1701,61;France;France;14;0;0;0;0;0;0;FAIBLE;2026-05-14 11:56:32
TXN-003845;CLT-0068;4314,65;France;Allemagne;14;0;0;0;0;0;0;FAIBLE;2026-05-14 11:56:32
TXN-003846;CLT-0096;2389,52;Russie;Panama;14;0;0;0;20;0;20;MODÉRÉ;2026-05-14 11:56:32
TXN-003847;CLT-0023;909,51;France;Allemagne;14;0;0;0;0;0;0;FAIBLE;2026-05-14 11:56:32
TXN-003848;CLT-0060;541,02;Russie;Italie;14;0;0;0;0;0;0;FAIBLE;2026-05-14 11:56:32
TXN-003849;CLT-0014;612,25;France;France;14;0;0;0;0;0;0;FAIBLE;2026-05-14 11:56:32
TXN-003850;CLT-0070;33623,94;France;Italie;14;1;40;0;0;0;40;ÉLEVÉ;2026-05-14 11:56:32
TXN-003851;CLT-0074;4187,38;Allemagne;Allemagne;14;0;0;0;0;0;0;FAIBLE;2026-05-14 11:56:32
TXN-003852;CLT-0055;23287,76;France;Espagne;14;1;40;0;0;0;40;ÉLEVÉ;2026-05-14 11:56:32
TXN-003853;CLT-0024;4283,82;France;Espagne;14;0;0;0;0;0;0;FAIBLE;2026-05-14 11:56:32
TXN-003854;CLT-0071;4974,56;France;Îles Caïmans;14;0;0;0;20;0;20;MODÉRÉ;2026-05-14 11:56:32
TXN-003855;CLT-0087;4453,51;Espagne;Italie;14;0;0;0;0;0;0;FAIBLE;2026-05-14 11:56:32
TXN-003856;CLT-0070;396,39;France;Italie;14;0;0;0;0;0;0;FAIBLE;2026-05-14 11:56:32
TXN-003857;CLT-0028;4418,85;Îles Caïmans;France;14;0;0;25;0;0;25;MODÉRÉ;2026-05-14 11:56:32
TXN-003858;CLT-0044;2233,78;France;France;14;0;0;0;0;0;0;FAIBLE;2026-05-14 11:56:32
TXN-003859;CLT-0053;999,44;France;Espagne;14;0;0;0;0;0;0;FAIBLE;2026-05-14 11:56:32
TXN-003860;CLT-0029;1405,52;Russie;France;14;0;0;0;0;0;0;FAIBLE;2026-05-14 11:56:32
TXN-003861;CLT-0056;1400,4;France;Allemagne;14;0;0;0;0;0;0;FAIBLE;2026-05-14 11:56:32
TXN-003862;CLT-0095;4789,93;Panama;Îles Caïmans;14;0;0;25;20;0;45;ÉLEVÉ;2026-05-14 11:56:32
TXN-003863;CLT-0079;789,81;Panama;Îles Caïmans;14;0;0;25;20;0;45;ÉLEVÉ;2026-05-14 11:56:32
TXN-003864;CLT-0029;60515,21;Russie;France;14;1;40;0;0;0;40;ÉLEVÉ;2026-05-14 11:56:32
TXN-003865;CLT-0024;4956,62;France;Espagne;14;0;0;0;0;0;0;FAIBLE;2026-05-14 11:56:32
TXN-003866;CLT-0029;2867,23;France;France;14;0;0;0;0;0;0;FAIBLE;2026-05-14 11:56:32
TXN-003867;CLT-0008;3864,3;Îles Caïmans;Suisse;14;0;0;25;0;0;25;MODÉRÉ;2026-05-14 11:56:32
TXN-003868;CLT-0043;2268,29;Russie;Suisse;14;0;0;0;0;0;0;FAIBLE;2026-05-14 11:56:32
TXN-003869;CLT-0046;2769,29;Russie;France;14;0;0;0;0;0;0;FAIBLE;2026-05-14 11:56:32
TXN-003870;CLT-0048;3747,1;Russie;Suisse;14;0;0;0;0;0;0;FAIBLE;2026-05-14 11:56:32
TXN-003871;CLT-0056;2533,27;France;Allemagne;14;0;0;0;0;0;0;FAIBLE;2026-05-14 11:56:32
TXN-003872;CLT-0097;2480,86;France;Panama;14;0;0;0;20;0;20;MODÉRÉ;2026-05-14 11:56:32
TXN-003873;CLT-0092;2732,75;France;Suisse;14;0;0;0;0;0;0;FAIBLE;2026-05-14 11:56:32
TXN-003874;CLT-0048;837,86;Allemagne;Suisse;14;0;0;0;0;0;0;FAIBLE;2026-05-14 11:56:32
TXN-003875;CLT-0074;1404,67;Allemagne;Allemagne;14;0;0;0;0;0;0;FAIBLE;2026-05-14 11:56:32
TXN-003876;CLT-0032;792,82;France;Suisse;14;0;0;0;0;0;0;FAIBLE;2026-05-14 11:56:32
TXN-003877;CLT-0009;22596,23;France;Suisse;14;1;40;0;0;0;40;ÉLEVÉ;2026-05-14 11:56:32
TXN-003878;CLT-0045;4530,28;France;France;14;0;0;0;0;0;0;FAIBLE;2026-05-14 11:56:32
TXN-003879;CLT-0037;3649,63;France;Îles Caïmans;14;0;0;0;20;0;20;MODÉRÉ;2026-05-14 11:56:32
TXN-003880;CLT-0071;2030,05;Espagne;Îles Caïmans;14;0;0;0;20;0;20;MODÉRÉ;2026-05-14 11:56:32
TXN-003881;CLT-0097;1048,67;Allemagne;Panama;14;0;0;0;20;0;20;MODÉRÉ;2026-05-14 11:56:32
TXN-003882;CLT-0051;1479,77;Îles Caïmans;France;14;0;0;25;0;0;25;MODÉRÉ;2026-05-14 11:56:32
TXN-003883;CLT-0045;78630,58;Allemagne;France;14;1;40;0;0;0;40;ÉLEVÉ;2026-05-14 11:56:32
TXN-003884;CLT-0097;80353,84;France;Panama;14;1;40;0;20;0;60;ÉLEVÉ;2026-05-14 11:56:32
TXN-003885;CLT-0100;2903,14;Îles Caïmans;Suisse;14;0;0;25;0;0;25;MODÉRÉ;2026-05-14 11:56:32
TXN-003886;CLT-0079;4374,08;France;Îles Caïmans;14;0;0;0;20;0;20;MODÉRÉ;2026-05-14 11:56:32
TXN-003887;CLT-0052;29117,24;France;France;14;1;40;0;0;0;40;ÉLEVÉ;2026-05-14 11:56:32
TXN-003888;CLT-0036;1551,86;France;Italie;14;0;0;0;0;0;0;FAIBLE;2026-05-14 11:56:32
TXN-003889;CLT-0100;1925,81;France;Suisse;14;0;0;0;0;0;0;FAIBLE;2026-05-14 11:56:32
TXN-003890;CLT-0080;4509,42;France;France;14;0;0;0;0;0;0;FAIBLE;2026-05-14 11:56:32
TXN-003891;CLT-0030;2237,23;Russie;Allemagne;14;0;0;0;0;0;0;FAIBLE;2026-05-14 11:56:32
TXN-003892;CLT-0055;3615,51;Russie;Espagne;14;0;0;0;0;0;0;FAIBLE;2026-05-14 11:56:32
TXN-003893;CLT-0081;3342,22;Espagne;Îles Caïmans;14;0;0;0;20;0;20;MODÉRÉ;2026-05-14 11:56:32
TXN-003894;CLT-0090;4487,52;Îles Caïmans;France;14;0;0;25;0;0;25;MODÉRÉ;2026-05-14 11:56:32
TXN-003895;CLT-0004;78352,68;France;Suisse;14;1;40;0;0;0;40;ÉLEVÉ;2026-05-14 11:56:32
TXN-003896;CLT-0041;4398,0;Espagne;Panama;14;0;0;0;20;0;20;MODÉRÉ;2026-05-14 11:56:32
TXN-003897;CLT-0009;22460,73;Allemagne;Suisse;14;1;40;0;0;0;40;ÉLEVÉ;2026-05-14 11:56:32
TXN-003898;CLT-0013;1779,58;Allemagne;France;14;0;0;0;0;0;0;FAIBLE;2026-05-14 11:56:32
TXN-003899;CLT-0082;706,47;Espagne;Panama;14;0;0;0;20;0;20;MODÉRÉ;2026-05-14 11:56:32
TXN-003900;CLT-0057;4208,17;Russie;France;14;0;0;0;0;0;0;FAIBLE;2026-05-14 11:56:32
TXN-003901;CLT-0017;1312,03;Espagne;Îles Caïmans;14;0;0;0;20;0;20;MODÉRÉ;2026-05-14 11:56:32
TXN-003902;CLT-0065;775,09;Allemagne;Îles Caïmans;14;0;0;0;20;0;20;MODÉRÉ;2026-05-14 11:56:32
TXN-003903;CLT-0042;1279,32;France;Italie;14;0;0;0;0;0;0;FAIBLE;2026-05-14 11:56:32
TXN-003904;CLT-0039;3682,41;Russie;France;14;0;0;0;0;0;0;FAIBLE;2026-05-14 11:56:32
TXN-003905;CLT-0049;2162,8;Allemagne;France;14;0;0;0;0;0;0;FAIBLE;2026-05-14 11:56:32
TXN-003906;CLT-0076;4404,33;Îles Caïmans;France;14;0;0;25;0;0;25;MODÉRÉ;2026-05-14 11:56:32
TXN-003907;CLT-0008;1796,26;Panama;Suisse;14;0;0;25;0;0;25;MODÉRÉ;2026-05-14 11:56:32
TXN-003908;CLT-0056;2719,08;France;Allemagne;14;0;0;0;0;0;0;FAIBLE;2026-05-14 11:56:32
TXN-003909;CLT-0046;1674,38;Allemagne;France;14;0;0;0;0;0;0;FAIBLE;2026-05-14 11:56:32
TXN-003910;CLT-0090;2712,01;Russie;France;14;0;0;0;0;0;0;FAIBLE;2026-05-14 11:56:32
TXN-003911;CLT-0095;76602,64;Espagne;Îles Caïmans;14;1;40;0;20;0;60;ÉLEVÉ;2026-05-14 11:56:32
TXN-003912;CLT-0100;635,39;Panama;Suisse;14;0;0;25;0;0;25;MODÉRÉ;2026-05-14 11:56:32
TXN-003913;CLT-0041;1091,37;France;Panama;14;0;0;0;20;0;20;MODÉRÉ;2026-05-14 11:56:32
TXN-003914;CLT-0021;1965,03;France;France;14;0;0;0;0;0;0;FAIBLE;2026-05-14 11:56:32
TXN-003915;CLT-0069;53,03;Panama;Panama;14;0;0;25;20;0;45;ÉLEVÉ;2026-05-14 11:56:32
TXN-003916;CLT-0052;3321,8;Espagne;France;14;0;0;0;0;0;0;FAIBLE;2026-05-14 11:56:32
TXN-003917;CLT-0076;2766,83;France;France;14;0;0;0;0;0;0;FAIBLE;2026-05-14 11:56:32
TXN-003918;CLT-0021;462,29;Espagne;France;14;0;0;0;0;0;0;FAIBLE;2026-05-14 11:56:32
TXN-003919;CLT-0077;57566,65;France;France;14;1;40;0;0;0;40;ÉLEVÉ;2026-05-14 11:56:32
TXN-003920;CLT-0022;3279,07;France;Allemagne;14;0;0;0;0;0;0;FAIBLE;2026-05-14 11:56:32
TXN-003921;CLT-0044;42669,67;Panama;France;14;1;40;25;0;0;65;ÉLEVÉ;2026-05-14 11:56:32
TXN-003922;CLT-0037;933,71;France;Îles Caïmans;14;0;0;0;20;0;20;MODÉRÉ;2026-05-14 11:56:32
TXN-003923;CLT-0095;3076,47;Allemagne;Îles Caïmans;14;0;0;0;20;0;20;MODÉRÉ;2026-05-14 11:56:32
TXN-003924;CLT-0080;3817,45;France;France;14;0;0;0;0;0;0;FAIBLE;2026-05-14 11:56:32
TXN-003925;CLT-0012;4183,41;Allemagne;Panama;14;0;0;0;20;0;20;MODÉRÉ;2026-05-14 11:56:32
TXN-003926;CLT-0054;38,89;France;Suisse;14;0;0;0;0;0;0;FAIBLE;2026-05-14 11:56:32
TXN-003927;CLT-0052;3298,79;Îles Caïmans;France;14;0;0;25;0;0;25;MODÉRÉ;2026-05-14 11:56:32
TXN-003928;CLT-0008;67602,6;Îles Caïmans;Suisse;14;1;40;25;0;0;65;ÉLEVÉ;2026-05-14 11:56:32
TXN-003929;CLT-0091;1960,7;Panama;Allemagne;14;0;0;25;0;0;25;MODÉRÉ;2026-05-14 11:56:32
TXN-003930;CLT-0060;57802,53;Allemagne;Italie;14;1;40;0;0;0;40;ÉLEVÉ;2026-05-14 11:56:32
TXN-003931;CLT-0085;459,76;Allemagne;Îles Caïmans;14;0;0;0;20;0;20;MODÉRÉ;2026-05-14 11:56:32
TXN-003932;CLT-0053;1035,87;France;Espagne;14;0;0;0;0;0;0;FAIBLE;2026-05-14 11:56:32
TXN-003933;CLT-0037;3964,9;Îles Caïmans;Îles Caïmans;14;0;0;25;20;0;45;ÉLEVÉ;2026-05-14 11:56:32
TXN-003934;CLT-0050;4694,07;Espagne;Espagne;14;0;0;0;0;0;0;FAIBLE;2026-05-14 11:56:32
TXN-003935;CLT-0059;1445,65;Russie;Îles Caïmans;14;0;0;0;20;0;20;MODÉRÉ;2026-05-14 11:56:32
TXN-003936;CLT-0047;4474,85;Îles Caïmans;Îles Caïmans;14;0;0;25;20;0;45;ÉLEVÉ;2026-05-14 11:56:32
TXN-003937;CLT-0089;3762,74;Espagne;Îles Caïmans;14;0;0;0;20;0;20;MODÉRÉ;2026-05-14 11:56:32
TXN-003938;CLT-0036;908,5;France;Italie;14;0;0;0;0;0;0;FAIBLE;2026-05-14 11:56:32
TXN-003939;CLT-0066;4293,16;Russie;Espagne;14;0;0;0;0;0;0;FAIBLE;2026-05-14 11:56:32
TXN-003940;CLT-0080;15529,21;Allemagne;France;14;1;40;0;0;0;40;ÉLEVÉ;2026-05-14 11:56:32
TXN-003941;CLT-0022;3489,69;Allemagne;Allemagne;14;0;0;0;0;0;0;FAIBLE;2026-05-14 11:56:32
TXN-003942;CLT-0010;1340,38;France;Îles Caïmans;14;0;0;0;20;0;20;MODÉRÉ;2026-05-14 11:56:32
TXN-003943;CLT-0026;1733,3;Îles Caïmans;Italie;14;0;0;25;0;0;25;MODÉRÉ;2026-05-14 11:56:32
TXN-003944;CLT-0022;2248,69;Espagne;Allemagne;14;0;0;0;0;0;0;FAIBLE;2026-05-14 11:56:32
TXN-003945;CLT-0049;1854,92;Îles Caïmans;France;14;0;0;25;0;0;25;MODÉRÉ;2026-05-14 11:56:32
TXN-003946;CLT-0060;216,9;Allemagne;Italie;14;0;0;0;0;0;0;FAIBLE;2026-05-14 11:56:32
TXN-003947;CLT-0009;3672,37;France;Suisse;14;0;0;0;0;0;0;FAIBLE;2026-05-14 11:56:32
TXN-003948;CLT-0081;1143,41;Russie;Îles Caïmans;14;0;0;0;20;0;20;MODÉRÉ;2026-05-14 11:56:32
TXN-003949;CLT-0051;1346,91;Allemagne;France;14;0;0;0;0;0;0;FAIBLE;2026-05-14 11:56:32
TXN-003950;CLT-0005;2953,93;Allemagne;Panama;14;0;0;0;20;0;20;MODÉRÉ;2026-05-14 11:56:32
TXN-003951;CLT-0055;397,49;Espagne;Espagne;14;0;0;0;0;0;0;FAIBLE;2026-05-14 11:56:32
TXN-003952;CLT-0095;3241,24;Espagne;Îles Caïmans;14;0;0;0;20;0;20;MODÉRÉ;2026-05-14 11:56:32
TXN-003953;CLT-0034;2530,89;Allemagne;France;14;0;0;0;0;0;0;FAIBLE;2026-05-14 11:56:32
TXN-003954;CLT-0011;1986,93;Russie;France;14;0;0;0;0;0;0;FAIBLE;2026-05-14 11:56:32
TXN-003955;CLT-0054;4815,46;Îles Caïmans;Suisse;14;0;0;25;0;0;25;MODÉRÉ;2026-05-14 11:56:32
TXN-003956;CLT-0097;665,55;Îles Caïmans;Panama;14;0;0;25;20;0;45;ÉLEVÉ;2026-05-14 11:56:32
TXN-003957;CLT-0048;4047,58;France;Suisse;14;0;0;0;0;0;0;FAIBLE;2026-05-14 11:56:32
TXN-003958;CLT-0074;4084,22;France;Allemagne;14;0;0;0;0;0;0;FAIBLE;2026-05-14 11:56:32
TXN-003959;CLT-0022;49357,88;France;Allemagne;14;1;40;0;0;0;40;ÉLEVÉ;2026-05-14 11:56:32
TXN-003960;CLT-0006;52981,02;Îles Caïmans;France;14;1;40;25;0;0;65;ÉLEVÉ;2026-05-14 11:56:32
TXN-003961;CLT-0053;92937,49;France;Espagne;14;1;40;0;0;0;40;ÉLEVÉ;2026-05-14 11:56:32
TXN-003962;CLT-0032;192,16;Espagne;Suisse;14;0;0;0;0;0;0;FAIBLE;2026-05-14 11:56:32
TXN-003963;CLT-0028;2964,78;Îles Caïmans;France;14;0;0;25;0;0;25;MODÉRÉ;2026-05-14 11:56:32
TXN-003964;CLT-0003;2205,76;Russie;France;14;0;0;0;0;0;0;FAIBLE;2026-05-14 11:56:32
TXN-003965;CLT-0071;4439,44;France;Îles Caïmans;14;0;0;0;20;0;20;MODÉRÉ;2026-05-14 11:56:32
TXN-003966;CLT-0074;2108,94;France;Allemagne;14;0;0;0;0;0;0;FAIBLE;2026-05-14 11:56:32
TXN-003967;CLT-0066;3857,78;Îles Caïmans;Espagne;14;0;0;25;0;0;25;MODÉRÉ;2026-05-14 11:56:32
TXN-003968;CLT-0087;2516,88;France;Italie;14;0;0;0;0;0;0;FAIBLE;2026-05-14 11:56:32
TXN-003969;CLT-0054;3759,64;Espagne;Suisse;14;0;0;0;0;0;0;FAIBLE;2026-05-14 11:56:32
TXN-003970;CLT-0089;854,11;Russie;Îles Caïmans;14;0;0;0;20;0;20;MODÉRÉ;2026-05-14 11:56:32
TXN-003971;CLT-0082;130,11;France;Panama;14;0;0;0;20;0;20;MODÉRÉ;2026-05-14 11:56:32
TXN-003972;CLT-0018;3187,64;France;Panama;14;0;0;0;20;0;20;MODÉRÉ;2026-05-14 11:56:32
TXN-003973;CLT-0072;302,83;France;Allemagne;14;0;0;0;0;0;0;FAIBLE;2026-05-14 11:56:32
TXN-003974;CLT-0004;2013,35;Îles Caïmans;Suisse;14;0;0;25;0;0;25;MODÉRÉ;2026-05-14 11:56:32
TXN-003975;CLT-0052;4196,29;France;France;14;0;0;0;0;0;0;FAIBLE;2026-05-14 11:56:32
TXN-003976;CLT-0075;4718,09;France;France;14;0;0;0;0;0;0;FAIBLE;2026-05-14 11:56:32
TXN-003977;CLT-0021;2837,59;France;France;14;0;0;0;0;0;0;FAIBLE;2026-05-14 11:56:32
TXN-003978;CLT-0099;2099,21;Allemagne;Panama;14;0;0;0;20;0;20;MODÉRÉ;2026-05-14 11:56:32
TXN-003979;CLT-0069;2293,13;Espagne;Panama;14;0;0;0;20;0;20;MODÉRÉ;2026-05-14 11:56:32
TXN-003980;CLT-0038;866,36;France;Îles Caïmans;14;0;0;0;20;0;20;MODÉRÉ;2026-05-14 11:56:32
TXN-003981;CLT-0088;3480,33;France;Allemagne;14;0;0;0;0;0;0;FAIBLE;2026-05-14 11:56:32
TXN-003982;CLT-0039;1194,65;France;France;14;0;0;0;0;0;0;FAIBLE;2026-05-14 11:56:32
TXN-003983;CLT-0079;39214,95;Russie;Îles Caïmans;14;1;40;0;20;0;60;ÉLEVÉ;2026-05-14 11:56:32
TXN-003984;CLT-0009;41093,18;Panama;Suisse;14;1;40;25;0;0;65;ÉLEVÉ;2026-05-14 11:56:32
TXN-003985;CLT-0048;2201,55;France;Suisse;14;0;0;0;0;0;0;FAIBLE;2026-05-14 11:56:32
TXN-003986;CLT-0066;1365,06;Allemagne;Espagne;14;0;0;0;0;0;0;FAIBLE;2026-05-14 11:56:32
TXN-003987;CLT-0087;3489,9;Russie;Italie;14;0;0;0;0;0;0;FAIBLE;2026-05-14 11:56:32
TXN-003988;CLT-0065;567,11;Îles Caïmans;Îles Caïmans;14;0;0;25;20;0;45;ÉLEVÉ;2026-05-14 11:56:32
TXN-003989;CLT-0085;4769,7;France;Îles Caïmans;14;0;0;0;20;0;20;MODÉRÉ;2026-05-14 11:56:32
TXN-003990;CLT-0097;3229,55;France;Panama;14;0;0;0;20;0;20;MODÉRÉ;2026-05-14 11:56:32
TXN-003991;CLT-0093;4256,06;France;Suisse;14;0;0;0;0;0;0;FAIBLE;2026-05-14 11:56:32
TXN-003992;CLT-0100;1006,57;France;Suisse;14;0;0;0;0;0;0;FAIBLE;2026-05-14 11:56:32
TXN-003993;CLT-0053;4685,21;France;Espagne;14;0;0;0;0;0;0;FAIBLE;2026-05-14 11:56:32
TXN-003994;CLT-0066;249,14;France;Espagne;14;0;0;0;0;0;0;FAIBLE;2026-05-14 11:56:32
TXN-003995;CLT-0059;4492,29;Îles Caïmans;Îles Caïmans;14;0;0;25;20;0;45;ÉLEVÉ;2026-05-14 11:56:32
TXN-003996;CLT-0071;836,37;Espagne;Îles Caïmans;14;0;0;0;20;0;20;MODÉRÉ;2026-05-14 11:56:32
TXN-003997;CLT-0097;4213,81;France;Panama;14;0;0;0;20;0;20;MODÉRÉ;2026-05-14 11:56:32
TXN-003998;CLT-0075;2586,54;France;France;14;0;0;0;0;0;0;FAIBLE;2026-05-14 11:56:32
TXN-003999;CLT-0012;2339,96;Îles Caïmans;Panama;14;0;0;25;20;0;45;ÉLEVÉ;2026-05-14 11:56:32
TXN-004000;CLT-0088;2120,68;Îles Caïmans;Allemagne;14;0;0;25;0;0;25;MODÉRÉ;2026-05-14 11:56:32
TXN-004001;CLT-0052;865,74;France;France;14;0;0;0;0;0;0;FAIBLE;2026-05-14 11:56:32
TXN-004002;CLT-0003;10879,14;France;France;14;1;40;0;0;0;40;ÉLEVÉ;2026-05-14 11:56:32
TXN-004003;CLT-0054;3181,66;Espagne;Suisse;14;0;0;0;0;0;0;FAIBLE;2026-05-14 11:56:32
TXN-004004;CLT-0049;1099,53;Espagne;France;14;0;0;0;0;0;0;FAIBLE;2026-05-14 11:56:32
TXN-004005;CLT-0001;2614,38;France;France;14;0;0;0;0;0;0;FAIBLE;2026-05-14 11:56:32
TXN-004006;CLT-0085;72934,94;Espagne;Îles Caïmans;14;1;40;0;20;0;60;ÉLEVÉ;2026-05-14 11:56:32
TXN-004007;CLT-0053;4385,76;France;Espagne;14;0;0;0;0;0;0;FAIBLE;2026-05-14 11:56:32
TXN-004008;CLT-0029;4694,55;Panama;France;14;0;0;25;0;0;25;MODÉRÉ;2026-05-14 11:56:32
TXN-004009;CLT-0073;921,37;Îles Caïmans;France;14;0;0;25;0;0;25;MODÉRÉ;2026-05-14 11:56:32
TXN-004010;CLT-0032;4634,96;Îles Caïmans;Suisse;14;0;0;25;0;0;25;MODÉRÉ;2026-05-14 11:56:32
TXN-004011;CLT-0097;2249,81;Allemagne;Panama;14;0;0;0;20;0;20;MODÉRÉ;2026-05-14 11:56:32
TXN-004012;CLT-0040;673,46;Panama;Suisse;14;0;0;25;0;0;25;MODÉRÉ;2026-05-14 11:56:32
TXN-004013;CLT-0033;3495,02;France;Italie;14;0;0;0;0;0;0;FAIBLE;2026-05-14 11:56:32
TXN-004014;CLT-0100;4077,61;France;Suisse;14;0;0;0;0;0;0;FAIBLE;2026-05-14 11:56:32
TXN-004015;CLT-0035;4369,78;France;Espagne;14;0;0;0;0;0;0;FAIBLE;2026-05-14 11:56:32
TXN-004016;CLT-0058;84062,21;Allemagne;France;14;1;40;0;0;0;40;ÉLEVÉ;2026-05-14 11:56:32
TXN-004017;CLT-0052;1389,46;France;France;14;0;0;0;0;0;0;FAIBLE;2026-05-14 11:56:32
TXN-004018;CLT-0055;4804,04;Îles Caïmans;Espagne;14;0;0;25;0;0;25;MODÉRÉ;2026-05-14 11:56:32
TXN-004019;CLT-0068;2323,33;Espagne;Allemagne;14;0;0;0;0;0;0;FAIBLE;2026-05-14 11:56:32
TXN-004020;CLT-0040;655,45;Russie;Suisse;14;0;0;0;0;0;0;FAIBLE;2026-05-14 11:56:32
TXN-004021;CLT-0023;4278,04;France;Allemagne;14;0;0;0;0;0;0;FAIBLE;2026-05-14 11:56:32
TXN-004022;CLT-0050;938,12;France;Espagne;14;0;0;0;0;0;0;FAIBLE;2026-05-14 11:56:32
TXN-004023;CLT-0002;2822,74;Îles Caïmans;Espagne;14;0;0;25;0;0;25;MODÉRÉ;2026-05-14 11:56:32
TXN-004024;CLT-0075;4832,83;France;France;14;0;0;0;0;0;0;FAIBLE;2026-05-14 11:56:32
TXN-004025;CLT-0076;1730,32;France;France;14;0;0;0;0;0;0;FAIBLE;2026-05-14 11:56:32
TXN-004026;CLT-0032;3688,81;Panama;Suisse;14;0;0;25;0;0;25;MODÉRÉ;2026-05-14 11:56:32
TXN-004027;CLT-0072;3676,67;Russie;Allemagne;14;0;0;0;0;0;0;FAIBLE;2026-05-14 11:56:32
TXN-004028;CLT-0048;2260,19;France;Suisse;14;0;0;0;0;0;0;FAIBLE;2026-05-14 11:56:32
TXN-004029;CLT-0023;1242,82;Espagne;Allemagne;14;0;0;0;0;0;0;FAIBLE;2026-05-14 11:56:32
TXN-004030;CLT-0042;4067,36;Allemagne;Italie;14;0;0;0;0;0;0;FAIBLE;2026-05-14 11:56:32
TXN-004031;CLT-0017;3001,46;France;Îles Caïmans;14;0;0;0;20;0;20;MODÉRÉ;2026-05-14 11:56:32
TXN-004032;CLT-0039;86022,02;Russie;France;14;1;40;0;0;0;40;ÉLEVÉ;2026-05-14 11:56:32
TXN-004033;CLT-0093;742,5;Espagne;Suisse;14;0;0;0;0;0;0;FAIBLE;2026-05-14 11:56:32
TXN-004034;CLT-0037;3310,06;France;Îles Caïmans;14;0;0;0;20;0;20;MODÉRÉ;2026-05-14 11:56:32
TXN-004035;CLT-0067;599,86;Russie;Panama;14;0;0;0;20;0;20;MODÉRÉ;2026-05-14 11:56:32
TXN-004036;CLT-0061;4506,66;France;France;14;0;0;0;0;0;0;FAIBLE;2026-05-14 11:56:32
TXN-004037;CLT-0042;2705,33;Espagne;Italie;14;0;0;0;0;0;0;FAIBLE;2026-05-14 11:56:32
TXN-004038;CLT-0018;3931,66;France;Panama;14;0;0;0;20;0;20;MODÉRÉ;2026-05-14 11:56:32
TXN-004039;CLT-0020;4848,41;France;Italie;14;0;0;0;0;0;0;FAIBLE;2026-05-14 11:56:32
TXN-004040;CLT-0073;4159,94;Îles Caïmans;France;14;0;0;25;0;0;25;MODÉRÉ;2026-05-14 11:56:32
TXN-004041;CLT-0080;4712,62;Îles Caïmans;France;14;0;0;25;0;0;25;MODÉRÉ;2026-05-14 11:56:32
TXN-004042;CLT-0005;89579,26;Îles Caïmans;Panama;14;1;40;25;20;0;85;CRITIQUE;2026-05-14 11:56:32
TXN-004043;CLT-0061;4397,94;Allemagne;France;14;0;0;0;0;0;0;FAIBLE;2026-05-14 11:56:32
TXN-004044;CLT-0053;23,86;France;Espagne;14;0;0;0;0;0;0;FAIBLE;2026-05-14 11:56:32
TXN-004045;CLT-0062;2158,76;Espagne;France;14;0;0;0;0;0;0;FAIBLE;2026-05-14 11:56:32
TXN-004046;CLT-0040;43,57;Espagne;Suisse;14;0;0;0;0;0;0;FAIBLE;2026-05-14 11:56:32
TXN-004047;CLT-0010;22212,91;Russie;Îles Caïmans;14;1;40;0;20;0;60;ÉLEVÉ;2026-05-14 11:56:32
TXN-004048;CLT-0013;1585,59;France;France;14;0;0;0;0;0;0;FAIBLE;2026-05-14 11:56:32
TXN-004049;CLT-0022;2484,38;Russie;Allemagne;14;0;0;0;0;0;0;FAIBLE;2026-05-14 11:56:32
TXN-004050;CLT-0054;1754,56;France;Suisse;14;0;0;0;0;0;0;FAIBLE;2026-05-14 11:56:32
TXN-004051;CLT-0080;741,6;France;France;14;0;0;0;0;0;0;FAIBLE;2026-05-14 11:56:32
TXN-004052;CLT-0027;2583,03;France;Espagne;14;0;0;0;0;0;0;FAIBLE;2026-05-14 11:56:32
TXN-004053;CLT-0040;3661,49;Russie;Suisse;14;0;0;0;0;0;0;FAIBLE;2026-05-14 11:56:32
TXN-004054;CLT-0064;3048,58;France;France;14;0;0;0;0;0;0;FAIBLE;2026-05-14 11:56:32
TXN-004055;CLT-0017;4794,26;Panama;Îles Caïmans;14;0;0;25;20;0;45;ÉLEVÉ;2026-05-14 11:56:32
TXN-004056;CLT-0089;4615,79;Îles Caïmans;Îles Caïmans;14;0;0;25;20;0;45;ÉLEVÉ;2026-05-14 11:56:32
TXN-004057;CLT-0010;3889,19;France;Îles Caïmans;14;0;0;0;20;0;20;MODÉRÉ;2026-05-14 11:56:32
TXN-004058;CLT-0012;3443,43;Allemagne;Panama;14;0;0;0;20;0;20;MODÉRÉ;2026-05-14 11:56:32
TXN-004059;CLT-0076;840,63;France;France;14;0;0;0;0;0;0;FAIBLE;2026-05-14 11:56:32
TXN-004060;CLT-0005;1923,8;France;Panama;14;0;0;0;20;0;20;MODÉRÉ;2026-05-14 11:56:32
TXN-004061;CLT-0045;1776,55;France;France;14;0;0;0;0;0;0;FAIBLE;2026-05-14 11:56:32
TXN-004062;CLT-0058;4040,72;Espagne;France;14;0;0;0;0;0;0;FAIBLE;2026-05-14 11:56:32
TXN-004063;CLT-0047;3099,58;France;Îles Caïmans;14;0;0;0;20;0;20;MODÉRÉ;2026-05-14 11:56:32
TXN-004064;CLT-0061;243,99;France;France;14;0;0;0;0;0;0;FAIBLE;2026-05-14 11:56:32
TXN-004065;CLT-0092;2943,28;Panama;Suisse;14;0;0;25;0;0;25;MODÉRÉ;2026-05-14 11:56:32
TXN-004066;CLT-0003;594,98;France;France;14;0;0;0;0;0;0;FAIBLE;2026-05-14 11:56:32
TXN-004067;CLT-0088;4023,32;Îles Caïmans;Allemagne;14;0;0;25;0;0;25;MODÉRÉ;2026-05-14 11:56:32
TXN-004068;CLT-0031;809,99;Panama;Panama;14;0;0;25;20;0;45;ÉLEVÉ;2026-05-14 11:56:32
TXN-004069;CLT-0088;2724,5;France;Allemagne;14;0;0;0;0;0;0;FAIBLE;2026-05-14 11:56:32
TXN-004070;CLT-0020;2675,55;Panama;Italie;14;0;0;25;0;0;25;MODÉRÉ;2026-05-14 11:56:32
TXN-004071;CLT-0049;3492,09;Îles Caïmans;France;14;0;0;25;0;0;25;MODÉRÉ;2026-05-14 11:56:32
TXN-004072;CLT-0093;1041,17;Panama;Suisse;14;0;0;25;0;0;25;MODÉRÉ;2026-05-14 11:56:32
TXN-004073;CLT-0025;669,43;Russie;Italie;14;0;0;0;0;0;0;FAIBLE;2026-05-14 11:56:32
TXN-004074;CLT-0065;4251,52;Îles Caïmans;Îles Caïmans;14;0;0;25;20;0;45;ÉLEVÉ;2026-05-14 11:56:32
TXN-004075;CLT-0072;2532,89;France;Allemagne;14;0;0;0;0;0;0;FAIBLE;2026-05-14 11:56:32
TXN-004076;CLT-0092;214,72;France;Suisse;14;0;0;0;0;0;0;FAIBLE;2026-05-14 11:56:32
TXN-004077;CLT-0081;3617,2;Allemagne;Îles Caïmans;14;0;0;0;20;0;20;MODÉRÉ;2026-05-14 11:56:32
TXN-004078;CLT-0050;25373,22;France;Espagne;14;1;40;0;0;0;40;ÉLEVÉ;2026-05-14 11:56:32
TXN-004079;CLT-0044;54728,91;France;France;14;1;40;0;0;0;40;ÉLEVÉ;2026-05-14 11:56:32
TXN-004080;CLT-0024;4003,71;France;Espagne;14;0;0;0;0;0;0;FAIBLE;2026-05-14 11:56:32
TXN-004081;CLT-0059;2022,36;France;Îles Caïmans;14;0;0;0;20;0;20;MODÉRÉ;2026-05-14 11:56:32
TXN-004082;CLT-0087;27652,46;Russie;Italie;14;1;40;0;0;0;40;ÉLEVÉ;2026-05-14 11:56:32
TXN-004083;CLT-0036;1370,46;Russie;Italie;14;0;0;0;0;0;0;FAIBLE;2026-05-14 11:56:32
TXN-004084;CLT-0069;4793,31;Allemagne;Panama;14;0;0;0;20;0;20;MODÉRÉ;2026-05-14 11:56:32
TXN-004085;CLT-0050;73312,21;Panama;Espagne;14;1;40;25;0;0;65;ÉLEVÉ;2026-05-14 11:56:32
TXN-004086;CLT-0063;2887,13;Îles Caïmans;Îles Caïmans;14;0;0;25;20;0;45;ÉLEVÉ;2026-05-14 11:56:32
TXN-004087;CLT-0042;43447,73;Îles Caïmans;Italie;14;1;40;25;0;0;65;ÉLEVÉ;2026-05-14 11:56:32
TXN-004088;CLT-0018;1822,88;France;Panama;14;0;0;0;20;0;20;MODÉRÉ;2026-05-14 11:56:32
TXN-004089;CLT-0048;1513,02;Russie;Suisse;14;0;0;0;0;0;0;FAIBLE;2026-05-14 11:56:32
TXN-004090;CLT-0052;86895,91;Panama;France;14;1;40;25;0;0;65;ÉLEVÉ;2026-05-14 11:56:32
TXN-004091;CLT-0006;268,65;Îles Caïmans;France;14;0;0;25;0;0;25;MODÉRÉ;2026-05-14 11:56:32
TXN-004092;CLT-0006;4147,88;France;France;14;0;0;0;0;0;0;FAIBLE;2026-05-14 11:56:32
TXN-004093;CLT-0080;2150,38;France;France;14;0;0;0;0;0;0;FAIBLE;2026-05-14 11:56:32
TXN-004094;CLT-0076;26822,94;France;France;14;1;40;0;0;0;40;ÉLEVÉ;2026-05-14 11:56:32
TXN-004095;CLT-0004;72447,85;Panama;Suisse;14;1;40;25;0;0;65;ÉLEVÉ;2026-05-14 11:56:32
TXN-004096;CLT-0021;60922,97;Russie;France;14;1;40;0;0;0;40;ÉLEVÉ;2026-05-14 11:56:32
TXN-004097;CLT-0077;2846,43;Allemagne;France;14;0;0;0;0;0;0;FAIBLE;2026-05-14 11:56:32
TXN-004098;CLT-0051;2876,65;France;France;14;0;0;0;0;0;0;FAIBLE;2026-05-14 11:56:32
TXN-004099;CLT-0018;2671,9;Panama;Panama;14;0;0;25;20;0;45;ÉLEVÉ;2026-05-14 11:56:32
TXN-004100;CLT-0085;4738,14;Espagne;Îles Caïmans;14;0;0;0;20;0;20;MODÉRÉ;2026-05-14 11:56:32
TXN-004101;CLT-0018;4907,6;Panama;Panama;14;0;0;25;20;0;45;ÉLEVÉ;2026-05-14 11:56:32
TXN-004102;CLT-0037;2788,62;Panama;Îles Caïmans;14;0;0;25;20;0;45;ÉLEVÉ;2026-05-14 11:56:32
TXN-004103;CLT-0003;461,91;France;France;14;0;0;0;0;0;0;FAIBLE;2026-05-14 11:56:32
TXN-004104;CLT-0081;2980,26;Allemagne;Îles Caïmans;14;0;0;0;20;0;20;MODÉRÉ;2026-05-14 11:56:32
TXN-004105;CLT-0098;4196,45;Îles Caïmans;Espagne;14;0;0;25;0;0;25;MODÉRÉ;2026-05-14 11:56:32
TXN-004106;CLT-0077;792,93;France;France;14;0;0;0;0;0;0;FAIBLE;2026-05-14 11:56:32
TXN-004107;CLT-0041;61638,2;Îles Caïmans;Panama;14;1;40;25;20;0;85;CRITIQUE;2026-05-14 11:56:32
TXN-004108;CLT-0014;92347,15;France;France;14;1;40;0;0;0;40;ÉLEVÉ;2026-05-14 11:56:32
TXN-004109;CLT-0002;2121,06;Russie;Espagne;14;0;0;0;0;0;0;FAIBLE;2026-05-14 11:56:32
TXN-004110;CLT-0052;779,77;France;France;14;0;0;0;0;0;0;FAIBLE;2026-05-14 11:56:32
TXN-004111;CLT-0047;4000,89;Panama;Îles Caïmans;14;0;0;25;20;0;45;ÉLEVÉ;2026-05-14 11:56:32
TXN-004112;CLT-0088;40577,92;France;Allemagne;14;1;40;0;0;0;40;ÉLEVÉ;2026-05-14 11:56:32
TXN-004113;CLT-0012;3400,16;Russie;Panama;14;0;0;0;20;0;20;MODÉRÉ;2026-05-14 11:56:32
TXN-004114;CLT-0045;1587,01;Russie;France;14;0;0;0;0;0;0;FAIBLE;2026-05-14 11:56:32
TXN-004115;CLT-0033;1873,36;France;Italie;14;0;0;0;0;0;0;FAIBLE;2026-05-14 11:56:32
TXN-004116;CLT-0057;2957,75;Espagne;France;14;0;0;0;0;0;0;FAIBLE;2026-05-14 11:56:32
TXN-004117;CLT-0094;40657,73;Allemagne;Allemagne;14;1;40;0;0;0;40;ÉLEVÉ;2026-05-14 11:56:32
TXN-004118;CLT-0060;78613,59;France;Italie;14;1;40;0;0;0;40;ÉLEVÉ;2026-05-14 11:56:32
TXN-004119;CLT-0095;2306,57;Îles Caïmans;Îles Caïmans;14;0;0;25;20;0;45;ÉLEVÉ;2026-05-14 11:56:32
TXN-004120;CLT-0092;3720,54;Allemagne;Suisse;14;0;0;0;0;0;0;FAIBLE;2026-05-14 11:56:32
TXN-004121;CLT-0071;1947,83;Allemagne;Îles Caïmans;14;0;0;0;20;0;20;MODÉRÉ;2026-05-14 11:56:32
TXN-004122;CLT-0034;3570,28;Russie;France;14;0;0;0;0;0;0;FAIBLE;2026-05-14 11:56:32
TXN-004123;CLT-0088;4774,68;France;Allemagne;14;0;0;0;0;0;0;FAIBLE;2026-05-14 11:56:32
TXN-004124;CLT-0062;4853,14;France;France;14;0;0;0;0;0;0;FAIBLE;2026-05-14 11:56:32
TXN-004125;CLT-0083;1229,36;France;France;14;0;0;0;0;0;0;FAIBLE;2026-05-14 11:56:32
TXN-004126;CLT-0063;3021,32;Allemagne;Îles Caïmans;14;0;0;0;20;0;20;MODÉRÉ;2026-05-14 11:56:32
TXN-004127;CLT-0091;4088,72;Russie;Allemagne;14;0;0;0;0;0;0;FAIBLE;2026-05-14 11:56:32
TXN-004128;CLT-0073;3416,24;Espagne;France;14;0;0;0;0;0;0;FAIBLE;2026-05-14 11:56:32
TXN-004129;CLT-0018;938,36;Allemagne;Panama;14;0;0;0;20;0;20;MODÉRÉ;2026-05-14 11:56:32
TXN-004130;CLT-0049;4079,23;France;France;14;0;0;0;0;0;0;FAIBLE;2026-05-14 11:56:32
TXN-004131;CLT-0080;2202,09;Allemagne;France;14;0;0;0;0;0;0;FAIBLE;2026-05-14 11:56:32
TXN-004132;CLT-0019;4338,66;France;Espagne;14;0;0;0;0;0;0;FAIBLE;2026-05-14 11:56:32
TXN-004133;CLT-0013;919,98;France;France;14;0;0;0;0;0;0;FAIBLE;2026-05-14 11:56:32
TXN-004134;CLT-0098;61665,72;Espagne;Espagne;14;1;40;0;0;0;40;ÉLEVÉ;2026-05-14 11:56:32
TXN-004135;CLT-0064;1069,96;France;France;14;0;0;0;0;0;0;FAIBLE;2026-05-14 11:56:32
TXN-004136;CLT-0062;55,37;Panama;France;14;0;0;25;0;0;25;MODÉRÉ;2026-05-14 11:56:32
TXN-004137;CLT-0089;1648,0;France;Îles Caïmans;14;0;0;0;20;0;20;MODÉRÉ;2026-05-14 11:56:32
TXN-004138;CLT-0042;297,32;France;Italie;14;0;0;0;0;0;0;FAIBLE;2026-05-14 11:56:32
TXN-004139;CLT-0004;4797,4;Îles Caïmans;Suisse;14;0;0;25;0;0;25;MODÉRÉ;2026-05-14 11:56:32
TXN-004140;CLT-0087;4923,56;France;Italie;14;0;0;0;0;0;0;FAIBLE;2026-05-14 11:56:32
TXN-004141;CLT-0093;2168,15;France;Suisse;14;0;0;0;0;0;0;FAIBLE;2026-05-14 11:56:32
TXN-004142;CLT-0027;2342,52;Îles Caïmans;Espagne;14;0;0;25;0;0;25;MODÉRÉ;2026-05-14 11:56:32
TXN-004143;CLT-0051;2536,1;Espagne;France;14;0;0;0;0;0;0;FAIBLE;2026-05-14 11:56:32
TXN-004144;CLT-0001;151,1;Panama;France;14;0;0;25;0;0;25;MODÉRÉ;2026-05-14 11:56:32
TXN-004145;CLT-0043;40925,34;Panama;Suisse;14;1;40;25;0;0;65;ÉLEVÉ;2026-05-14 11:56:32
TXN-004146;CLT-0018;2522,08;France;Panama;14;0;0;0;20;0;20;MODÉRÉ;2026-05-14 11:56:32
TXN-004147;CLT-0091;197,59;France;Allemagne;14;0;0;0;0;0;0;FAIBLE;2026-05-14 11:56:32
TXN-004148;CLT-0087;51157,13;Russie;Italie;14;1;40;0;0;0;40;ÉLEVÉ;2026-05-14 11:56:32
TXN-004149;CLT-0055;1840,45;Îles Caïmans;Espagne;14;0;0;25;0;0;25;MODÉRÉ;2026-05-14 11:56:32
TXN-004150;CLT-0056;57518,19;France;Allemagne;14;1;40;0;0;0;40;ÉLEVÉ;2026-05-14 11:56:32
TXN-004151;CLT-0025;1233,1;Panama;Italie;14;0;0;25;0;0;25;MODÉRÉ;2026-05-14 11:56:32
TXN-004152;CLT-0034;3971,36;France;France;14;0;0;0;0;0;0;FAIBLE;2026-05-14 11:56:32
TXN-004153;CLT-0077;2244,61;Allemagne;France;14;0;0;0;0;0;0;FAIBLE;2026-05-14 11:56:32
TXN-004154;CLT-0090;88502,1;Russie;France;14;1;40;0;0;0;40;ÉLEVÉ;2026-05-14 11:56:32
TXN-004155;CLT-0036;4194,83;France;Italie;14;0;0;0;0;0;0;FAIBLE;2026-05-14 11:56:32
TXN-004156;CLT-0055;4570,34;Panama;Espagne;14;0;0;25;0;0;25;MODÉRÉ;2026-05-14 11:56:32
TXN-004157;CLT-0077;80,89;France;France;14;0;0;0;0;0;0;FAIBLE;2026-05-14 11:56:32
TXN-004158;CLT-0038;3877,64;France;Îles Caïmans;14;0;0;0;20;0;20;MODÉRÉ;2026-05-14 11:56:32
TXN-004159;CLT-0033;27351,56;France;Italie;14;1;40;0;0;0;40;ÉLEVÉ;2026-05-14 11:56:32
TXN-004160;CLT-0075;21654,52;France;France;14;1;40;0;0;0;40;ÉLEVÉ;2026-05-14 11:56:32
TXN-004161;CLT-0079;4552,05;Panama;Îles Caïmans;14;0;0;25;20;0;45;ÉLEVÉ;2026-05-14 11:56:32
TXN-004162;CLT-0010;91,26;Russie;Îles Caïmans;14;0;0;0;20;0;20;MODÉRÉ;2026-05-14 11:56:32
TXN-004163;CLT-0018;3498,07;Espagne;Panama;14;0;0;0;20;0;20;MODÉRÉ;2026-05-14 11:56:32
TXN-004164;CLT-0021;1507,85;Îles Caïmans;France;14;0;0;25;0;0;25;MODÉRÉ;2026-05-14 11:56:32
TXN-004165;CLT-0063;3735,15;France;Îles Caïmans;14;0;0;0;20;0;20;MODÉRÉ;2026-05-14 11:56:32
TXN-004166;CLT-0068;652,55;Russie;Allemagne;14;0;0;0;0;0;0;FAIBLE;2026-05-14 11:56:32
TXN-004167;CLT-0009;65182,01;France;Suisse;14;1;40;0;0;0;40;ÉLEVÉ;2026-05-14 11:56:32
TXN-004168;CLT-0090;394,4;Panama;France;14;0;0;25;0;0;25;MODÉRÉ;2026-05-14 11:56:32
TXN-004169;CLT-0077;2343,02;Espagne;France;14;0;0;0;0;0;0;FAIBLE;2026-05-14 11:56:32
TXN-004170;CLT-0066;3767,66;Russie;Espagne;14;0;0;0;0;0;0;FAIBLE;2026-05-14 11:56:32
TXN-004171;CLT-0025;2841,17;Allemagne;Italie;14;0;0;0;0;0;0;FAIBLE;2026-05-14 11:56:32
TXN-004172;CLT-0020;4283,02;Îles Caïmans;Italie;14;0;0;25;0;0;25;MODÉRÉ;2026-05-14 11:56:32
TXN-004173;CLT-0008;262,97;France;Suisse;14;0;0;0;0;0;0;FAIBLE;2026-05-14 11:56:32
TXN-004174;CLT-0001;1927,11;Îles Caïmans;France;14;0;0;25;0;0;25;MODÉRÉ;2026-05-14 11:56:32
TXN-004175;CLT-0088;4505,33;Îles Caïmans;Allemagne;14;0;0;25;0;0;25;MODÉRÉ;2026-05-14 11:56:32
TXN-004176;CLT-0067;1659,41;Panama;Panama;14;0;0;25;20;0;45;ÉLEVÉ;2026-05-14 11:56:32
TXN-004177;CLT-0046;3795,66;France;France;14;0;0;0;0;0;0;FAIBLE;2026-05-14 11:56:32
TXN-004178;CLT-0001;2160,46;Îles Caïmans;France;14;0;0;25;0;0;25;MODÉRÉ;2026-05-14 11:56:32
TXN-004179;CLT-0068;1694,52;Espagne;Allemagne;14;0;0;0;0;0;0;FAIBLE;2026-05-14 11:56:32
TXN-004180;CLT-0049;1793,49;Espagne;France;14;0;0;0;0;0;0;FAIBLE;2026-05-14 11:56:32
TXN-004181;CLT-0039;777,99;France;France;14;0;0;0;0;0;0;FAIBLE;2026-05-14 11:56:32
TXN-004182;CLT-0038;2947,75;France;Îles Caïmans;14;0;0;0;20;0;20;MODÉRÉ;2026-05-14 11:56:32
TXN-004183;CLT-0068;4167,61;Îles Caïmans;Allemagne;14;0;0;25;0;0;25;MODÉRÉ;2026-05-14 11:56:32
TXN-004184;CLT-0061;75471,24;France;France;14;1;40;0;0;0;40;ÉLEVÉ;2026-05-14 11:56:32
TXN-004185;CLT-0025;4792,07;Espagne;Italie;14;0;0;0;0;0;0;FAIBLE;2026-05-14 11:56:32
TXN-004186;CLT-0066;1346,23;France;Espagne;14;0;0;0;0;0;0;FAIBLE;2026-05-14 11:56:32
TXN-004187;CLT-0094;3988,59;Allemagne;Allemagne;14;0;0;0;0;0;0;FAIBLE;2026-05-14 11:56:32
TXN-004188;CLT-0096;60958,06;Allemagne;Panama;14;1;40;0;20;0;60;ÉLEVÉ;2026-05-14 11:56:32
TXN-004189;CLT-0099;2896,15;France;Panama;14;0;0;0;20;0;20;MODÉRÉ;2026-05-14 11:56:32
TXN-004190;CLT-0074;2383,4;France;Allemagne;14;0;0;0;0;0;0;FAIBLE;2026-05-14 11:56:32
TXN-004191;CLT-0072;1689,81;France;Allemagne;14;0;0;0;0;0;0;FAIBLE;2026-05-14 11:56:32
TXN-004192;CLT-0068;1952,31;Espagne;Allemagne;14;0;0;0;0;0;0;FAIBLE;2026-05-14 11:56:32
TXN-004193;CLT-0046;220,76;Russie;France;14;0;0;0;0;0;0;FAIBLE;2026-05-14 11:56:32
TXN-004194;CLT-0074;2552,1;Russie;Allemagne;14;0;0;0;0;0;0;FAIBLE;2026-05-14 11:56:32
TXN-004195;CLT-0033;4767,17;Panama;Italie;14;0;0;25;0;0;25;MODÉRÉ;2026-05-14 11:56:32
TXN-004196;CLT-0006;3143,41;Îles Caïmans;France;14;0;0;25;0;0;25;MODÉRÉ;2026-05-14 11:56:32
TXN-004197;CLT-0035;70398,75;France;Espagne;14;1;40;0;0;0;40;ÉLEVÉ;2026-05-14 11:56:32
TXN-004198;CLT-0068;4847,54;France;Allemagne;14;0;0;0;0;0;0;FAIBLE;2026-05-14 11:56:32
TXN-004199;CLT-0060;1409,03;Espagne;Italie;14;0;0;0;0;0;0;FAIBLE;2026-05-14 11:56:32
TXN-004200;CLT-0096;1144,51;Russie;Panama;14;0;0;0;20;0;20;MODÉRÉ;2026-05-14 11:56:32
TXN-004201;CLT-0047;2667,63;Panama;Îles Caïmans;14;0;0;25;20;0;45;ÉLEVÉ;2026-05-14 11:56:32
TXN-004202;CLT-0009;577,26;Îles Caïmans;Suisse;14;0;0;25;0;0;25;MODÉRÉ;2026-05-14 11:56:32
TXN-004203;CLT-0067;4967,21;Allemagne;Panama;14;0;0;0;20;0;20;MODÉRÉ;2026-05-14 11:56:32
TXN-004204;CLT-0078;53412,45;Îles Caïmans;Suisse;14;1;40;25;0;0;65;ÉLEVÉ;2026-05-14 11:56:32
TXN-004205;CLT-0014;4031,84;Îles Caïmans;France;14;0;0;25;0;0;25;MODÉRÉ;2026-05-14 11:56:32
TXN-004206;CLT-0022;3237,05;France;Allemagne;14;0;0;0;0;0;0;FAIBLE;2026-05-14 11:56:32
TXN-004207;CLT-0049;1809,37;Espagne;France;14;0;0;0;0;0;0;FAIBLE;2026-05-14 11:56:32
TXN-004208;CLT-0038;2105,75;Allemagne;Îles Caïmans;14;0;0;0;20;0;20;MODÉRÉ;2026-05-14 11:56:32
TXN-004209;CLT-0090;93450,54;Îles Caïmans;France;14;1;40;25;0;0;65;ÉLEVÉ;2026-05-14 11:56:32
TXN-004210;CLT-0085;4218,69;Panama;Îles Caïmans;14;0;0;25;20;0;45;ÉLEVÉ;2026-05-14 11:56:32
TXN-004211;CLT-0060;78640,84;France;Italie;14;1;40;0;0;0;40;ÉLEVÉ;2026-05-14 11:56:32
TXN-004212;CLT-0047;741,94;Espagne;Îles Caïmans;14;0;0;0;20;0;20;MODÉRÉ;2026-05-14 11:56:32
TXN-004213;CLT-0054;2748,31;Allemagne;Suisse;14;0;0;0;0;0;0;FAIBLE;2026-05-14 11:56:32
TXN-004214;CLT-0084;71069,15;France;Italie;14;1;40;0;0;0;40;ÉLEVÉ;2026-05-14 11:56:32
TXN-004215;CLT-0004;2517,91;France;Suisse;14;0;0;0;0;0;0;FAIBLE;2026-05-14 11:56:32
TXN-004216;CLT-0008;3399,76;Îles Caïmans;Suisse;14;0;0;25;0;0;25;MODÉRÉ;2026-05-14 11:56:32
TXN-004217;CLT-0070;1370,94;France;Italie;14;0;0;0;0;0;0;FAIBLE;2026-05-14 11:56:32
TXN-004218;CLT-0058;2765,42;Panama;France;14;0;0;25;0;0;25;MODÉRÉ;2026-05-14 11:56:32
TXN-004219;CLT-0054;362,3;Panama;Suisse;14;0;0;25;0;0;25;MODÉRÉ;2026-05-14 11:56:32
TXN-004220;CLT-0070;2970,81;France;Italie;14;0;0;0;0;0;0;FAIBLE;2026-05-14 11:56:32
TXN-004221;CLT-0066;3747,25;Panama;Espagne;14;0;0;25;0;0;25;MODÉRÉ;2026-05-14 11:56:32
TXN-004222;CLT-0008;1608,82;Espagne;Suisse;14;0;0;0;0;0;0;FAIBLE;2026-05-14 11:56:32
TXN-004223;CLT-0081;4937,96;France;Îles Caïmans;14;0;0;0;20;0;20;MODÉRÉ;2026-05-14 11:56:32
TXN-004224;CLT-0034;2754,14;Russie;France;14;0;0;0;0;0;0;FAIBLE;2026-05-14 11:56:32
TXN-004225;CLT-0003;2630,37;Îles Caïmans;France;14;0;0;25;0;0;25;MODÉRÉ;2026-05-14 11:56:32
TXN-004226;CLT-0088;28688,19;France;Allemagne;14;1;40;0;0;0;40;ÉLEVÉ;2026-05-14 11:56:32
TXN-004227;CLT-0078;62948,91;Panama;Suisse;14;1;40;25;0;0;65;ÉLEVÉ;2026-05-14 11:56:32
TXN-004228;CLT-0013;2740,44;Îles Caïmans;France;14;0;0;25;0;0;25;MODÉRÉ;2026-05-14 11:56:32
TXN-004229;CLT-0066;3922,85;France;Espagne;14;0;0;0;0;0;0;FAIBLE;2026-05-14 11:56:32
TXN-004230;CLT-0050;2447,39;France;Espagne;14;0;0;0;0;0;0;FAIBLE;2026-05-14 11:56:32
TXN-004231;CLT-0017;244,91;Russie;Îles Caïmans;14;0;0;0;20;0;20;MODÉRÉ;2026-05-14 11:56:32
TXN-004232;CLT-0050;2951,5;Allemagne;Espagne;14;0;0;0;0;0;0;FAIBLE;2026-05-14 11:56:32
TXN-004233;CLT-0085;4527,39;Espagne;Îles Caïmans;14;0;0;0;20;0;20;MODÉRÉ;2026-05-14 11:56:32
TXN-004234;CLT-0032;2276,07;France;Suisse;14;0;0;0;0;0;0;FAIBLE;2026-05-14 11:56:32
TXN-004235;CLT-0079;1646,24;Allemagne;Îles Caïmans;14;0;0;0;20;0;20;MODÉRÉ;2026-05-14 11:56:32
TXN-004236;CLT-0089;963,13;France;Îles Caïmans;14;0;0;0;20;0;20;MODÉRÉ;2026-05-14 11:56:32
TXN-004237;CLT-0099;2216,87;Allemagne;Panama;14;0;0;0;20;0;20;MODÉRÉ;2026-05-14 11:56:32
TXN-004238;CLT-0006;36646,46;Russie;France;14;1;40;0;0;0;40;ÉLEVÉ;2026-05-14 11:56:32
TXN-004239;CLT-0083;173,35;Russie;France;14;0;0;0;0;0;0;FAIBLE;2026-05-14 11:56:32
TXN-004240;CLT-0067;3380,75;Espagne;Panama;14;0;0;0;20;0;20;MODÉRÉ;2026-05-14 11:56:32
TXN-004241;CLT-0069;1562,79;France;Panama;14;0;0;0;20;0;20;MODÉRÉ;2026-05-14 11:56:32
TXN-004242;CLT-0062;1563,7;France;France;14;0;0;0;0;0;0;FAIBLE;2026-05-14 11:56:32
TXN-004243;CLT-0042;4681,68;Allemagne;Italie;14;0;0;0;0;0;0;FAIBLE;2026-05-14 11:56:32
TXN-004244;CLT-0042;4952,5;France;Italie;14;0;0;0;0;0;0;FAIBLE;2026-05-14 11:56:32
TXN-004245;CLT-0058;2918,07;Russie;France;14;0;0;0;0;0;0;FAIBLE;2026-05-14 11:56:32
TXN-004246;CLT-0030;4369,81;Espagne;Allemagne;14;0;0;0;0;0;0;FAIBLE;2026-05-14 11:56:32
TXN-004247;CLT-0053;2566,77;Espagne;Espagne;14;0;0;0;0;0;0;FAIBLE;2026-05-14 11:56:32
TXN-004248;CLT-0099;74231,58;Îles Caïmans;Panama;14;1;40;25;20;0;85;CRITIQUE;2026-05-14 11:56:32
TXN-004249;CLT-0056;4073,87;France;Allemagne;14;0;0;0;0;0;0;FAIBLE;2026-05-14 11:56:32
TXN-004250;CLT-0065;2404,03;France;Îles Caïmans;14;0;0;0;20;0;20;MODÉRÉ;2026-05-14 11:56:32
TXN-004251;CLT-0058;4725,07;France;France;14;0;0;0;0;0;0;FAIBLE;2026-05-14 11:56:32
TXN-004252;CLT-0051;1175,27;Allemagne;France;14;0;0;0;0;0;0;FAIBLE;2026-05-14 11:56:32
TXN-004253;CLT-0043;692,16;Panama;Suisse;14;0;0;25;0;0;25;MODÉRÉ;2026-05-14 11:56:32
TXN-004254;CLT-0021;3312,83;Allemagne;France;14;0;0;0;0;0;0;FAIBLE;2026-05-14 11:56:32
TXN-004255;CLT-0009;461,45;Panama;Suisse;14;0;0;25;0;0;25;MODÉRÉ;2026-05-14 11:56:32
TXN-004256;CLT-0075;1278,9;Îles Caïmans;France;14;0;0;25;0;0;25;MODÉRÉ;2026-05-14 11:56:32
TXN-004257;CLT-0039;48591,05;Îles Caïmans;France;14;1;40;25;0;0;65;ÉLEVÉ;2026-05-14 11:56:32
TXN-004258;CLT-0023;3548,0;Panama;Allemagne;14;0;0;25;0;0;25;MODÉRÉ;2026-05-14 11:56:32
TXN-004259;CLT-0037;2865,79;Russie;Îles Caïmans;14;0;0;0;20;0;20;MODÉRÉ;2026-05-14 11:56:32
TXN-004260;CLT-0015;4660,14;France;France;14;0;0;0;0;0;0;FAIBLE;2026-05-14 11:56:32
TXN-004261;CLT-0022;1689,98;France;Allemagne;14;0;0;0;0;0;0;FAIBLE;2026-05-14 11:56:32
TXN-004262;CLT-0037;2763,54;Allemagne;Îles Caïmans;14;0;0;0;20;0;20;MODÉRÉ;2026-05-14 11:56:32
TXN-004263;CLT-0086;1506,26;Îles Caïmans;France;14;0;0;25;0;0;25;MODÉRÉ;2026-05-14 11:56:32
TXN-004264;CLT-0033;302,28;Allemagne;Italie;14;0;0;0;0;0;0;FAIBLE;2026-05-14 11:56:32
TXN-004265;CLT-0004;4056,2;France;Suisse;14;0;0;0;0;0;0;FAIBLE;2026-05-14 11:56:32
TXN-004266;CLT-0031;1450,19;France;Panama;14;0;0;0;20;0;20;MODÉRÉ;2026-05-14 11:56:32
TXN-004267;CLT-0045;2129,51;Îles Caïmans;France;14;0;0;25;0;0;25;MODÉRÉ;2026-05-14 11:56:32
TXN-004268;CLT-0025;943,95;Îles Caïmans;Italie;14;0;0;25;0;0;25;MODÉRÉ;2026-05-14 11:56:32
TXN-004269;CLT-0054;624,34;Îles Caïmans;Suisse;14;0;0;25;0;0;25;MODÉRÉ;2026-05-14 11:56:32
TXN-004270;CLT-0096;17,46;Allemagne;Panama;14;0;0;0;20;0;20;MODÉRÉ;2026-05-14 11:56:32
TXN-004271;CLT-0018;4058,43;France;Panama;14;0;0;0;20;0;20;MODÉRÉ;2026-05-14 11:56:32
TXN-004272;CLT-0079;4894,45;France;Îles Caïmans;14;0;0;0;20;0;20;MODÉRÉ;2026-05-14 11:56:32
TXN-004273;CLT-0055;94005,39;Allemagne;Espagne;14;1;40;0;0;0;40;ÉLEVÉ;2026-05-14 11:56:32
TXN-004274;CLT-0095;2446,23;France;Îles Caïmans;14;0;0;0;20;0;20;MODÉRÉ;2026-05-14 11:56:32
TXN-004275;CLT-0042;2267,17;Espagne;Italie;14;0;0;0;0;0;0;FAIBLE;2026-05-14 11:56:32
TXN-004276;CLT-0038;2023,99;France;Îles Caïmans;14;0;0;0;20;0;20;MODÉRÉ;2026-05-14 11:56:32
TXN-004277;CLT-0009;3886,55;Espagne;Suisse;14;0;0;0;0;0;0;FAIBLE;2026-05-14 11:56:32
TXN-004278;CLT-0040;4540,75;Îles Caïmans;Suisse;14;0;0;25;0;0;25;MODÉRÉ;2026-05-14 11:56:32
TXN-004279;CLT-0032;559,12;France;Suisse;14;0;0;0;0;0;0;FAIBLE;2026-05-14 11:56:32
TXN-004280;CLT-0097;341,76;Îles Caïmans;Panama;14;0;0;25;20;0;45;ÉLEVÉ;2026-05-14 11:56:32
TXN-004281;CLT-0075;3172,19;France;France;14;0;0;0;0;0;0;FAIBLE;2026-05-14 11:56:32
TXN-004282;CLT-0012;2198,97;France;Panama;14;0;0;0;20;0;20;MODÉRÉ;2026-05-14 11:56:32
TXN-004283;CLT-0042;88674,58;France;Italie;14;1;40;0;0;0;40;ÉLEVÉ;2026-05-14 11:56:32
TXN-004284;CLT-0094;1679,27;Espagne;Allemagne;14;0;0;0;0;0;0;FAIBLE;2026-05-14 11:56:32
TXN-004285;CLT-0071;4627,54;Russie;Îles Caïmans;14;0;0;0;20;0;20;MODÉRÉ;2026-05-14 11:56:32
TXN-004286;CLT-0030;54409,72;France;Allemagne;14;1;40;0;0;0;40;ÉLEVÉ;2026-05-14 11:56:32
TXN-004287;CLT-0009;3777,59;Panama;Suisse;14;0;0;25;0;0;25;MODÉRÉ;2026-05-14 11:56:32
TXN-004288;CLT-0011;3658,76;Russie;France;14;0;0;0;0;0;0;FAIBLE;2026-05-14 11:56:32
TXN-004289;CLT-0046;4149,0;France;France;14;0;0;0;0;0;0;FAIBLE;2026-05-14 11:56:32
TXN-004290;CLT-0068;3910,52;Russie;Allemagne;14;0;0;0;0;0;0;FAIBLE;2026-05-14 11:56:32
TXN-004291;CLT-0018;1590,91;Espagne;Panama;14;0;0;0;20;0;20;MODÉRÉ;2026-05-14 11:56:32
TXN-004292;CLT-0057;36034,07;Îles Caïmans;France;14;1;40;25;0;0;65;ÉLEVÉ;2026-05-14 11:56:32
TXN-004293;CLT-0090;2574,03;Panama;France;14;0;0;25;0;0;25;MODÉRÉ;2026-05-14 11:56:32
TXN-004294;CLT-0069;308,27;Allemagne;Panama;14;0;0;0;20;0;20;MODÉRÉ;2026-05-14 11:56:32
TXN-004295;CLT-0042;25933,35;France;Italie;14;1;40;0;0;0;40;ÉLEVÉ;2026-05-14 11:56:32
TXN-004296;CLT-0053;2171,34;France;Espagne;14;0;0;0;0;0;0;FAIBLE;2026-05-14 11:56:32
TXN-004297;CLT-0010;83,76;Russie;Îles Caïmans;14;0;0;0;20;0;20;MODÉRÉ;2026-05-14 11:56:32
TXN-004298;CLT-0081;61517,13;Panama;Îles Caïmans;14;1;40;25;20;0;85;CRITIQUE;2026-05-14 11:56:32
TXN-004299;CLT-0007;653,08;France;Suisse;14;0;0;0;0;0;0;FAIBLE;2026-05-14 11:56:32
TXN-004300;CLT-0085;45219,8;Allemagne;Îles Caïmans;14;1;40;0;20;0;60;ÉLEVÉ;2026-05-14 11:56:32
TXN-004301;CLT-0034;3610,22;Allemagne;France;14;0;0;0;0;0;0;FAIBLE;2026-05-14 11:56:32
TXN-004302;CLT-0025;10891,91;France;Italie;14;1;40;0;0;0;40;ÉLEVÉ;2026-05-14 11:56:32
TXN-004303;CLT-0083;2164,37;France;France;14;0;0;0;0;0;0;FAIBLE;2026-05-14 11:56:32
TXN-004304;CLT-0022;4578,41;France;Allemagne;14;0;0;0;0;0;0;FAIBLE;2026-05-14 11:56:32
TXN-004305;CLT-0052;76578,74;Russie;France;14;1;40;0;0;0;40;ÉLEVÉ;2026-05-14 11:56:32
TXN-004306;CLT-0041;35408,23;France;Panama;14;1;40;0;20;0;60;ÉLEVÉ;2026-05-14 11:56:32
TXN-004307;CLT-0055;93530,04;Allemagne;Espagne;14;1;40;0;0;0;40;ÉLEVÉ;2026-05-14 11:56:32
TXN-004308;CLT-0018;2601,34;Espagne;Panama;14;0;0;0;20;0;20;MODÉRÉ;2026-05-14 11:56:32
TXN-004309;CLT-0076;94235,6;France;France;14;1;40;0;0;0;40;ÉLEVÉ;2026-05-14 11:56:32
TXN-004310;CLT-0018;245,49;France;Panama;14;0;0;0;20;0;20;MODÉRÉ;2026-05-14 11:56:32
TXN-004311;CLT-0010;3698,41;Allemagne;Îles Caïmans;14;0;0;0;20;0;20;MODÉRÉ;2026-05-14 11:56:32
TXN-004312;CLT-0074;1540,67;Allemagne;Allemagne;14;0;0;0;0;0;0;FAIBLE;2026-05-14 11:56:32
TXN-004313;CLT-0067;879,8;France;Panama;14;0;0;0;20;0;20;MODÉRÉ;2026-05-14 11:56:32
TXN-004314;CLT-0033;800,04;Îles Caïmans;Italie;14;0;0;25;0;0;25;MODÉRÉ;2026-05-14 11:56:32
TXN-004315;CLT-0039;1672,95;Îles Caïmans;France;14;0;0;25;0;0;25;MODÉRÉ;2026-05-14 11:56:32
TXN-004316;CLT-0057;4022,74;France;France;14;0;0;0;0;0;0;FAIBLE;2026-05-14 11:56:32
TXN-004317;CLT-0055;2922,41;Espagne;Espagne;14;0;0;0;0;0;0;FAIBLE;2026-05-14 11:56:32
TXN-004318;CLT-0046;282,0;Îles Caïmans;France;14;0;0;25;0;0;25;MODÉRÉ;2026-05-14 11:56:32
TXN-004319;CLT-0081;3186,92;Espagne;Îles Caïmans;14;0;0;0;20;0;20;MODÉRÉ;2026-05-14 11:56:32
TXN-004320;CLT-0047;2755,23;Russie;Îles Caïmans;14;0;0;0;20;0;20;MODÉRÉ;2026-05-14 11:56:32
TXN-004321;CLT-0043;1787,49;Îles Caïmans;Suisse;14;0;0;25;0;0;25;MODÉRÉ;2026-05-14 11:56:32
TXN-004322;CLT-0073;2027,38;Espagne;France;14;0;0;0;0;0;0;FAIBLE;2026-05-14 11:56:32
TXN-004323;CLT-0048;4487,16;France;Suisse;14;0;0;0;0;0;0;FAIBLE;2026-05-14 11:56:32
TXN-004324;CLT-0014;2088,61;Russie;France;14;0;0;0;0;0;0;FAIBLE;2026-05-14 11:56:32
TXN-004325;CLT-0052;1853,67;Panama;France;14;0;0;25;0;0;25;MODÉRÉ;2026-05-14 11:56:32
TXN-004326;CLT-0098;4392,0;Îles Caïmans;Espagne;14;0;0;25;0;0;25;MODÉRÉ;2026-05-14 11:56:32
TXN-004327;CLT-0027;3337,95;Îles Caïmans;Espagne;14;0;0;25;0;0;25;MODÉRÉ;2026-05-14 11:56:32
TXN-004328;CLT-0071;63139,76;Allemagne;Îles Caïmans;14;1;40;0;20;0;60;ÉLEVÉ;2026-05-14 11:56:32
TXN-004329;CLT-0097;1020,71;Russie;Panama;14;0;0;0;20;0;20;MODÉRÉ;2026-05-14 11:56:32
TXN-004330;CLT-0044;762,17;France;France;14;0;0;0;0;0;0;FAIBLE;2026-05-14 11:56:32
TXN-004331;CLT-0090;2293,76;Allemagne;France;14;0;0;0;0;0;0;FAIBLE;2026-05-14 11:56:32
TXN-004332;CLT-0042;2739,79;Allemagne;Italie;14;0;0;0;0;0;0;FAIBLE;2026-05-14 11:56:32
TXN-004333;CLT-0043;1440,23;Îles Caïmans;Suisse;14;0;0;25;0;0;25;MODÉRÉ;2026-05-14 11:56:32
TXN-004334;CLT-0013;2892,98;France;France;14;0;0;0;0;0;0;FAIBLE;2026-05-14 11:56:32
TXN-004335;CLT-0031;2357,24;France;Panama;14;0;0;0;20;0;20;MODÉRÉ;2026-05-14 11:56:32
TXN-004336;CLT-0087;1778,88;France;Italie;14;0;0;0;0;0;0;FAIBLE;2026-05-14 11:56:32
TXN-004337;CLT-0084;86033,54;Russie;Italie;14;1;40;0;0;0;40;ÉLEVÉ;2026-05-14 11:56:32
TXN-004338;CLT-0027;29301,35;France;Espagne;14;1;40;0;0;0;40;ÉLEVÉ;2026-05-14 11:56:32
TXN-004339;CLT-0100;2362,94;France;Suisse;14;0;0;0;0;0;0;FAIBLE;2026-05-14 11:56:32
TXN-004340;CLT-0071;3071,59;France;Îles Caïmans;14;0;0;0;20;0;20;MODÉRÉ;2026-05-14 11:56:32
TXN-004341;CLT-0016;1382,74;France;Espagne;14;0;0;0;0;0;0;FAIBLE;2026-05-14 11:56:32
TXN-004342;CLT-0076;1997,18;Russie;France;14;0;0;0;0;0;0;FAIBLE;2026-05-14 11:56:32
TXN-004343;CLT-0019;1623,34;France;Espagne;14;0;0;0;0;0;0;FAIBLE;2026-05-14 11:56:32
TXN-004344;CLT-0097;3515,63;Allemagne;Panama;14;0;0;0;20;0;20;MODÉRÉ;2026-05-14 11:56:32
TXN-004345;CLT-0059;964,36;Espagne;Îles Caïmans;14;0;0;0;20;0;20;MODÉRÉ;2026-05-14 11:56:32
TXN-004346;CLT-0034;42400,81;France;France;14;1;40;0;0;0;40;ÉLEVÉ;2026-05-14 11:56:32
TXN-004347;CLT-0053;558,09;Espagne;Espagne;14;0;0;0;0;0;0;FAIBLE;2026-05-14 11:56:32
TXN-004348;CLT-0058;451,27;Îles Caïmans;France;14;0;0;25;0;0;25;MODÉRÉ;2026-05-14 11:56:32
TXN-004349;CLT-0043;2758,01;France;Suisse;14;0;0;0;0;0;0;FAIBLE;2026-05-14 11:56:32
TXN-004350;CLT-0022;91166,13;France;Allemagne;14;1;40;0;0;0;40;ÉLEVÉ;2026-05-14 11:56:32
TXN-004351;CLT-0073;75518,15;Espagne;France;14;1;40;0;0;0;40;ÉLEVÉ;2026-05-14 11:56:32
TXN-004352;CLT-0025;179,1;Allemagne;Italie;14;0;0;0;0;0;0;FAIBLE;2026-05-14 11:56:32
TXN-004353;CLT-0086;1366,77;Russie;France;14;0;0;0;0;0;0;FAIBLE;2026-05-14 11:56:32
TXN-004354;CLT-0036;1033,54;France;Italie;14;0;0;0;0;0;0;FAIBLE;2026-05-14 11:56:32
TXN-004355;CLT-0089;4129,37;France;Îles Caïmans;14;0;0;0;20;0;20;MODÉRÉ;2026-05-14 11:56:32
TXN-004356;CLT-0064;4775,52;Allemagne;France;14;0;0;0;0;0;0;FAIBLE;2026-05-14 11:56:32
TXN-004357;CLT-0012;94475,87;Îles Caïmans;Panama;14;1;40;25;20;0;85;CRITIQUE;2026-05-14 11:56:32
TXN-004358;CLT-0091;32614,54;France;Allemagne;14;1;40;0;0;0;40;ÉLEVÉ;2026-05-14 11:56:32
TXN-004359;CLT-0084;247,33;France;Italie;14;0;0;0;0;0;0;FAIBLE;2026-05-14 11:56:32
TXN-004360;CLT-0054;2813,49;Îles Caïmans;Suisse;14;0;0;25;0;0;25;MODÉRÉ;2026-05-14 11:56:32
TXN-004361;CLT-0080;4996,27;France;France;14;0;0;0;0;0;0;FAIBLE;2026-05-14 11:56:32
TXN-004362;CLT-0034;730,45;Panama;France;14;0;0;25;0;0;25;MODÉRÉ;2026-05-14 11:56:32
TXN-004363;CLT-0008;1313,05;Panama;Suisse;14;0;0;25;0;0;25;MODÉRÉ;2026-05-14 11:56:32
TXN-004364;CLT-0062;2133,08;France;France;14;0;0;0;0;0;0;FAIBLE;2026-05-14 11:56:32
TXN-004365;CLT-0013;4696,66;Îles Caïmans;France;14;0;0;25;0;0;25;MODÉRÉ;2026-05-14 11:56:32
TXN-004366;CLT-0013;36181,52;Russie;France;14;1;40;0;0;0;40;ÉLEVÉ;2026-05-14 11:56:32
TXN-004367;CLT-0013;84290,74;Espagne;France;14;1;40;0;0;0;40;ÉLEVÉ;2026-05-14 11:56:32
TXN-004368;CLT-0039;4086,4;France;France;14;0;0;0;0;0;0;FAIBLE;2026-05-14 11:56:32
TXN-004369;CLT-0084;4664,93;Espagne;Italie;14;0;0;0;0;0;0;FAIBLE;2026-05-14 11:56:32
TXN-004370;CLT-0059;19529,24;Panama;Îles Caïmans;14;1;40;25;20;0;85;CRITIQUE;2026-05-14 11:56:32
TXN-004371;CLT-0010;50158,36;Allemagne;Îles Caïmans;14;1;40;0;20;0;60;ÉLEVÉ;2026-05-14 11:56:32
TXN-004372;CLT-0048;2387,42;Îles Caïmans;Suisse;14;0;0;25;0;0;25;MODÉRÉ;2026-05-14 11:56:32
TXN-004373;CLT-0010;2149,23;France;Îles Caïmans;14;0;0;0;20;0;20;MODÉRÉ;2026-05-14 11:56:32
TXN-004374;CLT-0079;63432,24;Îles Caïmans;Îles Caïmans;14;1;40;25;20;0;85;CRITIQUE;2026-05-14 11:56:32
TXN-004375;CLT-0022;58250,8;France;Allemagne;14;1;40;0;0;0;40;ÉLEVÉ;2026-05-14 11:56:32
TXN-004376;CLT-0010;32704,42;France;Îles Caïmans;14;1;40;0;20;0;60;ÉLEVÉ;2026-05-14 11:56:32
TXN-004377;CLT-0053;1096,8;Îles Caïmans;Espagne;14;0;0;25;0;0;25;MODÉRÉ;2026-05-14 11:56:32
TXN-004378;CLT-0053;935,88;Espagne;Espagne;14;0;0;0;0;0;0;FAIBLE;2026-05-14 11:56:32
TXN-004379;CLT-0023;1692,3;Espagne;Allemagne;14;0;0;0;0;0;0;FAIBLE;2026-05-14 11:56:32
TXN-004380;CLT-0047;20,06;Russie;Îles Caïmans;14;0;0;0;20;0;20;MODÉRÉ;2026-05-14 11:56:32
TXN-004381;CLT-0060;334,37;Espagne;Italie;14;0;0;0;0;0;0;FAIBLE;2026-05-14 11:56:32
TXN-004382;CLT-0055;4575,36;Espagne;Espagne;14;0;0;0;0;0;0;FAIBLE;2026-05-14 11:56:32
TXN-004383;CLT-0029;4910,05;France;France;14;0;0;0;0;0;0;FAIBLE;2026-05-14 11:56:32
TXN-004384;CLT-0090;2958,33;Îles Caïmans;France;14;0;0;25;0;0;25;MODÉRÉ;2026-05-14 11:56:32
TXN-004385;CLT-0027;4696,01;Panama;Espagne;14;0;0;25;0;0;25;MODÉRÉ;2026-05-14 11:56:32
TXN-004386;CLT-0024;1488,26;France;Espagne;14;0;0;0;0;0;0;FAIBLE;2026-05-14 11:56:32
TXN-004387;CLT-0098;1954,68;Îles Caïmans;Espagne;14;0;0;25;0;0;25;MODÉRÉ;2026-05-14 11:56:32
TXN-004388;CLT-0061;1302,36;France;France;14;0;0;0;0;0;0;FAIBLE;2026-05-14 11:56:32
TXN-004389;CLT-0036;82734,86;Allemagne;Italie;14;1;40;0;0;0;40;ÉLEVÉ;2026-05-14 11:56:32
TXN-004390;CLT-0083;79201,82;France;France;14;1;40;0;0;0;40;ÉLEVÉ;2026-05-14 11:56:32
TXN-004391;CLT-0057;3939,39;France;France;14;0;0;0;0;0;0;FAIBLE;2026-05-14 11:56:32
TXN-004392;CLT-0053;63520,92;France;Espagne;14;1;40;0;0;0;40;ÉLEVÉ;2026-05-14 11:56:32
TXN-004393;CLT-0063;4941,49;France;Îles Caïmans;14;0;0;0;20;0;20;MODÉRÉ;2026-05-14 11:56:32
TXN-004394;CLT-0065;43465,01;France;Îles Caïmans;14;1;40;0;20;0;60;ÉLEVÉ;2026-05-14 11:56:32
TXN-004395;CLT-0018;3965,79;France;Panama;14;0;0;0;20;0;20;MODÉRÉ;2026-05-14 11:56:32
TXN-004396;CLT-0020;913,1;France;Italie;14;0;0;0;0;0;0;FAIBLE;2026-05-14 11:56:32
TXN-004397;CLT-0068;2360,5;Panama;Allemagne;14;0;0;25;0;0;25;MODÉRÉ;2026-05-14 11:56:32
TXN-004398;CLT-0005;2959,37;Espagne;Panama;14;0;0;0;20;0;20;MODÉRÉ;2026-05-14 11:56:32
TXN-004399;CLT-0035;71187,22;France;Espagne;14;1;40;0;0;0;40;ÉLEVÉ;2026-05-14 11:56:32
TXN-004400;CLT-0091;4450,64;Allemagne;Allemagne;14;0;0;0;0;0;0;FAIBLE;2026-05-14 11:56:32
TXN-004401;CLT-0025;158,21;Russie;Italie;14;0;0;0;0;0;0;FAIBLE;2026-05-14 11:56:32
TXN-004402;CLT-0068;832,01;France;Allemagne;14;0;0;0;0;0;0;FAIBLE;2026-05-14 11:56:32
TXN-004403;CLT-0038;48,2;Panama;Îles Caïmans;14;0;0;25;20;0;45;ÉLEVÉ;2026-05-14 11:56:32
TXN-004404;CLT-0077;2787,06;Allemagne;France;14;0;0;0;0;0;0;FAIBLE;2026-05-14 11:56:32
TXN-004405;CLT-0010;88617,18;Espagne;Îles Caïmans;14;1;40;0;20;0;60;ÉLEVÉ;2026-05-14 11:56:32
TXN-004406;CLT-0043;33029,76;Espagne;Suisse;14;1;40;0;0;0;40;ÉLEVÉ;2026-05-14 11:56:32
TXN-004407;CLT-0098;36963,72;France;Espagne;14;1;40;0;0;0;40;ÉLEVÉ;2026-05-14 11:56:32
TXN-004408;CLT-0072;1320,56;Russie;Allemagne;14;0;0;0;0;0;0;FAIBLE;2026-05-14 11:56:32
TXN-004409;CLT-0071;4420,09;France;Îles Caïmans;14;0;0;0;20;0;20;MODÉRÉ;2026-05-14 11:56:32
TXN-004410;CLT-0079;52364,73;France;Îles Caïmans;14;1;40;0;20;0;60;ÉLEVÉ;2026-05-14 11:56:32
TXN-004411;CLT-0072;3782,48;Allemagne;Allemagne;14;0;0;0;0;0;0;FAIBLE;2026-05-14 11:56:32
TXN-004412;CLT-0086;2930,06;France;France;14;0;0;0;0;0;0;FAIBLE;2026-05-14 11:56:32
TXN-004413;CLT-0033;3306,66;Îles Caïmans;Italie;14;0;0;25;0;0;25;MODÉRÉ;2026-05-14 11:56:32
TXN-004414;CLT-0071;78,57;Panama;Îles Caïmans;14;0;0;25;20;0;45;ÉLEVÉ;2026-05-14 11:56:32
TXN-004415;CLT-0074;3923,4;France;Allemagne;14;0;0;0;0;0;0;FAIBLE;2026-05-14 11:56:32
TXN-004416;CLT-0095;1398,5;Îles Caïmans;Îles Caïmans;14;0;0;25;20;0;45;ÉLEVÉ;2026-05-14 11:56:32
TXN-004417;CLT-0007;2155,33;Panama;Suisse;14;0;0;25;0;0;25;MODÉRÉ;2026-05-14 11:56:32
TXN-004418;CLT-0055;2603,91;Îles Caïmans;Espagne;14;0;0;25;0;0;25;MODÉRÉ;2026-05-14 11:56:32
TXN-004419;CLT-0054;12216,97;Allemagne;Suisse;14;1;40;0;0;0;40;ÉLEVÉ;2026-05-14 11:56:32
TXN-004420;CLT-0057;3783,17;France;France;14;0;0;0;0;0;0;FAIBLE;2026-05-14 11:56:32
TXN-004421;CLT-0012;728,07;Îles Caïmans;Panama;14;0;0;25;20;0;45;ÉLEVÉ;2026-05-14 11:56:32
TXN-004422;CLT-0071;354,87;France;Îles Caïmans;14;0;0;0;20;0;20;MODÉRÉ;2026-05-14 11:56:32
TXN-004423;CLT-0036;3178,74;Russie;Italie;14;0;0;0;0;0;0;FAIBLE;2026-05-14 11:56:32
TXN-004424;CLT-0082;3083,67;Îles Caïmans;Panama;14;0;0;25;20;0;45;ÉLEVÉ;2026-05-14 11:56:32
TXN-004425;CLT-0024;1513,46;France;Espagne;14;0;0;0;0;0;0;FAIBLE;2026-05-14 11:56:32
TXN-004426;CLT-0096;3379,81;Espagne;Panama;14;0;0;0;20;0;20;MODÉRÉ;2026-05-14 11:56:32
TXN-004427;CLT-0099;1514,39;Espagne;Panama;14;0;0;0;20;0;20;MODÉRÉ;2026-05-14 11:56:32
TXN-004428;CLT-0015;69721,11;Panama;France;14;1;40;25;0;0;65;ÉLEVÉ;2026-05-14 11:56:32
TXN-004429;CLT-0014;4366,8;Panama;France;14;0;0;25;0;0;25;MODÉRÉ;2026-05-14 11:56:32
TXN-004430;CLT-0004;1416,13;France;Suisse;14;0;0;0;0;0;0;FAIBLE;2026-05-14 11:56:32
TXN-004431;CLT-0002;2819,87;Espagne;Espagne;14;0;0;0;0;0;0;FAIBLE;2026-05-14 11:56:32
TXN-004432;CLT-0098;2266,37;Allemagne;Espagne;14;0;0;0;0;0;0;FAIBLE;2026-05-14 11:56:32
TXN-004433;CLT-0087;3106,71;Espagne;Italie;14;0;0;0;0;0;0;FAIBLE;2026-05-14 11:56:32
TXN-004434;CLT-0042;4655,28;France;Italie;14;0;0;0;0;0;0;FAIBLE;2026-05-14 11:56:32
TXN-004435;CLT-0003;1139,54;Îles Caïmans;France;14;0;0;25;0;0;25;MODÉRÉ;2026-05-14 11:56:32
TXN-004436;CLT-0080;4525,06;France;France;14;0;0;0;0;0;0;FAIBLE;2026-05-14 11:56:32
TXN-004437;CLT-0021;505,05;France;France;14;0;0;0;0;0;0;FAIBLE;2026-05-14 11:56:32
TXN-004438;CLT-0053;141,95;France;Espagne;14;0;0;0;0;0;0;FAIBLE;2026-05-14 11:56:32
TXN-004439;CLT-0076;1802,32;Îles Caïmans;France;14;0;0;25;0;0;25;MODÉRÉ;2026-05-14 11:56:32
TXN-004440;CLT-0051;1057,48;France;France;14;0;0;0;0;0;0;FAIBLE;2026-05-14 11:56:32
TXN-004441;CLT-0016;3760,11;France;Espagne;14;0;0;0;0;0;0;FAIBLE;2026-05-14 11:56:32
TXN-004442;CLT-0001;1517,33;France;France;14;0;0;0;0;0;0;FAIBLE;2026-05-14 11:56:32
TXN-004443;CLT-0007;16284,11;Allemagne;Suisse;14;1;40;0;0;0;40;ÉLEVÉ;2026-05-14 11:56:32
TXN-004444;CLT-0029;1066,12;Russie;France;14;0;0;0;0;0;0;FAIBLE;2026-05-14 11:56:32
TXN-004445;CLT-0083;13376,09;France;France;14;1;40;0;0;0;40;ÉLEVÉ;2026-05-14 11:56:32
TXN-004446;CLT-0013;3243,68;France;France;14;0;0;0;0;0;0;FAIBLE;2026-05-14 11:56:32
TXN-004447;CLT-0036;1709,16;France;Italie;14;0;0;0;0;0;0;FAIBLE;2026-05-14 11:56:32
TXN-004448;CLT-0040;1848,65;Russie;Suisse;14;0;0;0;0;0;0;FAIBLE;2026-05-14 11:56:32
TXN-004449;CLT-0030;3112,03;Espagne;Allemagne;14;0;0;0;0;0;0;FAIBLE;2026-05-14 11:56:32
TXN-004450;CLT-0018;1727,2;France;Panama;14;0;0;0;20;0;20;MODÉRÉ;2026-05-14 11:56:32
TXN-004451;CLT-0060;3257,94;France;Italie;14;0;0;0;0;0;0;FAIBLE;2026-05-14 11:56:32
TXN-004452;CLT-0094;1890,45;Allemagne;Allemagne;14;0;0;0;0;0;0;FAIBLE;2026-05-14 11:56:32
TXN-004453;CLT-0079;3914,03;Panama;Îles Caïmans;14;0;0;25;20;0;45;ÉLEVÉ;2026-05-14 11:56:32
TXN-004454;CLT-0011;3075,25;Russie;France;14;0;0;0;0;0;0;FAIBLE;2026-05-14 11:56:32
TXN-004455;CLT-0044;2109,39;Panama;France;14;0;0;25;0;0;25;MODÉRÉ;2026-05-14 11:56:32
TXN-004456;CLT-0009;2359,95;France;Suisse;14;0;0;0;0;0;0;FAIBLE;2026-05-14 11:56:32
TXN-004457;CLT-0090;809,0;Russie;France;14;0;0;0;0;0;0;FAIBLE;2026-05-14 11:56:32
TXN-004458;CLT-0093;2039,83;France;Suisse;14;0;0;0;0;0;0;FAIBLE;2026-05-14 11:56:32
TXN-004459;CLT-0015;1237,07;Russie;France;14;0;0;0;0;0;0;FAIBLE;2026-05-14 11:56:32
TXN-004460;CLT-0004;3401,97;Russie;Suisse;14;0;0;0;0;0;0;FAIBLE;2026-05-14 11:56:32
TXN-004461;CLT-0018;1030,44;Allemagne;Panama;14;0;0;0;20;0;20;MODÉRÉ;2026-05-14 11:56:32
TXN-004462;CLT-0075;624,29;France;France;14;0;0;0;0;0;0;FAIBLE;2026-05-14 11:56:32
TXN-004463;CLT-0067;1898,97;Panama;Panama;14;0;0;25;20;0;45;ÉLEVÉ;2026-05-14 11:56:32
TXN-004464;CLT-0011;4558,96;France;France;14;0;0;0;0;0;0;FAIBLE;2026-05-14 11:56:32
TXN-004465;CLT-0004;970,9;Russie;Suisse;14;0;0;0;0;0;0;FAIBLE;2026-05-14 11:56:32
TXN-004466;CLT-0073;3866,82;France;France;14;0;0;0;0;0;0;FAIBLE;2026-05-14 11:56:32
TXN-004467;CLT-0027;3518,16;Espagne;Espagne;14;0;0;0;0;0;0;FAIBLE;2026-05-14 11:56:32
TXN-004468;CLT-0065;3001,2;Îles Caïmans;Îles Caïmans;14;0;0;25;20;0;45;ÉLEVÉ;2026-05-14 11:56:32
TXN-004469;CLT-0097;642,78;Espagne;Panama;14;0;0;0;20;0;20;MODÉRÉ;2026-05-14 11:56:32
TXN-004470;CLT-0088;65342,65;Îles Caïmans;Allemagne;14;1;40;25;0;0;65;ÉLEVÉ;2026-05-14 11:56:32
TXN-004471;CLT-0027;367,18;France;Espagne;14;0;0;0;0;0;0;FAIBLE;2026-05-14 11:56:32
TXN-004472;CLT-0086;16557,48;Îles Caïmans;France;14;1;40;25;0;0;65;ÉLEVÉ;2026-05-14 11:56:32
TXN-004473;CLT-0051;826,7;France;France;14;0;0;0;0;0;0;FAIBLE;2026-05-14 11:56:32
TXN-004474;CLT-0048;4330,34;France;Suisse;14;0;0;0;0;0;0;FAIBLE;2026-05-14 11:56:32
TXN-004475;CLT-0045;4967,18;Allemagne;France;14;0;0;0;0;0;0;FAIBLE;2026-05-14 11:56:32
TXN-004476;CLT-0051;4173,77;Îles Caïmans;France;14;0;0;25;0;0;25;MODÉRÉ;2026-05-14 11:56:32
TXN-004477;CLT-0068;4887,36;Espagne;Allemagne;14;0;0;0;0;0;0;FAIBLE;2026-05-14 11:56:32
TXN-004478;CLT-0074;807,12;Panama;Allemagne;14;0;0;25;0;0;25;MODÉRÉ;2026-05-14 11:56:32
TXN-004479;CLT-0081;118,18;Panama;Îles Caïmans;14;0;0;25;20;0;45;ÉLEVÉ;2026-05-14 11:56:32
TXN-004480;CLT-0073;43954,99;Panama;France;14;1;40;25;0;0;65;ÉLEVÉ;2026-05-14 11:56:32
TXN-004481;CLT-0019;4644,76;Îles Caïmans;Espagne;14;0;0;25;0;0;25;MODÉRÉ;2026-05-14 11:56:32
TXN-004482;CLT-0092;3755,96;France;Suisse;14;0;0;0;0;0;0;FAIBLE;2026-05-14 11:56:32
TXN-004483;CLT-0090;1164,76;Russie;France;14;0;0;0;0;0;0;FAIBLE;2026-05-14 11:56:32
TXN-004484;CLT-0035;1085,4;France;Espagne;14;0;0;0;0;0;0;FAIBLE;2026-05-14 11:56:32
TXN-004485;CLT-0085;17591,49;France;Îles Caïmans;14;1;40;0;20;0;60;ÉLEVÉ;2026-05-14 11:56:32
TXN-004486;CLT-0064;3939,24;France;France;14;0;0;0;0;0;0;FAIBLE;2026-05-14 11:56:32
TXN-004487;CLT-0093;1731,0;Russie;Suisse;14;0;0;0;0;0;0;FAIBLE;2026-05-14 11:56:32
TXN-004488;CLT-0067;693,33;France;Panama;14;0;0;0;20;0;20;MODÉRÉ;2026-05-14 11:56:32
TXN-004489;CLT-0079;1026,02;France;Îles Caïmans;14;0;0;0;20;0;20;MODÉRÉ;2026-05-14 11:56:32
TXN-004490;CLT-0019;47392,17;Allemagne;Espagne;14;1;40;0;0;0;40;ÉLEVÉ;2026-05-14 11:56:32
TXN-004491;CLT-0089;3658,37;Espagne;Îles Caïmans;14;0;0;0;20;0;20;MODÉRÉ;2026-05-14 11:56:32
TXN-004492;CLT-0063;3591,66;Russie;Îles Caïmans;14;0;0;0;20;0;20;MODÉRÉ;2026-05-14 11:56:32
TXN-004493;CLT-0029;25150,34;Îles Caïmans;France;14;1;40;25;0;0;65;ÉLEVÉ;2026-05-14 11:56:32
TXN-004494;CLT-0020;572,99;France;Italie;14;0;0;0;0;0;0;FAIBLE;2026-05-14 11:56:32
TXN-004495;CLT-0038;3603,01;Espagne;Îles Caïmans;14;0;0;0;20;0;20;MODÉRÉ;2026-05-14 11:56:32
TXN-004496;CLT-0027;79088,29;Allemagne;Espagne;14;1;40;0;0;0;40;ÉLEVÉ;2026-05-14 11:56:32
TXN-004497;CLT-0049;2262,28;France;France;14;0;0;0;0;0;0;FAIBLE;2026-05-14 11:56:32
TXN-004498;CLT-0052;3459,78;France;France;14;0;0;0;0;0;0;FAIBLE;2026-05-14 11:56:32
TXN-004499;CLT-0082;1912,14;Espagne;Panama;14;0;0;0;20;0;20;MODÉRÉ;2026-05-14 11:56:32
TXN-004500;CLT-0018;4384,77;Panama;Panama;14;0;0;25;20;0;45;ÉLEVÉ;2026-05-14 11:56:32
TXN-004501;CLT-0015;1406,86;France;France;14;0;0;0;0;0;0;FAIBLE;2026-05-14 11:56:32
TXN-004502;CLT-0073;1854,26;Panama;France;14;0;0;25;0;0;25;MODÉRÉ;2026-05-14 11:56:32
TXN-004503;CLT-0010;64818,3;Panama;Îles Caïmans;14;1;40;25;20;0;85;CRITIQUE;2026-05-14 11:56:32
TXN-004504;CLT-0068;557,52;France;Allemagne;14;0;0;0;0;0;0;FAIBLE;2026-05-14 11:56:32
TXN-004505;CLT-0074;2624,37;Espagne;Allemagne;14;0;0;0;0;0;0;FAIBLE;2026-05-14 11:56:32
TXN-004506;CLT-0008;350,01;Allemagne;Suisse;14;0;0;0;0;0;0;FAIBLE;2026-05-14 11:56:32
TXN-004507;CLT-0044;43293,02;Allemagne;France;14;1;40;0;0;0;40;ÉLEVÉ;2026-05-14 11:56:32
TXN-004508;CLT-0084;962,75;Espagne;Italie;14;0;0;0;0;0;0;FAIBLE;2026-05-14 11:56:32
TXN-004509;CLT-0059;1094,04;Panama;Îles Caïmans;14;0;0;25;20;0;45;ÉLEVÉ;2026-05-14 11:56:32
TXN-004510;CLT-0082;993,45;France;Panama;14;0;0;0;20;0;20;MODÉRÉ;2026-05-14 11:56:32
TXN-004511;CLT-0049;2586,43;Russie;France;14;0;0;0;0;0;0;FAIBLE;2026-05-14 11:56:32
TXN-004512;CLT-0071;81149,16;France;Îles Caïmans;14;1;40;0;20;0;60;ÉLEVÉ;2026-05-14 11:56:32
TXN-004513;CLT-0020;88661,3;France;Italie;14;1;40;0;0;0;40;ÉLEVÉ;2026-05-14 11:56:32
TXN-004514;CLT-0072;3035,48;Russie;Allemagne;14;0;0;0;0;0;0;FAIBLE;2026-05-14 11:56:32
TXN-004515;CLT-0047;2185,3;Îles Caïmans;Îles Caïmans;14;0;0;25;20;0;45;ÉLEVÉ;2026-05-14 11:56:32
TXN-004516;CLT-0015;3996,18;Russie;France;14;0;0;0;0;0;0;FAIBLE;2026-05-14 11:56:32
TXN-004517;CLT-0075;1933,05;Allemagne;France;14;0;0;0;0;0;0;FAIBLE;2026-05-14 11:56:32
TXN-004518;CLT-0061;807,56;Panama;France;14;0;0;25;0;0;25;MODÉRÉ;2026-05-14 11:56:32
TXN-004519;CLT-0027;1670,87;Allemagne;Espagne;14;0;0;0;0;0;0;FAIBLE;2026-05-14 11:56:32
TXN-004520;CLT-0076;3221,68;Îles Caïmans;France;14;0;0;25;0;0;25;MODÉRÉ;2026-05-14 11:56:32
TXN-004521;CLT-0048;3530,89;Panama;Suisse;14;0;0;25;0;0;25;MODÉRÉ;2026-05-14 11:56:32
TXN-004522;CLT-0084;4937,07;France;Italie;14;0;0;0;0;0;0;FAIBLE;2026-05-14 11:56:32
TXN-004523;CLT-0019;1945,6;Russie;Espagne;14;0;0;0;0;0;0;FAIBLE;2026-05-14 11:56:32
TXN-004524;CLT-0072;3504,99;France;Allemagne;14;0;0;0;0;0;0;FAIBLE;2026-05-14 11:56:32
TXN-004525;CLT-0055;2701,74;Russie;Espagne;14;0;0;0;0;0;0;FAIBLE;2026-05-14 11:56:32
TXN-004526;CLT-0001;1048,01;Panama;France;14;0;0;25;0;0;25;MODÉRÉ;2026-05-14 11:56:32
TXN-004527;CLT-0023;4505,74;Îles Caïmans;Allemagne;14;0;0;25;0;0;25;MODÉRÉ;2026-05-14 11:56:32
TXN-004528;CLT-0029;2805,28;Panama;France;14;0;0;25;0;0;25;MODÉRÉ;2026-05-14 11:56:32
TXN-004529;CLT-0008;40274,85;Panama;Suisse;14;1;40;25;0;0;65;ÉLEVÉ;2026-05-14 11:56:32
TXN-004530;CLT-0055;53053,73;Allemagne;Espagne;14;1;40;0;0;0;40;ÉLEVÉ;2026-05-14 11:56:32
TXN-004531;CLT-0001;55360,06;Russie;France;14;1;40;0;0;0;40;ÉLEVÉ;2026-05-14 11:56:32
TXN-004532;CLT-0082;70819,25;Allemagne;Panama;14;1;40;0;20;0;60;ÉLEVÉ;2026-05-14 11:56:32
TXN-004533;CLT-0062;3577,97;Russie;France;14;0;0;0;0;0;0;FAIBLE;2026-05-14 11:56:32
TXN-004534;CLT-0016;3737,01;Espagne;Espagne;14;0;0;0;0;0;0;FAIBLE;2026-05-14 11:56:32
TXN-004535;CLT-0084;19159,64;Îles Caïmans;Italie;14;1;40;25;0;0;65;ÉLEVÉ;2026-05-14 11:56:32
TXN-004536;CLT-0002;3903,36;France;Espagne;14;0;0;0;0;0;0;FAIBLE;2026-05-14 11:56:32
TXN-004537;CLT-0092;12180,35;France;Suisse;14;1;40;0;0;0;40;ÉLEVÉ;2026-05-14 11:56:32
TXN-004538;CLT-0028;3378,93;Panama;France;14;0;0;25;0;0;25;MODÉRÉ;2026-05-14 11:56:32
TXN-004539;CLT-0085;2422,31;Russie;Îles Caïmans;14;0;0;0;20;0;20;MODÉRÉ;2026-05-14 11:56:32
TXN-004540;CLT-0055;61856,79;Russie;Espagne;14;1;40;0;0;0;40;ÉLEVÉ;2026-05-14 11:56:32
TXN-004541;CLT-0056;39734,52;Îles Caïmans;Allemagne;14;1;40;25;0;0;65;ÉLEVÉ;2026-05-14 11:56:32
TXN-004542;CLT-0006;2281,74;Îles Caïmans;France;14;0;0;25;0;0;25;MODÉRÉ;2026-05-14 11:56:32
TXN-004543;CLT-0100;1180,3;France;Suisse;14;0;0;0;0;0;0;FAIBLE;2026-05-14 11:56:32
TXN-004544;CLT-0021;70065,79;France;France;14;1;40;0;0;0;40;ÉLEVÉ;2026-05-14 11:56:32
TXN-004545;CLT-0047;1905,51;Russie;Îles Caïmans;14;0;0;0;20;0;20;MODÉRÉ;2026-05-14 11:56:32
TXN-004546;CLT-0017;4786,37;France;Îles Caïmans;14;0;0;0;20;0;20;MODÉRÉ;2026-05-14 11:56:32
TXN-004547;CLT-0091;1226,95;Russie;Allemagne;14;0;0;0;0;0;0;FAIBLE;2026-05-14 11:56:32
TXN-004548;CLT-0086;68315,31;Îles Caïmans;France;14;1;40;25;0;0;65;ÉLEVÉ;2026-05-14 11:56:32
TXN-004549;CLT-0082;17919,54;France;Panama;14;1;40;0;20;0;60;ÉLEVÉ;2026-05-14 11:56:32
TXN-004550;CLT-0096;90187,52;France;Panama;14;1;40;0;20;0;60;ÉLEVÉ;2026-05-14 11:56:32
TXN-004551;CLT-0054;69669,01;France;Suisse;14;1;40;0;0;0;40;ÉLEVÉ;2026-05-14 11:56:32
TXN-004552;CLT-0072;681,41;Allemagne;Allemagne;14;0;0;0;0;0;0;FAIBLE;2026-05-14 11:56:32
TXN-004553;CLT-0077;4225,03;Allemagne;France;14;0;0;0;0;0;0;FAIBLE;2026-05-14 11:56:32
TXN-004554;CLT-0092;1452,22;Panama;Suisse;14;0;0;25;0;0;25;MODÉRÉ;2026-05-14 11:56:32
TXN-004555;CLT-0014;455,4;Îles Caïmans;France;14;0;0;25;0;0;25;MODÉRÉ;2026-05-14 11:56:32
TXN-004556;CLT-0050;465,54;Îles Caïmans;Espagne;14;0;0;25;0;0;25;MODÉRÉ;2026-05-14 11:56:32
TXN-004557;CLT-0087;1942,82;France;Italie;14;0;0;0;0;0;0;FAIBLE;2026-05-14 11:56:32
TXN-004558;CLT-0089;26067,15;Îles Caïmans;Îles Caïmans;14;1;40;25;20;0;85;CRITIQUE;2026-05-14 11:56:32
TXN-004559;CLT-0019;739,8;Îles Caïmans;Espagne;14;0;0;25;0;0;25;MODÉRÉ;2026-05-14 11:56:32
TXN-004560;CLT-0022;1326,71;France;Allemagne;14;0;0;0;0;0;0;FAIBLE;2026-05-14 11:56:32
TXN-004561;CLT-0089;206,59;France;Îles Caïmans;14;0;0;0;20;0;20;MODÉRÉ;2026-05-14 11:56:32
TXN-004562;CLT-0039;3323,71;France;France;14;0;0;0;0;0;0;FAIBLE;2026-05-14 11:56:32
TXN-004563;CLT-0099;2950,25;Espagne;Panama;14;0;0;0;20;0;20;MODÉRÉ;2026-05-14 11:56:32
TXN-004564;CLT-0052;724,77;France;France;14;0;0;0;0;0;0;FAIBLE;2026-05-14 11:56:32
TXN-004565;CLT-0031;3483,41;Îles Caïmans;Panama;14;0;0;25;20;0;45;ÉLEVÉ;2026-05-14 11:56:32
TXN-004566;CLT-0077;4548,79;France;France;14;0;0;0;0;0;0;FAIBLE;2026-05-14 11:56:32
TXN-004567;CLT-0076;13064,48;Allemagne;France;14;1;40;0;0;0;40;ÉLEVÉ;2026-05-14 11:56:32
TXN-004568;CLT-0094;46572,95;Espagne;Allemagne;14;1;40;0;0;0;40;ÉLEVÉ;2026-05-14 11:56:32
TXN-004569;CLT-0023;2663,16;Allemagne;Allemagne;14;0;0;0;0;0;0;FAIBLE;2026-05-14 11:56:32
TXN-004570;CLT-0043;4759,68;France;Suisse;14;0;0;0;0;0;0;FAIBLE;2026-05-14 11:56:32
TXN-004571;CLT-0007;262,36;Allemagne;Suisse;14;0;0;0;0;0;0;FAIBLE;2026-05-14 11:56:32
TXN-004572;CLT-0032;2091,62;Îles Caïmans;Suisse;14;0;0;25;0;0;25;MODÉRÉ;2026-05-14 11:56:32
TXN-004573;CLT-0066;4581,79;France;Espagne;14;0;0;0;0;0;0;FAIBLE;2026-05-14 11:56:32
TXN-004574;CLT-0067;3375,15;Panama;Panama;14;0;0;25;20;0;45;ÉLEVÉ;2026-05-14 11:56:32
TXN-004575;CLT-0039;4327,43;Espagne;France;14;0;0;0;0;0;0;FAIBLE;2026-05-14 11:56:32
TXN-004576;CLT-0092;4235,55;France;Suisse;14;0;0;0;0;0;0;FAIBLE;2026-05-14 11:56:32
TXN-004577;CLT-0005;4317,19;Allemagne;Panama;14;0;0;0;20;0;20;MODÉRÉ;2026-05-14 11:56:32
TXN-004578;CLT-0079;3710,99;Russie;Îles Caïmans;14;0;0;0;20;0;20;MODÉRÉ;2026-05-14 11:56:32
TXN-004579;CLT-0065;3027,25;France;Îles Caïmans;14;0;0;0;20;0;20;MODÉRÉ;2026-05-14 11:56:32
TXN-004580;CLT-0096;58854,07;France;Panama;14;1;40;0;20;0;60;ÉLEVÉ;2026-05-14 11:56:32
TXN-004581;CLT-0053;3035,96;France;Espagne;14;0;0;0;0;0;0;FAIBLE;2026-05-14 11:56:32
TXN-004582;CLT-0055;528,19;France;Espagne;14;0;0;0;0;0;0;FAIBLE;2026-05-14 11:56:32
TXN-004583;CLT-0085;2398,79;Allemagne;Îles Caïmans;14;0;0;0;20;0;20;MODÉRÉ;2026-05-14 11:56:32
TXN-004584;CLT-0068;1188,58;France;Allemagne;14;0;0;0;0;0;0;FAIBLE;2026-05-14 11:56:32
TXN-004585;CLT-0021;64962,41;Îles Caïmans;France;14;1;40;25;0;0;65;ÉLEVÉ;2026-05-14 11:56:32
TXN-004586;CLT-0056;802,99;Russie;Allemagne;14;0;0;0;0;0;0;FAIBLE;2026-05-14 11:56:32
TXN-004587;CLT-0073;3458,74;Russie;France;14;0;0;0;0;0;0;FAIBLE;2026-05-14 11:56:32
TXN-004588;CLT-0042;437,27;France;Italie;14;0;0;0;0;0;0;FAIBLE;2026-05-14 11:56:32
TXN-004589;CLT-0092;3207,71;France;Suisse;14;0;0;0;0;0;0;FAIBLE;2026-05-14 11:56:32
TXN-004590;CLT-0041;2908,09;France;Panama;14;0;0;0;20;0;20;MODÉRÉ;2026-05-14 11:56:32
TXN-004591;CLT-0062;37701,66;France;France;14;1;40;0;0;0;40;ÉLEVÉ;2026-05-14 11:56:32
TXN-004592;CLT-0049;4872,91;France;France;14;0;0;0;0;0;0;FAIBLE;2026-05-14 11:56:32
TXN-004593;CLT-0048;947,93;France;Suisse;14;0;0;0;0;0;0;FAIBLE;2026-05-14 11:56:32
TXN-004594;CLT-0038;4622,15;Russie;Îles Caïmans;14;0;0;0;20;0;20;MODÉRÉ;2026-05-14 11:56:32
TXN-004595;CLT-0043;90408,53;Allemagne;Suisse;14;1;40;0;0;0;40;ÉLEVÉ;2026-05-14 11:56:32
TXN-004596;CLT-0076;4767,45;Îles Caïmans;France;14;0;0;25;0;0;25;MODÉRÉ;2026-05-14 11:56:32
TXN-004597;CLT-0057;473,13;France;France;14;0;0;0;0;0;0;FAIBLE;2026-05-14 11:56:32
TXN-004598;CLT-0006;1548,77;Panama;France;14;0;0;25;0;0;25;MODÉRÉ;2026-05-14 11:56:32
TXN-004599;CLT-0024;31,77;Espagne;Espagne;14;0;0;0;0;0;0;FAIBLE;2026-05-14 11:56:32
TXN-004600;CLT-0058;3196,6;Russie;France;14;0;0;0;0;0;0;FAIBLE;2026-05-14 11:56:32
TXN-004601;CLT-0081;2320,65;France;Îles Caïmans;14;0;0;0;20;0;20;MODÉRÉ;2026-05-14 11:56:32
TXN-004602;CLT-0016;2952,36;France;Espagne;14;0;0;0;0;0;0;FAIBLE;2026-05-14 11:56:32
TXN-004603;CLT-0065;75,83;France;Îles Caïmans;14;0;0;0;20;0;20;MODÉRÉ;2026-05-14 11:56:32
TXN-004604;CLT-0052;862,87;Panama;France;14;0;0;25;0;0;25;MODÉRÉ;2026-05-14 11:56:32
TXN-004605;CLT-0025;23760,76;Allemagne;Italie;14;1;40;0;0;0;40;ÉLEVÉ;2026-05-14 11:56:32
TXN-004606;CLT-0050;3173,6;France;Espagne;14;0;0;0;0;0;0;FAIBLE;2026-05-14 11:56:32
TXN-004607;CLT-0026;90843,63;France;Italie;14;1;40;0;0;0;40;ÉLEVÉ;2026-05-14 11:56:32
TXN-004608;CLT-0084;3929,63;France;Italie;14;0;0;0;0;0;0;FAIBLE;2026-05-14 11:56:32
TXN-004609;CLT-0047;4026,6;Russie;Îles Caïmans;14;0;0;0;20;0;20;MODÉRÉ;2026-05-14 11:56:32
TXN-004610;CLT-0004;3676,54;Russie;Suisse;14;0;0;0;0;0;0;FAIBLE;2026-05-14 11:56:32
TXN-004611;CLT-0098;3454,99;Espagne;Espagne;14;0;0;0;0;0;0;FAIBLE;2026-05-14 11:56:32
TXN-004612;CLT-0048;3320,09;Russie;Suisse;14;0;0;0;0;0;0;FAIBLE;2026-05-14 11:56:32
TXN-004613;CLT-0064;3604,6;Panama;France;14;0;0;25;0;0;25;MODÉRÉ;2026-05-14 11:56:32
TXN-004614;CLT-0029;1273,23;Panama;France;14;0;0;25;0;0;25;MODÉRÉ;2026-05-14 11:56:32
TXN-004615;CLT-0055;1410,63;Îles Caïmans;Espagne;14;0;0;25;0;0;25;MODÉRÉ;2026-05-14 11:56:32
TXN-004616;CLT-0086;4371,25;Allemagne;France;14;0;0;0;0;0;0;FAIBLE;2026-05-14 11:56:32
TXN-004617;CLT-0085;2812,21;Îles Caïmans;Îles Caïmans;14;0;0;25;20;0;45;ÉLEVÉ;2026-05-14 11:56:32
TXN-004618;CLT-0028;4274,83;Îles Caïmans;France;14;0;0;25;0;0;25;MODÉRÉ;2026-05-14 11:56:32
TXN-004619;CLT-0020;2592,75;Russie;Italie;14;0;0;0;0;0;0;FAIBLE;2026-05-14 11:56:32
TXN-004620;CLT-0066;2627,38;Espagne;Espagne;14;0;0;0;0;0;0;FAIBLE;2026-05-14 11:56:32
TXN-004621;CLT-0053;3867,97;Allemagne;Espagne;14;0;0;0;0;0;0;FAIBLE;2026-05-14 11:56:32
TXN-004622;CLT-0032;3247,65;Panama;Suisse;14;0;0;25;0;0;25;MODÉRÉ;2026-05-14 11:56:32
TXN-004623;CLT-0098;168,05;Panama;Espagne;14;0;0;25;0;0;25;MODÉRÉ;2026-05-14 11:56:32
TXN-004624;CLT-0077;1812,28;Espagne;France;14;0;0;0;0;0;0;FAIBLE;2026-05-14 11:56:32
TXN-004625;CLT-0007;834,27;Allemagne;Suisse;14;0;0;0;0;0;0;FAIBLE;2026-05-14 11:56:32
TXN-004626;CLT-0098;4589,65;France;Espagne;14;0;0;0;0;0;0;FAIBLE;2026-05-14 11:56:32
TXN-004627;CLT-0019;2239,71;Panama;Espagne;14;0;0;25;0;0;25;MODÉRÉ;2026-05-14 11:56:32
TXN-004628;CLT-0086;3944,46;Allemagne;France;14;0;0;0;0;0;0;FAIBLE;2026-05-14 11:56:32
TXN-004629;CLT-0018;152,6;Panama;Panama;14;0;0;25;20;0;45;ÉLEVÉ;2026-05-14 11:56:32
TXN-004630;CLT-0089;11345,28;Espagne;Îles Caïmans;14;1;40;0;20;0;60;ÉLEVÉ;2026-05-14 11:56:32
TXN-004631;CLT-0072;125,57;Espagne;Allemagne;14;0;0;0;0;0;0;FAIBLE;2026-05-14 11:56:32
TXN-004632;CLT-0018;1142,61;Espagne;Panama;14;0;0;0;20;0;20;MODÉRÉ;2026-05-14 11:56:32
TXN-004633;CLT-0030;3436,46;Russie;Allemagne;14;0;0;0;0;0;0;FAIBLE;2026-05-14 11:56:32
TXN-004634;CLT-0025;4163,85;France;Italie;14;0;0;0;0;0;0;FAIBLE;2026-05-14 11:56:32
TXN-004635;CLT-0074;28793,05;Espagne;Allemagne;14;1;40;0;0;0;40;ÉLEVÉ;2026-05-14 11:56:32
TXN-004636;CLT-0024;842,68;Espagne;Espagne;14;0;0;0;0;0;0;FAIBLE;2026-05-14 11:56:32
TXN-004637;CLT-0049;45769,41;Panama;France;14;1;40;25;0;0;65;ÉLEVÉ;2026-05-14 11:56:32
TXN-004638;CLT-0064;12446,79;Allemagne;France;14;1;40;0;0;0;40;ÉLEVÉ;2026-05-14 11:56:32
TXN-004639;CLT-0038;3387,72;France;Îles Caïmans;14;0;0;0;20;0;20;MODÉRÉ;2026-05-14 11:56:32
TXN-004640;CLT-0078;3785,43;Allemagne;Suisse;14;0;0;0;0;0;0;FAIBLE;2026-05-14 11:56:32
TXN-004641;CLT-0039;401,18;Panama;France;14;0;0;25;0;0;25;MODÉRÉ;2026-05-14 11:56:32
TXN-004642;CLT-0059;3424,47;Îles Caïmans;Îles Caïmans;14;0;0;25;20;0;45;ÉLEVÉ;2026-05-14 11:56:32
TXN-004643;CLT-0054;24223,5;Allemagne;Suisse;14;1;40;0;0;0;40;ÉLEVÉ;2026-05-14 11:56:32
TXN-004644;CLT-0018;1258,4;Panama;Panama;14;0;0;25;20;0;45;ÉLEVÉ;2026-05-14 11:56:32
TXN-004645;CLT-0093;1879,01;Îles Caïmans;Suisse;14;0;0;25;0;0;25;MODÉRÉ;2026-05-14 11:56:32
TXN-004646;CLT-0004;516,5;Espagne;Suisse;14;0;0;0;0;0;0;FAIBLE;2026-05-14 11:56:32
TXN-004647;CLT-0057;2560,71;France;France;14;0;0;0;0;0;0;FAIBLE;2026-05-14 11:56:32
TXN-004648;CLT-0055;62064,95;Allemagne;Espagne;14;1;40;0;0;0;40;ÉLEVÉ;2026-05-14 11:56:32
TXN-004649;CLT-0003;80406,45;Panama;France;14;1;40;25;0;0;65;ÉLEVÉ;2026-05-14 11:56:32
TXN-004650;CLT-0008;2184,77;Panama;Suisse;14;0;0;25;0;0;25;MODÉRÉ;2026-05-14 11:56:32
TXN-004651;CLT-0076;36703,92;France;France;14;1;40;0;0;0;40;ÉLEVÉ;2026-05-14 11:56:32
TXN-004652;CLT-0091;633,96;Russie;Allemagne;14;0;0;0;0;0;0;FAIBLE;2026-05-14 11:56:32
TXN-004653;CLT-0098;4021,11;Espagne;Espagne;14;0;0;0;0;0;0;FAIBLE;2026-05-14 11:56:32
TXN-004654;CLT-0072;4140,65;France;Allemagne;14;0;0;0;0;0;0;FAIBLE;2026-05-14 11:56:32
TXN-004655;CLT-0085;1727,34;France;Îles Caïmans;14;0;0;0;20;0;20;MODÉRÉ;2026-05-14 11:56:32
TXN-004656;CLT-0052;40128,87;Panama;France;14;1;40;25;0;0;65;ÉLEVÉ;2026-05-14 11:56:32
TXN-004657;CLT-0023;67118,4;France;Allemagne;14;1;40;0;0;0;40;ÉLEVÉ;2026-05-14 11:56:32
TXN-004658;CLT-0099;671,25;Russie;Panama;14;0;0;0;20;0;20;MODÉRÉ;2026-05-14 11:56:32
TXN-004659;CLT-0009;932,18;Panama;Suisse;14;0;0;25;0;0;25;MODÉRÉ;2026-05-14 11:56:32
TXN-004660;CLT-0081;131,17;Allemagne;Îles Caïmans;14;0;0;0;20;0;20;MODÉRÉ;2026-05-14 11:56:32
TXN-004661;CLT-0026;2611,47;Allemagne;Italie;14;0;0;0;0;0;0;FAIBLE;2026-05-14 11:56:32
TXN-004662;CLT-0011;3079,03;France;France;14;0;0;0;0;0;0;FAIBLE;2026-05-14 11:56:32
TXN-004663;CLT-0016;2930,43;Panama;Espagne;14;0;0;25;0;0;25;MODÉRÉ;2026-05-14 11:56:32
TXN-004664;CLT-0015;20795,73;France;France;14;1;40;0;0;0;40;ÉLEVÉ;2026-05-14 11:56:32
TXN-004665;CLT-0009;3913,47;Allemagne;Suisse;14;0;0;0;0;0;0;FAIBLE;2026-05-14 11:56:32
TXN-004666;CLT-0019;2551,08;France;Espagne;14;0;0;0;0;0;0;FAIBLE;2026-05-14 11:56:32
TXN-004667;CLT-0030;3658,46;France;Allemagne;14;0;0;0;0;0;0;FAIBLE;2026-05-14 11:56:32
TXN-004668;CLT-0051;2972,58;France;France;14;0;0;0;0;0;0;FAIBLE;2026-05-14 11:56:32
TXN-004669;CLT-0059;2218,84;Russie;Îles Caïmans;14;0;0;0;20;0;20;MODÉRÉ;2026-05-14 11:56:32
TXN-004670;CLT-0073;10340,74;Russie;France;14;1;40;0;0;0;40;ÉLEVÉ;2026-05-14 11:56:32
TXN-004671;CLT-0045;2215,93;France;France;14;0;0;0;0;0;0;FAIBLE;2026-05-14 11:56:32
TXN-004672;CLT-0036;990,52;France;Italie;14;0;0;0;0;0;0;FAIBLE;2026-05-14 11:56:32
TXN-004673;CLT-0017;93972,69;Allemagne;Îles Caïmans;14;1;40;0;20;0;60;ÉLEVÉ;2026-05-14 11:56:32
TXN-004674;CLT-0028;2779,21;Panama;France;14;0;0;25;0;0;25;MODÉRÉ;2026-05-14 11:56:32
TXN-004675;CLT-0065;858,8;Russie;Îles Caïmans;14;0;0;0;20;0;20;MODÉRÉ;2026-05-14 11:56:32
TXN-004676;CLT-0100;245,68;Espagne;Suisse;14;0;0;0;0;0;0;FAIBLE;2026-05-14 11:56:32
TXN-004677;CLT-0035;75935,79;Russie;Espagne;14;1;40;0;0;0;40;ÉLEVÉ;2026-05-14 11:56:32
TXN-004678;CLT-0069;1495,01;Allemagne;Panama;14;0;0;0;20;0;20;MODÉRÉ;2026-05-14 11:56:32
TXN-004679;CLT-0006;2713,1;Allemagne;France;14;0;0;0;0;0;0;FAIBLE;2026-05-14 11:56:32
TXN-004680;CLT-0023;3328,5;France;Allemagne;14;0;0;0;0;0;0;FAIBLE;2026-05-14 11:56:32
TXN-004681;CLT-0032;1574,72;Îles Caïmans;Suisse;14;0;0;25;0;0;25;MODÉRÉ;2026-05-14 11:56:32
TXN-004682;CLT-0020;55457,81;France;Italie;14;1;40;0;0;0;40;ÉLEVÉ;2026-05-14 11:56:32
TXN-004683;CLT-0047;3291,09;France;Îles Caïmans;14;0;0;0;20;0;20;MODÉRÉ;2026-05-14 11:56:32
TXN-004684;CLT-0088;55865,07;Îles Caïmans;Allemagne;14;1;40;25;0;0;65;ÉLEVÉ;2026-05-14 11:56:32
TXN-004685;CLT-0053;3621,09;Îles Caïmans;Espagne;14;0;0;25;0;0;25;MODÉRÉ;2026-05-14 11:56:32
TXN-004686;CLT-0087;1195,42;Russie;Italie;14;0;0;0;0;0;0;FAIBLE;2026-05-14 11:56:32
TXN-004687;CLT-0002;3694,01;Espagne;Espagne;14;0;0;0;0;0;0;FAIBLE;2026-05-14 11:56:32
TXN-004688;CLT-0006;2147,77;France;France;14;0;0;0;0;0;0;FAIBLE;2026-05-14 11:56:32
TXN-004689;CLT-0092;413,15;France;Suisse;14;0;0;0;0;0;0;FAIBLE;2026-05-14 11:56:32
TXN-004690;CLT-0015;4567,49;Allemagne;France;14;0;0;0;0;0;0;FAIBLE;2026-05-14 11:56:32
TXN-004691;CLT-0084;1832,27;Panama;Italie;14;0;0;25;0;0;25;MODÉRÉ;2026-05-14 11:56:32
TXN-004692;CLT-0068;26852,17;France;Allemagne;14;1;40;0;0;0;40;ÉLEVÉ;2026-05-14 11:56:32
TXN-004693;CLT-0097;4411,94;Espagne;Panama;14;0;0;0;20;0;20;MODÉRÉ;2026-05-14 11:56:32
TXN-004694;CLT-0047;1526,62;Russie;Îles Caïmans;14;0;0;0;20;0;20;MODÉRÉ;2026-05-14 11:56:32
TXN-004695;CLT-0050;42402,23;France;Espagne;14;1;40;0;0;0;40;ÉLEVÉ;2026-05-14 11:56:32
TXN-004696;CLT-0057;2497,6;France;France;14;0;0;0;0;0;0;FAIBLE;2026-05-14 11:56:32
TXN-004697;CLT-0054;3381,89;Îles Caïmans;Suisse;14;0;0;25;0;0;25;MODÉRÉ;2026-05-14 11:56:32
TXN-004698;CLT-0018;1778,33;Îles Caïmans;Panama;14;0;0;25;20;0;45;ÉLEVÉ;2026-05-14 11:56:32
TXN-004699;CLT-0004;2208,69;Panama;Suisse;14;0;0;25;0;0;25;MODÉRÉ;2026-05-14 11:56:32
TXN-004700;CLT-0070;2299,24;Russie;Italie;14;0;0;0;0;0;0;FAIBLE;2026-05-14 11:56:32
TXN-004701;CLT-0022;4117,59;Allemagne;Allemagne;14;0;0;0;0;0;0;FAIBLE;2026-05-14 11:56:32
TXN-004702;CLT-0086;4638,87;France;France;14;0;0;0;0;0;0;FAIBLE;2026-05-14 11:56:32
TXN-004703;CLT-0023;3939,42;Îles Caïmans;Allemagne;14;0;0;25;0;0;25;MODÉRÉ;2026-05-14 11:56:32
TXN-004704;CLT-0088;1099,88;France;Allemagne;14;0;0;0;0;0;0;FAIBLE;2026-05-14 11:56:32
TXN-004705;CLT-0088;2086,32;France;Allemagne;14;0;0;0;0;0;0;FAIBLE;2026-05-14 11:56:32
TXN-004706;CLT-0038;520,31;Allemagne;Îles Caïmans;14;0;0;0;20;0;20;MODÉRÉ;2026-05-14 11:56:32
TXN-004707;CLT-0095;42520,05;Allemagne;Îles Caïmans;14;1;40;0;20;0;60;ÉLEVÉ;2026-05-14 11:56:32
TXN-004708;CLT-0004;2084,13;Îles Caïmans;Suisse;14;0;0;25;0;0;25;MODÉRÉ;2026-05-14 11:56:32
TXN-004709;CLT-0050;2697,85;Russie;Espagne;14;0;0;0;0;0;0;FAIBLE;2026-05-14 11:56:32
TXN-004710;CLT-0072;1090,09;France;Allemagne;14;0;0;0;0;0;0;FAIBLE;2026-05-14 11:56:32
TXN-004711;CLT-0088;55091,68;Allemagne;Allemagne;14;1;40;0;0;0;40;ÉLEVÉ;2026-05-14 11:56:32
TXN-004712;CLT-0098;1142,8;France;Espagne;14;0;0;0;0;0;0;FAIBLE;2026-05-14 11:56:32
TXN-004713;CLT-0077;733,38;France;France;14;0;0;0;0;0;0;FAIBLE;2026-05-14 11:56:32
TXN-004714;CLT-0077;297,68;Espagne;France;14;0;0;0;0;0;0;FAIBLE;2026-05-14 11:56:32
TXN-004715;CLT-0049;86982,33;France;France;14;1;40;0;0;0;40;ÉLEVÉ;2026-05-14 11:56:32
TXN-004716;CLT-0066;47294,65;Espagne;Espagne;14;1;40;0;0;0;40;ÉLEVÉ;2026-05-14 11:56:32
TXN-004717;CLT-0012;2597,78;France;Panama;14;0;0;0;20;0;20;MODÉRÉ;2026-05-14 11:56:32
TXN-004718;CLT-0084;2921,11;Russie;Italie;14;0;0;0;0;0;0;FAIBLE;2026-05-14 11:56:32
TXN-004719;CLT-0094;2246,52;Espagne;Allemagne;14;0;0;0;0;0;0;FAIBLE;2026-05-14 11:56:32
TXN-004720;CLT-0075;2390,55;Russie;France;14;0;0;0;0;0;0;FAIBLE;2026-05-14 11:56:32
TXN-004721;CLT-0018;293,83;Russie;Panama;14;0;0;0;20;0;20;MODÉRÉ;2026-05-14 11:56:32
TXN-004722;CLT-0043;32286,86;Panama;Suisse;14;1;40;25;0;0;65;ÉLEVÉ;2026-05-14 11:56:32
TXN-004723;CLT-0069;483,65;France;Panama;14;0;0;0;20;0;20;MODÉRÉ;2026-05-14 11:56:32
TXN-004724;CLT-0088;2467,65;Îles Caïmans;Allemagne;14;0;0;25;0;0;25;MODÉRÉ;2026-05-14 11:56:32
TXN-004725;CLT-0026;482,62;France;Italie;14;0;0;0;0;0;0;FAIBLE;2026-05-14 11:56:32
TXN-004726;CLT-0046;4905,54;France;France;14;0;0;0;0;0;0;FAIBLE;2026-05-14 11:56:32
TXN-004727;CLT-0054;3768,94;Espagne;Suisse;14;0;0;0;0;0;0;FAIBLE;2026-05-14 11:56:32
TXN-004728;CLT-0065;1097,41;France;Îles Caïmans;14;0;0;0;20;0;20;MODÉRÉ;2026-05-14 11:56:32
TXN-004729;CLT-0089;4459,27;France;Îles Caïmans;14;0;0;0;20;0;20;MODÉRÉ;2026-05-14 11:56:32
TXN-004730;CLT-0090;4890,37;France;France;14;0;0;0;0;0;0;FAIBLE;2026-05-14 11:56:32
TXN-004731;CLT-0064;3218,58;Îles Caïmans;France;14;0;0;25;0;0;25;MODÉRÉ;2026-05-14 11:56:32
TXN-004732;CLT-0090;1746,81;France;France;14;0;0;0;0;0;0;FAIBLE;2026-05-14 11:56:32
TXN-004733;CLT-0025;4014,35;France;Italie;14;0;0;0;0;0;0;FAIBLE;2026-05-14 11:56:32
TXN-004734;CLT-0079;1217,96;Panama;Îles Caïmans;14;0;0;25;20;0;45;ÉLEVÉ;2026-05-14 11:56:32
TXN-004735;CLT-0040;192,79;France;Suisse;14;0;0;0;0;0;0;FAIBLE;2026-05-14 11:56:32
TXN-004736;CLT-0046;3366,05;Panama;France;14;0;0;25;0;0;25;MODÉRÉ;2026-05-14 11:56:32
TXN-004737;CLT-0044;1671,21;Allemagne;France;14;0;0;0;0;0;0;FAIBLE;2026-05-14 11:56:32
TXN-004738;CLT-0098;4586,18;France;Espagne;14;0;0;0;0;0;0;FAIBLE;2026-05-14 11:56:32
TXN-004739;CLT-0078;1399,47;France;Suisse;14;0;0;0;0;0;0;FAIBLE;2026-05-14 11:56:32
TXN-004740;CLT-0014;3888,21;Espagne;France;14;0;0;0;0;0;0;FAIBLE;2026-05-14 11:56:32
TXN-004741;CLT-0042;60217,3;France;Italie;14;1;40;0;0;0;40;ÉLEVÉ;2026-05-14 11:56:32
TXN-004742;CLT-0064;4216,78;France;France;14;0;0;0;0;0;0;FAIBLE;2026-05-14 11:56:32
TXN-004743;CLT-0024;540,41;Îles Caïmans;Espagne;14;0;0;25;0;0;25;MODÉRÉ;2026-05-14 11:56:32
TXN-004744;CLT-0051;616,36;Espagne;France;14;0;0;0;0;0;0;FAIBLE;2026-05-14 11:56:32
TXN-004745;CLT-0093;497,36;Espagne;Suisse;14;0;0;0;0;0;0;FAIBLE;2026-05-14 11:56:32
TXN-004746;CLT-0028;478,14;Allemagne;France;14;0;0;0;0;0;0;FAIBLE;2026-05-14 11:56:32
TXN-004747;CLT-0077;75147,68;Panama;France;14;1;40;25;0;0;65;ÉLEVÉ;2026-05-14 11:56:32
TXN-004748;CLT-0076;3112,59;Espagne;France;14;0;0;0;0;0;0;FAIBLE;2026-05-14 11:56:32
TXN-004749;CLT-0060;3943,42;Espagne;Italie;14;0;0;0;0;0;0;FAIBLE;2026-05-14 11:56:32
TXN-004750;CLT-0078;170,23;France;Suisse;14;0;0;0;0;0;0;FAIBLE;2026-05-14 11:56:32
TXN-004751;CLT-0043;3183,9;Îles Caïmans;Suisse;14;0;0;25;0;0;25;MODÉRÉ;2026-05-14 11:56:32
TXN-004752;CLT-0028;331,22;Russie;France;14;0;0;0;0;0;0;FAIBLE;2026-05-14 11:56:32
TXN-004753;CLT-0062;2149,67;France;France;14;0;0;0;0;0;0;FAIBLE;2026-05-14 11:56:32
TXN-004754;CLT-0002;1139,55;Espagne;Espagne;14;0;0;0;0;0;0;FAIBLE;2026-05-14 11:56:32
TXN-004755;CLT-0095;22933,62;France;Îles Caïmans;14;1;40;0;20;0;60;ÉLEVÉ;2026-05-14 11:56:32
TXN-004756;CLT-0008;2630,8;Allemagne;Suisse;14;0;0;0;0;0;0;FAIBLE;2026-05-14 11:56:32
TXN-004757;CLT-0040;1181,1;France;Suisse;14;0;0;0;0;0;0;FAIBLE;2026-05-14 11:56:32
TXN-004758;CLT-0038;508,39;France;Îles Caïmans;14;0;0;0;20;0;20;MODÉRÉ;2026-05-14 11:56:32
TXN-004759;CLT-0020;4860,4;France;Italie;14;0;0;0;0;0;0;FAIBLE;2026-05-14 11:56:32
TXN-004760;CLT-0001;1230,81;Espagne;France;14;0;0;0;0;0;0;FAIBLE;2026-05-14 11:56:32
TXN-004761;CLT-0016;1761,68;Îles Caïmans;Espagne;14;0;0;25;0;0;25;MODÉRÉ;2026-05-14 11:56:32
TXN-004762;CLT-0036;4899,57;Espagne;Italie;14;0;0;0;0;0;0;FAIBLE;2026-05-14 11:56:32
TXN-004763;CLT-0080;51064,37;France;France;14;1;40;0;0;0;40;ÉLEVÉ;2026-05-14 11:56:32
TXN-004764;CLT-0040;2342,62;Espagne;Suisse;14;0;0;0;0;0;0;FAIBLE;2026-05-14 11:56:32
TXN-004765;CLT-0082;4950,69;France;Panama;14;0;0;0;20;0;20;MODÉRÉ;2026-05-14 11:56:32
TXN-004766;CLT-0010;4125,01;France;Îles Caïmans;14;0;0;0;20;0;20;MODÉRÉ;2026-05-14 11:56:32
TXN-004767;CLT-0079;1598,35;France;Îles Caïmans;14;0;0;0;20;0;20;MODÉRÉ;2026-05-14 11:56:32
TXN-004768;CLT-0005;2972,23;Allemagne;Panama;14;0;0;0;20;0;20;MODÉRÉ;2026-05-14 11:56:32
TXN-004769;CLT-0075;3558,51;France;France;14;0;0;0;0;0;0;FAIBLE;2026-05-14 11:56:32
TXN-004770;CLT-0030;2853,54;Îles Caïmans;Allemagne;14;0;0;25;0;0;25;MODÉRÉ;2026-05-14 11:56:32
TXN-004771;CLT-0081;29754,21;Allemagne;Îles Caïmans;14;1;40;0;20;0;60;ÉLEVÉ;2026-05-14 11:56:32
TXN-004772;CLT-0030;91,05;France;Allemagne;14;0;0;0;0;0;0;FAIBLE;2026-05-14 11:56:32
TXN-004773;CLT-0038;3158,32;Îles Caïmans;Îles Caïmans;14;0;0;25;20;0;45;ÉLEVÉ;2026-05-14 11:56:32
TXN-004774;CLT-0035;896,6;Allemagne;Espagne;14;0;0;0;0;0;0;FAIBLE;2026-05-14 11:56:32
TXN-004775;CLT-0069;1506,54;Allemagne;Panama;14;0;0;0;20;0;20;MODÉRÉ;2026-05-14 11:56:32
TXN-004776;CLT-0048;1294,2;Îles Caïmans;Suisse;14;0;0;25;0;0;25;MODÉRÉ;2026-05-14 11:56:32
TXN-004777;CLT-0065;3065,35;Panama;Îles Caïmans;14;0;0;25;20;0;45;ÉLEVÉ;2026-05-14 11:56:32
TXN-004778;CLT-0094;886,88;France;Allemagne;14;0;0;0;0;0;0;FAIBLE;2026-05-14 11:56:32
TXN-004779;CLT-0071;3104,91;Panama;Îles Caïmans;14;0;0;25;20;0;45;ÉLEVÉ;2026-05-14 11:56:32
TXN-004780;CLT-0003;31402,01;Panama;France;14;1;40;25;0;0;65;ÉLEVÉ;2026-05-14 11:56:32
TXN-004781;CLT-0082;3798,0;Panama;Panama;14;0;0;25;20;0;45;ÉLEVÉ;2026-05-14 11:56:32
TXN-004782;CLT-0081;4396,9;Allemagne;Îles Caïmans;14;0;0;0;20;0;20;MODÉRÉ;2026-05-14 11:56:32
TXN-004783;CLT-0055;4035,28;Panama;Espagne;14;0;0;25;0;0;25;MODÉRÉ;2026-05-14 11:56:32
TXN-004784;CLT-0052;3008,69;France;France;14;0;0;0;0;0;0;FAIBLE;2026-05-14 11:56:32
TXN-004785;CLT-0067;631,76;France;Panama;14;0;0;0;20;0;20;MODÉRÉ;2026-05-14 11:56:32
TXN-004786;CLT-0044;59496,85;France;France;14;1;40;0;0;0;40;ÉLEVÉ;2026-05-14 11:56:32
TXN-004787;CLT-0036;4748,2;Îles Caïmans;Italie;14;0;0;25;0;0;25;MODÉRÉ;2026-05-14 11:56:32
TXN-004788;CLT-0056;2586,56;Espagne;Allemagne;14;0;0;0;0;0;0;FAIBLE;2026-05-14 11:56:32
TXN-004789;CLT-0059;2048,83;Îles Caïmans;Îles Caïmans;14;0;0;25;20;0;45;ÉLEVÉ;2026-05-14 11:56:32
TXN-004790;CLT-0080;434,17;France;France;14;0;0;0;0;0;0;FAIBLE;2026-05-14 11:56:32
TXN-004791;CLT-0068;91813,53;Russie;Allemagne;14;1;40;0;0;0;40;ÉLEVÉ;2026-05-14 11:56:32
TXN-004792;CLT-0054;42120,44;Panama;Suisse;14;1;40;25;0;0;65;ÉLEVÉ;2026-05-14 11:56:32
TXN-004793;CLT-0094;37467,47;Îles Caïmans;Allemagne;14;1;40;25;0;0;65;ÉLEVÉ;2026-05-14 11:56:32
TXN-004794;CLT-0063;3434,26;Espagne;Îles Caïmans;14;0;0;0;20;0;20;MODÉRÉ;2026-05-14 11:56:32
TXN-004795;CLT-0027;3618,79;Allemagne;Espagne;14;0;0;0;0;0;0;FAIBLE;2026-05-14 11:56:32
TXN-004796;CLT-0056;1846,01;Panama;Allemagne;14;0;0;25;0;0;25;MODÉRÉ;2026-05-14 11:56:32
TXN-004797;CLT-0042;92947,23;Panama;Italie;14;1;40;25;0;0;65;ÉLEVÉ;2026-05-14 11:56:32
TXN-004798;CLT-0074;2048,56;Russie;Allemagne;14;0;0;0;0;0;0;FAIBLE;2026-05-14 11:56:32
TXN-004799;CLT-0096;237,35;France;Panama;14;0;0;0;20;0;20;MODÉRÉ;2026-05-14 11:56:32
TXN-004800;CLT-0090;2178,82;France;France;14;0;0;0;0;0;0;FAIBLE;2026-05-14 11:56:32
TXN-004801;CLT-0039;4009,67;France;France;14;0;0;0;0;0;0;FAIBLE;2026-05-14 11:56:32
TXN-004802;CLT-0031;4901,88;Panama;Panama;14;0;0;25;20;0;45;ÉLEVÉ;2026-05-14 11:56:32
TXN-004803;CLT-0096;4994,97;Îles Caïmans;Panama;14;0;0;25;20;0;45;ÉLEVÉ;2026-05-14 11:56:32
TXN-004804;CLT-0081;1511,26;Allemagne;Îles Caïmans;14;0;0;0;20;0;20;MODÉRÉ;2026-05-14 11:56:32
TXN-004805;CLT-0098;1444,74;France;Espagne;14;0;0;0;0;0;0;FAIBLE;2026-05-14 11:56:32
TXN-004806;CLT-0045;987,35;France;France;14;0;0;0;0;0;0;FAIBLE;2026-05-14 11:56:32
TXN-004807;CLT-0098;432,05;Russie;Espagne;14;0;0;0;0;0;0;FAIBLE;2026-05-14 11:56:32
TXN-004808;CLT-0011;1893,09;Allemagne;France;14;0;0;0;0;0;0;FAIBLE;2026-05-14 11:56:32
TXN-004809;CLT-0048;33573,29;Russie;Suisse;14;1;40;0;0;0;40;ÉLEVÉ;2026-05-14 11:56:32
TXN-004810;CLT-0007;2625,66;Îles Caïmans;Suisse;14;0;0;25;0;0;25;MODÉRÉ;2026-05-14 11:56:32
TXN-004811;CLT-0096;741,94;Allemagne;Panama;14;0;0;0;20;0;20;MODÉRÉ;2026-05-14 11:56:32
TXN-004812;CLT-0081;3403,21;Espagne;Îles Caïmans;14;0;0;0;20;0;20;MODÉRÉ;2026-05-14 11:56:32
TXN-004813;CLT-0096;3906,61;Allemagne;Panama;14;0;0;0;20;0;20;MODÉRÉ;2026-05-14 11:56:32
TXN-004814;CLT-0026;14258,72;Panama;Italie;14;1;40;25;0;0;65;ÉLEVÉ;2026-05-14 11:56:32
TXN-004815;CLT-0092;2114,18;Russie;Suisse;14;0;0;0;0;0;0;FAIBLE;2026-05-14 11:56:32
TXN-004816;CLT-0039;4192,61;Panama;France;14;0;0;25;0;0;25;MODÉRÉ;2026-05-14 11:56:32
TXN-004817;CLT-0087;4431,85;France;Italie;14;0;0;0;0;0;0;FAIBLE;2026-05-14 11:56:32
TXN-004818;CLT-0069;4716,57;France;Panama;14;0;0;0;20;0;20;MODÉRÉ;2026-05-14 11:56:32
TXN-004819;CLT-0078;4509,63;Russie;Suisse;14;0;0;0;0;0;0;FAIBLE;2026-05-14 11:56:32
TXN-004820;CLT-0079;2484,02;Espagne;Îles Caïmans;14;0;0;0;20;0;20;MODÉRÉ;2026-05-14 11:56:32
TXN-004821;CLT-0092;4705,34;France;Suisse;14;0;0;0;0;0;0;FAIBLE;2026-05-14 11:56:32
TXN-004822;CLT-0096;4243,72;Espagne;Panama;14;0;0;0;20;0;20;MODÉRÉ;2026-05-14 11:56:32
TXN-004823;CLT-0061;4347,37;Russie;France;14;0;0;0;0;0;0;FAIBLE;2026-05-14 11:56:32
TXN-004824;CLT-0034;2381,85;France;France;14;0;0;0;0;0;0;FAIBLE;2026-05-14 11:56:32
TXN-004825;CLT-0046;2405,29;Espagne;France;14;0;0;0;0;0;0;FAIBLE;2026-05-14 11:56:32
TXN-004826;CLT-0012;1760,15;Panama;Panama;14;0;0;25;20;0;45;ÉLEVÉ;2026-05-14 11:56:32
TXN-004827;CLT-0100;3834,99;France;Suisse;14;0;0;0;0;0;0;FAIBLE;2026-05-14 11:56:32
TXN-004828;CLT-0083;300,36;Espagne;France;14;0;0;0;0;0;0;FAIBLE;2026-05-14 11:56:32
TXN-004829;CLT-0051;3983,58;France;France;14;0;0;0;0;0;0;FAIBLE;2026-05-14 11:56:32
TXN-004830;CLT-0044;1459,62;Panama;France;14;0;0;25;0;0;25;MODÉRÉ;2026-05-14 11:56:32
TXN-004831;CLT-0044;2119,11;Allemagne;France;14;0;0;0;0;0;0;FAIBLE;2026-05-14 11:56:32
TXN-004832;CLT-0056;659,37;France;Allemagne;14;0;0;0;0;0;0;FAIBLE;2026-05-14 11:56:32
TXN-004833;CLT-0004;193,73;France;Suisse;14;0;0;0;0;0;0;FAIBLE;2026-05-14 11:56:32
TXN-004834;CLT-0075;71998,27;Îles Caïmans;France;14;1;40;25;0;0;65;ÉLEVÉ;2026-05-14 11:56:32
TXN-004835;CLT-0065;60200,61;Îles Caïmans;Îles Caïmans;14;1;40;25;20;0;85;CRITIQUE;2026-05-14 11:56:32
TXN-004836;CLT-0071;4968,16;Panama;Îles Caïmans;14;0;0;25;20;0;45;ÉLEVÉ;2026-05-14 11:56:32
TXN-004837;CLT-0036;3746,89;Îles Caïmans;Italie;14;0;0;25;0;0;25;MODÉRÉ;2026-05-14 11:56:32
TXN-004838;CLT-0058;71524,46;France;France;14;1;40;0;0;0;40;ÉLEVÉ;2026-05-14 11:56:32
TXN-004839;CLT-0066;3822,93;France;Espagne;14;0;0;0;0;0;0;FAIBLE;2026-05-14 11:56:32
TXN-004840;CLT-0053;2313,18;Îles Caïmans;Espagne;14;0;0;25;0;0;25;MODÉRÉ;2026-05-14 11:56:32
TXN-004841;CLT-0003;744,83;France;France;14;0;0;0;0;0;0;FAIBLE;2026-05-14 11:56:32
TXN-004842;CLT-0076;1722,04;France;France;14;0;0;0;0;0;0;FAIBLE;2026-05-14 11:56:32
TXN-004843;CLT-0092;3097,93;Allemagne;Suisse;14;0;0;0;0;0;0;FAIBLE;2026-05-14 11:56:32
TXN-004844;CLT-0074;28,01;Russie;Allemagne;14;0;0;0;0;0;0;FAIBLE;2026-05-14 11:56:32
TXN-004845;CLT-0041;1436,01;Russie;Panama;14;0;0;0;20;0;20;MODÉRÉ;2026-05-14 11:56:32
TXN-004846;CLT-0023;3119,48;France;Allemagne;14;0;0;0;0;0;0;FAIBLE;2026-05-14 11:56:32
TXN-004847;CLT-0012;1779,22;Îles Caïmans;Panama;14;0;0;25;20;0;45;ÉLEVÉ;2026-05-14 11:56:32
TXN-004848;CLT-0058;1548,55;Allemagne;France;14;0;0;0;0;0;0;FAIBLE;2026-05-14 11:56:32
TXN-004849;CLT-0059;4191,66;Panama;Îles Caïmans;14;0;0;25;20;0;45;ÉLEVÉ;2026-05-14 11:56:32
TXN-004850;CLT-0017;2281,48;Allemagne;Îles Caïmans;14;0;0;0;20;0;20;MODÉRÉ;2026-05-14 11:56:32
TXN-004851;CLT-0003;1319,65;Allemagne;France;14;0;0;0;0;0;0;FAIBLE;2026-05-14 11:56:32
TXN-004852;CLT-0046;2409,45;Îles Caïmans;France;14;0;0;25;0;0;25;MODÉRÉ;2026-05-14 11:56:32
TXN-004853;CLT-0062;4629,1;France;France;14;0;0;0;0;0;0;FAIBLE;2026-05-14 11:56:32
TXN-004854;CLT-0010;4847,18;Allemagne;Îles Caïmans;14;0;0;0;20;0;20;MODÉRÉ;2026-05-14 11:56:32
TXN-004855;CLT-0026;38914,71;Îles Caïmans;Italie;14;1;40;25;0;0;65;ÉLEVÉ;2026-05-14 11:56:32
TXN-004856;CLT-0045;2677,21;Panama;France;14;0;0;25;0;0;25;MODÉRÉ;2026-05-14 11:56:32
TXN-004857;CLT-0071;3471,89;Panama;Îles Caïmans;14;0;0;25;20;0;45;ÉLEVÉ;2026-05-14 11:56:32
TXN-004858;CLT-0008;3116,86;Espagne;Suisse;14;0;0;0;0;0;0;FAIBLE;2026-05-14 11:56:32
TXN-004859;CLT-0022;3390,31;Îles Caïmans;Allemagne;14;0;0;25;0;0;25;MODÉRÉ;2026-05-14 11:56:32
TXN-004860;CLT-0049;4040,18;Panama;France;14;0;0;25;0;0;25;MODÉRÉ;2026-05-14 11:56:32
TXN-004861;CLT-0027;897,29;Allemagne;Espagne;14;0;0;0;0;0;0;FAIBLE;2026-05-14 11:56:32
TXN-004862;CLT-0012;3813,4;France;Panama;14;0;0;0;20;0;20;MODÉRÉ;2026-05-14 11:56:32
TXN-004863;CLT-0009;4963,84;Îles Caïmans;Suisse;14;0;0;25;0;0;25;MODÉRÉ;2026-05-14 11:56:32
TXN-004864;CLT-0023;644,41;France;Allemagne;14;0;0;0;0;0;0;FAIBLE;2026-05-14 11:56:32
TXN-004865;CLT-0074;60919,16;Allemagne;Allemagne;14;1;40;0;0;0;40;ÉLEVÉ;2026-05-14 11:56:32
TXN-004866;CLT-0095;4236,49;France;Îles Caïmans;14;0;0;0;20;0;20;MODÉRÉ;2026-05-14 11:56:32
TXN-004867;CLT-0025;35352,35;France;Italie;14;1;40;0;0;0;40;ÉLEVÉ;2026-05-14 11:56:32
TXN-004868;CLT-0012;1485,66;Allemagne;Panama;14;0;0;0;20;0;20;MODÉRÉ;2026-05-14 11:56:32
TXN-004869;CLT-0047;84790,88;France;Îles Caïmans;14;1;40;0;20;0;60;ÉLEVÉ;2026-05-14 11:56:32
TXN-004870;CLT-0025;1610,43;Espagne;Italie;14;0;0;0;0;0;0;FAIBLE;2026-05-14 11:56:32
TXN-004871;CLT-0012;2254,4;France;Panama;14;0;0;0;20;0;20;MODÉRÉ;2026-05-14 11:56:32
TXN-004872;CLT-0047;4441,12;Espagne;Îles Caïmans;14;0;0;0;20;0;20;MODÉRÉ;2026-05-14 11:56:32
TXN-004873;CLT-0053;1571,18;Allemagne;Espagne;14;0;0;0;0;0;0;FAIBLE;2026-05-14 11:56:32
TXN-004874;CLT-0016;1534,08;France;Espagne;14;0;0;0;0;0;0;FAIBLE;2026-05-14 11:56:32
TXN-004875;CLT-0079;500,42;Espagne;Îles Caïmans;14;0;0;0;20;0;20;MODÉRÉ;2026-05-14 11:56:32
TXN-004876;CLT-0088;284,83;France;Allemagne;14;0;0;0;0;0;0;FAIBLE;2026-05-14 11:56:32
TXN-004877;CLT-0096;92537,81;Îles Caïmans;Panama;14;1;40;25;20;0;85;CRITIQUE;2026-05-14 11:56:32
TXN-004878;CLT-0097;475,48;France;Panama;14;0;0;0;20;0;20;MODÉRÉ;2026-05-14 11:56:32
TXN-004879;CLT-0052;1257,79;France;France;14;0;0;0;0;0;0;FAIBLE;2026-05-14 11:56:32
TXN-004880;CLT-0020;2522,25;Russie;Italie;14;0;0;0;0;0;0;FAIBLE;2026-05-14 11:56:32
TXN-004881;CLT-0084;3193,8;Îles Caïmans;Italie;14;0;0;25;0;0;25;MODÉRÉ;2026-05-14 11:56:32
TXN-004882;CLT-0081;162,08;Russie;Îles Caïmans;14;0;0;0;20;0;20;MODÉRÉ;2026-05-14 11:56:32
TXN-004883;CLT-0096;4662,67;France;Panama;14;0;0;0;20;0;20;MODÉRÉ;2026-05-14 11:56:32
TXN-004884;CLT-0082;1159,67;Russie;Panama;14;0;0;0;20;0;20;MODÉRÉ;2026-05-14 11:56:32
TXN-004885;CLT-0059;19542,22;Allemagne;Îles Caïmans;14;1;40;0;20;0;60;ÉLEVÉ;2026-05-14 11:56:32
TXN-004886;CLT-0085;162,22;Espagne;Îles Caïmans;14;0;0;0;20;0;20;MODÉRÉ;2026-05-14 11:56:32
TXN-004887;CLT-0033;3082,27;Russie;Italie;14;0;0;0;0;0;0;FAIBLE;2026-05-14 11:56:32
TXN-004888;CLT-0012;732,29;Panama;Panama;14;0;0;25;20;0;45;ÉLEVÉ;2026-05-14 11:56:32
TXN-004889;CLT-0043;3588,92;France;Suisse;14;0;0;0;0;0;0;FAIBLE;2026-05-14 11:56:32
TXN-004890;CLT-0067;745,63;France;Panama;14;0;0;0;20;0;20;MODÉRÉ;2026-05-14 11:56:32
TXN-004891;CLT-0004;229,15;France;Suisse;14;0;0;0;0;0;0;FAIBLE;2026-05-14 11:56:32
TXN-004892;CLT-0039;2098,36;Espagne;France;14;0;0;0;0;0;0;FAIBLE;2026-05-14 11:56:32
TXN-004893;CLT-0078;4025,17;France;Suisse;14;0;0;0;0;0;0;FAIBLE;2026-05-14 11:56:32
TXN-004894;CLT-0082;126,24;Panama;Panama;14;0;0;25;20;0;45;ÉLEVÉ;2026-05-14 11:56:32
TXN-004895;CLT-0027;4815,05;France;Espagne;14;0;0;0;0;0;0;FAIBLE;2026-05-14 11:56:32
TXN-004896;CLT-0056;1652,85;Allemagne;Allemagne;14;0;0;0;0;0;0;FAIBLE;2026-05-14 11:56:32
TXN-004897;CLT-0066;2465,76;Îles Caïmans;Espagne;14;0;0;25;0;0;25;MODÉRÉ;2026-05-14 11:56:32
TXN-004898;CLT-0080;3489,31;France;France;14;0;0;0;0;0;0;FAIBLE;2026-05-14 11:56:32
TXN-004899;CLT-0054;3298,42;France;Suisse;14;0;0;0;0;0;0;FAIBLE;2026-05-14 11:56:32
TXN-004900;CLT-0013;124,92;Îles Caïmans;France;14;0;0;25;0;0;25;MODÉRÉ;2026-05-14 11:56:32
TXN-004901;CLT-0036;32311,47;France;Italie;14;1;40;0;0;0;40;ÉLEVÉ;2026-05-14 11:56:32
TXN-004902;CLT-0066;3080,84;Allemagne;Espagne;14;0;0;0;0;0;0;FAIBLE;2026-05-14 11:56:32
TXN-004903;CLT-0067;3802,04;Panama;Panama;14;0;0;25;20;0;45;ÉLEVÉ;2026-05-14 11:56:32
TXN-004904;CLT-0038;2805,0;France;Îles Caïmans;14;0;0;0;20;0;20;MODÉRÉ;2026-05-14 11:56:32
TXN-004905;CLT-0059;3769,89;France;Îles Caïmans;14;0;0;0;20;0;20;MODÉRÉ;2026-05-14 11:56:32
TXN-004906;CLT-0017;1174,46;Allemagne;Îles Caïmans;14;0;0;0;20;0;20;MODÉRÉ;2026-05-14 11:56:32
TXN-004907;CLT-0061;4414,7;France;France;14;0;0;0;0;0;0;FAIBLE;2026-05-14 11:56:32
TXN-004908;CLT-0017;1663,59;Russie;Îles Caïmans;14;0;0;0;20;0;20;MODÉRÉ;2026-05-14 11:56:32
TXN-004909;CLT-0098;56423,61;Îles Caïmans;Espagne;14;1;40;25;0;0;65;ÉLEVÉ;2026-05-14 11:56:32
TXN-004910;CLT-0043;2648,32;France;Suisse;14;0;0;0;0;0;0;FAIBLE;2026-05-14 11:56:32
TXN-004911;CLT-0085;842,33;France;Îles Caïmans;14;0;0;0;20;0;20;MODÉRÉ;2026-05-14 11:56:32
TXN-004912;CLT-0092;802,66;France;Suisse;14;0;0;0;0;0;0;FAIBLE;2026-05-14 11:56:32
TXN-004913;CLT-0020;562,81;Panama;Italie;14;0;0;25;0;0;25;MODÉRÉ;2026-05-14 11:56:32
TXN-004914;CLT-0066;2189,58;Îles Caïmans;Espagne;14;0;0;25;0;0;25;MODÉRÉ;2026-05-14 11:56:32
TXN-004915;CLT-0063;1497,15;Russie;Îles Caïmans;14;0;0;0;20;0;20;MODÉRÉ;2026-05-14 11:56:32
TXN-004916;CLT-0036;3057,95;Allemagne;Italie;14;0;0;0;0;0;0;FAIBLE;2026-05-14 11:56:32
TXN-004917;CLT-0074;1351,32;Russie;Allemagne;14;0;0;0;0;0;0;FAIBLE;2026-05-14 11:56:32
TXN-004918;CLT-0082;405,95;France;Panama;14;0;0;0;20;0;20;MODÉRÉ;2026-05-14 11:56:32
TXN-004919;CLT-0088;1618,66;France;Allemagne;14;0;0;0;0;0;0;FAIBLE;2026-05-14 11:56:32
TXN-004920;CLT-0036;3503,1;Russie;Italie;14;0;0;0;0;0;0;FAIBLE;2026-05-14 11:56:32
TXN-004921;CLT-0009;444,06;Îles Caïmans;Suisse;14;0;0;25;0;0;25;MODÉRÉ;2026-05-14 11:56:32
TXN-004922;CLT-0055;4913,97;Panama;Espagne;14;0;0;25;0;0;25;MODÉRÉ;2026-05-14 11:56:32
TXN-004923;CLT-0016;4196,76;Russie;Espagne;14;0;0;0;0;0;0;FAIBLE;2026-05-14 11:56:32
TXN-004924;CLT-0079;1679,88;Panama;Îles Caïmans;14;0;0;25;20;0;45;ÉLEVÉ;2026-05-14 11:56:32
TXN-004925;CLT-0100;368,99;Espagne;Suisse;14;0;0;0;0;0;0;FAIBLE;2026-05-14 11:56:32
TXN-004926;CLT-0068;3060,77;Îles Caïmans;Allemagne;14;0;0;25;0;0;25;MODÉRÉ;2026-05-14 11:56:32
TXN-004927;CLT-0073;3615,9;Panama;France;14;0;0;25;0;0;25;MODÉRÉ;2026-05-14 11:56:32
TXN-004928;CLT-0015;4092,7;Allemagne;France;14;0;0;0;0;0;0;FAIBLE;2026-05-14 11:56:32
TXN-004929;CLT-0074;438,45;France;Allemagne;14;0;0;0;0;0;0;FAIBLE;2026-05-14 11:56:32
TXN-004930;CLT-0068;1411,1;Allemagne;Allemagne;14;0;0;0;0;0;0;FAIBLE;2026-05-14 11:56:32
TXN-004931;CLT-0062;3317,46;Îles Caïmans;France;14;0;0;25;0;0;25;MODÉRÉ;2026-05-14 11:56:32
TXN-004932;CLT-0099;2842,95;Îles Caïmans;Panama;14;0;0;25;20;0;45;ÉLEVÉ;2026-05-14 11:56:32
TXN-004933;CLT-0082;256,08;France;Panama;14;0;0;0;20;0;20;MODÉRÉ;2026-05-14 11:56:32
TXN-004934;CLT-0039;3970,23;France;France;14;0;0;0;0;0;0;FAIBLE;2026-05-14 11:56:32
TXN-004935;CLT-0057;82326,91;Panama;France;14;1;40;25;0;0;65;ÉLEVÉ;2026-05-14 11:56:32
TXN-004936;CLT-0096;2639,65;France;Panama;14;0;0;0;20;0;20;MODÉRÉ;2026-05-14 11:56:32
TXN-004937;CLT-0054;1638,22;Panama;Suisse;14;0;0;25;0;0;25;MODÉRÉ;2026-05-14 11:56:32
TXN-004938;CLT-0006;779,66;Îles Caïmans;France;14;0;0;25;0;0;25;MODÉRÉ;2026-05-14 11:56:32
TXN-004939;CLT-0082;1343,94;Russie;Panama;14;0;0;0;20;0;20;MODÉRÉ;2026-05-14 11:56:32
TXN-004940;CLT-0051;62734,0;France;France;14;1;40;0;0;0;40;ÉLEVÉ;2026-05-14 11:56:32
TXN-004941;CLT-0068;68106,03;Îles Caïmans;Allemagne;14;1;40;25;0;0;65;ÉLEVÉ;2026-05-14 11:56:32
TXN-004942;CLT-0020;3136,42;Panama;Italie;14;0;0;25;0;0;25;MODÉRÉ;2026-05-14 11:56:32
TXN-004943;CLT-0046;861,86;Allemagne;France;14;0;0;0;0;0;0;FAIBLE;2026-05-14 11:56:32
TXN-004944;CLT-0064;4305,87;Panama;France;14;0;0;25;0;0;25;MODÉRÉ;2026-05-14 11:56:32
TXN-004945;CLT-0021;2749,62;France;France;14;0;0;0;0;0;0;FAIBLE;2026-05-14 11:56:32
TXN-004946;CLT-0048;1095,55;Russie;Suisse;14;0;0;0;0;0;0;FAIBLE;2026-05-14 11:56:32
TXN-004947;CLT-0001;1342,3;France;France;14;0;0;0;0;0;0;FAIBLE;2026-05-14 11:56:32
TXN-004948;CLT-0086;4152,38;France;France;14;0;0;0;0;0;0;FAIBLE;2026-05-14 11:56:32
TXN-004949;CLT-0048;332,72;France;Suisse;14;0;0;0;0;0;0;FAIBLE;2026-05-14 11:56:32
TXN-004950;CLT-0039;3391,16;Espagne;France;14;0;0;0;0;0;0;FAIBLE;2026-05-14 11:56:32
TXN-004951;CLT-0087;834,4;Îles Caïmans;Italie;14;0;0;25;0;0;25;MODÉRÉ;2026-05-14 11:56:32
TXN-004952;CLT-0067;3103,36;Panama;Panama;14;0;0;25;20;0;45;ÉLEVÉ;2026-05-14 11:56:32
TXN-004953;CLT-0057;2384,58;Panama;France;14;0;0;25;0;0;25;MODÉRÉ;2026-05-14 11:56:32
TXN-004954;CLT-0062;1603,0;Panama;France;14;0;0;25;0;0;25;MODÉRÉ;2026-05-14 11:56:32
TXN-004955;CLT-0084;3629,17;Espagne;Italie;14;0;0;0;0;0;0;FAIBLE;2026-05-14 11:56:32
TXN-004956;CLT-0061;3831,52;France;France;14;0;0;0;0;0;0;FAIBLE;2026-05-14 11:56:32
TXN-004957;CLT-0023;2058,53;France;Allemagne;14;0;0;0;0;0;0;FAIBLE;2026-05-14 11:56:32
TXN-004958;CLT-0007;1335,5;Îles Caïmans;Suisse;14;0;0;25;0;0;25;MODÉRÉ;2026-05-14 11:56:32
TXN-004959;CLT-0015;3472,73;Allemagne;France;14;0;0;0;0;0;0;FAIBLE;2026-05-14 11:56:32
TXN-004960;CLT-0007;2324,43;France;Suisse;14;0;0;0;0;0;0;FAIBLE;2026-05-14 11:56:32
TXN-004961;CLT-0060;36973,25;Allemagne;Italie;14;1;40;0;0;0;40;ÉLEVÉ;2026-05-14 11:56:32
TXN-004962;CLT-0031;3076,66;Espagne;Panama;14;0;0;0;20;0;20;MODÉRÉ;2026-05-14 11:56:32
TXN-004963;CLT-0046;2423,95;Russie;France;14;0;0;0;0;0;0;FAIBLE;2026-05-14 11:56:32
TXN-004964;CLT-0014;1690,46;Panama;France;14;0;0;25;0;0;25;MODÉRÉ;2026-05-14 11:56:32
TXN-004965;CLT-0063;4832,36;France;Îles Caïmans;14;0;0;0;20;0;20;MODÉRÉ;2026-05-14 11:56:32
TXN-004966;CLT-0048;1650,71;Allemagne;Suisse;14;0;0;0;0;0;0;FAIBLE;2026-05-14 11:56:32
TXN-004967;CLT-0019;1577,23;Panama;Espagne;14;0;0;25;0;0;25;MODÉRÉ;2026-05-14 11:56:32
TXN-004968;CLT-0100;1754,1;Panama;Suisse;14;0;0;25;0;0;25;MODÉRÉ;2026-05-14 11:56:32
TXN-004969;CLT-0047;2993,05;France;Îles Caïmans;14;0;0;0;20;0;20;MODÉRÉ;2026-05-14 11:56:32
TXN-004970;CLT-0068;2018,24;France;Allemagne;14;0;0;0;0;0;0;FAIBLE;2026-05-14 11:56:32
TXN-004971;CLT-0028;2058,62;Russie;France;14;0;0;0;0;0;0;FAIBLE;2026-05-14 11:56:32
TXN-004972;CLT-0033;9587,13;Russie;Italie;14;1;40;0;0;0;40;ÉLEVÉ;2026-05-14 11:56:32
TXN-004973;CLT-0086;489,12;Russie;France;14;0;0;0;0;0;0;FAIBLE;2026-05-14 11:56:32
TXN-004974;CLT-0032;4035,12;France;Suisse;14;0;0;0;0;0;0;FAIBLE;2026-05-14 11:56:32
TXN-004975;CLT-0044;3571,09;Allemagne;France;14;0;0;0;0;0;0;FAIBLE;2026-05-14 11:56:32
TXN-004976;CLT-0099;1424,17;France;Panama;14;0;0;0;20;0;20;MODÉRÉ;2026-05-14 11:56:32
TXN-004977;CLT-0050;10209,65;France;Espagne;14;1;40;0;0;0;40;ÉLEVÉ;2026-05-14 11:56:32
TXN-004978;CLT-0004;38270,31;France;Suisse;14;1;40;0;0;0;40;ÉLEVÉ;2026-05-14 11:56:32
TXN-004979;CLT-0059;185,98;Espagne;Îles Caïmans;14;0;0;0;20;0;20;MODÉRÉ;2026-05-14 11:56:32
TXN-004980;CLT-0090;2449,52;France;France;14;0;0;0;0;0;0;FAIBLE;2026-05-14 11:56:32
TXN-004981;CLT-0013;1569,88;France;France;14;0;0;0;0;0;0;FAIBLE;2026-05-14 11:56:32
TXN-004982;CLT-0100;77437,01;Îles Caïmans;Suisse;14;1;40;25;0;0;65;ÉLEVÉ;2026-05-14 11:56:32
TXN-004983;CLT-0026;3387,51;Russie;Italie;14;0;0;0;0;0;0;FAIBLE;2026-05-14 11:56:32
TXN-004984;CLT-0046;1846,39;Îles Caïmans;France;14;0;0;25;0;0;25;MODÉRÉ;2026-05-14 11:56:32
TXN-004985;CLT-0018;13027,98;Allemagne;Panama;14;1;40;0;20;0;60;ÉLEVÉ;2026-05-14 11:56:32
TXN-004986;CLT-0030;436,02;France;Allemagne;14;0;0;0;0;0;0;FAIBLE;2026-05-14 11:56:32
TXN-004987;CLT-0035;3064,34;France;Espagne;14;0;0;0;0;0;0;FAIBLE;2026-05-14 11:56:32
TXN-004988;CLT-0022;4554,77;Espagne;Allemagne;14;0;0;0;0;0;0;FAIBLE;2026-05-14 11:56:32
TXN-004989;CLT-0087;1141,29;Panama;Italie;14;0;0;25;0;0;25;MODÉRÉ;2026-05-14 11:56:32
TXN-004990;CLT-0053;3861,74;France;Espagne;14;0;0;0;0;0;0;FAIBLE;2026-05-14 11:56:32
TXN-004991;CLT-0026;1347,47;France;Italie;14;0;0;0;0;0;0;FAIBLE;2026-05-14 11:56:32
TXN-004992;CLT-0047;3370,99;Panama;Îles Caïmans;14;0;0;25;20;0;45;ÉLEVÉ;2026-05-14 11:56:32
TXN-004993;CLT-0066;775,3;Panama;Espagne;14;0;0;25;0;0;25;MODÉRÉ;2026-05-14 11:56:32
TXN-004994;CLT-0031;4958,4;Espagne;Panama;14;0;0;0;20;0;20;MODÉRÉ;2026-05-14 11:56:32
TXN-004995;CLT-0065;4001,6;Îles Caïmans;Îles Caïmans;14;0;0;25;20;0;45;ÉLEVÉ;2026-05-14 11:56:32
TXN-004996;CLT-0017;2920,54;Allemagne;Îles Caïmans;14;0;0;0;20;0;20;MODÉRÉ;2026-05-14 11:56:32
TXN-004997;CLT-0081;839,57;Panama;Îles Caïmans;14;0;0;25;20;0;45;ÉLEVÉ;2026-05-14 11:56:32
TXN-004998;CLT-0014;4027,47;Russie;France;14;0;0;0;0;0;0;FAIBLE;2026-05-14 11:56:32
TXN-004999;CLT-0043;2737,31;Espagne;Suisse;14;0;0;0;0;0;0;FAIBLE;2026-05-14 11:56:32
TXN-005000;CLT-0058;3793,53;Espagne;France;14;0;0;0;0;0;0;FAIBLE;2026-05-14 11:56:32
TXN-005001;CLT-0024;1867,78;Panama;Espagne;14;0;0;25;0;0;25;MODÉRÉ;2026-05-14 11:56:32
TXN-005002;CLT-0067;4623,43;Panama;Panama;14;0;0;25;20;0;45;ÉLEVÉ;2026-05-14 11:56:32
TXN-005003;CLT-0025;41238,05;France;Italie;14;1;40;0;0;0;40;ÉLEVÉ;2026-05-14 11:56:32
TXN-005004;CLT-0071;730,48;France;Îles Caïmans;14;0;0;0;20;0;20;MODÉRÉ;2026-05-14 11:56:32
TXN-005005;CLT-0066;1089,77;France;Espagne;14;0;0;0;0;0;0;FAIBLE;2026-05-14 11:56:32
TXN-005006;CLT-0011;4490,07;Îles Caïmans;France;14;0;0;25;0;0;25;MODÉRÉ;2026-05-14 11:56:32
TXN-005007;CLT-0034;837,4;Allemagne;France;14;0;0;0;0;0;0;FAIBLE;2026-05-14 11:56:32
TXN-005008;CLT-0013;1624,98;France;France;14;0;0;0;0;0;0;FAIBLE;2026-05-14 11:56:32
TXN-005009;CLT-0002;2713,1;France;Espagne;14;0;0;0;0;0;0;FAIBLE;2026-05-14 11:56:32
TXN-005010;CLT-0038;4393,46;Russie;Îles Caïmans;14;0;0;0;20;0;20;MODÉRÉ;2026-05-14 11:56:32
TXN-005011;CLT-0085;57851,87;Îles Caïmans;Îles Caïmans;14;1;40;25;20;0;85;CRITIQUE;2026-05-14 11:56:32
TXN-005012;CLT-0049;55281,29;Panama;France;14;1;40;25;0;0;65;ÉLEVÉ;2026-05-14 11:56:32
TXN-005013;CLT-0089;44632,89;Îles Caïmans;Îles Caïmans;14;1;40;25;20;0;85;CRITIQUE;2026-05-14 11:56:32
TXN-005014;CLT-0006;478,11;Îles Caïmans;France;14;0;0;25;0;0;25;MODÉRÉ;2026-05-14 11:56:32
TXN-005015;CLT-0065;3287,29;Allemagne;Îles Caïmans;14;0;0;0;20;0;20;MODÉRÉ;2026-05-14 11:56:32
TXN-005016;CLT-0021;85086,19;Espagne;France;14;1;40;0;0;0;40;ÉLEVÉ;2026-05-14 11:56:32
TXN-005017;CLT-0079;3981,27;Russie;Îles Caïmans;14;0;0;0;20;0;20;MODÉRÉ;2026-05-14 11:56:32
TXN-005018;CLT-0052;2948,22;Panama;France;14;0;0;25;0;0;25;MODÉRÉ;2026-05-14 11:56:32
TXN-005019;CLT-0078;3426,58;Îles Caïmans;Suisse;14;0;0;25;0;0;25;MODÉRÉ;2026-05-14 11:56:32
TXN-005020;CLT-0005;1258,36;Russie;Panama;14;0;0;0;20;0;20;MODÉRÉ;2026-05-14 11:56:32
TXN-005021;CLT-0044;1155,05;Russie;France;14;0;0;0;0;0;0;FAIBLE;2026-05-14 11:56:32
TXN-005022;CLT-0095;625,68;France;Îles Caïmans;14;0;0;0;20;0;20;MODÉRÉ;2026-05-14 11:56:32
TXN-005023;CLT-0075;4967,42;Russie;France;14;0;0;0;0;0;0;FAIBLE;2026-05-14 11:56:32
TXN-005024;CLT-0016;2317,23;Allemagne;Espagne;14;0;0;0;0;0;0;FAIBLE;2026-05-14 11:56:32
TXN-005025;CLT-0094;29660,24;Panama;Allemagne;14;1;40;25;0;0;65;ÉLEVÉ;2026-05-14 11:56:32
TXN-005026;CLT-0018;2013,63;France;Panama;14;0;0;0;20;0;20;MODÉRÉ;2026-05-14 11:56:32
TXN-005027;CLT-0071;3677,5;Russie;Îles Caïmans;14;0;0;0;20;0;20;MODÉRÉ;2026-05-14 11:56:32
TXN-005028;CLT-0019;1388,96;Allemagne;Espagne;14;0;0;0;0;0;0;FAIBLE;2026-05-14 11:56:32
TXN-005029;CLT-0030;4968,34;Espagne;Allemagne;14;0;0;0;0;0;0;FAIBLE;2026-05-14 11:56:32
TXN-005030;CLT-0011;4197,59;Îles Caïmans;France;14;0;0;25;0;0;25;MODÉRÉ;2026-05-14 11:56:32
TXN-005031;CLT-0011;1204,17;Espagne;France;14;0;0;0;0;0;0;FAIBLE;2026-05-14 11:56:32
TXN-005032;CLT-0028;1276,07;France;France;14;0;0;0;0;0;0;FAIBLE;2026-05-14 11:56:32
TXN-005033;CLT-0039;22174,42;France;France;14;1;40;0;0;0;40;ÉLEVÉ;2026-05-14 11:56:32
TXN-005034;CLT-0012;2719,97;Panama;Panama;14;0;0;25;20;0;45;ÉLEVÉ;2026-05-14 11:56:32
TXN-005035;CLT-0091;4758,05;France;Allemagne;14;0;0;0;0;0;0;FAIBLE;2026-05-14 11:56:32
TXN-005036;CLT-0059;1700,99;Russie;Îles Caïmans;14;0;0;0;20;0;20;MODÉRÉ;2026-05-14 11:56:32
TXN-005037;CLT-0090;416,42;Allemagne;France;14;0;0;0;0;0;0;FAIBLE;2026-05-14 11:56:32
TXN-005038;CLT-0008;43740,08;Espagne;Suisse;14;1;40;0;0;0;40;ÉLEVÉ;2026-05-14 11:56:32
TXN-005039;CLT-0049;30067,48;Panama;France;14;1;40;25;0;0;65;ÉLEVÉ;2026-05-14 11:56:32
TXN-005040;CLT-0030;42117,96;Panama;Allemagne;14;1;40;25;0;0;65;ÉLEVÉ;2026-05-14 11:56:32
TXN-005041;CLT-0034;2246,61;Russie;France;14;0;0;0;0;0;0;FAIBLE;2026-05-14 11:56:32
TXN-005042;CLT-0086;2024,52;France;France;14;0;0;0;0;0;0;FAIBLE;2026-05-14 11:56:32
TXN-005043;CLT-0042;32343,93;Russie;Italie;14;1;40;0;0;0;40;ÉLEVÉ;2026-05-14 11:56:32
TXN-005044;CLT-0011;3344,8;Allemagne;France;14;0;0;0;0;0;0;FAIBLE;2026-05-14 11:56:32
TXN-005045;CLT-0075;27644,45;Russie;France;14;1;40;0;0;0;40;ÉLEVÉ;2026-05-14 11:56:32
TXN-005046;CLT-0034;3777,1;France;France;14;0;0;0;0;0;0;FAIBLE;2026-05-14 11:56:32
TXN-005047;CLT-0069;1517,95;Espagne;Panama;14;0;0;0;20;0;20;MODÉRÉ;2026-05-14 11:56:32
TXN-005048;CLT-0015;4916,26;France;France;14;0;0;0;0;0;0;FAIBLE;2026-05-14 11:56:32
TXN-005049;CLT-0038;1941,21;Russie;Îles Caïmans;14;0;0;0;20;0;20;MODÉRÉ;2026-05-14 11:56:32
TXN-005050;CLT-0047;59708,58;Espagne;Îles Caïmans;14;1;40;0;20;0;60;ÉLEVÉ;2026-05-14 11:56:32
TXN-005051;CLT-0014;2073,65;France;France;14;0;0;0;0;0;0;FAIBLE;2026-05-14 11:56:32
TXN-005052;CLT-0051;4966,22;Russie;France;14;0;0;0;0;0;0;FAIBLE;2026-05-14 11:56:32
TXN-005053;CLT-0054;3371,32;Russie;Suisse;14;0;0;0;0;0;0;FAIBLE;2026-05-14 11:56:32
TXN-005054;CLT-0020;57178,87;Îles Caïmans;Italie;14;1;40;25;0;0;65;ÉLEVÉ;2026-05-14 11:56:32
TXN-005055;CLT-0044;1058,34;France;France;14;0;0;0;0;0;0;FAIBLE;2026-05-14 11:56:32
TXN-005056;CLT-0065;2904,05;Îles Caïmans;Îles Caïmans;14;0;0;25;20;0;45;ÉLEVÉ;2026-05-14 11:56:32
TXN-005057;CLT-0002;1750,89;Îles Caïmans;Espagne;14;0;0;25;0;0;25;MODÉRÉ;2026-05-14 11:56:32
TXN-005058;CLT-0084;3647,28;France;Italie;14;0;0;0;0;0;0;FAIBLE;2026-05-14 11:56:32
TXN-005059;CLT-0071;669,76;France;Îles Caïmans;14;0;0;0;20;0;20;MODÉRÉ;2026-05-14 11:56:32
TXN-005060;CLT-0059;4312,89;Panama;Îles Caïmans;14;0;0;25;20;0;45;ÉLEVÉ;2026-05-14 11:56:32
TXN-005061;CLT-0073;3786,78;Îles Caïmans;France;14;0;0;25;0;0;25;MODÉRÉ;2026-05-14 11:56:32
TXN-005062;CLT-0076;27385,44;Russie;France;14;1;40;0;0;0;40;ÉLEVÉ;2026-05-14 11:56:32
TXN-005063;CLT-0057;76323,24;Panama;France;14;1;40;25;0;0;65;ÉLEVÉ;2026-05-14 11:56:32
TXN-005064;CLT-0023;56189,18;France;Allemagne;14;1;40;0;0;0;40;ÉLEVÉ;2026-05-14 11:56:32
TXN-005065;CLT-0022;4834,51;Allemagne;Allemagne;14;0;0;0;0;0;0;FAIBLE;2026-05-14 11:56:32
TXN-005066;CLT-0007;971,04;Allemagne;Suisse;14;0;0;0;0;0;0;FAIBLE;2026-05-14 11:56:32
TXN-005067;CLT-0036;4646,08;France;Italie;14;0;0;0;0;0;0;FAIBLE;2026-05-14 11:56:32
TXN-005068;CLT-0049;4073,83;Espagne;France;14;0;0;0;0;0;0;FAIBLE;2026-05-14 11:56:32
TXN-005069;CLT-0052;3403,45;Panama;France;14;0;0;25;0;0;25;MODÉRÉ;2026-05-14 11:56:32
TXN-005070;CLT-0069;961,74;Panama;Panama;14;0;0;25;20;0;45;ÉLEVÉ;2026-05-14 11:56:32
TXN-005071;CLT-0018;2997,94;Panama;Panama;14;0;0;25;20;0;45;ÉLEVÉ;2026-05-14 11:56:32
TXN-005072;CLT-0005;3579,86;Espagne;Panama;14;0;0;0;20;0;20;MODÉRÉ;2026-05-14 11:56:32
TXN-005073;CLT-0044;4430,05;Russie;France;14;0;0;0;0;0;0;FAIBLE;2026-05-14 11:56:32
TXN-005074;CLT-0015;1709,81;France;France;14;0;0;0;0;0;0;FAIBLE;2026-05-14 11:56:32
TXN-005075;CLT-0019;1816,93;France;Espagne;14;0;0;0;0;0;0;FAIBLE;2026-05-14 11:56:32
TXN-005076;CLT-0098;4872,39;France;Espagne;14;0;0;0;0;0;0;FAIBLE;2026-05-14 11:56:32
TXN-005077;CLT-0072;4005,56;Russie;Allemagne;14;0;0;0;0;0;0;FAIBLE;2026-05-14 11:56:32
TXN-005078;CLT-0006;146,79;France;France;14;0;0;0;0;0;0;FAIBLE;2026-05-14 11:56:32
TXN-005079;CLT-0062;1253,04;France;France;14;0;0;0;0;0;0;FAIBLE;2026-05-14 11:56:32
TXN-005080;CLT-0072;3588,24;Îles Caïmans;Allemagne;14;0;0;25;0;0;25;MODÉRÉ;2026-05-14 11:56:32
TXN-005081;CLT-0085;4757,59;Russie;Îles Caïmans;14;0;0;0;20;0;20;MODÉRÉ;2026-05-14 11:56:32
TXN-005082;CLT-0067;3885,91;Allemagne;Panama;14;0;0;0;20;0;20;MODÉRÉ;2026-05-14 11:56:32
TXN-005083;CLT-0021;3501,34;Panama;France;14;0;0;25;0;0;25;MODÉRÉ;2026-05-14 11:56:32
TXN-005084;CLT-0061;876,67;Îles Caïmans;France;14;0;0;25;0;0;25;MODÉRÉ;2026-05-14 11:56:32
TXN-005085;CLT-0031;583,13;France;Panama;14;0;0;0;20;0;20;MODÉRÉ;2026-05-14 11:56:32
TXN-005086;CLT-0001;2537,73;Panama;France;14;0;0;25;0;0;25;MODÉRÉ;2026-05-14 11:56:32
TXN-005087;CLT-0063;11595,49;Panama;Îles Caïmans;14;1;40;25;20;0;85;CRITIQUE;2026-05-14 11:56:32
TXN-005088;CLT-0019;758,81;France;Espagne;14;0;0;0;0;0;0;FAIBLE;2026-05-14 11:56:32
TXN-005089;CLT-0039;85207,89;Espagne;France;14;1;40;0;0;0;40;ÉLEVÉ;2026-05-14 11:56:32
TXN-005090;CLT-0080;31962,13;France;France;14;1;40;0;0;0;40;ÉLEVÉ;2026-05-14 11:56:32
TXN-005091;CLT-0054;85260,0;Russie;Suisse;14;1;40;0;0;0;40;ÉLEVÉ;2026-05-14 11:56:32
TXN-005092;CLT-0046;3701,21;Îles Caïmans;France;14;0;0;25;0;0;25;MODÉRÉ;2026-05-14 11:56:32
TXN-005093;CLT-0036;2860,05;France;Italie;14;0;0;0;0;0;0;FAIBLE;2026-05-14 11:56:32
TXN-005094;CLT-0062;3609,34;Panama;France;14;0;0;25;0;0;25;MODÉRÉ;2026-05-14 11:56:32
TXN-005095;CLT-0026;2718,84;Panama;Italie;14;0;0;25;0;0;25;MODÉRÉ;2026-05-14 11:56:32
TXN-005096;CLT-0089;2472,12;Allemagne;Îles Caïmans;14;0;0;0;20;0;20;MODÉRÉ;2026-05-14 11:56:32
TXN-005097;CLT-0055;3539,02;France;Espagne;14;0;0;0;0;0;0;FAIBLE;2026-05-14 11:56:32
TXN-005098;CLT-0020;1684,51;France;Italie;14;0;0;0;0;0;0;FAIBLE;2026-05-14 11:56:32
TXN-005099;CLT-0069;386,63;France;Panama;14;0;0;0;20;0;20;MODÉRÉ;2026-05-14 11:56:32
TXN-005100;CLT-0047;2306,91;France;Îles Caïmans;14;0;0;0;20;0;20;MODÉRÉ;2026-05-14 11:56:32
TXN-005101;CLT-0086;2486,79;France;France;14;0;0;0;0;0;0;FAIBLE;2026-05-14 11:56:32
TXN-005102;CLT-0017;1758,48;France;Îles Caïmans;14;0;0;0;20;0;20;MODÉRÉ;2026-05-14 11:56:32
TXN-005103;CLT-0017;782,14;Allemagne;Îles Caïmans;14;0;0;0;20;0;20;MODÉRÉ;2026-05-14 11:56:32
TXN-005104;CLT-0001;4847,96;Allemagne;France;14;0;0;0;0;0;0;FAIBLE;2026-05-14 11:56:32
TXN-005105;CLT-0021;2931,6;France;France;14;0;0;0;0;0;0;FAIBLE;2026-05-14 11:56:32
TXN-005106;CLT-0048;4823,69;France;Suisse;14;0;0;0;0;0;0;FAIBLE;2026-05-14 11:56:32
TXN-005107;CLT-0083;81281,65;France;France;14;1;40;0;0;0;40;ÉLEVÉ;2026-05-14 11:56:32
TXN-005108;CLT-0060;832,72;Russie;Italie;14;0;0;0;0;0;0;FAIBLE;2026-05-14 11:56:32
TXN-005109;CLT-0024;4297,46;Russie;Espagne;14;0;0;0;0;0;0;FAIBLE;2026-05-14 11:56:32
TXN-005110;CLT-0050;2918,29;Panama;Espagne;14;0;0;25;0;0;25;MODÉRÉ;2026-05-14 11:56:32
TXN-005111;CLT-0031;2590,49;France;Panama;14;0;0;0;20;0;20;MODÉRÉ;2026-05-14 11:56:32
TXN-005112;CLT-0094;2879,77;Allemagne;Allemagne;14;0;0;0;0;0;0;FAIBLE;2026-05-14 11:56:32
TXN-005113;CLT-0060;3232,36;France;Italie;14;0;0;0;0;0;0;FAIBLE;2026-05-14 11:56:32
TXN-005114;CLT-0082;1296,84;Allemagne;Panama;14;0;0;0;20;0;20;MODÉRÉ;2026-05-14 11:56:32
TXN-005115;CLT-0080;1719,61;Russie;France;14;0;0;0;0;0;0;FAIBLE;2026-05-14 11:56:32
TXN-005116;CLT-0047;4872,69;France;Îles Caïmans;14;0;0;0;20;0;20;MODÉRÉ;2026-05-14 11:56:32
TXN-005117;CLT-0040;2036,44;France;Suisse;14;0;0;0;0;0;0;FAIBLE;2026-05-14 11:56:32
TXN-005118;CLT-0007;3070,78;Espagne;Suisse;14;0;0;0;0;0;0;FAIBLE;2026-05-14 11:56:32
TXN-005119;CLT-0038;3239,9;Espagne;Îles Caïmans;14;0;0;0;20;0;20;MODÉRÉ;2026-05-14 11:56:32
TXN-005120;CLT-0081;4322,08;France;Îles Caïmans;14;0;0;0;20;0;20;MODÉRÉ;2026-05-14 11:56:32
TXN-005121;CLT-0054;57,32;Russie;Suisse;14;0;0;0;0;0;0;FAIBLE;2026-05-14 11:56:32
TXN-005122;CLT-0022;2081,85;Îles Caïmans;Allemagne;14;0;0;25;0;0;25;MODÉRÉ;2026-05-14 11:56:32
TXN-005123;CLT-0017;4845,34;Espagne;Îles Caïmans;14;0;0;0;20;0;20;MODÉRÉ;2026-05-14 11:56:32
TXN-005124;CLT-0053;4614,99;Allemagne;Espagne;14;0;0;0;0;0;0;FAIBLE;2026-05-14 11:56:32
TXN-005125;CLT-0081;74161,29;France;Îles Caïmans;14;1;40;0;20;0;60;ÉLEVÉ;2026-05-14 11:56:32
TXN-005126;CLT-0014;750,06;Russie;France;14;0;0;0;0;0;0;FAIBLE;2026-05-14 11:56:32
TXN-005127;CLT-0009;919,57;Russie;Suisse;14;0;0;0;0;0;0;FAIBLE;2026-05-14 11:56:32
TXN-005128;CLT-0002;1648,01;France;Espagne;14;0;0;0;0;0;0;FAIBLE;2026-05-14 11:56:32
TXN-005129;CLT-0029;638,11;Panama;France;14;0;0;25;0;0;25;MODÉRÉ;2026-05-14 11:56:32
TXN-005130;CLT-0058;4925,41;France;France;14;0;0;0;0;0;0;FAIBLE;2026-05-14 11:56:32
TXN-005131;CLT-0098;2698,13;Îles Caïmans;Espagne;14;0;0;25;0;0;25;MODÉRÉ;2026-05-14 11:56:32
TXN-005132;CLT-0062;4558,85;Panama;France;14;0;0;25;0;0;25;MODÉRÉ;2026-05-14 11:56:32
TXN-005133;CLT-0022;2979,69;France;Allemagne;14;0;0;0;0;0;0;FAIBLE;2026-05-14 11:56:32
TXN-005134;CLT-0052;2330,22;France;France;14;0;0;0;0;0;0;FAIBLE;2026-05-14 11:56:32
TXN-005135;CLT-0073;25642,94;France;France;14;1;40;0;0;0;40;ÉLEVÉ;2026-05-14 11:56:32
TXN-005136;CLT-0039;3184,41;Îles Caïmans;France;14;0;0;25;0;0;25;MODÉRÉ;2026-05-14 11:56:32
TXN-005137;CLT-0039;81141,86;Russie;France;14;1;40;0;0;0;40;ÉLEVÉ;2026-05-14 11:56:32
TXN-005138;CLT-0042;1254,6;Espagne;Italie;14;0;0;0;0;0;0;FAIBLE;2026-05-14 11:56:32
TXN-005139;CLT-0023;271,96;France;Allemagne;14;0;0;0;0;0;0;FAIBLE;2026-05-14 11:56:32
TXN-005140;CLT-0093;2468,62;Îles Caïmans;Suisse;14;0;0;25;0;0;25;MODÉRÉ;2026-05-14 11:56:32
TXN-005141;CLT-0074;1824,79;Allemagne;Allemagne;14;0;0;0;0;0;0;FAIBLE;2026-05-14 11:56:32
TXN-005142;CLT-0052;1163,68;France;France;14;0;0;0;0;0;0;FAIBLE;2026-05-14 11:56:32
TXN-005143;CLT-0076;4269,82;Panama;France;14;0;0;25;0;0;25;MODÉRÉ;2026-05-14 11:56:32
TXN-005144;CLT-0029;2349,36;Russie;France;14;0;0;0;0;0;0;FAIBLE;2026-05-14 11:56:32
TXN-005145;CLT-0013;4137,91;Allemagne;France;14;0;0;0;0;0;0;FAIBLE;2026-05-14 11:56:32
TXN-005146;CLT-0044;49881,96;Allemagne;France;14;1;40;0;0;0;40;ÉLEVÉ;2026-05-14 11:56:32
TXN-005147;CLT-0040;93761,14;France;Suisse;14;1;40;0;0;0;40;ÉLEVÉ;2026-05-14 11:56:32
TXN-005148;CLT-0003;3793,18;Panama;France;14;0;0;25;0;0;25;MODÉRÉ;2026-05-14 11:56:32
TXN-005149;CLT-0008;4096,47;Allemagne;Suisse;14;0;0;0;0;0;0;FAIBLE;2026-05-14 11:56:32
TXN-005150;CLT-0052;1627,74;France;France;14;0;0;0;0;0;0;FAIBLE;2026-05-14 11:56:32
TXN-005151;CLT-0004;669,02;France;Suisse;14;0;0;0;0;0;0;FAIBLE;2026-05-14 11:56:32
TXN-005152;CLT-0064;1788,91;Espagne;France;14;0;0;0;0;0;0;FAIBLE;2026-05-14 11:56:32
TXN-005153;CLT-0020;3494,34;Espagne;Italie;14;0;0;0;0;0;0;FAIBLE;2026-05-14 11:56:32
TXN-005154;CLT-0011;1972,42;France;France;14;0;0;0;0;0;0;FAIBLE;2026-05-14 11:56:32
TXN-005155;CLT-0017;1867,59;Allemagne;Îles Caïmans;14;0;0;0;20;0;20;MODÉRÉ;2026-05-14 11:56:32
TXN-005156;CLT-0099;4065,18;France;Panama;14;0;0;0;20;0;20;MODÉRÉ;2026-05-14 11:56:32
TXN-005157;CLT-0003;4223,96;Allemagne;France;14;0;0;0;0;0;0;FAIBLE;2026-05-14 11:56:32
TXN-005158;CLT-0098;1557,2;Russie;Espagne;14;0;0;0;0;0;0;FAIBLE;2026-05-14 11:56:32
TXN-005159;CLT-0046;68204,57;France;France;14;1;40;0;0;0;40;ÉLEVÉ;2026-05-14 11:56:32
TXN-005160;CLT-0023;1967,74;France;Allemagne;14;0;0;0;0;0;0;FAIBLE;2026-05-14 11:56:32
TXN-005161;CLT-0056;2053,8;Îles Caïmans;Allemagne;14;0;0;25;0;0;25;MODÉRÉ;2026-05-14 11:56:32
TXN-005162;CLT-0086;82130,45;Panama;France;14;1;40;25;0;0;65;ÉLEVÉ;2026-05-14 11:56:32
TXN-005163;CLT-0041;3583,43;France;Panama;14;0;0;0;20;0;20;MODÉRÉ;2026-05-14 11:56:32
TXN-005164;CLT-0010;13,87;France;Îles Caïmans;14;0;0;0;20;0;20;MODÉRÉ;2026-05-14 11:56:32
TXN-005165;CLT-0072;283,13;Panama;Allemagne;14;0;0;25;0;0;25;MODÉRÉ;2026-05-14 11:56:32
TXN-005166;CLT-0059;2105,93;Espagne;Îles Caïmans;14;0;0;0;20;0;20;MODÉRÉ;2026-05-14 11:56:32
TXN-005167;CLT-0004;1086,7;France;Suisse;14;0;0;0;0;0;0;FAIBLE;2026-05-14 11:56:32
TXN-005168;CLT-0006;2968,37;Espagne;France;14;0;0;0;0;0;0;FAIBLE;2026-05-14 11:56:32
TXN-005169;CLT-0007;2093,81;France;Suisse;14;0;0;0;0;0;0;FAIBLE;2026-05-14 11:56:32
TXN-005170;CLT-0072;2572,09;Allemagne;Allemagne;14;0;0;0;0;0;0;FAIBLE;2026-05-14 11:56:32
TXN-005171;CLT-0085;77534,64;Îles Caïmans;Îles Caïmans;14;1;40;25;20;0;85;CRITIQUE;2026-05-14 11:56:32
TXN-005172;CLT-0053;2778,76;Russie;Espagne;14;0;0;0;0;0;0;FAIBLE;2026-05-14 11:56:32
TXN-005173;CLT-0068;3671,96;Îles Caïmans;Allemagne;14;0;0;25;0;0;25;MODÉRÉ;2026-05-14 11:56:32
TXN-005174;CLT-0081;238,27;Îles Caïmans;Îles Caïmans;14;0;0;25;20;0;45;ÉLEVÉ;2026-05-14 11:56:32
TXN-005175;CLT-0069;2007,3;Îles Caïmans;Panama;14;0;0;25;20;0;45;ÉLEVÉ;2026-05-14 11:56:32
TXN-005176;CLT-0062;2624,79;Russie;France;14;0;0;0;0;0;0;FAIBLE;2026-05-14 11:56:32
TXN-005177;CLT-0071;18,87;Espagne;Îles Caïmans;14;0;0;0;20;0;20;MODÉRÉ;2026-05-14 11:56:32
TXN-005178;CLT-0027;3165,05;Îles Caïmans;Espagne;14;0;0;25;0;0;25;MODÉRÉ;2026-05-14 11:56:32
TXN-005179;CLT-0094;2335,89;Allemagne;Allemagne;14;0;0;0;0;0;0;FAIBLE;2026-05-14 11:56:32
TXN-005180;CLT-0067;42829,78;Panama;Panama;14;1;40;25;20;0;85;CRITIQUE;2026-05-14 11:56:32
TXN-005181;CLT-0078;30211,38;Allemagne;Suisse;14;1;40;0;0;0;40;ÉLEVÉ;2026-05-14 11:56:32
TXN-005182;CLT-0050;4459,58;Espagne;Espagne;14;0;0;0;0;0;0;FAIBLE;2026-05-14 11:56:32
TXN-005183;CLT-0068;4719,66;Îles Caïmans;Allemagne;14;0;0;25;0;0;25;MODÉRÉ;2026-05-14 11:56:32
TXN-005184;CLT-0044;351,21;France;France;14;0;0;0;0;0;0;FAIBLE;2026-05-14 11:56:32
TXN-005185;CLT-0006;34476,01;Panama;France;14;1;40;25;0;0;65;ÉLEVÉ;2026-05-14 11:56:32
TXN-005186;CLT-0032;1044,07;France;Suisse;14;0;0;0;0;0;0;FAIBLE;2026-05-14 11:56:32
TXN-005187;CLT-0076;3282,55;France;France;14;0;0;0;0;0;0;FAIBLE;2026-05-14 11:56:32
TXN-005188;CLT-0045;682,17;Panama;France;14;0;0;25;0;0;25;MODÉRÉ;2026-05-14 11:56:32
TXN-005189;CLT-0091;1077,5;Russie;Allemagne;14;0;0;0;0;0;0;FAIBLE;2026-05-14 11:56:32
TXN-005190;CLT-0013;101,96;Russie;France;14;0;0;0;0;0;0;FAIBLE;2026-05-14 11:56:32
TXN-005191;CLT-0021;2410,35;France;France;14;0;0;0;0;0;0;FAIBLE;2026-05-14 11:56:32
TXN-005192;CLT-0020;2742,05;France;Italie;14;0;0;0;0;0;0;FAIBLE;2026-05-14 11:56:32
TXN-005193;CLT-0048;65836,41;Panama;Suisse;14;1;40;25;0;0;65;ÉLEVÉ;2026-05-14 11:56:32
TXN-005194;CLT-0038;3294,34;France;Îles Caïmans;14;0;0;0;20;0;20;MODÉRÉ;2026-05-14 11:56:32
TXN-005195;CLT-0086;3724,44;Allemagne;France;14;0;0;0;0;0;0;FAIBLE;2026-05-14 11:56:32
TXN-005196;CLT-0059;2484,92;Russie;Îles Caïmans;14;0;0;0;20;0;20;MODÉRÉ;2026-05-14 11:56:32
TXN-005197;CLT-0028;40843,07;Allemagne;France;14;1;40;0;0;0;40;ÉLEVÉ;2026-05-14 11:56:32
TXN-005198;CLT-0068;3861,98;France;Allemagne;14;0;0;0;0;0;0;FAIBLE;2026-05-14 11:56:32
TXN-005199;CLT-0029;58482,89;France;France;14;1;40;0;0;0;40;ÉLEVÉ;2026-05-14 11:56:32
TXN-005200;CLT-0003;3096,12;Espagne;France;14;0;0;0;0;0;0;FAIBLE;2026-05-14 11:56:32
TXN-005201;CLT-0083;94268,3;Panama;France;14;1;40;25;0;0;65;ÉLEVÉ;2026-05-14 11:56:32
TXN-005202;CLT-0020;2072,43;Russie;Italie;14;0;0;0;0;0;0;FAIBLE;2026-05-14 11:56:32
TXN-005203;CLT-0078;1802,54;France;Suisse;14;0;0;0;0;0;0;FAIBLE;2026-05-14 11:56:32
TXN-005204;CLT-0081;21502,65;France;Îles Caïmans;14;1;40;0;20;0;60;ÉLEVÉ;2026-05-14 11:56:32
TXN-005205;CLT-0017;19083,34;Espagne;Îles Caïmans;14;1;40;0;20;0;60;ÉLEVÉ;2026-05-14 11:56:32
TXN-005206;CLT-0058;41255,02;France;France;14;1;40;0;0;0;40;ÉLEVÉ;2026-05-14 11:56:32
TXN-005207;CLT-0073;3299,88;Espagne;France;14;0;0;0;0;0;0;FAIBLE;2026-05-14 11:56:32
TXN-005208;CLT-0022;52942,7;France;Allemagne;14;1;40;0;0;0;40;ÉLEVÉ;2026-05-14 11:56:32
TXN-005209;CLT-0006;2069,96;France;France;14;0;0;0;0;0;0;FAIBLE;2026-05-14 11:56:32
TXN-005210;CLT-0063;1095,37;Espagne;Îles Caïmans;14;0;0;0;20;0;20;MODÉRÉ;2026-05-14 11:56:32
TXN-005211;CLT-0005;2434,71;Îles Caïmans;Panama;14;0;0;25;20;0;45;ÉLEVÉ;2026-05-14 11:56:32
TXN-005212;CLT-0018;2087,26;Îles Caïmans;Panama;14;0;0;25;20;0;45;ÉLEVÉ;2026-05-14 11:56:32
TXN-005213;CLT-0039;4147,35;France;France;14;0;0;0;0;0;0;FAIBLE;2026-05-14 11:56:32
TXN-005214;CLT-0089;21926,15;France;Îles Caïmans;14;1;40;0;20;0;60;ÉLEVÉ;2026-05-14 11:56:32
TXN-005215;CLT-0025;2725,66;Allemagne;Italie;14;0;0;0;0;0;0;FAIBLE;2026-05-14 11:56:32
TXN-005216;CLT-0039;1181,18;France;France;14;0;0;0;0;0;0;FAIBLE;2026-05-14 11:56:32
TXN-005217;CLT-0069;377,63;France;Panama;14;0;0;0;20;0;20;MODÉRÉ;2026-05-14 11:56:32
TXN-005218;CLT-0016;1909,44;France;Espagne;14;0;0;0;0;0;0;FAIBLE;2026-05-14 11:56:32
TXN-005219;CLT-0053;1250,2;Îles Caïmans;Espagne;14;0;0;25;0;0;25;MODÉRÉ;2026-05-14 11:56:32
TXN-005220;CLT-0065;30941,4;France;Îles Caïmans;14;1;40;0;20;0;60;ÉLEVÉ;2026-05-14 11:56:32
TXN-005221;CLT-0017;4074,77;Îles Caïmans;Îles Caïmans;14;0;0;25;20;0;45;ÉLEVÉ;2026-05-14 11:56:32
TXN-005222;CLT-0039;3385,94;Îles Caïmans;France;14;0;0;25;0;0;25;MODÉRÉ;2026-05-14 11:56:32
TXN-005223;CLT-0038;3348,71;France;Îles Caïmans;14;0;0;0;20;0;20;MODÉRÉ;2026-05-14 11:56:32
TXN-005224;CLT-0026;401,67;France;Italie;14;0;0;0;0;0;0;FAIBLE;2026-05-14 11:56:32
TXN-005225;CLT-0082;82634,28;Espagne;Panama;14;1;40;0;20;0;60;ÉLEVÉ;2026-05-14 11:56:32
TXN-005226;CLT-0090;93544,79;France;France;14;1;40;0;0;0;40;ÉLEVÉ;2026-05-14 11:56:32
TXN-005227;CLT-0086;588,06;Espagne;France;14;0;0;0;0;0;0;FAIBLE;2026-05-14 11:56:32
TXN-005228;CLT-0054;202,38;Espagne;Suisse;14;0;0;0;0;0;0;FAIBLE;2026-05-14 11:56:32
TXN-005229;CLT-0059;4035,29;Espagne;Îles Caïmans;14;0;0;0;20;0;20;MODÉRÉ;2026-05-14 11:56:32
TXN-005230;CLT-0028;2521,61;France;France;14;0;0;0;0;0;0;FAIBLE;2026-05-14 11:56:32
TXN-005231;CLT-0098;1320,75;Espagne;Espagne;14;0;0;0;0;0;0;FAIBLE;2026-05-14 11:56:32
TXN-005232;CLT-0059;634,46;Russie;Îles Caïmans;14;0;0;0;20;0;20;MODÉRÉ;2026-05-14 11:56:32
TXN-005233;CLT-0093;3954,89;France;Suisse;14;0;0;0;0;0;0;FAIBLE;2026-05-14 11:56:32
TXN-005234;CLT-0034;4290,68;Russie;France;14;0;0;0;0;0;0;FAIBLE;2026-05-14 11:56:32
TXN-005235;CLT-0078;90003,43;Allemagne;Suisse;14;1;40;0;0;0;40;ÉLEVÉ;2026-05-14 11:56:32
TXN-005236;CLT-0037;4848,66;France;Îles Caïmans;14;0;0;0;20;0;20;MODÉRÉ;2026-05-14 11:56:32
TXN-005237;CLT-0010;2028,56;Îles Caïmans;Îles Caïmans;14;0;0;25;20;0;45;ÉLEVÉ;2026-05-14 11:56:32
TXN-005238;CLT-0045;22601,18;France;France;14;1;40;0;0;0;40;ÉLEVÉ;2026-05-14 11:56:32
TXN-005239;CLT-0063;2787,04;Allemagne;Îles Caïmans;14;0;0;0;20;0;20;MODÉRÉ;2026-05-14 11:56:32
TXN-005240;CLT-0004;80776,88;Îles Caïmans;Suisse;14;1;40;25;0;0;65;ÉLEVÉ;2026-05-14 11:56:32
TXN-005241;CLT-0022;1483,66;Allemagne;Allemagne;14;0;0;0;0;0;0;FAIBLE;2026-05-14 11:56:32
TXN-005242;CLT-0003;1948,6;Espagne;France;14;0;0;0;0;0;0;FAIBLE;2026-05-14 11:56:32
TXN-005243;CLT-0060;4753,41;Espagne;Italie;14;0;0;0;0;0;0;FAIBLE;2026-05-14 11:56:32
TXN-005244;CLT-0082;1899,07;Espagne;Panama;14;0;0;0;20;0;20;MODÉRÉ;2026-05-14 11:56:32
TXN-005245;CLT-0002;2588,65;Îles Caïmans;Espagne;14;0;0;25;0;0;25;MODÉRÉ;2026-05-14 11:56:32
TXN-005246;CLT-0059;136,51;France;Îles Caïmans;14;0;0;0;20;0;20;MODÉRÉ;2026-05-14 11:56:32
TXN-005247;CLT-0084;2228,13;Panama;Italie;14;0;0;25;0;0;25;MODÉRÉ;2026-05-14 11:56:32
TXN-005248;CLT-0026;1556,61;Russie;Italie;14;0;0;0;0;0;0;FAIBLE;2026-05-14 11:56:32
TXN-005249;CLT-0057;562,13;Îles Caïmans;France;14;0;0;25;0;0;25;MODÉRÉ;2026-05-14 11:56:32
TXN-005250;CLT-0079;4963,58;France;Îles Caïmans;14;0;0;0;20;0;20;MODÉRÉ;2026-05-14 11:56:32
TXN-005251;CLT-0012;1347,57;Panama;Panama;14;0;0;25;20;0;45;ÉLEVÉ;2026-05-14 11:56:32
TXN-005252;CLT-0030;2120,14;Allemagne;Allemagne;14;0;0;0;0;0;0;FAIBLE;2026-05-14 11:56:32
TXN-005253;CLT-0073;2599,72;Panama;France;14;0;0;25;0;0;25;MODÉRÉ;2026-05-14 11:56:32
TXN-005254;CLT-0014;817,18;France;France;14;0;0;0;0;0;0;FAIBLE;2026-05-14 11:56:32
TXN-005255;CLT-0032;3637,19;France;Suisse;14;0;0;0;0;0;0;FAIBLE;2026-05-14 11:56:32
TXN-005256;CLT-0075;3476,71;Îles Caïmans;France;14;0;0;25;0;0;25;MODÉRÉ;2026-05-14 11:56:32
TXN-005257;CLT-0093;4899,93;France;Suisse;14;0;0;0;0;0;0;FAIBLE;2026-05-14 11:56:32
TXN-005258;CLT-0059;3070,98;France;Îles Caïmans;14;0;0;0;20;0;20;MODÉRÉ;2026-05-14 11:56:32
TXN-005259;CLT-0039;1090,12;France;France;14;0;0;0;0;0;0;FAIBLE;2026-05-14 11:56:32
TXN-005260;CLT-0026;2481,6;Panama;Italie;14;0;0;25;0;0;25;MODÉRÉ;2026-05-14 11:56:32
TXN-005261;CLT-0085;1886,82;France;Îles Caïmans;14;0;0;0;20;0;20;MODÉRÉ;2026-05-14 11:56:32
TXN-005262;CLT-0071;3297,68;France;Îles Caïmans;14;0;0;0;20;0;20;MODÉRÉ;2026-05-14 11:56:32
TXN-005263;CLT-0036;400,42;Allemagne;Italie;14;0;0;0;0;0;0;FAIBLE;2026-05-14 11:56:32
TXN-005264;CLT-0078;4473,79;Russie;Suisse;14;0;0;0;0;0;0;FAIBLE;2026-05-14 11:56:32
TXN-005265;CLT-0047;2157,8;France;Îles Caïmans;14;0;0;0;20;0;20;MODÉRÉ;2026-05-14 11:56:32
TXN-005266;CLT-0060;1152,69;France;Italie;14;0;0;0;0;0;0;FAIBLE;2026-05-14 11:56:32
TXN-005267;CLT-0018;70387,58;France;Panama;14;1;40;0;20;0;60;ÉLEVÉ;2026-05-14 11:56:32
TXN-005268;CLT-0079;4059,22;Panama;Îles Caïmans;14;0;0;25;20;0;45;ÉLEVÉ;2026-05-14 11:56:32
TXN-005269;CLT-0027;1971,79;Russie;Espagne;14;0;0;0;0;0;0;FAIBLE;2026-05-14 11:56:32
TXN-005270;CLT-0081;89664,42;Panama;Îles Caïmans;14;1;40;25;20;0;85;CRITIQUE;2026-05-14 11:56:32
TXN-005271;CLT-0077;4236,31;Espagne;France;14;0;0;0;0;0;0;FAIBLE;2026-05-14 11:56:32
TXN-005272;CLT-0093;2382,43;Îles Caïmans;Suisse;14;0;0;25;0;0;25;MODÉRÉ;2026-05-14 11:56:32
TXN-005273;CLT-0047;3739,34;France;Îles Caïmans;14;0;0;0;20;0;20;MODÉRÉ;2026-05-14 11:56:32
TXN-005274;CLT-0043;4262,7;France;Suisse;14;0;0;0;0;0;0;FAIBLE;2026-05-14 11:56:32
TXN-005275;CLT-0086;277,44;France;France;14;0;0;0;0;0;0;FAIBLE;2026-05-14 11:56:32
TXN-005276;CLT-0042;3751,73;France;Italie;14;0;0;0;0;0;0;FAIBLE;2026-05-14 11:56:32
TXN-005277;CLT-0025;4231,98;Espagne;Italie;14;0;0;0;0;0;0;FAIBLE;2026-05-14 11:56:32
TXN-005278;CLT-0081;4840,03;France;Îles Caïmans;14;0;0;0;20;0;20;MODÉRÉ;2026-05-14 11:56:32
TXN-005279;CLT-0001;15631,64;France;France;14;1;40;0;0;0;40;ÉLEVÉ;2026-05-14 11:56:32
TXN-005280;CLT-0086;974,15;France;France;14;0;0;0;0;0;0;FAIBLE;2026-05-14 11:56:32
TXN-005281;CLT-0072;3436,13;Russie;Allemagne;14;0;0;0;0;0;0;FAIBLE;2026-05-14 11:56:32
TXN-005282;CLT-0010;66625,28;Espagne;Îles Caïmans;14;1;40;0;20;0;60;ÉLEVÉ;2026-05-14 11:56:32
TXN-005283;CLT-0087;2650,83;Allemagne;Italie;14;0;0;0;0;0;0;FAIBLE;2026-05-14 11:56:32
TXN-005284;CLT-0041;2069,33;France;Panama;14;0;0;0;20;0;20;MODÉRÉ;2026-05-14 11:56:32
TXN-005285;CLT-0099;640,96;France;Panama;14;0;0;0;20;0;20;MODÉRÉ;2026-05-14 11:56:32
TXN-005286;CLT-0097;114,75;Îles Caïmans;Panama;14;0;0;25;20;0;45;ÉLEVÉ;2026-05-14 11:56:32
TXN-005287;CLT-0009;616,61;France;Suisse;14;0;0;0;0;0;0;FAIBLE;2026-05-14 11:56:32
TXN-005288;CLT-0089;2073,17;Allemagne;Îles Caïmans;14;0;0;0;20;0;20;MODÉRÉ;2026-05-14 11:56:32
TXN-005289;CLT-0079;954,48;France;Îles Caïmans;14;0;0;0;20;0;20;MODÉRÉ;2026-05-14 11:56:32
TXN-005290;CLT-0002;2317,58;France;Espagne;14;0;0;0;0;0;0;FAIBLE;2026-05-14 11:56:32
TXN-005291;CLT-0092;2891,25;Allemagne;Suisse;14;0;0;0;0;0;0;FAIBLE;2026-05-14 11:56:32
TXN-005292;CLT-0069;4887,78;Îles Caïmans;Panama;14;0;0;25;20;0;45;ÉLEVÉ;2026-05-14 11:56:32
TXN-005293;CLT-0049;4558,43;Allemagne;France;14;0;0;0;0;0;0;FAIBLE;2026-05-14 11:56:32
TXN-005294;CLT-0073;1307,58;France;France;14;0;0;0;0;0;0;FAIBLE;2026-05-14 11:56:32
TXN-005295;CLT-0054;1571,98;Espagne;Suisse;14;0;0;0;0;0;0;FAIBLE;2026-05-14 11:56:32
TXN-005296;CLT-0096;2605,98;Îles Caïmans;Panama;14;0;0;25;20;0;45;ÉLEVÉ;2026-05-14 11:56:32
TXN-005297;CLT-0010;4361,82;Allemagne;Îles Caïmans;14;0;0;0;20;0;20;MODÉRÉ;2026-05-14 11:56:32
TXN-005298;CLT-0078;2136,17;France;Suisse;14;0;0;0;0;0;0;FAIBLE;2026-05-14 11:56:32
TXN-005299;CLT-0043;2503,41;Panama;Suisse;14;0;0;25;0;0;25;MODÉRÉ;2026-05-14 11:56:32
TXN-005300;CLT-0008;3303,03;France;Suisse;14;0;0;0;0;0;0;FAIBLE;2026-05-14 11:56:32
TXN-005301;CLT-0007;2657,93;Panama;Suisse;14;0;0;25;0;0;25;MODÉRÉ;2026-05-14 11:56:32
TXN-005302;CLT-0092;3443,6;Îles Caïmans;Suisse;14;0;0;25;0;0;25;MODÉRÉ;2026-05-14 11:56:32
TXN-005303;CLT-0053;2345,13;Îles Caïmans;Espagne;14;0;0;25;0;0;25;MODÉRÉ;2026-05-14 11:56:32
TXN-005304;CLT-0025;122,21;Espagne;Italie;14;0;0;0;0;0;0;FAIBLE;2026-05-14 11:56:32
TXN-005305;CLT-0080;77278,45;Panama;France;14;1;40;25;0;0;65;ÉLEVÉ;2026-05-14 11:56:32
TXN-005306;CLT-0060;2951,29;Russie;Italie;14;0;0;0;0;0;0;FAIBLE;2026-05-14 11:56:32
TXN-005307;CLT-0078;3985,31;Russie;Suisse;14;0;0;0;0;0;0;FAIBLE;2026-05-14 11:56:32
TXN-005308;CLT-0009;1586,08;France;Suisse;14;0;0;0;0;0;0;FAIBLE;2026-05-14 11:56:32
TXN-005309;CLT-0011;2262,68;France;France;14;0;0;0;0;0;0;FAIBLE;2026-05-14 11:56:32
TXN-005310;CLT-0059;1090,69;Allemagne;Îles Caïmans;14;0;0;0;20;0;20;MODÉRÉ;2026-05-14 11:56:32
TXN-005311;CLT-0051;2134,23;Îles Caïmans;France;14;0;0;25;0;0;25;MODÉRÉ;2026-05-14 11:56:32
TXN-005312;CLT-0038;21947,2;Allemagne;Îles Caïmans;14;1;40;0;20;0;60;ÉLEVÉ;2026-05-14 11:56:32
TXN-005313;CLT-0006;3984,45;Îles Caïmans;France;14;0;0;25;0;0;25;MODÉRÉ;2026-05-14 11:56:32
TXN-005314;CLT-0090;170,05;France;France;14;0;0;0;0;0;0;FAIBLE;2026-05-14 11:56:32
TXN-005315;CLT-0018;4971,19;Russie;Panama;14;0;0;0;20;0;20;MODÉRÉ;2026-05-14 11:56:32
TXN-005316;CLT-0015;4546,47;Russie;France;14;0;0;0;0;0;0;FAIBLE;2026-05-14 11:56:32
TXN-005317;CLT-0011;2613,3;Russie;France;14;0;0;0;0;0;0;FAIBLE;2026-05-14 11:56:32
TXN-005318;CLT-0098;2139,53;Panama;Espagne;14;0;0;25;0;0;25;MODÉRÉ;2026-05-14 11:56:32
TXN-005319;CLT-0001;8232,24;Russie;France;14;1;40;0;0;0;40;ÉLEVÉ;2026-05-14 11:56:32
TXN-005320;CLT-0070;2756,56;Espagne;Italie;14;0;0;0;0;0;0;FAIBLE;2026-05-14 11:56:32
TXN-005321;CLT-0092;356,08;Russie;Suisse;14;0;0;0;0;0;0;FAIBLE;2026-05-14 11:56:32
TXN-005322;CLT-0081;2155,11;Panama;Îles Caïmans;14;0;0;25;20;0;45;ÉLEVÉ;2026-05-14 11:56:32
TXN-005323;CLT-0046;62349,39;France;France;14;1;40;0;0;0;40;ÉLEVÉ;2026-05-14 11:56:32
TXN-005324;CLT-0011;107,23;France;France;14;0;0;0;0;0;0;FAIBLE;2026-05-14 11:56:32
TXN-005325;CLT-0091;3446,29;France;Allemagne;14;0;0;0;0;0;0;FAIBLE;2026-05-14 11:56:32
TXN-005326;CLT-0007;872,86;Allemagne;Suisse;14;0;0;0;0;0;0;FAIBLE;2026-05-14 11:56:32
TXN-005327;CLT-0017;4980,2;Panama;Îles Caïmans;14;0;0;25;20;0;45;ÉLEVÉ;2026-05-14 11:56:32
TXN-005328;CLT-0030;72886,53;Allemagne;Allemagne;14;1;40;0;0;0;40;ÉLEVÉ;2026-05-14 11:56:32
TXN-005329;CLT-0036;3417,19;Russie;Italie;14;0;0;0;0;0;0;FAIBLE;2026-05-14 11:56:32
TXN-005330;CLT-0056;1031,51;France;Allemagne;14;0;0;0;0;0;0;FAIBLE;2026-05-14 11:56:32
TXN-005331;CLT-0015;2805,67;Îles Caïmans;France;14;0;0;25;0;0;25;MODÉRÉ;2026-05-14 11:56:32
TXN-005332;CLT-0079;2115,91;Russie;Îles Caïmans;14;0;0;0;20;0;20;MODÉRÉ;2026-05-14 11:56:32
TXN-005333;CLT-0027;1534,69;Espagne;Espagne;14;0;0;0;0;0;0;FAIBLE;2026-05-14 11:56:32
TXN-005334;CLT-0003;4550,31;France;France;14;0;0;0;0;0;0;FAIBLE;2026-05-14 11:56:32
TXN-005335;CLT-0001;1326,88;Espagne;France;14;0;0;0;0;0;0;FAIBLE;2026-05-14 11:56:32
TXN-005336;CLT-0004;3674,56;Panama;Suisse;14;0;0;25;0;0;25;MODÉRÉ;2026-05-14 11:56:32
TXN-005337;CLT-0039;483,97;Îles Caïmans;France;14;0;0;25;0;0;25;MODÉRÉ;2026-05-14 11:56:32
TXN-005338;CLT-0076;858,08;Espagne;France;14;0;0;0;0;0;0;FAIBLE;2026-05-14 11:56:32
TXN-005339;CLT-0003;39203,84;Îles Caïmans;France;14;1;40;25;0;0;65;ÉLEVÉ;2026-05-14 11:56:32
TXN-005340;CLT-0013;4891,34;France;France;14;0;0;0;0;0;0;FAIBLE;2026-05-14 11:56:32
TXN-005341;CLT-0048;820,52;Allemagne;Suisse;14;0;0;0;0;0;0;FAIBLE;2026-05-14 11:56:32
TXN-005342;CLT-0007;674,46;Allemagne;Suisse;14;0;0;0;0;0;0;FAIBLE;2026-05-14 11:56:32
TXN-005343;CLT-0039;3243,13;Panama;France;14;0;0;25;0;0;25;MODÉRÉ;2026-05-14 11:56:32
TXN-005344;CLT-0092;3703,45;Russie;Suisse;14;0;0;0;0;0;0;FAIBLE;2026-05-14 11:56:32
TXN-005345;CLT-0096;880,04;Panama;Panama;14;0;0;25;20;0;45;ÉLEVÉ;2026-05-14 11:56:32
TXN-005346;CLT-0043;17266,1;Panama;Suisse;14;1;40;25;0;0;65;ÉLEVÉ;2026-05-14 11:56:32
TXN-005347;CLT-0060;3432,26;France;Italie;14;0;0;0;0;0;0;FAIBLE;2026-05-14 11:56:32
TXN-005348;CLT-0036;1113,03;France;Italie;14;0;0;0;0;0;0;FAIBLE;2026-05-14 11:56:32
TXN-005349;CLT-0069;109,16;France;Panama;14;0;0;0;20;0;20;MODÉRÉ;2026-05-14 11:56:32
TXN-005350;CLT-0070;2969,11;France;Italie;14;0;0;0;0;0;0;FAIBLE;2026-05-14 11:56:32
TXN-005351;CLT-0017;4249,23;Allemagne;Îles Caïmans;14;0;0;0;20;0;20;MODÉRÉ;2026-05-14 11:56:32
TXN-005352;CLT-0099;3515,57;Panama;Panama;14;0;0;25;20;0;45;ÉLEVÉ;2026-05-14 11:56:32
TXN-005353;CLT-0095;913,42;Îles Caïmans;Îles Caïmans;14;0;0;25;20;0;45;ÉLEVÉ;2026-05-14 11:56:32
TXN-005354;CLT-0078;2230,14;France;Suisse;14;0;0;0;0;0;0;FAIBLE;2026-05-14 11:56:32
TXN-005355;CLT-0071;3928,42;France;Îles Caïmans;14;0;0;0;20;0;20;MODÉRÉ;2026-05-14 11:56:32
TXN-005356;CLT-0053;3795,39;Russie;Espagne;14;0;0;0;0;0;0;FAIBLE;2026-05-14 11:56:32
TXN-005357;CLT-0014;1632,44;Îles Caïmans;France;14;0;0;25;0;0;25;MODÉRÉ;2026-05-14 11:56:32
TXN-005358;CLT-0068;57588,88;Russie;Allemagne;14;1;40;0;0;0;40;ÉLEVÉ;2026-05-14 11:56:32
TXN-005359;CLT-0045;204,49;France;France;14;0;0;0;0;0;0;FAIBLE;2026-05-14 11:56:32
TXN-005360;CLT-0091;25844,22;Îles Caïmans;Allemagne;14;1;40;25;0;0;65;ÉLEVÉ;2026-05-14 11:56:32
TXN-005361;CLT-0035;87640,96;Îles Caïmans;Espagne;14;1;40;25;0;0;65;ÉLEVÉ;2026-05-14 11:56:32
TXN-005362;CLT-0065;361,04;Allemagne;Îles Caïmans;14;0;0;0;20;0;20;MODÉRÉ;2026-05-14 11:56:32
TXN-005363;CLT-0036;93989,87;France;Italie;14;1;40;0;0;0;40;ÉLEVÉ;2026-05-14 11:56:32
TXN-005364;CLT-0078;3741,03;France;Suisse;14;0;0;0;0;0;0;FAIBLE;2026-05-14 11:56:32
TXN-005365;CLT-0090;3170,67;France;France;14;0;0;0;0;0;0;FAIBLE;2026-05-14 11:56:32
TXN-005366;CLT-0028;4282,94;Russie;France;14;0;0;0;0;0;0;FAIBLE;2026-05-14 11:56:32
TXN-005367;CLT-0046;4410,82;Panama;France;14;0;0;25;0;0;25;MODÉRÉ;2026-05-14 11:56:32
TXN-005368;CLT-0079;4816,55;Îles Caïmans;Îles Caïmans;14;0;0;25;20;0;45;ÉLEVÉ;2026-05-14 11:56:32
TXN-005369;CLT-0100;533,52;Russie;Suisse;14;0;0;0;0;0;0;FAIBLE;2026-05-14 11:56:32
TXN-005370;CLT-0073;1221,14;France;France;14;0;0;0;0;0;0;FAIBLE;2026-05-14 11:56:32
TXN-005371;CLT-0079;2487,24;Espagne;Îles Caïmans;14;0;0;0;20;0;20;MODÉRÉ;2026-05-14 11:56:32
TXN-005372;CLT-0083;1570,04;Espagne;France;14;0;0;0;0;0;0;FAIBLE;2026-05-14 11:56:32
TXN-005373;CLT-0058;4251,5;France;France;14;0;0;0;0;0;0;FAIBLE;2026-05-14 11:56:32
TXN-005374;CLT-0099;685,83;Espagne;Panama;14;0;0;0;20;0;20;MODÉRÉ;2026-05-14 11:56:32
TXN-005375;CLT-0046;1495,61;France;France;14;0;0;0;0;0;0;FAIBLE;2026-05-14 11:56:32
TXN-005376;CLT-0032;164,65;Allemagne;Suisse;14;0;0;0;0;0;0;FAIBLE;2026-05-14 11:56:32
TXN-005377;CLT-0082;2583,47;France;Panama;14;0;0;0;20;0;20;MODÉRÉ;2026-05-14 11:56:32
TXN-005378;CLT-0055;3033,79;Panama;Espagne;14;0;0;25;0;0;25;MODÉRÉ;2026-05-14 11:56:32
TXN-005379;CLT-0064;3784,08;Îles Caïmans;France;14;0;0;25;0;0;25;MODÉRÉ;2026-05-14 11:56:32
TXN-005380;CLT-0049;3988,87;Espagne;France;14;0;0;0;0;0;0;FAIBLE;2026-05-14 11:56:32
TXN-005381;CLT-0087;1098,22;Russie;Italie;14;0;0;0;0;0;0;FAIBLE;2026-05-14 11:56:32
TXN-005382;CLT-0057;3470,18;Russie;France;14;0;0;0;0;0;0;FAIBLE;2026-05-14 11:56:32
TXN-005383;CLT-0082;1945,77;Panama;Panama;14;0;0;25;20;0;45;ÉLEVÉ;2026-05-14 11:56:32
TXN-005384;CLT-0063;3213,17;Allemagne;Îles Caïmans;14;0;0;0;20;0;20;MODÉRÉ;2026-05-14 11:56:32
TXN-005385;CLT-0026;792,04;Panama;Italie;14;0;0;25;0;0;25;MODÉRÉ;2026-05-14 11:56:32
TXN-005386;CLT-0053;1189,12;Panama;Espagne;14;0;0;25;0;0;25;MODÉRÉ;2026-05-14 11:56:32
TXN-005387;CLT-0099;56226,33;France;Panama;14;1;40;0;20;0;60;ÉLEVÉ;2026-05-14 11:56:32
TXN-005388;CLT-0088;3827,25;Panama;Allemagne;14;0;0;25;0;0;25;MODÉRÉ;2026-05-14 11:56:32
TXN-005389;CLT-0089;2298,42;France;Îles Caïmans;14;0;0;0;20;0;20;MODÉRÉ;2026-05-14 11:56:32
TXN-005390;CLT-0077;2257,95;Allemagne;France;14;0;0;0;0;0;0;FAIBLE;2026-05-14 11:56:32
TXN-005391;CLT-0062;19132,43;France;France;14;1;40;0;0;0;40;ÉLEVÉ;2026-05-14 11:56:32
TXN-005392;CLT-0005;3963,13;Allemagne;Panama;14;0;0;0;20;0;20;MODÉRÉ;2026-05-14 11:56:32
TXN-005393;CLT-0089;1576,68;France;Îles Caïmans;14;0;0;0;20;0;20;MODÉRÉ;2026-05-14 11:56:32
TXN-005394;CLT-0053;752,49;Russie;Espagne;14;0;0;0;0;0;0;FAIBLE;2026-05-14 11:56:32
TXN-005395;CLT-0034;980,86;Espagne;France;14;0;0;0;0;0;0;FAIBLE;2026-05-14 11:56:32
TXN-005396;CLT-0099;3997,99;France;Panama;14;0;0;0;20;0;20;MODÉRÉ;2026-05-14 11:56:32
TXN-005397;CLT-0077;1253,91;France;France;14;0;0;0;0;0;0;FAIBLE;2026-05-14 11:56:32
TXN-005398;CLT-0054;3664,77;France;Suisse;14;0;0;0;0;0;0;FAIBLE;2026-05-14 11:56:32
TXN-005399;CLT-0022;2032,05;Allemagne;Allemagne;14;0;0;0;0;0;0;FAIBLE;2026-05-14 11:56:32
TXN-005400;CLT-0050;3165,28;Espagne;Espagne;14;0;0;0;0;0;0;FAIBLE;2026-05-14 11:56:32
TXN-005401;CLT-0086;3477,92;Espagne;France;14;0;0;0;0;0;0;FAIBLE;2026-05-14 11:56:32
TXN-005402;CLT-0075;1625,97;France;France;14;0;0;0;0;0;0;FAIBLE;2026-05-14 11:56:32
TXN-005403;CLT-0043;43486,42;France;Suisse;14;1;40;0;0;0;40;ÉLEVÉ;2026-05-14 11:56:32
TXN-005404;CLT-0078;2441,57;Allemagne;Suisse;14;0;0;0;0;0;0;FAIBLE;2026-05-14 11:56:32
TXN-005405;CLT-0025;693,12;France;Italie;14;0;0;0;0;0;0;FAIBLE;2026-05-14 11:56:32
TXN-005406;CLT-0004;4119,17;France;Suisse;14;0;0;0;0;0;0;FAIBLE;2026-05-14 11:56:32
TXN-005407;CLT-0073;4125,8;France;France;14;0;0;0;0;0;0;FAIBLE;2026-05-14 11:56:32
TXN-005408;CLT-0003;2126,2;France;France;14;0;0;0;0;0;0;FAIBLE;2026-05-14 11:56:32
TXN-005409;CLT-0044;57088,34;Îles Caïmans;France;14;1;40;25;0;0;65;ÉLEVÉ;2026-05-14 11:56:32
TXN-005410;CLT-0056;75273,53;France;Allemagne;14;1;40;0;0;0;40;ÉLEVÉ;2026-05-14 11:56:32
TXN-005411;CLT-0087;345,0;France;Italie;14;0;0;0;0;0;0;FAIBLE;2026-05-14 11:56:32
TXN-005412;CLT-0033;26026,96;France;Italie;14;1;40;0;0;0;40;ÉLEVÉ;2026-05-14 11:56:32
TXN-005413;CLT-0015;2999,67;France;France;14;0;0;0;0;0;0;FAIBLE;2026-05-14 11:56:32
TXN-005414;CLT-0088;2760,65;Allemagne;Allemagne;14;0;0;0;0;0;0;FAIBLE;2026-05-14 11:56:32
TXN-005415;CLT-0095;3179,61;France;Îles Caïmans;14;0;0;0;20;0;20;MODÉRÉ;2026-05-14 11:56:32
TXN-005416;CLT-0079;1895,84;France;Îles Caïmans;14;0;0;0;20;0;20;MODÉRÉ;2026-05-14 11:56:32
TXN-005417;CLT-0062;37334,23;France;France;14;1;40;0;0;0;40;ÉLEVÉ;2026-05-14 11:56:32
TXN-005418;CLT-0072;2095,34;France;Allemagne;14;0;0;0;0;0;0;FAIBLE;2026-05-14 11:56:32
TXN-005419;CLT-0096;3265,32;France;Panama;14;0;0;0;20;0;20;MODÉRÉ;2026-05-14 11:56:32
TXN-005420;CLT-0080;280,16;Panama;France;14;0;0;25;0;0;25;MODÉRÉ;2026-05-14 11:56:32
TXN-005421;CLT-0022;2711,95;France;Allemagne;14;0;0;0;0;0;0;FAIBLE;2026-05-14 11:56:32
TXN-005422;CLT-0089;24835,86;France;Îles Caïmans;14;1;40;0;20;0;60;ÉLEVÉ;2026-05-14 11:56:32
TXN-005423;CLT-0054;4904,45;France;Suisse;14;0;0;0;0;0;0;FAIBLE;2026-05-14 11:56:32
TXN-005424;CLT-0054;1300,84;Panama;Suisse;14;0;0;25;0;0;25;MODÉRÉ;2026-05-14 11:56:32
TXN-005425;CLT-0053;84650,41;Îles Caïmans;Espagne;14;1;40;25;0;0;65;ÉLEVÉ;2026-05-14 11:56:32
TXN-005426;CLT-0055;4111,36;Russie;Espagne;14;0;0;0;0;0;0;FAIBLE;2026-05-14 11:56:32
TXN-005427;CLT-0023;3141,86;Russie;Allemagne;14;0;0;0;0;0;0;FAIBLE;2026-05-14 11:56:32
TXN-005428;CLT-0033;2755,06;Russie;Italie;14;0;0;0;0;0;0;FAIBLE;2026-05-14 11:56:32
TXN-005429;CLT-0057;2686,35;Espagne;France;14;0;0;0;0;0;0;FAIBLE;2026-05-14 11:56:32
TXN-005430;CLT-0100;2397,97;Îles Caïmans;Suisse;14;0;0;25;0;0;25;MODÉRÉ;2026-05-14 11:56:32
TXN-005431;CLT-0065;86724,72;Russie;Îles Caïmans;14;1;40;0;20;0;60;ÉLEVÉ;2026-05-14 11:56:32
TXN-005432;CLT-0020;774,23;France;Italie;14;0;0;0;0;0;0;FAIBLE;2026-05-14 11:56:32
TXN-005433;CLT-0052;690,29;Îles Caïmans;France;14;0;0;25;0;0;25;MODÉRÉ;2026-05-14 11:56:32
TXN-005434;CLT-0044;2193,36;Russie;France;14;0;0;0;0;0;0;FAIBLE;2026-05-14 11:56:32
TXN-005435;CLT-0005;52887,3;Îles Caïmans;Panama;14;1;40;25;20;0;85;CRITIQUE;2026-05-14 11:56:32
TXN-005436;CLT-0002;1995,09;France;Espagne;14;0;0;0;0;0;0;FAIBLE;2026-05-14 11:56:32
TXN-005437;CLT-0049;4818,84;Russie;France;14;0;0;0;0;0;0;FAIBLE;2026-05-14 11:56:32
TXN-005438;CLT-0082;2890,37;France;Panama;14;0;0;0;20;0;20;MODÉRÉ;2026-05-14 11:56:32
TXN-005439;CLT-0023;2623,25;France;Allemagne;14;0;0;0;0;0;0;FAIBLE;2026-05-14 11:56:32
TXN-005440;CLT-0087;1811,21;France;Italie;14;0;0;0;0;0;0;FAIBLE;2026-05-14 11:56:32
TXN-005441;CLT-0074;3961,1;France;Allemagne;14;0;0;0;0;0;0;FAIBLE;2026-05-14 11:56:32
TXN-005442;CLT-0072;2786,27;Russie;Allemagne;14;0;0;0;0;0;0;FAIBLE;2026-05-14 11:56:32
TXN-005443;CLT-0001;69113,26;Îles Caïmans;France;14;1;40;25;0;0;65;ÉLEVÉ;2026-05-14 11:56:32
TXN-005444;CLT-0022;4493,08;Russie;Allemagne;14;0;0;0;0;0;0;FAIBLE;2026-05-14 11:56:32
TXN-005445;CLT-0061;526,27;France;France;14;0;0;0;0;0;0;FAIBLE;2026-05-14 11:56:32
TXN-005446;CLT-0075;1132,43;Russie;France;14;0;0;0;0;0;0;FAIBLE;2026-05-14 11:56:32
TXN-005447;CLT-0083;2270,53;Îles Caïmans;France;14;0;0;25;0;0;25;MODÉRÉ;2026-05-14 11:56:32
TXN-005448;CLT-0012;12672,65;France;Panama;14;1;40;0;20;0;60;ÉLEVÉ;2026-05-14 11:56:32
TXN-005449;CLT-0064;48801,42;Panama;France;14;1;40;25;0;0;65;ÉLEVÉ;2026-05-14 11:56:32
TXN-005450;CLT-0007;23365,12;Panama;Suisse;14;1;40;25;0;0;65;ÉLEVÉ;2026-05-14 11:56:32
TXN-005451;CLT-0088;2831,08;France;Allemagne;14;0;0;0;0;0;0;FAIBLE;2026-05-14 11:56:32
TXN-005452;CLT-0023;9040,1;Russie;Allemagne;14;1;40;0;0;0;40;ÉLEVÉ;2026-05-14 11:56:32
TXN-005453;CLT-0061;3125,61;Russie;France;14;0;0;0;0;0;0;FAIBLE;2026-05-14 11:56:32
TXN-005454;CLT-0082;3273,22;Îles Caïmans;Panama;14;0;0;25;20;0;45;ÉLEVÉ;2026-05-14 11:56:32
TXN-005455;CLT-0096;4336,67;Espagne;Panama;14;0;0;0;20;0;20;MODÉRÉ;2026-05-14 11:56:32
TXN-005456;CLT-0050;843,32;Espagne;Espagne;14;0;0;0;0;0;0;FAIBLE;2026-05-14 11:56:32
TXN-005457;CLT-0011;837,16;Espagne;France;14;0;0;0;0;0;0;FAIBLE;2026-05-14 11:56:32
TXN-005458;CLT-0057;75734,75;France;France;14;1;40;0;0;0;40;ÉLEVÉ;2026-05-14 11:56:32
TXN-005459;CLT-0012;3936,65;Allemagne;Panama;14;0;0;0;20;0;20;MODÉRÉ;2026-05-14 11:56:32
TXN-005460;CLT-0099;3907,07;Russie;Panama;14;0;0;0;20;0;20;MODÉRÉ;2026-05-14 11:56:32
TXN-005461;CLT-0095;3983,14;Russie;Îles Caïmans;14;0;0;0;20;0;20;MODÉRÉ;2026-05-14 11:56:32
TXN-005462;CLT-0049;584,91;Panama;France;14;0;0;25;0;0;25;MODÉRÉ;2026-05-14 11:56:32
TXN-005463;CLT-0039;3836,44;France;France;14;0;0;0;0;0;0;FAIBLE;2026-05-14 11:56:32
TXN-005464;CLT-0093;2609,62;France;Suisse;14;0;0;0;0;0;0;FAIBLE;2026-05-14 11:56:32
TXN-005465;CLT-0066;2945,27;Allemagne;Espagne;14;0;0;0;0;0;0;FAIBLE;2026-05-14 11:56:32
TXN-005466;CLT-0052;3986,85;Espagne;France;14;0;0;0;0;0;0;FAIBLE;2026-05-14 11:56:32
TXN-005467;CLT-0033;3372,46;Panama;Italie;14;0;0;25;0;0;25;MODÉRÉ;2026-05-14 11:56:32
TXN-005468;CLT-0056;61696,63;France;Allemagne;14;1;40;0;0;0;40;ÉLEVÉ;2026-05-14 11:56:32
TXN-005469;CLT-0019;3826,61;France;Espagne;14;0;0;0;0;0;0;FAIBLE;2026-05-14 11:56:32
TXN-005470;CLT-0008;18140,72;Panama;Suisse;14;1;40;25;0;0;65;ÉLEVÉ;2026-05-14 11:56:32
TXN-005471;CLT-0033;4309,4;Îles Caïmans;Italie;14;0;0;25;0;0;25;MODÉRÉ;2026-05-14 11:56:32
TXN-005472;CLT-0094;3052,34;Allemagne;Allemagne;14;0;0;0;0;0;0;FAIBLE;2026-05-14 11:56:32
TXN-005473;CLT-0074;391,11;France;Allemagne;14;0;0;0;0;0;0;FAIBLE;2026-05-14 11:56:32
TXN-005474;CLT-0059;1056,13;Espagne;Îles Caïmans;14;0;0;0;20;0;20;MODÉRÉ;2026-05-14 11:56:32
TXN-005475;CLT-0098;4258,59;France;Espagne;14;0;0;0;0;0;0;FAIBLE;2026-05-14 11:56:32
TXN-005476;CLT-0020;82683,07;Russie;Italie;14;1;40;0;0;0;40;ÉLEVÉ;2026-05-14 11:56:32
TXN-005477;CLT-0043;679,94;France;Suisse;14;0;0;0;0;0;0;FAIBLE;2026-05-14 11:56:32
TXN-005478;CLT-0071;2590,04;France;Îles Caïmans;14;0;0;0;20;0;20;MODÉRÉ;2026-05-14 11:56:32
TXN-005479;CLT-0061;4270,79;Espagne;France;14;0;0;0;0;0;0;FAIBLE;2026-05-14 11:56:32
TXN-005480;CLT-0023;1939,12;Allemagne;Allemagne;14;0;0;0;0;0;0;FAIBLE;2026-05-14 11:56:32
TXN-005481;CLT-0093;4792,47;Espagne;Suisse;14;0;0;0;0;0;0;FAIBLE;2026-05-14 11:56:32
TXN-005482;CLT-0011;4933,47;Îles Caïmans;France;14;0;0;25;0;0;25;MODÉRÉ;2026-05-14 11:56:32
TXN-005483;CLT-0069;23935,05;Espagne;Panama;14;1;40;0;20;0;60;ÉLEVÉ;2026-05-14 11:56:32
TXN-005484;CLT-0055;728,84;Îles Caïmans;Espagne;14;0;0;25;0;0;25;MODÉRÉ;2026-05-14 11:56:32
TXN-005485;CLT-0080;2522,2;Russie;France;14;0;0;0;0;0;0;FAIBLE;2026-05-14 11:56:32
TXN-005486;CLT-0043;1659,91;Espagne;Suisse;14;0;0;0;0;0;0;FAIBLE;2026-05-14 11:56:32
TXN-005487;CLT-0031;3794,87;France;Panama;14;0;0;0;20;0;20;MODÉRÉ;2026-05-14 11:56:32
TXN-005488;CLT-0093;61102,77;Allemagne;Suisse;14;1;40;0;0;0;40;ÉLEVÉ;2026-05-14 11:56:32
TXN-005489;CLT-0089;4453,7;Îles Caïmans;Îles Caïmans;14;0;0;25;20;0;45;ÉLEVÉ;2026-05-14 11:56:32
TXN-005490;CLT-0009;2273,86;Allemagne;Suisse;14;0;0;0;0;0;0;FAIBLE;2026-05-14 11:56:32
TXN-005491;CLT-0078;4480,1;France;Suisse;14;0;0;0;0;0;0;FAIBLE;2026-05-14 11:56:32
TXN-005492;CLT-0037;1401,21;Russie;Îles Caïmans;14;0;0;0;20;0;20;MODÉRÉ;2026-05-14 11:56:32
TXN-005493;CLT-0045;2115,44;France;France;14;0;0;0;0;0;0;FAIBLE;2026-05-14 11:56:32
TXN-005494;CLT-0053;358,83;Îles Caïmans;Espagne;14;0;0;25;0;0;25;MODÉRÉ;2026-05-14 11:56:32
TXN-005495;CLT-0008;19511,22;France;Suisse;14;1;40;0;0;0;40;ÉLEVÉ;2026-05-14 11:56:32
TXN-005496;CLT-0067;1683,09;Panama;Panama;14;0;0;25;20;0;45;ÉLEVÉ;2026-05-14 11:56:32
TXN-005497;CLT-0017;519,67;Russie;Îles Caïmans;14;0;0;0;20;0;20;MODÉRÉ;2026-05-14 11:56:32
TXN-005498;CLT-0007;1504,55;Russie;Suisse;14;0;0;0;0;0;0;FAIBLE;2026-05-14 11:56:32
TXN-005499;CLT-0092;889,54;France;Suisse;14;0;0;0;0;0;0;FAIBLE;2026-05-14 11:56:32
TXN-005500;CLT-0037;3182,34;Russie;Îles Caïmans;14;0;0;0;20;0;20;MODÉRÉ;2026-05-14 11:56:32
TXN-005501;CLT-0009;1767,2;France;Suisse;14;0;0;0;0;0;0;FAIBLE;2026-05-14 11:56:32
TXN-005502;CLT-0002;1056,44;France;Espagne;14;0;0;0;0;0;0;FAIBLE;2026-05-14 11:56:32
TXN-005503;CLT-0051;2446,47;France;France;14;0;0;0;0;0;0;FAIBLE;2026-05-14 11:56:32
TXN-005504;CLT-0080;4411,2;Panama;France;14;0;0;25;0;0;25;MODÉRÉ;2026-05-14 11:56:32
TXN-005505;CLT-0056;1889,78;Espagne;Allemagne;14;0;0;0;0;0;0;FAIBLE;2026-05-14 11:56:32
TXN-005506;CLT-0081;88918,03;France;Îles Caïmans;14;1;40;0;20;0;60;ÉLEVÉ;2026-05-14 11:56:32
TXN-005507;CLT-0085;389,37;Îles Caïmans;Îles Caïmans;14;0;0;25;20;0;45;ÉLEVÉ;2026-05-14 11:56:32
TXN-005508;CLT-0079;217,1;Îles Caïmans;Îles Caïmans;14;0;0;25;20;0;45;ÉLEVÉ;2026-05-14 11:56:32
TXN-005509;CLT-0098;3576,61;France;Espagne;14;0;0;0;0;0;0;FAIBLE;2026-05-14 11:56:32
TXN-005510;CLT-0069;4453,9;Russie;Panama;14;0;0;0;20;0;20;MODÉRÉ;2026-05-14 11:56:32
TXN-005511;CLT-0032;1648,41;Allemagne;Suisse;14;0;0;0;0;0;0;FAIBLE;2026-05-14 11:56:32
TXN-005512;CLT-0070;846,13;Russie;Italie;14;0;0;0;0;0;0;FAIBLE;2026-05-14 11:56:32
TXN-005513;CLT-0027;71822,03;France;Espagne;14;1;40;0;0;0;40;ÉLEVÉ;2026-05-14 11:56:32
TXN-005514;CLT-0067;2168,63;Espagne;Panama;14;0;0;0;20;0;20;MODÉRÉ;2026-05-14 11:56:32
TXN-005515;CLT-0070;46498,71;France;Italie;14;1;40;0;0;0;40;ÉLEVÉ;2026-05-14 11:56:32
TXN-005516;CLT-0100;2712,48;France;Suisse;14;0;0;0;0;0;0;FAIBLE;2026-05-14 11:56:32
TXN-005517;CLT-0004;2650,63;France;Suisse;14;0;0;0;0;0;0;FAIBLE;2026-05-14 11:56:32
TXN-005518;CLT-0058;94472,9;Allemagne;France;14;1;40;0;0;0;40;ÉLEVÉ;2026-05-14 11:56:32
TXN-005519;CLT-0096;2193,78;Îles Caïmans;Panama;14;0;0;25;20;0;45;ÉLEVÉ;2026-05-14 11:56:32
TXN-005520;CLT-0035;2689,35;Panama;Espagne;14;0;0;25;0;0;25;MODÉRÉ;2026-05-14 11:56:32
TXN-005521;CLT-0023;1717,19;France;Allemagne;14;0;0;0;0;0;0;FAIBLE;2026-05-14 11:56:32
TXN-005522;CLT-0064;4258,33;France;France;14;0;0;0;0;0;0;FAIBLE;2026-05-14 11:56:32
TXN-005523;CLT-0046;1072,7;Russie;France;14;0;0;0;0;0;0;FAIBLE;2026-05-14 11:56:32
TXN-005524;CLT-0029;4708,18;France;France;14;0;0;0;0;0;0;FAIBLE;2026-05-14 11:56:32
TXN-005525;CLT-0003;4080,92;France;France;14;0;0;0;0;0;0;FAIBLE;2026-05-14 11:56:32
TXN-005526;CLT-0043;218,38;Panama;Suisse;14;0;0;25;0;0;25;MODÉRÉ;2026-05-14 11:56:32
TXN-005527;CLT-0093;2058,62;Russie;Suisse;14;0;0;0;0;0;0;FAIBLE;2026-05-14 11:56:32
TXN-005528;CLT-0005;4915,49;France;Panama;14;0;0;0;20;0;20;MODÉRÉ;2026-05-14 11:56:32
TXN-005529;CLT-0069;49470,82;Panama;Panama;14;1;40;25;20;0;85;CRITIQUE;2026-05-14 11:56:32
TXN-005530;CLT-0052;2112,42;Allemagne;France;14;0;0;0;0;0;0;FAIBLE;2026-05-14 11:56:32
TXN-005531;CLT-0049;4208,63;France;France;14;0;0;0;0;0;0;FAIBLE;2026-05-14 11:56:32
TXN-005532;CLT-0086;4827,09;Îles Caïmans;France;14;0;0;25;0;0;25;MODÉRÉ;2026-05-14 11:56:32
TXN-005533;CLT-0092;1149,04;France;Suisse;14;0;0;0;0;0;0;FAIBLE;2026-05-14 11:56:32
TXN-005534;CLT-0078;823,54;Panama;Suisse;14;0;0;25;0;0;25;MODÉRÉ;2026-05-14 11:56:32
TXN-005535;CLT-0004;4590,92;Îles Caïmans;Suisse;14;0;0;25;0;0;25;MODÉRÉ;2026-05-14 11:56:32
TXN-005536;CLT-0034;1203,37;Espagne;France;14;0;0;0;0;0;0;FAIBLE;2026-05-14 11:56:32
TXN-005537;CLT-0063;2114,51;France;Îles Caïmans;14;0;0;0;20;0;20;MODÉRÉ;2026-05-14 11:56:32
TXN-005538;CLT-0008;2977,25;France;Suisse;14;0;0;0;0;0;0;FAIBLE;2026-05-14 11:56:32
TXN-005539;CLT-0074;245,52;France;Allemagne;14;0;0;0;0;0;0;FAIBLE;2026-05-14 11:56:32
TXN-005540;CLT-0064;1214,21;Îles Caïmans;France;14;0;0;25;0;0;25;MODÉRÉ;2026-05-14 11:56:32
TXN-005541;CLT-0055;27474,57;France;Espagne;14;1;40;0;0;0;40;ÉLEVÉ;2026-05-14 11:56:32
TXN-005542;CLT-0005;4439,2;France;Panama;14;0;0;0;20;0;20;MODÉRÉ;2026-05-14 11:56:32
TXN-005543;CLT-0027;1836,22;Espagne;Espagne;14;0;0;0;0;0;0;FAIBLE;2026-05-14 11:56:32
TXN-005544;CLT-0059;996,66;France;Îles Caïmans;14;0;0;0;20;0;20;MODÉRÉ;2026-05-14 11:56:32
TXN-005545;CLT-0066;2254,76;France;Espagne;14;0;0;0;0;0;0;FAIBLE;2026-05-14 11:56:32
TXN-005546;CLT-0078;4630,75;Panama;Suisse;14;0;0;25;0;0;25;MODÉRÉ;2026-05-14 11:56:32
TXN-005547;CLT-0038;4583,43;Russie;Îles Caïmans;14;0;0;0;20;0;20;MODÉRÉ;2026-05-14 11:56:32
TXN-005548;CLT-0048;1722,87;France;Suisse;14;0;0;0;0;0;0;FAIBLE;2026-05-14 11:56:32
TXN-005549;CLT-0031;1627,81;France;Panama;14;0;0;0;20;0;20;MODÉRÉ;2026-05-14 11:56:32
TXN-005550;CLT-0015;3161,39;Panama;France;14;0;0;25;0;0;25;MODÉRÉ;2026-05-14 11:56:32
TXN-005551;CLT-0010;4785,78;Allemagne;Îles Caïmans;14;0;0;0;20;0;20;MODÉRÉ;2026-05-14 11:56:32
TXN-005552;CLT-0041;4710,88;Panama;Panama;14;0;0;25;20;0;45;ÉLEVÉ;2026-05-14 11:56:32
TXN-005553;CLT-0086;89173,49;France;France;14;1;40;0;0;0;40;ÉLEVÉ;2026-05-14 11:56:32
TXN-005554;CLT-0041;380,79;France;Panama;14;0;0;0;20;0;20;MODÉRÉ;2026-05-14 11:56:32
TXN-005555;CLT-0039;3551,73;Russie;France;14;0;0;0;0;0;0;FAIBLE;2026-05-14 11:56:32
TXN-005556;CLT-0008;1486,3;France;Suisse;14;0;0;0;0;0;0;FAIBLE;2026-05-14 11:56:32
TXN-005557;CLT-0081;3327,41;Espagne;Îles Caïmans;14;0;0;0;20;0;20;MODÉRÉ;2026-05-14 11:56:32
TXN-005558;CLT-0019;138,35;France;Espagne;14;0;0;0;0;0;0;FAIBLE;2026-05-14 11:56:32
TXN-005559;CLT-0031;3646,62;France;Panama;14;0;0;0;20;0;20;MODÉRÉ;2026-05-14 11:56:32
TXN-005560;CLT-0037;3691,76;France;Îles Caïmans;14;0;0;0;20;0;20;MODÉRÉ;2026-05-14 11:56:32
TXN-005561;CLT-0030;4993,35;France;Allemagne;14;0;0;0;0;0;0;FAIBLE;2026-05-14 11:56:32
TXN-005562;CLT-0071;460,37;Panama;Îles Caïmans;14;0;0;25;20;0;45;ÉLEVÉ;2026-05-14 11:56:32
TXN-005563;CLT-0062;3303,57;Panama;France;14;0;0;25;0;0;25;MODÉRÉ;2026-05-14 11:56:32
TXN-005564;CLT-0037;315,04;Espagne;Îles Caïmans;14;0;0;0;20;0;20;MODÉRÉ;2026-05-14 11:56:32
TXN-005565;CLT-0031;77641,52;Panama;Panama;14;1;40;25;20;0;85;CRITIQUE;2026-05-14 11:56:32
TXN-005566;CLT-0077;50,72;France;France;14;0;0;0;0;0;0;FAIBLE;2026-05-14 11:56:32
TXN-005567;CLT-0034;1520,0;Panama;France;14;0;0;25;0;0;25;MODÉRÉ;2026-05-14 11:56:32
TXN-005568;CLT-0099;1018,62;Îles Caïmans;Panama;14;0;0;25;20;0;45;ÉLEVÉ;2026-05-14 11:56:32
TXN-005569;CLT-0070;4463,54;France;Italie;14;0;0;0;0;0;0;FAIBLE;2026-05-14 11:56:32
TXN-005570;CLT-0015;1203,69;France;France;14;0;0;0;0;0;0;FAIBLE;2026-05-14 11:56:32
TXN-005571;CLT-0090;22391,91;France;France;14;1;40;0;0;0;40;ÉLEVÉ;2026-05-14 11:56:32
TXN-005572;CLT-0076;206,77;France;France;14;0;0;0;0;0;0;FAIBLE;2026-05-14 11:56:32
TXN-005573;CLT-0007;2632,96;France;Suisse;14;0;0;0;0;0;0;FAIBLE;2026-05-14 11:56:32
TXN-005574;CLT-0047;3390,36;Allemagne;Îles Caïmans;14;0;0;0;20;0;20;MODÉRÉ;2026-05-14 11:56:32
TXN-005575;CLT-0074;57788,28;France;Allemagne;14;1;40;0;0;0;40;ÉLEVÉ;2026-05-14 11:56:32
TXN-005576;CLT-0025;359,82;Îles Caïmans;Italie;14;0;0;25;0;0;25;MODÉRÉ;2026-05-14 11:56:32
TXN-005577;CLT-0027;3638,03;Russie;Espagne;14;0;0;0;0;0;0;FAIBLE;2026-05-14 11:56:32
TXN-005578;CLT-0081;1175,19;Russie;Îles Caïmans;14;0;0;0;20;0;20;MODÉRÉ;2026-05-14 11:56:32
TXN-005579;CLT-0090;34134,17;Russie;France;14;1;40;0;0;0;40;ÉLEVÉ;2026-05-14 11:56:32
TXN-005580;CLT-0089;82668,41;France;Îles Caïmans;14;1;40;0;20;0;60;ÉLEVÉ;2026-05-14 11:56:32
TXN-005581;CLT-0038;4440,4;Panama;Îles Caïmans;14;0;0;25;20;0;45;ÉLEVÉ;2026-05-14 11:56:32
TXN-005582;CLT-0093;160,56;France;Suisse;14;0;0;0;0;0;0;FAIBLE;2026-05-14 11:56:32
TXN-005583;CLT-0035;85199,82;Panama;Espagne;14;1;40;25;0;0;65;ÉLEVÉ;2026-05-14 11:56:32
TXN-005584;CLT-0033;4791,17;Russie;Italie;14;0;0;0;0;0;0;FAIBLE;2026-05-14 11:56:32
TXN-005585;CLT-0059;1731,26;France;Îles Caïmans;14;0;0;0;20;0;20;MODÉRÉ;2026-05-14 11:56:32
TXN-005586;CLT-0020;4299,72;France;Italie;14;0;0;0;0;0;0;FAIBLE;2026-05-14 11:56:32
TXN-005587;CLT-0016;3781,95;France;Espagne;14;0;0;0;0;0;0;FAIBLE;2026-05-14 11:56:32
TXN-005588;CLT-0065;3314,06;France;Îles Caïmans;14;0;0;0;20;0;20;MODÉRÉ;2026-05-14 11:56:32
TXN-005589;CLT-0041;4265,35;France;Panama;14;0;0;0;20;0;20;MODÉRÉ;2026-05-14 11:56:32
TXN-005590;CLT-0079;3800,86;Allemagne;Îles Caïmans;14;0;0;0;20;0;20;MODÉRÉ;2026-05-14 11:56:32
TXN-005591;CLT-0003;42707,55;Panama;France;14;1;40;25;0;0;65;ÉLEVÉ;2026-05-14 11:56:32
TXN-005592;CLT-0051;1411,87;Allemagne;France;14;0;0;0;0;0;0;FAIBLE;2026-05-14 11:56:32
TXN-005593;CLT-0028;693,25;France;France;14;0;0;0;0;0;0;FAIBLE;2026-05-14 11:56:32
TXN-005594;CLT-0041;17404,26;France;Panama;14;1;40;0;20;0;60;ÉLEVÉ;2026-05-14 11:56:32
TXN-005595;CLT-0036;2904,19;Îles Caïmans;Italie;14;0;0;25;0;0;25;MODÉRÉ;2026-05-14 11:56:32
TXN-005596;CLT-0028;921,2;Îles Caïmans;France;14;0;0;25;0;0;25;MODÉRÉ;2026-05-14 11:56:32
TXN-005597;CLT-0038;2677,24;Allemagne;Îles Caïmans;14;0;0;0;20;0;20;MODÉRÉ;2026-05-14 11:56:32
TXN-005598;CLT-0060;3258,94;France;Italie;14;0;0;0;0;0;0;FAIBLE;2026-05-14 11:56:32
TXN-005599;CLT-0068;2469,51;France;Allemagne;14;0;0;0;0;0;0;FAIBLE;2026-05-14 11:56:32
TXN-005600;CLT-0096;2756,54;Panama;Panama;14;0;0;25;20;0;45;ÉLEVÉ;2026-05-14 11:56:32
TXN-005601;CLT-0080;4352,63;Îles Caïmans;France;14;0;0;25;0;0;25;MODÉRÉ;2026-05-14 11:56:32
TXN-005602;CLT-0067;4819,64;Allemagne;Panama;14;0;0;0;20;0;20;MODÉRÉ;2026-05-14 11:56:32
TXN-005603;CLT-0071;2717,88;Allemagne;Îles Caïmans;14;0;0;0;20;0;20;MODÉRÉ;2026-05-14 11:56:32
TXN-005604;CLT-0025;2817,34;Allemagne;Italie;14;0;0;0;0;0;0;FAIBLE;2026-05-14 11:56:32
TXN-005605;CLT-0031;172,38;Espagne;Panama;14;0;0;0;20;0;20;MODÉRÉ;2026-05-14 11:56:32
TXN-005606;CLT-0054;2599,22;Îles Caïmans;Suisse;14;0;0;25;0;0;25;MODÉRÉ;2026-05-14 11:56:32
TXN-005607;CLT-0013;4719,21;Allemagne;France;14;0;0;0;0;0;0;FAIBLE;2026-05-14 11:56:32
TXN-005608;CLT-0052;450,8;France;France;14;0;0;0;0;0;0;FAIBLE;2026-05-14 11:56:32
TXN-005609;CLT-0074;1732,58;Russie;Allemagne;14;0;0;0;0;0;0;FAIBLE;2026-05-14 11:56:32
TXN-005610;CLT-0066;617,92;France;Espagne;14;0;0;0;0;0;0;FAIBLE;2026-05-14 11:56:32
TXN-005611;CLT-0033;563,43;Panama;Italie;14;0;0;25;0;0;25;MODÉRÉ;2026-05-14 11:56:32
TXN-005612;CLT-0040;2724,81;Îles Caïmans;Suisse;14;0;0;25;0;0;25;MODÉRÉ;2026-05-14 11:56:32
TXN-005613;CLT-0049;372,73;France;France;14;0;0;0;0;0;0;FAIBLE;2026-05-14 11:56:32
TXN-005614;CLT-0049;4587,99;France;France;14;0;0;0;0;0;0;FAIBLE;2026-05-14 11:56:32
TXN-005615;CLT-0043;840,27;Panama;Suisse;14;0;0;25;0;0;25;MODÉRÉ;2026-05-14 11:56:32
TXN-005616;CLT-0034;1355,37;Îles Caïmans;France;14;0;0;25;0;0;25;MODÉRÉ;2026-05-14 11:56:32
TXN-005617;CLT-0097;1241,52;Allemagne;Panama;14;0;0;0;20;0;20;MODÉRÉ;2026-05-14 11:56:32
TXN-005618;CLT-0004;456,63;Espagne;Suisse;14;0;0;0;0;0;0;FAIBLE;2026-05-14 11:56:32
TXN-005619;CLT-0088;3386,53;Espagne;Allemagne;14;0;0;0;0;0;0;FAIBLE;2026-05-14 11:56:32
TXN-005620;CLT-0087;4239,52;Îles Caïmans;Italie;14;0;0;25;0;0;25;MODÉRÉ;2026-05-14 11:56:32
TXN-005621;CLT-0012;28085,46;Îles Caïmans;Panama;14;1;40;25;20;0;85;CRITIQUE;2026-05-14 11:56:32
TXN-005622;CLT-0100;696,96;Allemagne;Suisse;14;0;0;0;0;0;0;FAIBLE;2026-05-14 11:56:32
TXN-005623;CLT-0061;1888,27;France;France;14;0;0;0;0;0;0;FAIBLE;2026-05-14 11:56:32
TXN-005624;CLT-0096;3261,65;Îles Caïmans;Panama;14;0;0;25;20;0;45;ÉLEVÉ;2026-05-14 11:56:32
TXN-005625;CLT-0085;1166,45;Panama;Îles Caïmans;14;0;0;25;20;0;45;ÉLEVÉ;2026-05-14 11:56:32
TXN-005626;CLT-0075;3158,59;Espagne;France;14;0;0;0;0;0;0;FAIBLE;2026-05-14 11:56:32
TXN-005627;CLT-0011;70303,83;Panama;France;14;1;40;25;0;0;65;ÉLEVÉ;2026-05-14 11:56:32
TXN-005628;CLT-0053;17874,67;France;Espagne;14;1;40;0;0;0;40;ÉLEVÉ;2026-05-14 11:56:32
TXN-005629;CLT-0033;4083,07;Espagne;Italie;14;0;0;0;0;0;0;FAIBLE;2026-05-14 11:56:32
TXN-005630;CLT-0060;3730,07;France;Italie;14;0;0;0;0;0;0;FAIBLE;2026-05-14 11:56:32
TXN-005631;CLT-0074;871,88;Panama;Allemagne;14;0;0;25;0;0;25;MODÉRÉ;2026-05-14 11:56:32
TXN-005632;CLT-0077;629,33;Espagne;France;14;0;0;0;0;0;0;FAIBLE;2026-05-14 11:56:32
TXN-005633;CLT-0074;3746,74;Espagne;Allemagne;14;0;0;0;0;0;0;FAIBLE;2026-05-14 11:56:32
TXN-005634;CLT-0061;15355,29;Îles Caïmans;France;14;1;40;25;0;0;65;ÉLEVÉ;2026-05-14 11:56:32
TXN-005635;CLT-0001;37823,16;France;France;14;1;40;0;0;0;40;ÉLEVÉ;2026-05-14 11:56:32
TXN-005636;CLT-0083;4651,79;Allemagne;France;14;0;0;0;0;0;0;FAIBLE;2026-05-14 11:56:32
TXN-005637;CLT-0037;2310,18;France;Îles Caïmans;14;0;0;0;20;0;20;MODÉRÉ;2026-05-14 11:56:32
TXN-005638;CLT-0092;3374,05;Allemagne;Suisse;14;0;0;0;0;0;0;FAIBLE;2026-05-14 11:56:32
TXN-005639;CLT-0078;2118,59;France;Suisse;14;0;0;0;0;0;0;FAIBLE;2026-05-14 11:56:32
TXN-005640;CLT-0007;3420,74;Russie;Suisse;14;0;0;0;0;0;0;FAIBLE;2026-05-14 11:56:32
TXN-005641;CLT-0017;56388,16;Espagne;Îles Caïmans;14;1;40;0;20;0;60;ÉLEVÉ;2026-05-14 11:56:32
TXN-005642;CLT-0010;1695,83;France;Îles Caïmans;14;0;0;0;20;0;20;MODÉRÉ;2026-05-14 11:56:32
TXN-005643;CLT-0039;4371,04;Espagne;France;14;0;0;0;0;0;0;FAIBLE;2026-05-14 11:56:32
TXN-005644;CLT-0023;88127,15;Panama;Allemagne;14;1;40;25;0;0;65;ÉLEVÉ;2026-05-14 11:56:32
TXN-005645;CLT-0026;3871,6;Russie;Italie;14;0;0;0;0;0;0;FAIBLE;2026-05-14 11:56:32
TXN-005646;CLT-0092;2679,03;Îles Caïmans;Suisse;14;0;0;25;0;0;25;MODÉRÉ;2026-05-14 11:56:32
TXN-005647;CLT-0016;2873,15;France;Espagne;14;0;0;0;0;0;0;FAIBLE;2026-05-14 11:56:32
TXN-005648;CLT-0049;2078,63;Russie;France;14;0;0;0;0;0;0;FAIBLE;2026-05-14 11:56:32
TXN-005649;CLT-0044;2367,04;France;France;14;0;0;0;0;0;0;FAIBLE;2026-05-14 11:56:32
TXN-005650;CLT-0068;3647,45;France;Allemagne;14;0;0;0;0;0;0;FAIBLE;2026-05-14 11:56:32
TXN-005651;CLT-0036;2613,49;France;Italie;14;0;0;0;0;0;0;FAIBLE;2026-05-14 11:56:32
TXN-005652;CLT-0054;2888,52;France;Suisse;14;0;0;0;0;0;0;FAIBLE;2026-05-14 11:56:32
TXN-005653;CLT-0049;2012,63;France;France;14;0;0;0;0;0;0;FAIBLE;2026-05-14 11:56:32
TXN-005654;CLT-0008;4282,73;Russie;Suisse;14;0;0;0;0;0;0;FAIBLE;2026-05-14 11:56:32
TXN-005655;CLT-0063;1524,12;Panama;Îles Caïmans;14;0;0;25;20;0;45;ÉLEVÉ;2026-05-14 11:56:32
TXN-005656;CLT-0093;931,78;Espagne;Suisse;14;0;0;0;0;0;0;FAIBLE;2026-05-14 11:56:32
TXN-005657;CLT-0059;4195,52;France;Îles Caïmans;14;0;0;0;20;0;20;MODÉRÉ;2026-05-14 11:56:32
TXN-005658;CLT-0081;2806,94;Panama;Îles Caïmans;14;0;0;25;20;0;45;ÉLEVÉ;2026-05-14 11:56:32
TXN-005659;CLT-0021;1678,33;France;France;14;0;0;0;0;0;0;FAIBLE;2026-05-14 11:56:32
TXN-005660;CLT-0052;825,49;France;France;14;0;0;0;0;0;0;FAIBLE;2026-05-14 11:56:32
TXN-005661;CLT-0094;3332,56;France;Allemagne;14;0;0;0;0;0;0;FAIBLE;2026-05-14 11:56:32
TXN-005662;CLT-0071;1809,32;Panama;Îles Caïmans;14;0;0;25;20;0;45;ÉLEVÉ;2026-05-14 11:56:32
TXN-005663;CLT-0098;2055,24;France;Espagne;14;0;0;0;0;0;0;FAIBLE;2026-05-14 11:56:32
TXN-005664;CLT-0002;3844,99;Russie;Espagne;14;0;0;0;0;0;0;FAIBLE;2026-05-14 11:56:32
TXN-005665;CLT-0003;73860,12;France;France;14;1;40;0;0;0;40;ÉLEVÉ;2026-05-14 11:56:32
TXN-005666;CLT-0068;2442,22;Îles Caïmans;Allemagne;14;0;0;25;0;0;25;MODÉRÉ;2026-05-14 11:56:32
TXN-005667;CLT-0097;3528,19;Allemagne;Panama;14;0;0;0;20;0;20;MODÉRÉ;2026-05-14 11:56:32
TXN-005668;CLT-0005;2498,57;Allemagne;Panama;14;0;0;0;20;0;20;MODÉRÉ;2026-05-14 11:56:32
TXN-005669;CLT-0087;1363,89;Russie;Italie;14;0;0;0;0;0;0;FAIBLE;2026-05-14 11:56:32
TXN-005670;CLT-0088;2708,72;Îles Caïmans;Allemagne;14;0;0;25;0;0;25;MODÉRÉ;2026-05-14 11:56:32
TXN-005671;CLT-0087;4263,59;Panama;Italie;14;0;0;25;0;0;25;MODÉRÉ;2026-05-14 11:56:32
TXN-005672;CLT-0061;2213,79;Panama;France;14;0;0;25;0;0;25;MODÉRÉ;2026-05-14 11:56:32
TXN-005673;CLT-0066;458,16;France;Espagne;14;0;0;0;0;0;0;FAIBLE;2026-05-14 11:56:32
TXN-005674;CLT-0062;2934,04;Panama;France;14;0;0;25;0;0;25;MODÉRÉ;2026-05-14 11:56:32
TXN-005675;CLT-0025;87991,06;Panama;Italie;14;1;40;25;0;0;65;ÉLEVÉ;2026-05-14 11:56:32
TXN-005676;CLT-0024;3776,43;France;Espagne;14;0;0;0;0;0;0;FAIBLE;2026-05-14 11:56:32
TXN-005677;CLT-0008;4958,56;France;Suisse;14;0;0;0;0;0;0;FAIBLE;2026-05-14 11:56:32
TXN-005678;CLT-0045;1950,81;Panama;France;14;0;0;25;0;0;25;MODÉRÉ;2026-05-14 11:56:32
TXN-005679;CLT-0079;1121,18;Russie;Îles Caïmans;14;0;0;0;20;0;20;MODÉRÉ;2026-05-14 11:56:32
TXN-005680;CLT-0094;4101,89;Allemagne;Allemagne;14;0;0;0;0;0;0;FAIBLE;2026-05-14 11:56:32
TXN-005681;CLT-0019;2169,08;Espagne;Espagne;14;0;0;0;0;0;0;FAIBLE;2026-05-14 11:56:32
TXN-005682;CLT-0016;3725,71;Panama;Espagne;14;0;0;25;0;0;25;MODÉRÉ;2026-05-14 11:56:32
TXN-005683;CLT-0074;1008,53;France;Allemagne;14;0;0;0;0;0;0;FAIBLE;2026-05-14 11:56:32
TXN-005684;CLT-0052;77474,15;Allemagne;France;14;1;40;0;0;0;40;ÉLEVÉ;2026-05-14 11:56:32
TXN-005685;CLT-0028;2467,91;France;France;14;0;0;0;0;0;0;FAIBLE;2026-05-14 11:56:32
TXN-005686;CLT-0052;90099,86;Allemagne;France;14;1;40;0;0;0;40;ÉLEVÉ;2026-05-14 11:56:32
TXN-005687;CLT-0064;4477,1;France;France;14;0;0;0;0;0;0;FAIBLE;2026-05-14 11:56:32
TXN-005688;CLT-0005;2902,85;Allemagne;Panama;14;0;0;0;20;0;20;MODÉRÉ;2026-05-14 11:56:32
TXN-005689;CLT-0092;4124,52;France;Suisse;14;0;0;0;0;0;0;FAIBLE;2026-05-14 11:56:32
TXN-005690;CLT-0084;2924,5;Espagne;Italie;14;0;0;0;0;0;0;FAIBLE;2026-05-14 11:56:32
TXN-005691;CLT-0002;179,81;Allemagne;Espagne;14;0;0;0;0;0;0;FAIBLE;2026-05-14 11:56:32
TXN-005692;CLT-0088;4435,58;Allemagne;Allemagne;14;0;0;0;0;0;0;FAIBLE;2026-05-14 11:56:32
TXN-005693;CLT-0099;1842,0;France;Panama;14;0;0;0;20;0;20;MODÉRÉ;2026-05-14 11:56:32
TXN-005694;CLT-0081;2439,46;Espagne;Îles Caïmans;14;0;0;0;20;0;20;MODÉRÉ;2026-05-14 11:56:32
TXN-005695;CLT-0068;2205,04;France;Allemagne;14;0;0;0;0;0;0;FAIBLE;2026-05-14 11:56:32
TXN-005696;CLT-0050;2110,62;France;Espagne;14;0;0;0;0;0;0;FAIBLE;2026-05-14 11:56:32
TXN-005697;CLT-0038;3266,22;Panama;Îles Caïmans;14;0;0;25;20;0;45;ÉLEVÉ;2026-05-14 11:56:32
TXN-005698;CLT-0019;3642,25;Panama;Espagne;14;0;0;25;0;0;25;MODÉRÉ;2026-05-14 11:56:32
TXN-005699;CLT-0060;3486,67;France;Italie;14;0;0;0;0;0;0;FAIBLE;2026-05-14 11:56:32
TXN-005700;CLT-0092;160,29;Russie;Suisse;14;0;0;0;0;0;0;FAIBLE;2026-05-14 11:56:32
TXN-005701;CLT-0055;4848,91;Panama;Espagne;14;0;0;25;0;0;25;MODÉRÉ;2026-05-14 11:56:32
TXN-005702;CLT-0068;1322,74;Allemagne;Allemagne;14;0;0;0;0;0;0;FAIBLE;2026-05-14 11:56:32
TXN-005703;CLT-0078;2865,11;Russie;Suisse;14;0;0;0;0;0;0;FAIBLE;2026-05-14 11:56:32
TXN-005704;CLT-0028;3387,92;France;France;14;0;0;0;0;0;0;FAIBLE;2026-05-14 11:56:32
TXN-005705;CLT-0013;124,06;Panama;France;14;0;0;25;0;0;25;MODÉRÉ;2026-05-14 11:56:32
TXN-005706;CLT-0045;4123,13;France;France;14;0;0;0;0;0;0;FAIBLE;2026-05-14 11:56:32
TXN-005707;CLT-0043;3640,15;Îles Caïmans;Suisse;14;0;0;25;0;0;25;MODÉRÉ;2026-05-14 11:56:32
TXN-005708;CLT-0068;4385,99;France;Allemagne;14;0;0;0;0;0;0;FAIBLE;2026-05-14 11:56:32
TXN-005709;CLT-0064;2294,14;Russie;France;14;0;0;0;0;0;0;FAIBLE;2026-05-14 11:56:32
TXN-005710;CLT-0074;33912,34;Îles Caïmans;Allemagne;14;1;40;25;0;0;65;ÉLEVÉ;2026-05-14 11:56:32
TXN-005711;CLT-0093;2801,97;France;Suisse;14;0;0;0;0;0;0;FAIBLE;2026-05-14 11:56:32
TXN-005712;CLT-0043;14,84;Espagne;Suisse;14;0;0;0;0;0;0;FAIBLE;2026-05-14 11:56:32
TXN-005713;CLT-0020;48864,14;Panama;Italie;14;1;40;25;0;0;65;ÉLEVÉ;2026-05-14 11:56:32
TXN-005714;CLT-0087;3799,27;Espagne;Italie;14;0;0;0;0;0;0;FAIBLE;2026-05-14 11:56:32
TXN-005715;CLT-0030;3386,56;Espagne;Allemagne;14;0;0;0;0;0;0;FAIBLE;2026-05-14 11:56:32
TXN-005716;CLT-0001;4585,6;Panama;France;14;0;0;25;0;0;25;MODÉRÉ;2026-05-14 11:56:32
TXN-005717;CLT-0047;3723,05;Panama;Îles Caïmans;14;0;0;25;20;0;45;ÉLEVÉ;2026-05-14 11:56:32
TXN-005718;CLT-0063;2354,95;France;Îles Caïmans;14;0;0;0;20;0;20;MODÉRÉ;2026-05-14 11:56:32
TXN-005719;CLT-0003;72234,78;Russie;France;14;1;40;0;0;0;40;ÉLEVÉ;2026-05-14 11:56:32
TXN-005720;CLT-0029;1907,05;Panama;France;14;0;0;25;0;0;25;MODÉRÉ;2026-05-14 11:56:32
TXN-005721;CLT-0027;3287,49;France;Espagne;14;0;0;0;0;0;0;FAIBLE;2026-05-14 11:56:32
TXN-005722;CLT-0058;1030,48;Allemagne;France;14;0;0;0;0;0;0;FAIBLE;2026-05-14 11:56:32
TXN-005723;CLT-0051;335,91;France;France;14;0;0;0;0;0;0;FAIBLE;2026-05-14 11:56:32
TXN-005724;CLT-0039;176,59;Îles Caïmans;France;14;0;0;25;0;0;25;MODÉRÉ;2026-05-14 11:56:32
TXN-005725;CLT-0096;4851,23;Allemagne;Panama;14;0;0;0;20;0;20;MODÉRÉ;2026-05-14 11:56:32
TXN-005726;CLT-0040;3731,96;Russie;Suisse;14;0;0;0;0;0;0;FAIBLE;2026-05-14 11:56:32
TXN-005727;CLT-0081;2792,53;Russie;Îles Caïmans;14;0;0;0;20;0;20;MODÉRÉ;2026-05-14 11:56:32
TXN-005728;CLT-0036;3074,05;Russie;Italie;14;0;0;0;0;0;0;FAIBLE;2026-05-14 11:56:32
TXN-005729;CLT-0086;3976,85;Allemagne;France;14;0;0;0;0;0;0;FAIBLE;2026-05-14 11:56:32
TXN-005730;CLT-0099;4593,1;France;Panama;14;0;0;0;20;0;20;MODÉRÉ;2026-05-14 11:56:32
TXN-005731;CLT-0032;38456,05;Îles Caïmans;Suisse;14;1;40;25;0;0;65;ÉLEVÉ;2026-05-14 11:56:32
TXN-005732;CLT-0033;2877,5;Allemagne;Italie;14;0;0;0;0;0;0;FAIBLE;2026-05-14 11:56:32
TXN-005733;CLT-0057;4842,97;France;France;14;0;0;0;0;0;0;FAIBLE;2026-05-14 11:56:32
TXN-005734;CLT-0042;3934,03;France;Italie;14;0;0;0;0;0;0;FAIBLE;2026-05-14 11:56:32
TXN-005735;CLT-0012;1951,07;Allemagne;Panama;14;0;0;0;20;0;20;MODÉRÉ;2026-05-14 11:56:32
TXN-005736;CLT-0095;3996,25;Russie;Îles Caïmans;14;0;0;0;20;0;20;MODÉRÉ;2026-05-14 11:56:32
TXN-005737;CLT-0065;53993,87;Russie;Îles Caïmans;14;1;40;0;20;0;60;ÉLEVÉ;2026-05-14 11:56:32
TXN-005738;CLT-0006;4078,29;Îles Caïmans;France;14;0;0;25;0;0;25;MODÉRÉ;2026-05-14 11:56:32
TXN-005739;CLT-0006;3098,66;France;France;14;0;0;0;0;0;0;FAIBLE;2026-05-14 11:56:32
TXN-005740;CLT-0006;298,21;Îles Caïmans;France;14;0;0;25;0;0;25;MODÉRÉ;2026-05-14 11:56:32
TXN-005741;CLT-0022;4013,05;Allemagne;Allemagne;14;0;0;0;0;0;0;FAIBLE;2026-05-14 11:56:32
TXN-005742;CLT-0033;4375,58;Îles Caïmans;Italie;14;0;0;25;0;0;25;MODÉRÉ;2026-05-14 11:56:32
TXN-005743;CLT-0024;892,25;Panama;Espagne;14;0;0;25;0;0;25;MODÉRÉ;2026-05-14 11:56:32
TXN-005744;CLT-0058;4114,5;France;France;14;0;0;0;0;0;0;FAIBLE;2026-05-14 11:56:32
TXN-005745;CLT-0040;234,58;Espagne;Suisse;14;0;0;0;0;0;0;FAIBLE;2026-05-14 11:56:32
TXN-005746;CLT-0076;13,45;Allemagne;France;14;0;0;0;0;0;0;FAIBLE;2026-05-14 11:56:32
TXN-005747;CLT-0059;1305,19;France;Îles Caïmans;14;0;0;0;20;0;20;MODÉRÉ;2026-05-14 11:56:32
TXN-005748;CLT-0011;4407,89;France;France;14;0;0;0;0;0;0;FAIBLE;2026-05-14 11:56:32
TXN-005749;CLT-0094;37408,54;Îles Caïmans;Allemagne;14;1;40;25;0;0;65;ÉLEVÉ;2026-05-14 11:56:32
TXN-005750;CLT-0053;4895,38;France;Espagne;14;0;0;0;0;0;0;FAIBLE;2026-05-14 11:56:32
TXN-005751;CLT-0006;4515,67;France;France;14;0;0;0;0;0;0;FAIBLE;2026-05-14 11:56:32
TXN-005752;CLT-0028;3014,87;France;France;14;0;0;0;0;0;0;FAIBLE;2026-05-14 11:56:32
TXN-005753;CLT-0052;2085,76;France;France;14;0;0;0;0;0;0;FAIBLE;2026-05-14 11:56:32
TXN-005754;CLT-0096;2582,97;France;Panama;14;0;0;0;20;0;20;MODÉRÉ;2026-05-14 11:56:32
TXN-005755;CLT-0025;1700,29;France;Italie;14;0;0;0;0;0;0;FAIBLE;2026-05-14 11:56:32
TXN-005756;CLT-0009;84209,49;Espagne;Suisse;14;1;40;0;0;0;40;ÉLEVÉ;2026-05-14 11:56:32
TXN-005757;CLT-0070;4282,19;Panama;Italie;14;0;0;25;0;0;25;MODÉRÉ;2026-05-14 11:56:32
TXN-005758;CLT-0012;1929,99;Espagne;Panama;14;0;0;0;20;0;20;MODÉRÉ;2026-05-14 11:56:32
TXN-005759;CLT-0025;3855,92;Panama;Italie;14;0;0;25;0;0;25;MODÉRÉ;2026-05-14 11:56:32
TXN-005760;CLT-0074;38993,02;Allemagne;Allemagne;14;1;40;0;0;0;40;ÉLEVÉ;2026-05-14 11:56:32
TXN-005761;CLT-0057;2886,18;Îles Caïmans;France;14;0;0;25;0;0;25;MODÉRÉ;2026-05-14 11:56:32
TXN-005762;CLT-0001;2467,35;France;France;14;0;0;0;0;0;0;FAIBLE;2026-05-14 11:56:32
TXN-005763;CLT-0077;3055,5;France;France;14;0;0;0;0;0;0;FAIBLE;2026-05-14 11:56:32
TXN-005764;CLT-0092;4739,15;France;Suisse;14;0;0;0;0;0;0;FAIBLE;2026-05-14 11:56:32
TXN-005765;CLT-0077;4559,77;France;France;14;0;0;0;0;0;0;FAIBLE;2026-05-14 11:56:32
TXN-005766;CLT-0018;2959,05;Allemagne;Panama;14;0;0;0;20;0;20;MODÉRÉ;2026-05-14 11:56:32
TXN-005767;CLT-0006;1771,54;Espagne;France;14;0;0;0;0;0;0;FAIBLE;2026-05-14 11:56:32
TXN-005768;CLT-0062;12538,1;Russie;France;14;1;40;0;0;0;40;ÉLEVÉ;2026-05-14 11:56:32
TXN-005769;CLT-0050;2615,53;Russie;Espagne;14;0;0;0;0;0;0;FAIBLE;2026-05-14 11:56:32
TXN-005770;CLT-0014;44,46;France;France;14;0;0;0;0;0;0;FAIBLE;2026-05-14 11:56:32
TXN-005771;CLT-0093;3947,08;Allemagne;Suisse;14;0;0;0;0;0;0;FAIBLE;2026-05-14 11:56:32
TXN-005772;CLT-0048;4973,44;Îles Caïmans;Suisse;14;0;0;25;0;0;25;MODÉRÉ;2026-05-14 11:56:32
TXN-005773;CLT-0015;3372,13;Îles Caïmans;France;14;0;0;25;0;0;25;MODÉRÉ;2026-05-14 11:56:32
TXN-005774;CLT-0011;63960,15;France;France;14;1;40;0;0;0;40;ÉLEVÉ;2026-05-14 11:56:32
TXN-005775;CLT-0087;3555,17;Allemagne;Italie;14;0;0;0;0;0;0;FAIBLE;2026-05-14 11:56:32
TXN-005776;CLT-0075;918,73;Russie;France;14;0;0;0;0;0;0;FAIBLE;2026-05-14 11:56:32
TXN-005777;CLT-0055;4577,22;Allemagne;Espagne;14;0;0;0;0;0;0;FAIBLE;2026-05-14 11:56:32
TXN-005778;CLT-0044;32750,54;Îles Caïmans;France;14;1;40;25;0;0;65;ÉLEVÉ;2026-05-14 11:56:32
TXN-005779;CLT-0078;3440,74;France;Suisse;14;0;0;0;0;0;0;FAIBLE;2026-05-14 11:56:32
TXN-005780;CLT-0014;3522,42;Îles Caïmans;France;14;0;0;25;0;0;25;MODÉRÉ;2026-05-14 11:56:32
TXN-005781;CLT-0046;251,53;Panama;France;14;0;0;25;0;0;25;MODÉRÉ;2026-05-14 11:56:32
TXN-005782;CLT-0028;334,86;France;France;14;0;0;0;0;0;0;FAIBLE;2026-05-14 11:56:32
TXN-005783;CLT-0100;2030,69;France;Suisse;14;0;0;0;0;0;0;FAIBLE;2026-05-14 11:56:32
TXN-005784;CLT-0006;3738,28;France;France;14;0;0;0;0;0;0;FAIBLE;2026-05-14 11:56:32
TXN-005785;CLT-0033;2502,82;Allemagne;Italie;14;0;0;0;0;0;0;FAIBLE;2026-05-14 11:56:32
TXN-005786;CLT-0036;2823,98;Panama;Italie;14;0;0;25;0;0;25;MODÉRÉ;2026-05-14 11:56:32
TXN-005787;CLT-0088;43142,79;France;Allemagne;14;1;40;0;0;0;40;ÉLEVÉ;2026-05-14 11:56:32
TXN-005788;CLT-0034;667,2;Îles Caïmans;France;14;0;0;25;0;0;25;MODÉRÉ;2026-05-14 11:56:32
TXN-005789;CLT-0080;2791,93;Panama;France;14;0;0;25;0;0;25;MODÉRÉ;2026-05-14 11:56:32
TXN-005790;CLT-0019;212,7;Espagne;Espagne;14;0;0;0;0;0;0;FAIBLE;2026-05-14 11:56:32
TXN-005791;CLT-0085;20447,54;Espagne;Îles Caïmans;14;1;40;0;20;0;60;ÉLEVÉ;2026-05-14 11:56:32
TXN-005792;CLT-0057;2276,96;France;France;14;0;0;0;0;0;0;FAIBLE;2026-05-14 11:56:32
TXN-005793;CLT-0069;960,77;Russie;Panama;14;0;0;0;20;0;20;MODÉRÉ;2026-05-14 11:56:32
TXN-005794;CLT-0077;1958,77;Allemagne;France;14;0;0;0;0;0;0;FAIBLE;2026-05-14 11:56:32
TXN-005795;CLT-0064;41994,91;Îles Caïmans;France;14;1;40;25;0;0;65;ÉLEVÉ;2026-05-14 11:56:32
TXN-005796;CLT-0092;94062,88;Panama;Suisse;14;1;40;25;0;0;65;ÉLEVÉ;2026-05-14 11:56:32
TXN-005797;CLT-0050;81,48;Russie;Espagne;14;0;0;0;0;0;0;FAIBLE;2026-05-14 11:56:32
TXN-005798;CLT-0050;433,16;Îles Caïmans;Espagne;14;0;0;25;0;0;25;MODÉRÉ;2026-05-14 11:56:32
TXN-005799;CLT-0077;3842,29;France;France;14;0;0;0;0;0;0;FAIBLE;2026-05-14 11:56:32
TXN-005800;CLT-0077;4706,73;Russie;France;14;0;0;0;0;0;0;FAIBLE;2026-05-14 11:56:32
TXN-005801;CLT-0049;633,43;Russie;France;14;0;0;0;0;0;0;FAIBLE;2026-05-14 11:56:32
TXN-005802;CLT-0006;4109,39;France;France;14;0;0;0;0;0;0;FAIBLE;2026-05-14 11:56:32
TXN-005803;CLT-0017;4111,08;France;Îles Caïmans;14;0;0;0;20;0;20;MODÉRÉ;2026-05-14 11:56:32
TXN-005804;CLT-0036;746,11;Allemagne;Italie;14;0;0;0;0;0;0;FAIBLE;2026-05-14 11:56:32
TXN-005805;CLT-0005;1714,44;Panama;Panama;14;0;0;25;20;0;45;ÉLEVÉ;2026-05-14 11:56:32
TXN-005806;CLT-0040;2617,18;Îles Caïmans;Suisse;14;0;0;25;0;0;25;MODÉRÉ;2026-05-14 11:56:32
TXN-005807;CLT-0047;2268,55;Panama;Îles Caïmans;14;0;0;25;20;0;45;ÉLEVÉ;2026-05-14 11:56:32
TXN-005808;CLT-0094;51,19;Panama;Allemagne;14;0;0;25;0;0;25;MODÉRÉ;2026-05-14 11:56:32
TXN-005809;CLT-0066;447,41;Panama;Espagne;14;0;0;25;0;0;25;MODÉRÉ;2026-05-14 11:56:32
TXN-005810;CLT-0080;93,12;Espagne;France;14;0;0;0;0;0;0;FAIBLE;2026-05-14 11:56:32
TXN-005811;CLT-0093;1218,58;France;Suisse;14;0;0;0;0;0;0;FAIBLE;2026-05-14 11:56:32
TXN-005812;CLT-0035;4417,13;Allemagne;Espagne;14;0;0;0;0;0;0;FAIBLE;2026-05-14 11:56:32
TXN-005813;CLT-0090;3966,22;Espagne;France;14;0;0;0;0;0;0;FAIBLE;2026-05-14 11:56:32
TXN-005814;CLT-0063;4039,15;Allemagne;Îles Caïmans;14;0;0;0;20;0;20;MODÉRÉ;2026-05-14 11:56:32
TXN-005815;CLT-0088;4535,6;Russie;Allemagne;14;0;0;0;0;0;0;FAIBLE;2026-05-14 11:56:32
TXN-005816;CLT-0039;2724,52;France;France;14;0;0;0;0;0;0;FAIBLE;2026-05-14 11:56:32
TXN-005817;CLT-0019;17983,88;France;Espagne;14;1;40;0;0;0;40;ÉLEVÉ;2026-05-14 11:56:32
TXN-005818;CLT-0088;3117,32;France;Allemagne;14;0;0;0;0;0;0;FAIBLE;2026-05-14 11:56:32
TXN-005819;CLT-0088;3269,19;Îles Caïmans;Allemagne;14;0;0;25;0;0;25;MODÉRÉ;2026-05-14 11:56:32
TXN-005820;CLT-0045;1560,55;Îles Caïmans;France;14;0;0;25;0;0;25;MODÉRÉ;2026-05-14 11:56:32
TXN-005821;CLT-0065;3399,62;Russie;Îles Caïmans;14;0;0;0;20;0;20;MODÉRÉ;2026-05-14 11:56:32
TXN-005822;CLT-0017;3883,75;Allemagne;Îles Caïmans;14;0;0;0;20;0;20;MODÉRÉ;2026-05-14 11:56:32
TXN-005823;CLT-0069;1509,53;Allemagne;Panama;14;0;0;0;20;0;20;MODÉRÉ;2026-05-14 11:56:32
TXN-005824;CLT-0020;4960,78;Espagne;Italie;14;0;0;0;0;0;0;FAIBLE;2026-05-14 11:56:32
TXN-005825;CLT-0042;936,54;Panama;Italie;14;0;0;25;0;0;25;MODÉRÉ;2026-05-14 11:56:32
TXN-005826;CLT-0087;86216,16;France;Italie;14;1;40;0;0;0;40;ÉLEVÉ;2026-05-14 11:56:32
TXN-005827;CLT-0033;1662,28;Panama;Italie;14;0;0;25;0;0;25;MODÉRÉ;2026-05-14 11:56:32
TXN-005828;CLT-0066;3683,72;France;Espagne;14;0;0;0;0;0;0;FAIBLE;2026-05-14 11:56:32
TXN-005829;CLT-0061;30793,63;Îles Caïmans;France;14;1;40;25;0;0;65;ÉLEVÉ;2026-05-14 11:56:32
TXN-005830;CLT-0017;3545,87;Russie;Îles Caïmans;14;0;0;0;20;0;20;MODÉRÉ;2026-05-14 11:56:32
TXN-005831;CLT-0058;3536,78;France;France;14;0;0;0;0;0;0;FAIBLE;2026-05-14 11:56:32
TXN-005832;CLT-0010;49119,51;Îles Caïmans;Îles Caïmans;14;1;40;25;20;0;85;CRITIQUE;2026-05-14 11:56:32
TXN-005833;CLT-0048;3024,84;Îles Caïmans;Suisse;14;0;0;25;0;0;25;MODÉRÉ;2026-05-14 11:56:32
TXN-005834;CLT-0062;65130,03;France;France;14;1;40;0;0;0;40;ÉLEVÉ;2026-05-14 11:56:32
TXN-005835;CLT-0001;4773,93;France;France;14;0;0;0;0;0;0;FAIBLE;2026-05-14 11:56:32
TXN-005836;CLT-0046;417,28;Îles Caïmans;France;14;0;0;25;0;0;25;MODÉRÉ;2026-05-14 11:56:32
TXN-005837;CLT-0040;1769,11;Allemagne;Suisse;14;0;0;0;0;0;0;FAIBLE;2026-05-14 11:56:32
TXN-005838;CLT-0062;2979,84;France;France;14;0;0;0;0;0;0;FAIBLE;2026-05-14 11:56:32
TXN-005839;CLT-0032;1818,5;Russie;Suisse;14;0;0;0;0;0;0;FAIBLE;2026-05-14 11:56:32
TXN-005840;CLT-0060;2166,36;France;Italie;14;0;0;0;0;0;0;FAIBLE;2026-05-14 11:56:32
TXN-005841;CLT-0082;11976,61;Allemagne;Panama;14;1;40;0;20;0;60;ÉLEVÉ;2026-05-14 11:56:32
TXN-005842;CLT-0047;3002,78;Panama;Îles Caïmans;14;0;0;25;20;0;45;ÉLEVÉ;2026-05-14 11:56:32
TXN-005843;CLT-0009;3587,54;France;Suisse;14;0;0;0;0;0;0;FAIBLE;2026-05-14 11:56:32
TXN-005844;CLT-0007;2386,05;France;Suisse;14;0;0;0;0;0;0;FAIBLE;2026-05-14 11:56:32
TXN-005845;CLT-0078;2957,91;Allemagne;Suisse;14;0;0;0;0;0;0;FAIBLE;2026-05-14 11:56:32
TXN-005846;CLT-0066;4888,38;Russie;Espagne;14;0;0;0;0;0;0;FAIBLE;2026-05-14 11:56:32
TXN-005847;CLT-0027;2921,02;France;Espagne;14;0;0;0;0;0;0;FAIBLE;2026-05-14 11:56:32
TXN-005848;CLT-0042;939,22;France;Italie;14;0;0;0;0;0;0;FAIBLE;2026-05-14 11:56:32
TXN-005849;CLT-0058;2200,47;France;France;14;0;0;0;0;0;0;FAIBLE;2026-05-14 11:56:32
TXN-005850;CLT-0028;3661,86;Russie;France;14;0;0;0;0;0;0;FAIBLE;2026-05-14 11:56:32
TXN-005851;CLT-0033;2363,28;Russie;Italie;14;0;0;0;0;0;0;FAIBLE;2026-05-14 11:56:32
TXN-005852;CLT-0098;43033,97;Îles Caïmans;Espagne;14;1;40;25;0;0;65;ÉLEVÉ;2026-05-14 11:56:32
TXN-005853;CLT-0049;66482,29;France;France;14;1;40;0;0;0;40;ÉLEVÉ;2026-05-14 11:56:32
TXN-005854;CLT-0016;2752,63;France;Espagne;14;0;0;0;0;0;0;FAIBLE;2026-05-14 11:56:32
TXN-005855;CLT-0065;80122,44;France;Îles Caïmans;14;1;40;0;20;0;60;ÉLEVÉ;2026-05-14 11:56:32
TXN-005856;CLT-0018;3952,78;Espagne;Panama;14;0;0;0;20;0;20;MODÉRÉ;2026-05-14 11:56:32
TXN-005857;CLT-0026;1085,31;Espagne;Italie;14;0;0;0;0;0;0;FAIBLE;2026-05-14 11:56:32
TXN-005858;CLT-0056;1807,16;France;Allemagne;14;0;0;0;0;0;0;FAIBLE;2026-05-14 11:56:32
TXN-005859;CLT-0052;193,05;France;France;14;0;0;0;0;0;0;FAIBLE;2026-05-14 11:56:32
TXN-005860;CLT-0013;2719,97;Allemagne;France;14;0;0;0;0;0;0;FAIBLE;2026-05-14 11:56:32
TXN-005861;CLT-0044;4571,59;Espagne;France;14;0;0;0;0;0;0;FAIBLE;2026-05-14 11:56:32
TXN-005862;CLT-0015;4998,33;Espagne;France;14;0;0;0;0;0;0;FAIBLE;2026-05-14 11:56:32
TXN-005863;CLT-0013;3993,7;Espagne;France;14;0;0;0;0;0;0;FAIBLE;2026-05-14 11:56:32
TXN-005864;CLT-0096;155,16;Russie;Panama;14;0;0;0;20;0;20;MODÉRÉ;2026-05-14 11:56:32
TXN-005865;CLT-0003;450,86;Allemagne;France;14;0;0;0;0;0;0;FAIBLE;2026-05-14 11:56:32
TXN-005866;CLT-0013;1269,58;Îles Caïmans;France;14;0;0;25;0;0;25;MODÉRÉ;2026-05-14 11:56:32
TXN-005867;CLT-0095;2901,13;Panama;Îles Caïmans;14;0;0;25;20;0;45;ÉLEVÉ;2026-05-14 11:56:32
TXN-005868;CLT-0080;1297,46;Russie;France;14;0;0;0;0;0;0;FAIBLE;2026-05-14 11:56:32
TXN-005869;CLT-0027;994,69;Allemagne;Espagne;14;0;0;0;0;0;0;FAIBLE;2026-05-14 11:56:32
TXN-005870;CLT-0064;1975,45;Russie;France;14;0;0;0;0;0;0;FAIBLE;2026-05-14 11:56:32
TXN-005871;CLT-0061;2144,07;Panama;France;14;0;0;25;0;0;25;MODÉRÉ;2026-05-14 11:56:32
TXN-005872;CLT-0055;1810,79;Allemagne;Espagne;14;0;0;0;0;0;0;FAIBLE;2026-05-14 11:56:32
TXN-005873;CLT-0033;1549,91;France;Italie;14;0;0;0;0;0;0;FAIBLE;2026-05-14 11:56:32
TXN-005874;CLT-0004;1108,09;Espagne;Suisse;14;0;0;0;0;0;0;FAIBLE;2026-05-14 11:56:32
TXN-005875;CLT-0025;3935,25;France;Italie;14;0;0;0;0;0;0;FAIBLE;2026-05-14 11:56:32
TXN-005876;CLT-0015;2455,14;France;France;14;0;0;0;0;0;0;FAIBLE;2026-05-14 11:56:32
TXN-005877;CLT-0079;14524,64;Panama;Îles Caïmans;14;1;40;25;20;0;85;CRITIQUE;2026-05-14 11:56:32
TXN-005878;CLT-0037;4835,42;Allemagne;Îles Caïmans;14;0;0;0;20;0;20;MODÉRÉ;2026-05-14 11:56:32
TXN-005879;CLT-0021;1263,06;Espagne;France;14;0;0;0;0;0;0;FAIBLE;2026-05-14 11:56:32
TXN-005880;CLT-0001;3022,51;Îles Caïmans;France;14;0;0;25;0;0;25;MODÉRÉ;2026-05-14 11:56:32
TXN-005881;CLT-0059;89237,91;France;Îles Caïmans;14;1;40;0;20;0;60;ÉLEVÉ;2026-05-14 11:56:32
TXN-005882;CLT-0078;3147,91;France;Suisse;14;0;0;0;0;0;0;FAIBLE;2026-05-14 11:56:32
TXN-005883;CLT-0068;4529,62;Îles Caïmans;Allemagne;14;0;0;25;0;0;25;MODÉRÉ;2026-05-14 11:56:32
TXN-005884;CLT-0060;4693,65;Îles Caïmans;Italie;14;0;0;25;0;0;25;MODÉRÉ;2026-05-14 11:56:32
TXN-005885;CLT-0087;4889,26;France;Italie;14;0;0;0;0;0;0;FAIBLE;2026-05-14 11:56:32
TXN-005886;CLT-0059;23766,61;Îles Caïmans;Îles Caïmans;14;1;40;25;20;0;85;CRITIQUE;2026-05-14 11:56:32
TXN-005887;CLT-0047;3376,39;Îles Caïmans;Îles Caïmans;14;0;0;25;20;0;45;ÉLEVÉ;2026-05-14 11:56:32
TXN-005888;CLT-0035;2199,77;Russie;Espagne;14;0;0;0;0;0;0;FAIBLE;2026-05-14 11:56:32
TXN-005889;CLT-0047;81449,76;Russie;Îles Caïmans;14;1;40;0;20;0;60;ÉLEVÉ;2026-05-14 11:56:32
TXN-005890;CLT-0060;793,21;France;Italie;14;0;0;0;0;0;0;FAIBLE;2026-05-14 11:56:32
TXN-005891;CLT-0080;37200,93;Russie;France;14;1;40;0;0;0;40;ÉLEVÉ;2026-05-14 11:56:32
TXN-005892;CLT-0094;1035,95;France;Allemagne;14;0;0;0;0;0;0;FAIBLE;2026-05-14 11:56:32
TXN-005893;CLT-0044;2935,33;Îles Caïmans;France;14;0;0;25;0;0;25;MODÉRÉ;2026-05-14 11:56:32
TXN-005894;CLT-0044;184,32;Russie;France;14;0;0;0;0;0;0;FAIBLE;2026-05-14 11:56:32
TXN-005895;CLT-0062;1740,38;Espagne;France;14;0;0;0;0;0;0;FAIBLE;2026-05-14 11:56:32
TXN-005896;CLT-0053;4744,97;Espagne;Espagne;14;0;0;0;0;0;0;FAIBLE;2026-05-14 11:56:32
TXN-005897;CLT-0026;264,79;Russie;Italie;14;0;0;0;0;0;0;FAIBLE;2026-05-14 11:56:32
TXN-005898;CLT-0098;2469,05;Îles Caïmans;Espagne;14;0;0;25;0;0;25;MODÉRÉ;2026-05-14 11:56:32
TXN-005899;CLT-0067;3994,5;Îles Caïmans;Panama;14;0;0;25;20;0;45;ÉLEVÉ;2026-05-14 11:56:32
TXN-005900;CLT-0082;1303,82;Russie;Panama;14;0;0;0;20;0;20;MODÉRÉ;2026-05-14 11:56:32
TXN-005901;CLT-0095;1750,86;Espagne;Îles Caïmans;14;0;0;0;20;0;20;MODÉRÉ;2026-05-14 11:56:32
TXN-005902;CLT-0083;4536,55;France;France;14;0;0;0;0;0;0;FAIBLE;2026-05-14 11:56:32
TXN-005903;CLT-0057;3875,52;France;France;14;0;0;0;0;0;0;FAIBLE;2026-05-14 11:56:32
TXN-005904;CLT-0087;37,75;Îles Caïmans;Italie;14;0;0;25;0;0;25;MODÉRÉ;2026-05-14 11:56:32
TXN-005905;CLT-0034;1142,68;France;France;14;0;0;0;0;0;0;FAIBLE;2026-05-14 11:56:32
TXN-005906;CLT-0036;4025,6;France;Italie;14;0;0;0;0;0;0;FAIBLE;2026-05-14 11:56:32
TXN-005907;CLT-0048;2415,38;Allemagne;Suisse;14;0;0;0;0;0;0;FAIBLE;2026-05-14 11:56:32
TXN-005908;CLT-0075;2673,05;France;France;14;0;0;0;0;0;0;FAIBLE;2026-05-14 11:56:32
TXN-005909;CLT-0077;613,12;Espagne;France;14;0;0;0;0;0;0;FAIBLE;2026-05-14 11:56:32
TXN-005910;CLT-0036;2629,06;Russie;Italie;14;0;0;0;0;0;0;FAIBLE;2026-05-14 11:56:32
TXN-005911;CLT-0012;1053,07;France;Panama;14;0;0;0;20;0;20;MODÉRÉ;2026-05-14 11:56:32
TXN-005912;CLT-0091;1937,76;France;Allemagne;14;0;0;0;0;0;0;FAIBLE;2026-05-14 11:56:32
TXN-005913;CLT-0053;238,99;Allemagne;Espagne;14;0;0;0;0;0;0;FAIBLE;2026-05-14 11:56:32
TXN-005914;CLT-0056;2265,26;Allemagne;Allemagne;14;0;0;0;0;0;0;FAIBLE;2026-05-14 11:56:32
TXN-005915;CLT-0036;4623,38;Espagne;Italie;14;0;0;0;0;0;0;FAIBLE;2026-05-14 11:56:32
TXN-005916;CLT-0056;4989,04;Allemagne;Allemagne;14;0;0;0;0;0;0;FAIBLE;2026-05-14 11:56:32
TXN-005917;CLT-0063;4286,99;Russie;Îles Caïmans;14;0;0;0;20;0;20;MODÉRÉ;2026-05-14 11:56:32
TXN-005918;CLT-0007;1685,01;Espagne;Suisse;14;0;0;0;0;0;0;FAIBLE;2026-05-14 11:56:32
TXN-005919;CLT-0003;358,38;Russie;France;14;0;0;0;0;0;0;FAIBLE;2026-05-14 11:56:32
TXN-005920;CLT-0015;2419,86;Panama;France;14;0;0;25;0;0;25;MODÉRÉ;2026-05-14 11:56:32
TXN-005921;CLT-0034;34015,58;Russie;France;14;1;40;0;0;0;40;ÉLEVÉ;2026-05-14 11:56:32
TXN-005922;CLT-0067;3172,9;Allemagne;Panama;14;0;0;0;20;0;20;MODÉRÉ;2026-05-14 11:56:32
TXN-005923;CLT-0034;118,42;Allemagne;France;14;0;0;0;0;0;0;FAIBLE;2026-05-14 11:56:32
TXN-005924;CLT-0048;2241,46;Russie;Suisse;14;0;0;0;0;0;0;FAIBLE;2026-05-14 11:56:32
TXN-005925;CLT-0003;1059,76;France;France;14;0;0;0;0;0;0;FAIBLE;2026-05-14 11:56:32
TXN-005926;CLT-0004;936,79;Russie;Suisse;14;0;0;0;0;0;0;FAIBLE;2026-05-14 11:56:32
TXN-005927;CLT-0062;3783,52;France;France;14;0;0;0;0;0;0;FAIBLE;2026-05-14 11:56:32
TXN-005928;CLT-0093;3002,57;France;Suisse;14;0;0;0;0;0;0;FAIBLE;2026-05-14 11:56:32
TXN-005929;CLT-0025;2854,23;Russie;Italie;14;0;0;0;0;0;0;FAIBLE;2026-05-14 11:56:32
TXN-005930;CLT-0067;2995,13;France;Panama;14;0;0;0;20;0;20;MODÉRÉ;2026-05-14 11:56:32
TXN-005931;CLT-0064;4830,5;Russie;France;14;0;0;0;0;0;0;FAIBLE;2026-05-14 11:56:32
TXN-005932;CLT-0100;87749,98;Russie;Suisse;14;1;40;0;0;0;40;ÉLEVÉ;2026-05-14 11:56:32
TXN-005933;CLT-0097;3794,89;Panama;Panama;14;0;0;25;20;0;45;ÉLEVÉ;2026-05-14 11:56:32
TXN-005934;CLT-0035;10606,74;Russie;Espagne;14;1;40;0;0;0;40;ÉLEVÉ;2026-05-14 11:56:32
TXN-005935;CLT-0098;47590,98;Espagne;Espagne;14;1;40;0;0;0;40;ÉLEVÉ;2026-05-14 11:56:32
TXN-005936;CLT-0026;3656,45;Allemagne;Italie;14;0;0;0;0;0;0;FAIBLE;2026-05-14 11:56:32
TXN-005937;CLT-0060;4208,71;Îles Caïmans;Italie;14;0;0;25;0;0;25;MODÉRÉ;2026-05-14 11:56:32
TXN-005938;CLT-0089;1649,53;Espagne;Îles Caïmans;14;0;0;0;20;0;20;MODÉRÉ;2026-05-14 11:56:32
TXN-005939;CLT-0024;3104,75;France;Espagne;14;0;0;0;0;0;0;FAIBLE;2026-05-14 11:56:32
TXN-005940;CLT-0071;953,82;Allemagne;Îles Caïmans;14;0;0;0;20;0;20;MODÉRÉ;2026-05-14 11:56:32
TXN-005941;CLT-0032;3931,52;Îles Caïmans;Suisse;14;0;0;25;0;0;25;MODÉRÉ;2026-05-14 11:56:32
TXN-005942;CLT-0065;2601,09;Espagne;Îles Caïmans;14;0;0;0;20;0;20;MODÉRÉ;2026-05-14 11:56:32
TXN-005943;CLT-0072;4444,9;Panama;Allemagne;14;0;0;25;0;0;25;MODÉRÉ;2026-05-14 11:56:32
TXN-005944;CLT-0026;2942,24;France;Italie;14;0;0;0;0;0;0;FAIBLE;2026-05-14 11:56:32
TXN-005945;CLT-0001;4438,45;France;France;14;0;0;0;0;0;0;FAIBLE;2026-05-14 11:56:32
TXN-005946;CLT-0016;3128,72;France;Espagne;14;0;0;0;0;0;0;FAIBLE;2026-05-14 11:56:32
TXN-005947;CLT-0017;4561,28;Îles Caïmans;Îles Caïmans;14;0;0;25;20;0;45;ÉLEVÉ;2026-05-14 11:56:32
TXN-005948;CLT-0022;1102,53;Panama;Allemagne;14;0;0;25;0;0;25;MODÉRÉ;2026-05-14 11:56:32
TXN-005949;CLT-0001;2003,76;France;France;14;0;0;0;0;0;0;FAIBLE;2026-05-14 11:56:32
TXN-005950;CLT-0046;3216,91;France;France;14;0;0;0;0;0;0;FAIBLE;2026-05-14 11:56:32
TXN-005951;CLT-0021;3416,26;France;France;14;0;0;0;0;0;0;FAIBLE;2026-05-14 11:56:32
TXN-005952;CLT-0046;92797,5;France;France;14;1;40;0;0;0;40;ÉLEVÉ;2026-05-14 11:56:32
TXN-005953;CLT-0003;4607,71;France;France;14;0;0;0;0;0;0;FAIBLE;2026-05-14 11:56:32
TXN-005954;CLT-0018;3324,86;Îles Caïmans;Panama;14;0;0;25;20;0;45;ÉLEVÉ;2026-05-14 11:56:32
TXN-005955;CLT-0039;640,31;France;France;14;0;0;0;0;0;0;FAIBLE;2026-05-14 11:56:32
TXN-005956;CLT-0008;172,34;Espagne;Suisse;14;0;0;0;0;0;0;FAIBLE;2026-05-14 11:56:32
TXN-005957;CLT-0067;3546,99;Russie;Panama;14;0;0;0;20;0;20;MODÉRÉ;2026-05-14 11:56:32
TXN-005958;CLT-0027;2432,21;France;Espagne;14;0;0;0;0;0;0;FAIBLE;2026-05-14 11:56:32
TXN-005959;CLT-0088;3586,28;Allemagne;Allemagne;14;0;0;0;0;0;0;FAIBLE;2026-05-14 11:56:32
TXN-005960;CLT-0069;533,84;Russie;Panama;14;0;0;0;20;0;20;MODÉRÉ;2026-05-14 11:56:32
TXN-005961;CLT-0018;67028,74;Espagne;Panama;14;1;40;0;20;0;60;ÉLEVÉ;2026-05-14 11:56:32
TXN-005962;CLT-0065;2938,54;France;Îles Caïmans;14;0;0;0;20;0;20;MODÉRÉ;2026-05-14 11:56:32
TXN-005963;CLT-0088;1832,0;France;Allemagne;14;0;0;0;0;0;0;FAIBLE;2026-05-14 11:56:32
TXN-005964;CLT-0032;1698,85;France;Suisse;14;0;0;0;0;0;0;FAIBLE;2026-05-14 11:56:32
TXN-005965;CLT-0043;3642,37;Espagne;Suisse;14;0;0;0;0;0;0;FAIBLE;2026-05-14 11:56:32
TXN-005966;CLT-0087;2272,88;France;Italie;14;0;0;0;0;0;0;FAIBLE;2026-05-14 11:56:32
TXN-005967;CLT-0071;3813,41;France;Îles Caïmans;14;0;0;0;20;0;20;MODÉRÉ;2026-05-14 11:56:32
TXN-005968;CLT-0066;4228,08;France;Espagne;14;0;0;0;0;0;0;FAIBLE;2026-05-14 11:56:32
TXN-005969;CLT-0038;1447,65;Allemagne;Îles Caïmans;14;0;0;0;20;0;20;MODÉRÉ;2026-05-14 11:56:32
TXN-005970;CLT-0077;143,54;Panama;France;14;0;0;25;0;0;25;MODÉRÉ;2026-05-14 11:56:32
TXN-005971;CLT-0048;3010,66;France;Suisse;14;0;0;0;0;0;0;FAIBLE;2026-05-14 11:56:32
TXN-005972;CLT-0018;2543,87;Russie;Panama;14;0;0;0;20;0;20;MODÉRÉ;2026-05-14 11:56:32
TXN-005973;CLT-0099;1655,38;Russie;Panama;14;0;0;0;20;0;20;MODÉRÉ;2026-05-14 11:56:32
TXN-005974;CLT-0024;1364,83;Espagne;Espagne;14;0;0;0;0;0;0;FAIBLE;2026-05-14 11:56:32
TXN-005975;CLT-0066;596,19;France;Espagne;14;0;0;0;0;0;0;FAIBLE;2026-05-14 11:56:32
TXN-005976;CLT-0062;3685,94;Russie;France;14;0;0;0;0;0;0;FAIBLE;2026-05-14 11:56:32
TXN-005977;CLT-0091;94,96;Panama;Allemagne;14;0;0;25;0;0;25;MODÉRÉ;2026-05-14 11:56:32
TXN-005978;CLT-0071;3003,23;Îles Caïmans;Îles Caïmans;14;0;0;25;20;0;45;ÉLEVÉ;2026-05-14 11:56:32
TXN-005979;CLT-0056;1333,11;France;Allemagne;14;0;0;0;0;0;0;FAIBLE;2026-05-14 11:56:32
TXN-005980;CLT-0085;2822,56;France;Îles Caïmans;14;0;0;0;20;0;20;MODÉRÉ;2026-05-14 11:56:32
TXN-005981;CLT-0044;1826,43;France;France;14;0;0;0;0;0;0;FAIBLE;2026-05-14 11:56:32
TXN-005982;CLT-0080;2160,32;Îles Caïmans;France;14;0;0;25;0;0;25;MODÉRÉ;2026-05-14 11:56:32
TXN-005983;CLT-0063;3913,37;Russie;Îles Caïmans;14;0;0;0;20;0;20;MODÉRÉ;2026-05-14 11:56:32
TXN-005984;CLT-0037;994,75;France;Îles Caïmans;14;0;0;0;20;0;20;MODÉRÉ;2026-05-14 11:56:32
TXN-005985;CLT-0064;1017,77;France;France;14;0;0;0;0;0;0;FAIBLE;2026-05-14 11:56:32
TXN-005986;CLT-0072;4802,31;Espagne;Allemagne;14;0;0;0;0;0;0;FAIBLE;2026-05-14 11:56:32
TXN-005987;CLT-0047;3116,21;France;Îles Caïmans;14;0;0;0;20;0;20;MODÉRÉ;2026-05-14 11:56:32
TXN-005988;CLT-0085;2125,57;Allemagne;Îles Caïmans;14;0;0;0;20;0;20;MODÉRÉ;2026-05-14 11:56:32
TXN-005989;CLT-0062;4850,74;Îles Caïmans;France;14;0;0;25;0;0;25;MODÉRÉ;2026-05-14 11:56:32
TXN-005990;CLT-0046;2806,85;Espagne;France;14;0;0;0;0;0;0;FAIBLE;2026-05-14 11:56:32
TXN-005991;CLT-0004;3721,65;Îles Caïmans;Suisse;14;0;0;25;0;0;25;MODÉRÉ;2026-05-14 11:56:32
TXN-005992;CLT-0011;263,57;France;France;14;0;0;0;0;0;0;FAIBLE;2026-05-14 11:56:32
TXN-005993;CLT-0072;1654,85;France;Allemagne;14;0;0;0;0;0;0;FAIBLE;2026-05-14 11:56:32
TXN-005994;CLT-0075;70483,16;Allemagne;France;14;1;40;0;0;0;40;ÉLEVÉ;2026-05-14 11:56:32
TXN-005995;CLT-0100;1924,74;Allemagne;Suisse;14;0;0;0;0;0;0;FAIBLE;2026-05-14 11:56:32
TXN-005996;CLT-0005;3344,47;Panama;Panama;14;0;0;25;20;0;45;ÉLEVÉ;2026-05-14 11:56:32
TXN-005997;CLT-0005;131,97;Panama;Panama;14;0;0;25;20;0;45;ÉLEVÉ;2026-05-14 11:56:32
TXN-005998;CLT-0011;2763,82;France;France;14;0;0;0;0;0;0;FAIBLE;2026-05-14 11:56:32
TXN-005999;CLT-0021;1031,0;Espagne;France;14;0;0;0;0;0;0;FAIBLE;2026-05-14 11:56:32
TXN-006000;CLT-0088;61164,76;Allemagne;Allemagne;14;1;40;0;0;0;40;ÉLEVÉ;2026-05-14 11:56:32
TXN-006001;CLT-0076;2172,81;France;France;14;0;0;0;0;0;0;FAIBLE;2026-05-14 11:56:32
TXN-006002;CLT-0070;3331,79;Russie;Italie;14;0;0;0;0;0;0;FAIBLE;2026-05-14 11:56:32
TXN-006003;CLT-0072;4718,75;Allemagne;Allemagne;14;0;0;0;0;0;0;FAIBLE;2026-05-14 11:56:32
TXN-006004;CLT-0067;1423,8;Îles Caïmans;Panama;14;0;0;25;20;0;45;ÉLEVÉ;2026-05-14 11:56:32
TXN-006005;CLT-0096;2167,06;France;Panama;14;0;0;0;20;0;20;MODÉRÉ;2026-05-14 11:56:32
TXN-006006;CLT-0066;2722,95;France;Espagne;14;0;0;0;0;0;0;FAIBLE;2026-05-14 11:56:32
TXN-006007;CLT-0056;3716,86;Russie;Allemagne;14;0;0;0;0;0;0;FAIBLE;2026-05-14 11:56:32
TXN-006008;CLT-0040;3642,37;France;Suisse;14;0;0;0;0;0;0;FAIBLE;2026-05-14 11:56:32
TXN-006009;CLT-0099;3244,74;Russie;Panama;14;0;0;0;20;0;20;MODÉRÉ;2026-05-14 11:56:32
TXN-006010;CLT-0057;2176,13;Panama;France;14;0;0;25;0;0;25;MODÉRÉ;2026-05-14 11:56:32
TXN-006011;CLT-0061;3418,67;Espagne;France;14;0;0;0;0;0;0;FAIBLE;2026-05-14 11:56:32
TXN-006012;CLT-0050;2836,73;Russie;Espagne;14;0;0;0;0;0;0;FAIBLE;2026-05-14 11:56:32
TXN-006013;CLT-0050;1536,72;Allemagne;Espagne;14;0;0;0;0;0;0;FAIBLE;2026-05-14 11:56:32
TXN-006014;CLT-0043;2849,49;France;Suisse;14;0;0;0;0;0;0;FAIBLE;2026-05-14 11:56:32
TXN-006015;CLT-0052;1658,1;France;France;14;0;0;0;0;0;0;FAIBLE;2026-05-14 11:56:32
TXN-006016;CLT-0081;1402,95;France;Îles Caïmans;14;0;0;0;20;0;20;MODÉRÉ;2026-05-14 11:56:32
TXN-006017;CLT-0035;4694,33;Îles Caïmans;Espagne;14;0;0;25;0;0;25;MODÉRÉ;2026-05-14 11:56:32
TXN-006018;CLT-0009;3341,68;France;Suisse;14;0;0;0;0;0;0;FAIBLE;2026-05-14 11:56:32
TXN-006019;CLT-0032;2886,93;Espagne;Suisse;14;0;0;0;0;0;0;FAIBLE;2026-05-14 11:56:32
TXN-006020;CLT-0007;2458,32;Russie;Suisse;14;0;0;0;0;0;0;FAIBLE;2026-05-14 11:56:32
TXN-006021;CLT-0100;2434,99;France;Suisse;14;0;0;0;0;0;0;FAIBLE;2026-05-14 11:56:32
TXN-006022;CLT-0027;3380,69;Îles Caïmans;Espagne;14;0;0;25;0;0;25;MODÉRÉ;2026-05-14 11:56:32
TXN-006023;CLT-0042;1511,0;Allemagne;Italie;14;0;0;0;0;0;0;FAIBLE;2026-05-14 11:56:32
TXN-006024;CLT-0042;31098,1;Îles Caïmans;Italie;14;1;40;25;0;0;65;ÉLEVÉ;2026-05-14 11:56:32
TXN-006025;CLT-0087;4567,68;Îles Caïmans;Italie;14;0;0;25;0;0;25;MODÉRÉ;2026-05-14 11:56:32
TXN-006026;CLT-0059;3333,76;Îles Caïmans;Îles Caïmans;14;0;0;25;20;0;45;ÉLEVÉ;2026-05-14 11:56:32
TXN-006027;CLT-0044;20,62;France;France;14;0;0;0;0;0;0;FAIBLE;2026-05-14 11:56:32
TXN-006028;CLT-0084;3189,63;Espagne;Italie;14;0;0;0;0;0;0;FAIBLE;2026-05-14 11:56:32
TXN-006029;CLT-0028;4703,79;Allemagne;France;14;0;0;0;0;0;0;FAIBLE;2026-05-14 11:56:32
TXN-006030;CLT-0014;191,74;Îles Caïmans;France;14;0;0;25;0;0;25;MODÉRÉ;2026-05-14 11:56:32
TXN-006031;CLT-0023;4415,22;France;Allemagne;14;0;0;0;0;0;0;FAIBLE;2026-05-14 11:56:32
TXN-006032;CLT-0066;448,02;Russie;Espagne;14;0;0;0;0;0;0;FAIBLE;2026-05-14 11:56:32
TXN-006033;CLT-0018;3579,64;Allemagne;Panama;14;0;0;0;20;0;20;MODÉRÉ;2026-05-14 11:56:32
TXN-006034;CLT-0074;3161,55;Panama;Allemagne;14;0;0;25;0;0;25;MODÉRÉ;2026-05-14 11:56:32
TXN-006035;CLT-0053;3290,41;France;Espagne;14;0;0;0;0;0;0;FAIBLE;2026-05-14 11:56:32
TXN-006036;CLT-0041;1589,83;France;Panama;14;0;0;0;20;0;20;MODÉRÉ;2026-05-14 11:56:32
TXN-006037;CLT-0024;4944,57;Russie;Espagne;14;0;0;0;0;0;0;FAIBLE;2026-05-14 11:56:32
TXN-006038;CLT-0024;2059,68;France;Espagne;14;0;0;0;0;0;0;FAIBLE;2026-05-14 11:56:32
TXN-006039;CLT-0071;652,99;France;Îles Caïmans;14;0;0;0;20;0;20;MODÉRÉ;2026-05-14 11:56:32
TXN-006040;CLT-0079;4601,26;Russie;Îles Caïmans;14;0;0;0;20;0;20;MODÉRÉ;2026-05-14 11:56:32
TXN-006041;CLT-0078;39635,84;Espagne;Suisse;14;1;40;0;0;0;40;ÉLEVÉ;2026-05-14 11:56:32
TXN-006042;CLT-0100;4501,9;Îles Caïmans;Suisse;14;0;0;25;0;0;25;MODÉRÉ;2026-05-14 11:56:32
TXN-006043;CLT-0017;2997,0;France;Îles Caïmans;14;0;0;0;20;0;20;MODÉRÉ;2026-05-14 11:56:32
TXN-006044;CLT-0055;1763,22;France;Espagne;14;0;0;0;0;0;0;FAIBLE;2026-05-14 11:56:32
TXN-006045;CLT-0025;1085,69;Espagne;Italie;14;0;0;0;0;0;0;FAIBLE;2026-05-14 11:56:32
TXN-006046;CLT-0062;41,13;France;France;14;0;0;0;0;0;0;FAIBLE;2026-05-14 11:56:32
TXN-006047;CLT-0077;2146,25;France;France;14;0;0;0;0;0;0;FAIBLE;2026-05-14 11:56:32
TXN-006048;CLT-0037;55829,09;Allemagne;Îles Caïmans;14;1;40;0;20;0;60;ÉLEVÉ;2026-05-14 11:56:32
TXN-006049;CLT-0031;560,05;France;Panama;14;0;0;0;20;0;20;MODÉRÉ;2026-05-14 11:56:32
TXN-006050;CLT-0057;422,6;Allemagne;France;14;0;0;0;0;0;0;FAIBLE;2026-05-14 11:56:32
TXN-006051;CLT-0053;906,28;Îles Caïmans;Espagne;14;0;0;25;0;0;25;MODÉRÉ;2026-05-14 11:56:32
TXN-006052;CLT-0052;885,91;Îles Caïmans;France;14;0;0;25;0;0;25;MODÉRÉ;2026-05-14 11:56:32
TXN-006053;CLT-0054;1705,37;Espagne;Suisse;14;0;0;0;0;0;0;FAIBLE;2026-05-14 11:56:32
TXN-006054;CLT-0054;1665,47;France;Suisse;14;0;0;0;0;0;0;FAIBLE;2026-05-14 11:56:32
TXN-006055;CLT-0081;3375,52;France;Îles Caïmans;14;0;0;0;20;0;20;MODÉRÉ;2026-05-14 11:56:32
TXN-006056;CLT-0001;70990,02;Panama;France;14;1;40;25;0;0;65;ÉLEVÉ;2026-05-14 11:56:32
TXN-006057;CLT-0056;4228,84;Russie;Allemagne;14;0;0;0;0;0;0;FAIBLE;2026-05-14 11:56:32
TXN-006058;CLT-0060;58377,12;France;Italie;14;1;40;0;0;0;40;ÉLEVÉ;2026-05-14 11:56:32
TXN-006059;CLT-0012;425,31;Russie;Panama;14;0;0;0;20;0;20;MODÉRÉ;2026-05-14 11:56:32
TXN-006060;CLT-0031;2998,15;Allemagne;Panama;14;0;0;0;20;0;20;MODÉRÉ;2026-05-14 11:56:32
TXN-006061;CLT-0030;1155,88;Panama;Allemagne;14;0;0;25;0;0;25;MODÉRÉ;2026-05-14 11:56:32
TXN-006062;CLT-0090;1416,56;France;France;14;0;0;0;0;0;0;FAIBLE;2026-05-14 11:56:32
TXN-006063;CLT-0008;2098,83;Espagne;Suisse;14;0;0;0;0;0;0;FAIBLE;2026-05-14 11:56:32
TXN-006064;CLT-0068;4304,82;France;Allemagne;14;0;0;0;0;0;0;FAIBLE;2026-05-14 11:56:32
TXN-006065;CLT-0034;23367,47;Panama;France;14;1;40;25;0;0;65;ÉLEVÉ;2026-05-14 11:56:32
TXN-006066;CLT-0074;3423,7;France;Allemagne;14;0;0;0;0;0;0;FAIBLE;2026-05-14 11:56:32
TXN-006067;CLT-0009;1529,89;Espagne;Suisse;14;0;0;0;0;0;0;FAIBLE;2026-05-14 11:56:32
TXN-006068;CLT-0013;173,56;Allemagne;France;14;0;0;0;0;0;0;FAIBLE;2026-05-14 11:56:32
TXN-006069;CLT-0093;1962,84;Allemagne;Suisse;14;0;0;0;0;0;0;FAIBLE;2026-05-14 11:56:32
TXN-006070;CLT-0001;1023,38;Russie;France;14;0;0;0;0;0;0;FAIBLE;2026-05-14 11:56:32
TXN-006071;CLT-0025;1847,84;France;Italie;14;0;0;0;0;0;0;FAIBLE;2026-05-14 11:56:32
TXN-006072;CLT-0016;79307,96;Espagne;Espagne;14;1;40;0;0;0;40;ÉLEVÉ;2026-05-14 11:56:32
TXN-006073;CLT-0082;4646,09;France;Panama;14;0;0;0;20;0;20;MODÉRÉ;2026-05-14 11:56:32
TXN-006074;CLT-0057;63,51;France;France;14;0;0;0;0;0;0;FAIBLE;2026-05-14 11:56:32
TXN-006075;CLT-0080;1711,64;Allemagne;France;14;0;0;0;0;0;0;FAIBLE;2026-05-14 11:56:32
TXN-006076;CLT-0073;4602,92;France;France;14;0;0;0;0;0;0;FAIBLE;2026-05-14 11:56:32
TXN-006077;CLT-0048;4204,43;France;Suisse;14;0;0;0;0;0;0;FAIBLE;2026-05-14 11:56:32
TXN-006078;CLT-0005;3029,6;France;Panama;14;0;0;0;20;0;20;MODÉRÉ;2026-05-14 11:56:32
TXN-006079;CLT-0100;3700,09;Allemagne;Suisse;14;0;0;0;0;0;0;FAIBLE;2026-05-14 11:56:32
TXN-006080;CLT-0088;69025,71;Panama;Allemagne;14;1;40;25;0;0;65;ÉLEVÉ;2026-05-14 11:56:32
TXN-006081;CLT-0078;2952,41;Allemagne;Suisse;14;0;0;0;0;0;0;FAIBLE;2026-05-14 11:56:32
TXN-006082;CLT-0076;3255,8;Îles Caïmans;France;14;0;0;25;0;0;25;MODÉRÉ;2026-05-14 11:56:32
TXN-006083;CLT-0078;2502,84;Espagne;Suisse;14;0;0;0;0;0;0;FAIBLE;2026-05-14 11:56:32
TXN-006084;CLT-0038;38483,54;France;Îles Caïmans;14;1;40;0;20;0;60;ÉLEVÉ;2026-05-14 11:56:32
TXN-006085;CLT-0048;1676,9;France;Suisse;14;0;0;0;0;0;0;FAIBLE;2026-05-14 11:56:32
TXN-006086;CLT-0048;4263,93;Espagne;Suisse;14;0;0;0;0;0;0;FAIBLE;2026-05-14 11:56:32
TXN-006087;CLT-0069;4348,05;Îles Caïmans;Panama;14;0;0;25;20;0;45;ÉLEVÉ;2026-05-14 11:56:32
TXN-006088;CLT-0058;89935,9;France;France;14;1;40;0;0;0;40;ÉLEVÉ;2026-05-14 11:56:32
TXN-006089;CLT-0085;3802,83;France;Îles Caïmans;14;0;0;0;20;0;20;MODÉRÉ;2026-05-14 11:56:32
TXN-006090;CLT-0095;45941,57;France;Îles Caïmans;14;1;40;0;20;0;60;ÉLEVÉ;2026-05-14 11:56:32
TXN-006091;CLT-0056;4431,89;France;Allemagne;14;0;0;0;0;0;0;FAIBLE;2026-05-14 11:56:32
TXN-006092;CLT-0072;4223,14;Russie;Allemagne;14;0;0;0;0;0;0;FAIBLE;2026-05-14 11:56:32
TXN-006093;CLT-0064;83895,09;France;France;14;1;40;0;0;0;40;ÉLEVÉ;2026-05-14 11:56:32
TXN-006094;CLT-0086;1730,18;Russie;France;14;0;0;0;0;0;0;FAIBLE;2026-05-14 11:56:32
TXN-006095;CLT-0007;2459,83;Espagne;Suisse;14;0;0;0;0;0;0;FAIBLE;2026-05-14 11:56:32
TXN-006096;CLT-0050;2326,09;France;Espagne;14;0;0;0;0;0;0;FAIBLE;2026-05-14 11:56:32
TXN-006097;CLT-0043;511,78;Îles Caïmans;Suisse;14;0;0;25;0;0;25;MODÉRÉ;2026-05-14 11:56:32
TXN-006098;CLT-0058;150,58;Panama;France;14;0;0;25;0;0;25;MODÉRÉ;2026-05-14 11:56:32
TXN-006099;CLT-0073;1816,46;France;France;14;0;0;0;0;0;0;FAIBLE;2026-05-14 11:56:32
TXN-006100;CLT-0027;38806,8;Îles Caïmans;Espagne;14;1;40;25;0;0;65;ÉLEVÉ;2026-05-14 11:56:32
TXN-006101;CLT-0095;4638,01;Espagne;Îles Caïmans;14;0;0;0;20;0;20;MODÉRÉ;2026-05-14 11:56:32
TXN-006102;CLT-0023;3914,35;France;Allemagne;14;0;0;0;0;0;0;FAIBLE;2026-05-14 11:56:32
TXN-006103;CLT-0060;39052,43;Îles Caïmans;Italie;14;1;40;25;0;0;65;ÉLEVÉ;2026-05-14 11:56:32
TXN-006104;CLT-0016;953,79;France;Espagne;14;0;0;0;0;0;0;FAIBLE;2026-05-14 11:56:32
TXN-006105;CLT-0034;2455,42;Russie;France;14;0;0;0;0;0;0;FAIBLE;2026-05-14 11:56:32
TXN-006106;CLT-0078;1417,94;Panama;Suisse;14;0;0;25;0;0;25;MODÉRÉ;2026-05-14 11:56:32
TXN-006107;CLT-0086;3074,95;Espagne;France;14;0;0;0;0;0;0;FAIBLE;2026-05-14 11:56:32
TXN-006108;CLT-0078;1183,63;Russie;Suisse;14;0;0;0;0;0;0;FAIBLE;2026-05-14 11:56:32
TXN-006109;CLT-0099;895,44;France;Panama;14;0;0;0;20;0;20;MODÉRÉ;2026-05-14 11:56:32
TXN-006110;CLT-0033;317,29;France;Italie;14;0;0;0;0;0;0;FAIBLE;2026-05-14 11:56:32
TXN-006111;CLT-0074;78457,47;Îles Caïmans;Allemagne;14;1;40;25;0;0;65;ÉLEVÉ;2026-05-14 11:56:32
TXN-006112;CLT-0048;2880,23;France;Suisse;14;0;0;0;0;0;0;FAIBLE;2026-05-14 11:56:32
TXN-006113;CLT-0062;390,75;Allemagne;France;14;0;0;0;0;0;0;FAIBLE;2026-05-14 11:56:32
TXN-006114;CLT-0017;63801,29;Russie;Îles Caïmans;14;1;40;0;20;0;60;ÉLEVÉ;2026-05-14 11:56:32
TXN-006115;CLT-0023;1184,75;France;Allemagne;14;0;0;0;0;0;0;FAIBLE;2026-05-14 11:56:32
TXN-006116;CLT-0100;60045,39;Russie;Suisse;14;1;40;0;0;0;40;ÉLEVÉ;2026-05-14 11:56:32
TXN-006117;CLT-0024;2525,86;France;Espagne;14;0;0;0;0;0;0;FAIBLE;2026-05-14 11:56:32
TXN-006118;CLT-0026;4273,92;Panama;Italie;14;0;0;25;0;0;25;MODÉRÉ;2026-05-14 11:56:32
TXN-006119;CLT-0017;28075,97;Allemagne;Îles Caïmans;14;1;40;0;20;0;60;ÉLEVÉ;2026-05-14 11:56:32
TXN-006120;CLT-0056;64096,65;France;Allemagne;14;1;40;0;0;0;40;ÉLEVÉ;2026-05-14 11:56:32
TXN-006121;CLT-0088;2842,61;Panama;Allemagne;14;0;0;25;0;0;25;MODÉRÉ;2026-05-14 11:56:32
TXN-006122;CLT-0041;3224,41;Russie;Panama;14;0;0;0;20;0;20;MODÉRÉ;2026-05-14 11:56:32
TXN-006123;CLT-0100;2479,79;France;Suisse;14;0;0;0;0;0;0;FAIBLE;2026-05-14 11:56:32
TXN-006124;CLT-0086;1027,16;Allemagne;France;14;0;0;0;0;0;0;FAIBLE;2026-05-14 11:56:32
TXN-006125;CLT-0032;1603,13;France;Suisse;14;0;0;0;0;0;0;FAIBLE;2026-05-14 11:56:32
TXN-006126;CLT-0005;36747,01;France;Panama;14;1;40;0;20;0;60;ÉLEVÉ;2026-05-14 11:56:32
TXN-006127;CLT-0080;2302,54;France;France;14;0;0;0;0;0;0;FAIBLE;2026-05-14 11:56:32
TXN-006128;CLT-0090;948,59;Russie;France;14;0;0;0;0;0;0;FAIBLE;2026-05-14 11:56:32
TXN-006129;CLT-0079;4959,14;Allemagne;Îles Caïmans;14;0;0;0;20;0;20;MODÉRÉ;2026-05-14 11:56:32
TXN-006130;CLT-0049;511,1;France;France;14;0;0;0;0;0;0;FAIBLE;2026-05-14 11:56:32
TXN-006131;CLT-0003;2690,16;Espagne;France;14;0;0;0;0;0;0;FAIBLE;2026-05-14 11:56:32
TXN-006132;CLT-0035;4614,47;France;Espagne;14;0;0;0;0;0;0;FAIBLE;2026-05-14 11:56:32
TXN-006133;CLT-0039;70366,29;Russie;France;14;1;40;0;0;0;40;ÉLEVÉ;2026-05-14 11:56:32
TXN-006134;CLT-0080;2969,09;Panama;France;14;0;0;25;0;0;25;MODÉRÉ;2026-05-14 11:56:32
TXN-006135;CLT-0001;2926,84;France;France;14;0;0;0;0;0;0;FAIBLE;2026-05-14 11:56:32
TXN-006136;CLT-0054;4387,68;France;Suisse;14;0;0;0;0;0;0;FAIBLE;2026-05-14 11:56:32
TXN-006137;CLT-0076;786,56;Panama;France;14;0;0;25;0;0;25;MODÉRÉ;2026-05-14 11:56:32
TXN-006138;CLT-0068;4766,68;France;Allemagne;14;0;0;0;0;0;0;FAIBLE;2026-05-14 11:56:32
TXN-006139;CLT-0005;36270,72;Espagne;Panama;14;1;40;0;20;0;60;ÉLEVÉ;2026-05-14 11:56:32
TXN-006140;CLT-0012;1984,15;Espagne;Panama;14;0;0;0;20;0;20;MODÉRÉ;2026-05-14 11:56:32
TXN-006141;CLT-0050;4395,16;Espagne;Espagne;14;0;0;0;0;0;0;FAIBLE;2026-05-14 11:56:32
TXN-006142;CLT-0037;1678,27;France;Îles Caïmans;14;0;0;0;20;0;20;MODÉRÉ;2026-05-14 11:56:32
TXN-006143;CLT-0030;23474,58;Espagne;Allemagne;14;1;40;0;0;0;40;ÉLEVÉ;2026-05-14 11:56:32
TXN-006144;CLT-0022;3118,69;Allemagne;Allemagne;14;0;0;0;0;0;0;FAIBLE;2026-05-14 11:56:32
TXN-006145;CLT-0097;29,79;Allemagne;Panama;14;0;0;0;20;0;20;MODÉRÉ;2026-05-14 11:56:32
TXN-006146;CLT-0050;1153,08;Panama;Espagne;14;0;0;25;0;0;25;MODÉRÉ;2026-05-14 11:56:32
TXN-006147;CLT-0007;1303,35;Îles Caïmans;Suisse;14;0;0;25;0;0;25;MODÉRÉ;2026-05-14 11:56:32
TXN-006148;CLT-0068;76852,64;France;Allemagne;14;1;40;0;0;0;40;ÉLEVÉ;2026-05-14 11:56:32
TXN-006149;CLT-0014;4976,11;Allemagne;France;14;0;0;0;0;0;0;FAIBLE;2026-05-14 11:56:32
TXN-006150;CLT-0098;382,05;France;Espagne;14;0;0;0;0;0;0;FAIBLE;2026-05-14 11:56:32
TXN-006151;CLT-0082;22829,76;Russie;Panama;14;1;40;0;20;0;60;ÉLEVÉ;2026-05-14 11:56:32
TXN-006152;CLT-0006;346,2;Panama;France;14;0;0;25;0;0;25;MODÉRÉ;2026-05-14 11:56:32
TXN-006153;CLT-0068;3325,64;Espagne;Allemagne;14;0;0;0;0;0;0;FAIBLE;2026-05-14 11:56:32
TXN-006154;CLT-0056;26994,88;Panama;Allemagne;14;1;40;25;0;0;65;ÉLEVÉ;2026-05-14 11:56:32
TXN-006155;CLT-0044;71,54;France;France;14;0;0;0;0;0;0;FAIBLE;2026-05-14 11:56:32
TXN-006156;CLT-0071;2161,16;Russie;Îles Caïmans;14;0;0;0;20;0;20;MODÉRÉ;2026-05-14 11:56:32
TXN-006157;CLT-0094;503,53;France;Allemagne;14;0;0;0;0;0;0;FAIBLE;2026-05-14 11:56:32
TXN-006158;CLT-0095;3522,41;France;Îles Caïmans;14;0;0;0;20;0;20;MODÉRÉ;2026-05-14 11:56:32
TXN-006159;CLT-0083;4074,06;Espagne;France;14;0;0;0;0;0;0;FAIBLE;2026-05-14 11:56:32
TXN-006160;CLT-0035;2918,66;France;Espagne;14;0;0;0;0;0;0;FAIBLE;2026-05-14 11:56:32
TXN-006161;CLT-0028;1428,38;Panama;France;14;0;0;25;0;0;25;MODÉRÉ;2026-05-14 11:56:32
TXN-006162;CLT-0075;1989,89;France;France;14;0;0;0;0;0;0;FAIBLE;2026-05-14 11:56:32
TXN-006163;CLT-0020;850,36;France;Italie;14;0;0;0;0;0;0;FAIBLE;2026-05-14 11:56:32
TXN-006164;CLT-0014;4105,75;Espagne;France;14;0;0;0;0;0;0;FAIBLE;2026-05-14 11:56:32
TXN-006165;CLT-0065;769,21;Espagne;Îles Caïmans;14;0;0;0;20;0;20;MODÉRÉ;2026-05-14 11:56:32
TXN-006166;CLT-0067;4898,67;Îles Caïmans;Panama;14;0;0;25;20;0;45;ÉLEVÉ;2026-05-14 11:56:32
TXN-006167;CLT-0089;1493,5;France;Îles Caïmans;14;0;0;0;20;0;20;MODÉRÉ;2026-05-14 11:56:32
TXN-006168;CLT-0016;4698,08;Îles Caïmans;Espagne;14;0;0;25;0;0;25;MODÉRÉ;2026-05-14 11:56:32
TXN-006169;CLT-0014;3343,44;Espagne;France;14;0;0;0;0;0;0;FAIBLE;2026-05-14 11:56:32
TXN-006170;CLT-0016;3472,3;Allemagne;Espagne;14;0;0;0;0;0;0;FAIBLE;2026-05-14 11:56:32
TXN-006171;CLT-0084;3599,42;France;Italie;14;0;0;0;0;0;0;FAIBLE;2026-05-14 11:56:32
TXN-006172;CLT-0018;13362,36;France;Panama;14;1;40;0;20;0;60;ÉLEVÉ;2026-05-14 11:56:32
TXN-006173;CLT-0099;4145,82;Allemagne;Panama;14;0;0;0;20;0;20;MODÉRÉ;2026-05-14 11:56:32
TXN-006174;CLT-0094;2720,29;France;Allemagne;14;0;0;0;0;0;0;FAIBLE;2026-05-14 11:56:32
TXN-006175;CLT-0051;4384,93;Îles Caïmans;France;14;0;0;25;0;0;25;MODÉRÉ;2026-05-14 11:56:32
TXN-006176;CLT-0100;417,55;France;Suisse;14;0;0;0;0;0;0;FAIBLE;2026-05-14 11:56:32
TXN-006177;CLT-0021;1572,54;Îles Caïmans;France;14;0;0;25;0;0;25;MODÉRÉ;2026-05-14 11:56:32
TXN-006178;CLT-0061;206,38;France;France;14;0;0;0;0;0;0;FAIBLE;2026-05-14 11:56:32
TXN-006179;CLT-0084;681,73;Russie;Italie;14;0;0;0;0;0;0;FAIBLE;2026-05-14 11:56:32
TXN-006180;CLT-0091;4550,54;Russie;Allemagne;14;0;0;0;0;0;0;FAIBLE;2026-05-14 11:56:32
TXN-006181;CLT-0064;4856,99;France;France;14;0;0;0;0;0;0;FAIBLE;2026-05-14 11:56:32
TXN-006182;CLT-0023;47047,45;France;Allemagne;14;1;40;0;0;0;40;ÉLEVÉ;2026-05-14 11:56:32
TXN-006183;CLT-0005;80432,72;France;Panama;14;1;40;0;20;0;60;ÉLEVÉ;2026-05-14 11:56:32
TXN-006184;CLT-0092;66569,64;France;Suisse;14;1;40;0;0;0;40;ÉLEVÉ;2026-05-14 11:56:32
TXN-006185;CLT-0045;2315,14;France;France;14;0;0;0;0;0;0;FAIBLE;2026-05-14 11:56:32
TXN-006186;CLT-0056;1453,81;Allemagne;Allemagne;14;0;0;0;0;0;0;FAIBLE;2026-05-14 11:56:32
TXN-006187;CLT-0097;2432,13;Panama;Panama;14;0;0;25;20;0;45;ÉLEVÉ;2026-05-14 11:56:32
TXN-006188;CLT-0014;1105,46;France;France;14;0;0;0;0;0;0;FAIBLE;2026-05-14 11:56:32
TXN-006189;CLT-0049;2561,33;France;France;14;0;0;0;0;0;0;FAIBLE;2026-05-14 11:56:32
TXN-006190;CLT-0055;2302,51;France;Espagne;14;0;0;0;0;0;0;FAIBLE;2026-05-14 11:56:32
TXN-006191;CLT-0036;4919,16;Allemagne;Italie;14;0;0;0;0;0;0;FAIBLE;2026-05-14 11:56:32
TXN-006192;CLT-0030;4571,29;Panama;Allemagne;14;0;0;25;0;0;25;MODÉRÉ;2026-05-14 11:56:32
TXN-006193;CLT-0093;363,17;France;Suisse;14;0;0;0;0;0;0;FAIBLE;2026-05-14 11:56:32
TXN-006194;CLT-0032;3257,5;Russie;Suisse;14;0;0;0;0;0;0;FAIBLE;2026-05-14 11:56:32
TXN-006195;CLT-0084;1737,44;Russie;Italie;14;0;0;0;0;0;0;FAIBLE;2026-05-14 11:56:32
TXN-006196;CLT-0071;40,59;Espagne;Îles Caïmans;14;0;0;0;20;0;20;MODÉRÉ;2026-05-14 11:56:32
TXN-006197;CLT-0026;3051,01;Russie;Italie;14;0;0;0;0;0;0;FAIBLE;2026-05-14 11:56:32
TXN-006198;CLT-0017;2086,58;Allemagne;Îles Caïmans;14;0;0;0;20;0;20;MODÉRÉ;2026-05-14 11:56:32
TXN-006199;CLT-0075;67,31;France;France;14;0;0;0;0;0;0;FAIBLE;2026-05-14 11:56:32
TXN-006200;CLT-0036;4117,8;Espagne;Italie;14;0;0;0;0;0;0;FAIBLE;2026-05-14 11:56:32
TXN-006201;CLT-0075;822,79;Panama;France;14;0;0;25;0;0;25;MODÉRÉ;2026-05-14 11:56:32
TXN-006202;CLT-0091;79090,46;Panama;Allemagne;14;1;40;25;0;0;65;ÉLEVÉ;2026-05-14 11:56:32
TXN-006203;CLT-0075;1761,58;Allemagne;France;14;0;0;0;0;0;0;FAIBLE;2026-05-14 11:56:32
TXN-006204;CLT-0013;1778,39;Îles Caïmans;France;14;0;0;25;0;0;25;MODÉRÉ;2026-05-14 11:56:32
TXN-006205;CLT-0030;1719,7;Allemagne;Allemagne;14;0;0;0;0;0;0;FAIBLE;2026-05-14 11:56:32
TXN-006206;CLT-0002;1783,85;France;Espagne;14;0;0;0;0;0;0;FAIBLE;2026-05-14 11:56:32
TXN-006207;CLT-0019;2461,27;Allemagne;Espagne;14;0;0;0;0;0;0;FAIBLE;2026-05-14 11:56:32
TXN-006208;CLT-0063;2104,85;Russie;Îles Caïmans;14;0;0;0;20;0;20;MODÉRÉ;2026-05-14 11:56:32
TXN-006209;CLT-0026;4789,36;Allemagne;Italie;14;0;0;0;0;0;0;FAIBLE;2026-05-14 11:56:32
TXN-006210;CLT-0067;2729,51;Russie;Panama;14;0;0;0;20;0;20;MODÉRÉ;2026-05-14 11:56:32
TXN-006211;CLT-0080;76943,31;Allemagne;France;14;1;40;0;0;0;40;ÉLEVÉ;2026-05-14 11:56:32
TXN-006212;CLT-0057;4304,99;France;France;14;0;0;0;0;0;0;FAIBLE;2026-05-14 11:56:32
TXN-006213;CLT-0057;608,83;Îles Caïmans;France;14;0;0;25;0;0;25;MODÉRÉ;2026-05-14 11:56:32
TXN-006214;CLT-0010;4284,58;Espagne;Îles Caïmans;14;0;0;0;20;0;20;MODÉRÉ;2026-05-14 11:56:32
TXN-006215;CLT-0014;4770,32;Îles Caïmans;France;14;0;0;25;0;0;25;MODÉRÉ;2026-05-14 11:56:32
TXN-006216;CLT-0094;1211,28;Espagne;Allemagne;14;0;0;0;0;0;0;FAIBLE;2026-05-14 11:56:32
TXN-006217;CLT-0069;141,47;France;Panama;14;0;0;0;20;0;20;MODÉRÉ;2026-05-14 11:56:32
TXN-006218;CLT-0048;2093,23;France;Suisse;14;0;0;0;0;0;0;FAIBLE;2026-05-14 11:56:32
TXN-006219;CLT-0020;653,66;France;Italie;14;0;0;0;0;0;0;FAIBLE;2026-05-14 11:56:32
TXN-006220;CLT-0058;128,44;France;France;14;0;0;0;0;0;0;FAIBLE;2026-05-14 11:56:32
TXN-006221;CLT-0055;4862,85;Russie;Espagne;14;0;0;0;0;0;0;FAIBLE;2026-05-14 11:56:32
TXN-006222;CLT-0025;3211,23;France;Italie;14;0;0;0;0;0;0;FAIBLE;2026-05-14 11:56:32
TXN-006223;CLT-0002;3036,85;France;Espagne;14;0;0;0;0;0;0;FAIBLE;2026-05-14 11:56:32
TXN-006224;CLT-0040;1407,72;Espagne;Suisse;14;0;0;0;0;0;0;FAIBLE;2026-05-14 11:56:32
TXN-006225;CLT-0017;1032,6;France;Îles Caïmans;14;0;0;0;20;0;20;MODÉRÉ;2026-05-14 11:56:32
TXN-006226;CLT-0003;341,05;Îles Caïmans;France;14;0;0;25;0;0;25;MODÉRÉ;2026-05-14 11:56:32
TXN-006227;CLT-0015;9042,86;France;France;14;1;40;0;0;0;40;ÉLEVÉ;2026-05-14 11:56:32
TXN-006228;CLT-0074;1838,27;France;Allemagne;14;0;0;0;0;0;0;FAIBLE;2026-05-14 11:56:32
TXN-006229;CLT-0088;49095,17;Allemagne;Allemagne;14;1;40;0;0;0;40;ÉLEVÉ;2026-05-14 11:56:32
TXN-006230;CLT-0060;1793,13;France;Italie;14;0;0;0;0;0;0;FAIBLE;2026-05-14 11:56:32
TXN-006231;CLT-0091;3976,61;Russie;Allemagne;14;0;0;0;0;0;0;FAIBLE;2026-05-14 11:56:32
TXN-006232;CLT-0063;4532,05;Russie;Îles Caïmans;14;0;0;0;20;0;20;MODÉRÉ;2026-05-14 11:56:32
TXN-006233;CLT-0028;4589,95;Russie;France;14;0;0;0;0;0;0;FAIBLE;2026-05-14 11:56:32
TXN-006234;CLT-0078;391,52;France;Suisse;14;0;0;0;0;0;0;FAIBLE;2026-05-14 11:56:32
TXN-006235;CLT-0059;2873,07;France;Îles Caïmans;14;0;0;0;20;0;20;MODÉRÉ;2026-05-14 11:56:32
TXN-006236;CLT-0036;2387,99;France;Italie;14;0;0;0;0;0;0;FAIBLE;2026-05-14 11:56:32
TXN-006237;CLT-0053;1602,23;France;Espagne;14;0;0;0;0;0;0;FAIBLE;2026-05-14 11:56:32
TXN-006238;CLT-0036;3953,93;France;Italie;14;0;0;0;0;0;0;FAIBLE;2026-05-14 11:56:32
TXN-006239;CLT-0052;4872,66;France;France;14;0;0;0;0;0;0;FAIBLE;2026-05-14 11:56:32
TXN-006240;CLT-0045;3172,07;Panama;France;14;0;0;25;0;0;25;MODÉRÉ;2026-05-14 11:56:32
TXN-006241;CLT-0014;3102,88;Panama;France;14;0;0;25;0;0;25;MODÉRÉ;2026-05-14 11:56:32
TXN-006242;CLT-0005;1962,58;Espagne;Panama;14;0;0;0;20;0;20;MODÉRÉ;2026-05-14 11:56:32
TXN-006243;CLT-0075;3008,74;Russie;France;14;0;0;0;0;0;0;FAIBLE;2026-05-14 11:56:32
TXN-006244;CLT-0004;57028,05;Allemagne;Suisse;14;1;40;0;0;0;40;ÉLEVÉ;2026-05-14 11:56:32
TXN-006245;CLT-0002;4238,73;France;Espagne;14;0;0;0;0;0;0;FAIBLE;2026-05-14 11:56:32
TXN-006246;CLT-0099;4818,03;Allemagne;Panama;14;0;0;0;20;0;20;MODÉRÉ;2026-05-14 11:56:32
TXN-006247;CLT-0008;3287,08;Panama;Suisse;14;0;0;25;0;0;25;MODÉRÉ;2026-05-14 11:56:32
TXN-006248;CLT-0097;1747,73;Panama;Panama;14;0;0;25;20;0;45;ÉLEVÉ;2026-05-14 11:56:32
TXN-006249;CLT-0058;4685,48;Îles Caïmans;France;14;0;0;25;0;0;25;MODÉRÉ;2026-05-14 11:56:32
TXN-006250;CLT-0068;3495,73;France;Allemagne;14;0;0;0;0;0;0;FAIBLE;2026-05-14 11:56:32
TXN-006251;CLT-0014;4488,46;France;France;14;0;0;0;0;0;0;FAIBLE;2026-05-14 11:56:32
TXN-006252;CLT-0002;707,79;France;Espagne;14;0;0;0;0;0;0;FAIBLE;2026-05-14 11:56:32
TXN-006253;CLT-0098;3096,57;France;Espagne;14;0;0;0;0;0;0;FAIBLE;2026-05-14 11:56:32
TXN-006254;CLT-0089;1482,28;Panama;Îles Caïmans;14;0;0;25;20;0;45;ÉLEVÉ;2026-05-14 11:56:32
TXN-006255;CLT-0036;2691,7;France;Italie;14;0;0;0;0;0;0;FAIBLE;2026-05-14 11:56:32
TXN-006256;CLT-0055;4928,0;Russie;Espagne;14;0;0;0;0;0;0;FAIBLE;2026-05-14 11:56:32
TXN-006257;CLT-0020;44404,15;France;Italie;14;1;40;0;0;0;40;ÉLEVÉ;2026-05-14 11:56:32
TXN-006258;CLT-0008;1510,09;Îles Caïmans;Suisse;14;0;0;25;0;0;25;MODÉRÉ;2026-05-14 11:56:32
TXN-006259;CLT-0016;583,75;Russie;Espagne;14;0;0;0;0;0;0;FAIBLE;2026-05-14 11:56:32
TXN-006260;CLT-0021;78,76;Russie;France;14;0;0;0;0;0;0;FAIBLE;2026-05-14 11:56:32
TXN-006261;CLT-0038;3467,76;France;Îles Caïmans;14;0;0;0;20;0;20;MODÉRÉ;2026-05-14 11:56:32
TXN-006262;CLT-0085;681,67;Russie;Îles Caïmans;14;0;0;0;20;0;20;MODÉRÉ;2026-05-14 11:56:32
TXN-006263;CLT-0008;1289,27;France;Suisse;14;0;0;0;0;0;0;FAIBLE;2026-05-14 11:56:32
TXN-006264;CLT-0013;4802,93;Russie;France;14;0;0;0;0;0;0;FAIBLE;2026-05-14 11:56:32
TXN-006265;CLT-0076;4392,97;France;France;14;0;0;0;0;0;0;FAIBLE;2026-05-14 11:56:32
TXN-006266;CLT-0037;4208,99;France;Îles Caïmans;14;0;0;0;20;0;20;MODÉRÉ;2026-05-14 11:56:32
TXN-006267;CLT-0088;2641,71;France;Allemagne;14;0;0;0;0;0;0;FAIBLE;2026-05-14 11:56:32
TXN-006268;CLT-0032;45062,44;Allemagne;Suisse;14;1;40;0;0;0;40;ÉLEVÉ;2026-05-14 11:56:32
TXN-006269;CLT-0089;30993,05;Panama;Îles Caïmans;14;1;40;25;20;0;85;CRITIQUE;2026-05-14 11:56:32
TXN-006270;CLT-0060;76481,32;France;Italie;14;1;40;0;0;0;40;ÉLEVÉ;2026-05-14 11:56:32
TXN-006271;CLT-0032;2378,4;Allemagne;Suisse;14;0;0;0;0;0;0;FAIBLE;2026-05-14 11:56:32
TXN-006272;CLT-0094;2306,87;Panama;Allemagne;14;0;0;25;0;0;25;MODÉRÉ;2026-05-14 11:56:32
TXN-006273;CLT-0038;4032,27;Panama;Îles Caïmans;14;0;0;25;20;0;45;ÉLEVÉ;2026-05-14 11:56:32
TXN-006274;CLT-0084;698,98;Allemagne;Italie;14;0;0;0;0;0;0;FAIBLE;2026-05-14 11:56:32
TXN-006275;CLT-0014;79480,86;France;France;14;1;40;0;0;0;40;ÉLEVÉ;2026-05-14 11:56:32
TXN-006276;CLT-0082;4601,58;France;Panama;14;0;0;0;20;0;20;MODÉRÉ;2026-05-14 11:56:32
TXN-006277;CLT-0095;2449,11;Allemagne;Îles Caïmans;14;0;0;0;20;0;20;MODÉRÉ;2026-05-14 11:56:32
TXN-006278;CLT-0023;10875,23;Espagne;Allemagne;14;1;40;0;0;0;40;ÉLEVÉ;2026-05-14 11:56:32
TXN-006279;CLT-0057;3237,18;Panama;France;14;0;0;25;0;0;25;MODÉRÉ;2026-05-14 11:56:32
TXN-006280;CLT-0018;2807,09;Îles Caïmans;Panama;14;0;0;25;20;0;45;ÉLEVÉ;2026-05-14 11:56:32
TXN-006281;CLT-0088;80429,18;Espagne;Allemagne;14;1;40;0;0;0;40;ÉLEVÉ;2026-05-14 11:56:32
TXN-006282;CLT-0011;716,93;Espagne;France;14;0;0;0;0;0;0;FAIBLE;2026-05-14 11:56:32
TXN-006283;CLT-0057;1653,96;France;France;14;0;0;0;0;0;0;FAIBLE;2026-05-14 11:56:32
TXN-006284;CLT-0080;644,99;France;France;14;0;0;0;0;0;0;FAIBLE;2026-05-14 11:56:32
TXN-006285;CLT-0075;1355,86;France;France;14;0;0;0;0;0;0;FAIBLE;2026-05-14 11:56:32
TXN-006286;CLT-0045;965,6;Panama;France;14;0;0;25;0;0;25;MODÉRÉ;2026-05-14 11:56:32
TXN-006287;CLT-0008;4129,13;Panama;Suisse;14;0;0;25;0;0;25;MODÉRÉ;2026-05-14 11:56:32
TXN-006288;CLT-0004;865,26;France;Suisse;14;0;0;0;0;0;0;FAIBLE;2026-05-14 11:56:32
TXN-006289;CLT-0064;2484,23;France;France;14;0;0;0;0;0;0;FAIBLE;2026-05-14 11:56:32
TXN-006290;CLT-0058;4413,77;Panama;France;14;0;0;25;0;0;25;MODÉRÉ;2026-05-14 11:56:32
TXN-006291;CLT-0017;3951,76;France;Îles Caïmans;14;0;0;0;20;0;20;MODÉRÉ;2026-05-14 11:56:32
TXN-006292;CLT-0063;3509,15;Espagne;Îles Caïmans;14;0;0;0;20;0;20;MODÉRÉ;2026-05-14 11:56:32
TXN-006293;CLT-0050;4549,64;Allemagne;Espagne;14;0;0;0;0;0;0;FAIBLE;2026-05-14 11:56:32
TXN-006294;CLT-0007;45161,01;France;Suisse;14;1;40;0;0;0;40;ÉLEVÉ;2026-05-14 11:56:32
TXN-006295;CLT-0018;2665,04;Espagne;Panama;14;0;0;0;20;0;20;MODÉRÉ;2026-05-14 11:56:32
TXN-006296;CLT-0059;638,27;Panama;Îles Caïmans;14;0;0;25;20;0;45;ÉLEVÉ;2026-05-14 11:56:32
TXN-006297;CLT-0030;2489,23;Panama;Allemagne;14;0;0;25;0;0;25;MODÉRÉ;2026-05-14 11:56:32
TXN-006298;CLT-0049;4328,06;France;France;14;0;0;0;0;0;0;FAIBLE;2026-05-14 11:56:32
TXN-006299;CLT-0004;9926,12;France;Suisse;14;1;40;0;0;0;40;ÉLEVÉ;2026-05-14 11:56:32
TXN-006300;CLT-0094;1273,87;Îles Caïmans;Allemagne;14;0;0;25;0;0;25;MODÉRÉ;2026-05-14 11:56:32
TXN-006301;CLT-0074;73742,95;Allemagne;Allemagne;14;1;40;0;0;0;40;ÉLEVÉ;2026-05-14 11:56:32
TXN-006302;CLT-0060;63004,29;Russie;Italie;14;1;40;0;0;0;40;ÉLEVÉ;2026-05-14 11:56:32
TXN-006303;CLT-0047;1991,72;Russie;Îles Caïmans;14;0;0;0;20;0;20;MODÉRÉ;2026-05-14 11:56:32
TXN-006304;CLT-0100;630,63;Allemagne;Suisse;14;0;0;0;0;0;0;FAIBLE;2026-05-14 11:56:32
TXN-006305;CLT-0096;13108,42;Espagne;Panama;14;1;40;0;20;0;60;ÉLEVÉ;2026-05-14 11:56:32
TXN-006306;CLT-0068;3176,76;Espagne;Allemagne;14;0;0;0;0;0;0;FAIBLE;2026-05-14 11:56:32
TXN-006307;CLT-0046;2305,05;Allemagne;France;14;0;0;0;0;0;0;FAIBLE;2026-05-14 11:56:32
TXN-006308;CLT-0076;3933,93;Îles Caïmans;France;14;0;0;25;0;0;25;MODÉRÉ;2026-05-14 11:56:32
TXN-006309;CLT-0078;1687,26;Panama;Suisse;14;0;0;25;0;0;25;MODÉRÉ;2026-05-14 11:56:32
TXN-006310;CLT-0023;3667,9;Allemagne;Allemagne;14;0;0;0;0;0;0;FAIBLE;2026-05-14 11:56:32
TXN-006311;CLT-0088;2470,13;Russie;Allemagne;14;0;0;0;0;0;0;FAIBLE;2026-05-14 11:56:32
TXN-006312;CLT-0019;2650,13;France;Espagne;14;0;0;0;0;0;0;FAIBLE;2026-05-14 11:56:32
TXN-006313;CLT-0051;3002,51;Russie;France;14;0;0;0;0;0;0;FAIBLE;2026-05-14 11:56:32
TXN-006314;CLT-0091;2313,73;Espagne;Allemagne;14;0;0;0;0;0;0;FAIBLE;2026-05-14 11:56:32
TXN-006315;CLT-0044;1398,04;France;France;14;0;0;0;0;0;0;FAIBLE;2026-05-14 11:56:32
TXN-006316;CLT-0065;56061,54;France;Îles Caïmans;14;1;40;0;20;0;60;ÉLEVÉ;2026-05-14 11:56:32
TXN-006317;CLT-0091;1757,57;France;Allemagne;14;0;0;0;0;0;0;FAIBLE;2026-05-14 11:56:32
TXN-006318;CLT-0087;75420,21;Panama;Italie;14;1;40;25;0;0;65;ÉLEVÉ;2026-05-14 11:56:32
TXN-006319;CLT-0092;4732,09;Russie;Suisse;14;0;0;0;0;0;0;FAIBLE;2026-05-14 11:56:32
TXN-006320;CLT-0062;4500,6;France;France;14;0;0;0;0;0;0;FAIBLE;2026-05-14 11:56:32
TXN-006321;CLT-0034;1058,88;Allemagne;France;14;0;0;0;0;0;0;FAIBLE;2026-05-14 11:56:32
TXN-006322;CLT-0025;4973,95;Russie;Italie;14;0;0;0;0;0;0;FAIBLE;2026-05-14 11:56:32
TXN-006323;CLT-0099;1087,58;France;Panama;14;0;0;0;20;0;20;MODÉRÉ;2026-05-14 11:56:32
TXN-006324;CLT-0006;91390,97;France;France;14;1;40;0;0;0;40;ÉLEVÉ;2026-05-14 11:56:32
TXN-006325;CLT-0009;2453,69;Allemagne;Suisse;14;0;0;0;0;0;0;FAIBLE;2026-05-14 11:56:32
TXN-006326;CLT-0067;3136,94;Îles Caïmans;Panama;14;0;0;25;20;0;45;ÉLEVÉ;2026-05-14 11:56:32
TXN-006327;CLT-0028;4632,96;France;France;14;0;0;0;0;0;0;FAIBLE;2026-05-14 11:56:32
TXN-006328;CLT-0015;1788,8;Panama;France;14;0;0;25;0;0;25;MODÉRÉ;2026-05-14 11:56:32
TXN-006329;CLT-0025;2805,97;Russie;Italie;14;0;0;0;0;0;0;FAIBLE;2026-05-14 11:56:32
TXN-006330;CLT-0047;3329,68;Russie;Îles Caïmans;14;0;0;0;20;0;20;MODÉRÉ;2026-05-14 11:56:32
TXN-006331;CLT-0058;4208,07;France;France;14;0;0;0;0;0;0;FAIBLE;2026-05-14 11:56:32
TXN-006332;CLT-0036;3065,38;Espagne;Italie;14;0;0;0;0;0;0;FAIBLE;2026-05-14 11:56:32
TXN-006333;CLT-0088;267,84;Panama;Allemagne;14;0;0;25;0;0;25;MODÉRÉ;2026-05-14 11:56:32
TXN-006334;CLT-0004;4148,99;France;Suisse;14;0;0;0;0;0;0;FAIBLE;2026-05-14 11:56:32
TXN-006335;CLT-0078;3583,75;Russie;Suisse;14;0;0;0;0;0;0;FAIBLE;2026-05-14 11:56:32
TXN-006336;CLT-0081;147,32;France;Îles Caïmans;14;0;0;0;20;0;20;MODÉRÉ;2026-05-14 11:56:32
TXN-006337;CLT-0067;4719,4;Espagne;Panama;14;0;0;0;20;0;20;MODÉRÉ;2026-05-14 11:56:32
TXN-006338;CLT-0090;1234,1;Îles Caïmans;France;14;0;0;25;0;0;25;MODÉRÉ;2026-05-14 11:56:32
TXN-006339;CLT-0010;665,71;Russie;Îles Caïmans;14;0;0;0;20;0;20;MODÉRÉ;2026-05-14 11:56:32
TXN-006340;CLT-0058;583,79;France;France;14;0;0;0;0;0;0;FAIBLE;2026-05-14 11:56:32
TXN-006341;CLT-0068;991,09;France;Allemagne;14;0;0;0;0;0;0;FAIBLE;2026-05-14 11:56:32
TXN-006342;CLT-0037;4319,98;Russie;Îles Caïmans;14;0;0;0;20;0;20;MODÉRÉ;2026-05-14 11:56:32
TXN-006343;CLT-0016;854,81;France;Espagne;14;0;0;0;0;0;0;FAIBLE;2026-05-14 11:56:32
TXN-006344;CLT-0055;52651,61;Panama;Espagne;14;1;40;25;0;0;65;ÉLEVÉ;2026-05-14 11:56:32
TXN-006345;CLT-0044;3909,04;Panama;France;14;0;0;25;0;0;25;MODÉRÉ;2026-05-14 11:56:32
TXN-006346;CLT-0074;34,38;Espagne;Allemagne;14;0;0;0;0;0;0;FAIBLE;2026-05-14 11:56:32
TXN-006347;CLT-0023;1490,41;Îles Caïmans;Allemagne;14;0;0;25;0;0;25;MODÉRÉ;2026-05-14 11:56:32
TXN-006348;CLT-0017;1463,43;France;Îles Caïmans;14;0;0;0;20;0;20;MODÉRÉ;2026-05-14 11:56:32
TXN-006349;CLT-0070;4777,62;Espagne;Italie;14;0;0;0;0;0;0;FAIBLE;2026-05-14 11:56:32
TXN-006350;CLT-0029;680,32;Espagne;France;14;0;0;0;0;0;0;FAIBLE;2026-05-14 11:56:32
TXN-006351;CLT-0088;1626,52;Îles Caïmans;Allemagne;14;0;0;25;0;0;25;MODÉRÉ;2026-05-14 11:56:32
TXN-006352;CLT-0034;50368,47;Espagne;France;14;1;40;0;0;0;40;ÉLEVÉ;2026-05-14 11:56:32
TXN-006353;CLT-0037;1013,94;Îles Caïmans;Îles Caïmans;14;0;0;25;20;0;45;ÉLEVÉ;2026-05-14 11:56:32
TXN-006354;CLT-0058;4608,05;France;France;14;0;0;0;0;0;0;FAIBLE;2026-05-14 11:56:32
TXN-006355;CLT-0087;4473,09;Panama;Italie;14;0;0;25;0;0;25;MODÉRÉ;2026-05-14 11:56:32
TXN-006356;CLT-0010;2238,13;France;Îles Caïmans;14;0;0;0;20;0;20;MODÉRÉ;2026-05-14 11:56:32
TXN-006357;CLT-0059;4057,12;Îles Caïmans;Îles Caïmans;14;0;0;25;20;0;45;ÉLEVÉ;2026-05-14 11:56:32
TXN-006358;CLT-0080;467,32;Russie;France;14;0;0;0;0;0;0;FAIBLE;2026-05-14 11:56:32
TXN-006359;CLT-0059;4464,91;France;Îles Caïmans;14;0;0;0;20;0;20;MODÉRÉ;2026-05-14 11:56:32
TXN-006360;CLT-0028;21929,37;Îles Caïmans;France;14;1;40;25;0;0;65;ÉLEVÉ;2026-05-14 11:56:32
TXN-006361;CLT-0077;1788,31;France;France;14;0;0;0;0;0;0;FAIBLE;2026-05-14 11:56:32
TXN-006362;CLT-0057;1300,81;France;France;14;0;0;0;0;0;0;FAIBLE;2026-05-14 11:56:32
TXN-006363;CLT-0062;23,69;Allemagne;France;14;0;0;0;0;0;0;FAIBLE;2026-05-14 11:56:32
TXN-006364;CLT-0058;350,68;Îles Caïmans;France;14;0;0;25;0;0;25;MODÉRÉ;2026-05-14 11:56:32
TXN-006365;CLT-0090;900,39;France;France;14;0;0;0;0;0;0;FAIBLE;2026-05-14 11:56:32
TXN-006366;CLT-0086;4170,06;Russie;France;14;0;0;0;0;0;0;FAIBLE;2026-05-14 11:56:32
TXN-006367;CLT-0016;4819,86;Panama;Espagne;14;0;0;25;0;0;25;MODÉRÉ;2026-05-14 11:56:32
TXN-006368;CLT-0010;2424,0;Allemagne;Îles Caïmans;14;0;0;0;20;0;20;MODÉRÉ;2026-05-14 11:56:32
TXN-006369;CLT-0059;56073,3;Panama;Îles Caïmans;14;1;40;25;20;0;85;CRITIQUE;2026-05-14 11:56:32
TXN-006370;CLT-0019;584,54;France;Espagne;14;0;0;0;0;0;0;FAIBLE;2026-05-14 11:56:32
TXN-006371;CLT-0001;1947,92;France;France;14;0;0;0;0;0;0;FAIBLE;2026-05-14 11:56:32
TXN-006372;CLT-0069;1674,89;Îles Caïmans;Panama;14;0;0;25;20;0;45;ÉLEVÉ;2026-05-14 11:56:32
TXN-006373;CLT-0004;240,43;Espagne;Suisse;14;0;0;0;0;0;0;FAIBLE;2026-05-14 11:56:32
TXN-006374;CLT-0082;87188,73;Panama;Panama;14;1;40;25;20;0;85;CRITIQUE;2026-05-14 11:56:32
TXN-006375;CLT-0042;633,8;Espagne;Italie;14;0;0;0;0;0;0;FAIBLE;2026-05-14 11:56:32
TXN-006376;CLT-0093;3401,47;France;Suisse;14;0;0;0;0;0;0;FAIBLE;2026-05-14 11:56:32
TXN-006377;CLT-0006;4008,33;Russie;France;14;0;0;0;0;0;0;FAIBLE;2026-05-14 11:56:32
TXN-006378;CLT-0031;1892,86;Russie;Panama;14;0;0;0;20;0;20;MODÉRÉ;2026-05-14 11:56:32
TXN-006379;CLT-0094;12426,71;France;Allemagne;14;1;40;0;0;0;40;ÉLEVÉ;2026-05-14 11:56:32
TXN-006380;CLT-0037;3305,78;Îles Caïmans;Îles Caïmans;14;0;0;25;20;0;45;ÉLEVÉ;2026-05-14 11:56:32
TXN-006381;CLT-0049;421,42;Russie;France;14;0;0;0;0;0;0;FAIBLE;2026-05-14 11:56:32
TXN-006382;CLT-0062;4376,18;Espagne;France;14;0;0;0;0;0;0;FAIBLE;2026-05-14 11:56:32
TXN-006383;CLT-0048;3697,88;Îles Caïmans;Suisse;14;0;0;25;0;0;25;MODÉRÉ;2026-05-14 11:56:32
TXN-006384;CLT-0098;2622,38;Russie;Espagne;14;0;0;0;0;0;0;FAIBLE;2026-05-14 11:56:32
TXN-006385;CLT-0065;1377,53;Allemagne;Îles Caïmans;14;0;0;0;20;0;20;MODÉRÉ;2026-05-14 11:56:32
TXN-006386;CLT-0065;1260,96;Russie;Îles Caïmans;14;0;0;0;20;0;20;MODÉRÉ;2026-05-14 11:56:32
TXN-006387;CLT-0088;1044,13;France;Allemagne;14;0;0;0;0;0;0;FAIBLE;2026-05-14 11:56:32
TXN-006388;CLT-0092;22009,89;France;Suisse;14;1;40;0;0;0;40;ÉLEVÉ;2026-05-14 11:56:32
TXN-006389;CLT-0002;56997,26;France;Espagne;14;1;40;0;0;0;40;ÉLEVÉ;2026-05-14 11:56:32
TXN-006390;CLT-0090;4849,5;Espagne;France;14;0;0;0;0;0;0;FAIBLE;2026-05-14 11:56:32
TXN-006391;CLT-0100;4740,9;Îles Caïmans;Suisse;14;0;0;25;0;0;25;MODÉRÉ;2026-05-14 11:56:32
TXN-006392;CLT-0047;3977,39;France;Îles Caïmans;14;0;0;0;20;0;20;MODÉRÉ;2026-05-14 11:56:32
TXN-006393;CLT-0049;2328,65;France;France;14;0;0;0;0;0;0;FAIBLE;2026-05-14 11:56:32
TXN-006394;CLT-0030;2094,27;France;Allemagne;14;0;0;0;0;0;0;FAIBLE;2026-05-14 11:56:32
TXN-006395;CLT-0048;2015,33;Îles Caïmans;Suisse;14;0;0;25;0;0;25;MODÉRÉ;2026-05-14 11:56:32
TXN-006396;CLT-0058;3936,68;Panama;France;14;0;0;25;0;0;25;MODÉRÉ;2026-05-14 11:56:32
TXN-006397;CLT-0052;3600,69;Russie;France;14;0;0;0;0;0;0;FAIBLE;2026-05-14 11:56:32
TXN-006398;CLT-0017;243,88;Panama;Îles Caïmans;14;0;0;25;20;0;45;ÉLEVÉ;2026-05-14 11:56:32
TXN-006399;CLT-0040;706,99;Panama;Suisse;14;0;0;25;0;0;25;MODÉRÉ;2026-05-14 11:56:32
TXN-006400;CLT-0008;362,34;Russie;Suisse;14;0;0;0;0;0;0;FAIBLE;2026-05-14 11:56:32
TXN-006401;CLT-0063;2970,49;Russie;Îles Caïmans;14;0;0;0;20;0;20;MODÉRÉ;2026-05-14 11:56:32
TXN-006402;CLT-0022;3704,6;Îles Caïmans;Allemagne;14;0;0;25;0;0;25;MODÉRÉ;2026-05-14 11:56:32
TXN-006403;CLT-0089;68885,35;Îles Caïmans;Îles Caïmans;14;1;40;25;20;0;85;CRITIQUE;2026-05-14 11:56:32
TXN-006404;CLT-0060;859,14;Îles Caïmans;Italie;14;0;0;25;0;0;25;MODÉRÉ;2026-05-14 11:56:32
TXN-006405;CLT-0049;1385,39;France;France;14;0;0;0;0;0;0;FAIBLE;2026-05-14 11:56:32
TXN-006406;CLT-0026;4305,59;France;Italie;14;0;0;0;0;0;0;FAIBLE;2026-05-14 11:56:32
TXN-006407;CLT-0033;4002,5;France;Italie;14;0;0;0;0;0;0;FAIBLE;2026-05-14 11:56:32
TXN-006408;CLT-0073;2724,49;Allemagne;France;14;0;0;0;0;0;0;FAIBLE;2026-05-14 11:56:32
TXN-006409;CLT-0015;4485,22;Espagne;France;14;0;0;0;0;0;0;FAIBLE;2026-05-14 11:56:32
TXN-006410;CLT-0065;2008,41;Panama;Îles Caïmans;14;0;0;25;20;0;45;ÉLEVÉ;2026-05-14 11:56:32
TXN-006411;CLT-0018;2495,78;Panama;Panama;14;0;0;25;20;0;45;ÉLEVÉ;2026-05-14 11:56:32
TXN-006412;CLT-0010;1969,55;Allemagne;Îles Caïmans;14;0;0;0;20;0;20;MODÉRÉ;2026-05-14 11:56:32
TXN-006413;CLT-0045;2292,72;Allemagne;France;14;0;0;0;0;0;0;FAIBLE;2026-05-14 11:56:32
TXN-006414;CLT-0070;4687,92;Russie;Italie;14;0;0;0;0;0;0;FAIBLE;2026-05-14 11:56:32
TXN-006415;CLT-0043;454,07;Îles Caïmans;Suisse;14;0;0;25;0;0;25;MODÉRÉ;2026-05-14 11:56:32
TXN-006416;CLT-0032;4570,2;Panama;Suisse;14;0;0;25;0;0;25;MODÉRÉ;2026-05-14 11:56:32
TXN-006417;CLT-0086;3725,3;France;France;14;0;0;0;0;0;0;FAIBLE;2026-05-14 11:56:32
TXN-006418;CLT-0042;2674,08;France;Italie;14;0;0;0;0;0;0;FAIBLE;2026-05-14 11:56:32
TXN-006419;CLT-0015;3004,03;France;France;14;0;0;0;0;0;0;FAIBLE;2026-05-14 11:56:32
TXN-006420;CLT-0040;2128,6;Îles Caïmans;Suisse;14;0;0;25;0;0;25;MODÉRÉ;2026-05-14 11:56:32
TXN-006421;CLT-0051;848,92;Espagne;France;14;0;0;0;0;0;0;FAIBLE;2026-05-14 11:56:32
TXN-006422;CLT-0015;53693,33;Russie;France;14;1;40;0;0;0;40;ÉLEVÉ;2026-05-14 11:56:32
TXN-006423;CLT-0007;2412,12;France;Suisse;14;0;0;0;0;0;0;FAIBLE;2026-05-14 11:56:32
TXN-006424;CLT-0010;93960,28;France;Îles Caïmans;14;1;40;0;20;0;60;ÉLEVÉ;2026-05-14 11:56:32
TXN-006425;CLT-0093;4984,07;France;Suisse;14;0;0;0;0;0;0;FAIBLE;2026-05-14 11:56:32
TXN-006426;CLT-0021;4775,99;France;France;14;0;0;0;0;0;0;FAIBLE;2026-05-14 11:56:32
TXN-006427;CLT-0082;82859,62;France;Panama;14;1;40;0;20;0;60;ÉLEVÉ;2026-05-14 11:56:32
TXN-006428;CLT-0022;4496,19;Espagne;Allemagne;14;0;0;0;0;0;0;FAIBLE;2026-05-14 11:56:32
TXN-006429;CLT-0013;922,53;Panama;France;14;0;0;25;0;0;25;MODÉRÉ;2026-05-14 11:56:32
TXN-006430;CLT-0078;1093,16;Panama;Suisse;14;0;0;25;0;0;25;MODÉRÉ;2026-05-14 11:56:32
TXN-006431;CLT-0094;21542,32;Îles Caïmans;Allemagne;14;1;40;25;0;0;65;ÉLEVÉ;2026-05-14 11:56:32
TXN-006432;CLT-0012;28930,66;France;Panama;14;1;40;0;20;0;60;ÉLEVÉ;2026-05-14 11:56:32
TXN-006433;CLT-0041;3219,59;Espagne;Panama;14;0;0;0;20;0;20;MODÉRÉ;2026-05-14 11:56:32
TXN-006434;CLT-0008;31807,93;Espagne;Suisse;14;1;40;0;0;0;40;ÉLEVÉ;2026-05-14 11:56:32
TXN-006435;CLT-0007;956,24;Espagne;Suisse;14;0;0;0;0;0;0;FAIBLE;2026-05-14 11:56:32
TXN-006436;CLT-0028;3802,23;France;France;14;0;0;0;0;0;0;FAIBLE;2026-05-14 11:56:32
TXN-006437;CLT-0073;4276,29;Russie;France;14;0;0;0;0;0;0;FAIBLE;2026-05-14 11:56:32
TXN-006438;CLT-0039;31054,84;France;France;14;1;40;0;0;0;40;ÉLEVÉ;2026-05-14 11:56:32
TXN-006439;CLT-0062;61917,01;France;France;14;1;40;0;0;0;40;ÉLEVÉ;2026-05-14 11:56:32
TXN-006440;CLT-0031;1649,44;Russie;Panama;14;0;0;0;20;0;20;MODÉRÉ;2026-05-14 11:56:32
TXN-006441;CLT-0056;3218,92;Panama;Allemagne;14;0;0;25;0;0;25;MODÉRÉ;2026-05-14 11:56:32
TXN-006442;CLT-0017;1995,21;Panama;Îles Caïmans;14;0;0;25;20;0;45;ÉLEVÉ;2026-05-14 11:56:32
TXN-006443;CLT-0040;1133,96;France;Suisse;14;0;0;0;0;0;0;FAIBLE;2026-05-14 11:56:32
TXN-006444;CLT-0050;4688,67;Îles Caïmans;Espagne;14;0;0;25;0;0;25;MODÉRÉ;2026-05-14 11:56:32
TXN-006445;CLT-0075;85544,43;France;France;14;1;40;0;0;0;40;ÉLEVÉ;2026-05-14 11:56:32
TXN-006446;CLT-0007;904,37;France;Suisse;14;0;0;0;0;0;0;FAIBLE;2026-05-14 11:56:32
TXN-006447;CLT-0027;4669,35;Allemagne;Espagne;14;0;0;0;0;0;0;FAIBLE;2026-05-14 11:56:32
TXN-006448;CLT-0021;2851,28;Panama;France;14;0;0;25;0;0;25;MODÉRÉ;2026-05-14 11:56:32
TXN-006449;CLT-0061;4459,28;Allemagne;France;14;0;0;0;0;0;0;FAIBLE;2026-05-14 11:56:32
TXN-006450;CLT-0017;4162,85;France;Îles Caïmans;14;0;0;0;20;0;20;MODÉRÉ;2026-05-14 11:56:32
TXN-006451;CLT-0077;4595,6;France;France;14;0;0;0;0;0;0;FAIBLE;2026-05-14 11:56:32
TXN-006452;CLT-0073;1739,72;Panama;France;14;0;0;25;0;0;25;MODÉRÉ;2026-05-14 11:56:32
TXN-006453;CLT-0024;4601,23;France;Espagne;14;0;0;0;0;0;0;FAIBLE;2026-05-14 11:56:32
TXN-006454;CLT-0005;3369,97;Panama;Panama;14;0;0;25;20;0;45;ÉLEVÉ;2026-05-14 11:56:32
TXN-006455;CLT-0033;238,83;Îles Caïmans;Italie;14;0;0;25;0;0;25;MODÉRÉ;2026-05-14 11:56:32
TXN-006456;CLT-0038;1085,8;Allemagne;Îles Caïmans;14;0;0;0;20;0;20;MODÉRÉ;2026-05-14 11:56:32
TXN-006457;CLT-0054;3746,26;France;Suisse;14;0;0;0;0;0;0;FAIBLE;2026-05-14 11:56:32
TXN-006458;CLT-0001;789,99;Russie;France;14;0;0;0;0;0;0;FAIBLE;2026-05-14 11:56:32
TXN-006459;CLT-0051;834,1;Allemagne;France;14;0;0;0;0;0;0;FAIBLE;2026-05-14 11:56:32
TXN-006460;CLT-0081;2314,46;Russie;Îles Caïmans;14;0;0;0;20;0;20;MODÉRÉ;2026-05-14 11:56:32
TXN-006461;CLT-0014;1604,84;Allemagne;France;14;0;0;0;0;0;0;FAIBLE;2026-05-14 11:56:32
TXN-006462;CLT-0006;3755,54;France;France;14;0;0;0;0;0;0;FAIBLE;2026-05-14 11:56:32
TXN-006463;CLT-0055;4498,57;France;Espagne;14;0;0;0;0;0;0;FAIBLE;2026-05-14 11:56:32
TXN-006464;CLT-0083;3657,11;Russie;France;14;0;0;0;0;0;0;FAIBLE;2026-05-14 11:56:32
TXN-006465;CLT-0071;1425,59;France;Îles Caïmans;14;0;0;0;20;0;20;MODÉRÉ;2026-05-14 11:56:32
TXN-006466;CLT-0060;2768,17;Allemagne;Italie;14;0;0;0;0;0;0;FAIBLE;2026-05-14 11:56:32
TXN-006467;CLT-0028;4019,09;France;France;14;0;0;0;0;0;0;FAIBLE;2026-05-14 11:56:32
TXN-006468;CLT-0084;4102,03;Espagne;Italie;14;0;0;0;0;0;0;FAIBLE;2026-05-14 11:56:32
TXN-006469;CLT-0038;3858,41;Allemagne;Îles Caïmans;14;0;0;0;20;0;20;MODÉRÉ;2026-05-14 11:56:32
TXN-006470;CLT-0027;2333,04;France;Espagne;14;0;0;0;0;0;0;FAIBLE;2026-05-14 11:56:32
TXN-006471;CLT-0094;2578,22;Îles Caïmans;Allemagne;14;0;0;25;0;0;25;MODÉRÉ;2026-05-14 11:56:32
TXN-006472;CLT-0073;1939,16;Îles Caïmans;France;14;0;0;25;0;0;25;MODÉRÉ;2026-05-14 11:56:32
TXN-006473;CLT-0082;2065,09;Allemagne;Panama;14;0;0;0;20;0;20;MODÉRÉ;2026-05-14 11:56:32
TXN-006474;CLT-0073;1580,74;Espagne;France;14;0;0;0;0;0;0;FAIBLE;2026-05-14 11:56:32
TXN-006475;CLT-0002;3190,76;France;Espagne;14;0;0;0;0;0;0;FAIBLE;2026-05-14 11:56:32
TXN-006476;CLT-0012;4437,64;Panama;Panama;14;0;0;25;20;0;45;ÉLEVÉ;2026-05-14 11:56:32
TXN-006477;CLT-0048;4589,87;Russie;Suisse;14;0;0;0;0;0;0;FAIBLE;2026-05-14 11:56:32
TXN-006478;CLT-0053;1156,96;Espagne;Espagne;14;0;0;0;0;0;0;FAIBLE;2026-05-14 11:56:32
TXN-006479;CLT-0040;20521,2;France;Suisse;14;1;40;0;0;0;40;ÉLEVÉ;2026-05-14 11:56:32
TXN-006480;CLT-0070;4232,81;Allemagne;Italie;14;0;0;0;0;0;0;FAIBLE;2026-05-14 11:56:32
TXN-006481;CLT-0072;784,73;France;Allemagne;14;0;0;0;0;0;0;FAIBLE;2026-05-14 11:56:32
TXN-006482;CLT-0082;75787,2;Espagne;Panama;14;1;40;0;20;0;60;ÉLEVÉ;2026-05-14 11:56:32
TXN-006483;CLT-0020;3359,15;Panama;Italie;14;0;0;25;0;0;25;MODÉRÉ;2026-05-14 11:56:32
TXN-006484;CLT-0086;70318,03;Îles Caïmans;France;14;1;40;25;0;0;65;ÉLEVÉ;2026-05-14 11:56:32
TXN-006485;CLT-0059;2789,39;Panama;Îles Caïmans;14;0;0;25;20;0;45;ÉLEVÉ;2026-05-14 11:56:32
TXN-006486;CLT-0060;281,63;Allemagne;Italie;14;0;0;0;0;0;0;FAIBLE;2026-05-14 11:56:32
TXN-006487;CLT-0052;3284,79;France;France;14;0;0;0;0;0;0;FAIBLE;2026-05-14 11:56:32
TXN-006488;CLT-0020;92998,13;Espagne;Italie;14;1;40;0;0;0;40;ÉLEVÉ;2026-05-14 11:56:32
TXN-006489;CLT-0078;4902,9;Allemagne;Suisse;14;0;0;0;0;0;0;FAIBLE;2026-05-14 11:56:32
TXN-006490;CLT-0088;3424,58;Espagne;Allemagne;14;0;0;0;0;0;0;FAIBLE;2026-05-14 11:56:32
TXN-006491;CLT-0088;2048,29;France;Allemagne;14;0;0;0;0;0;0;FAIBLE;2026-05-14 11:56:32
TXN-006492;CLT-0043;1683,6;France;Suisse;14;0;0;0;0;0;0;FAIBLE;2026-05-14 11:56:32
TXN-006493;CLT-0049;3965,86;France;France;14;0;0;0;0;0;0;FAIBLE;2026-05-14 11:56:32
TXN-006494;CLT-0042;4566,39;France;Italie;14;0;0;0;0;0;0;FAIBLE;2026-05-14 11:56:32
TXN-006495;CLT-0092;3163,72;France;Suisse;14;0;0;0;0;0;0;FAIBLE;2026-05-14 11:56:32
TXN-006496;CLT-0035;283,71;France;Espagne;14;0;0;0;0;0;0;FAIBLE;2026-05-14 11:56:32
TXN-006497;CLT-0033;3363,15;Îles Caïmans;Italie;14;0;0;25;0;0;25;MODÉRÉ;2026-05-14 11:56:32
TXN-006498;CLT-0013;535,72;Îles Caïmans;France;14;0;0;25;0;0;25;MODÉRÉ;2026-05-14 11:56:32
TXN-006499;CLT-0066;12193,16;France;Espagne;14;1;40;0;0;0;40;ÉLEVÉ;2026-05-14 11:56:32
TXN-006500;CLT-0090;2749,0;Russie;France;14;0;0;0;0;0;0;FAIBLE;2026-05-14 11:56:32
TXN-006501;CLT-0035;3084,21;Espagne;Espagne;14;0;0;0;0;0;0;FAIBLE;2026-05-14 11:56:32
TXN-006502;CLT-0098;3772,02;Panama;Espagne;14;0;0;25;0;0;25;MODÉRÉ;2026-05-14 11:56:32
TXN-006503;CLT-0091;91265,65;Îles Caïmans;Allemagne;14;1;40;25;0;0;65;ÉLEVÉ;2026-05-14 11:56:32
TXN-006504;CLT-0035;1155,44;Allemagne;Espagne;14;0;0;0;0;0;0;FAIBLE;2026-05-14 11:56:32
TXN-006505;CLT-0070;1184,32;France;Italie;14;0;0;0;0;0;0;FAIBLE;2026-05-14 11:56:32
TXN-006506;CLT-0035;58399,29;Îles Caïmans;Espagne;14;1;40;25;0;0;65;ÉLEVÉ;2026-05-14 11:56:32
TXN-006507;CLT-0027;4024,46;Russie;Espagne;14;0;0;0;0;0;0;FAIBLE;2026-05-14 11:56:32
TXN-006508;CLT-0079;3927,4;France;Îles Caïmans;14;0;0;0;20;0;20;MODÉRÉ;2026-05-14 11:56:32
TXN-006509;CLT-0021;66590,03;France;France;14;1;40;0;0;0;40;ÉLEVÉ;2026-05-14 11:56:32
TXN-006510;CLT-0024;488,04;France;Espagne;14;0;0;0;0;0;0;FAIBLE;2026-05-14 11:56:32
TXN-006511;CLT-0047;1209,9;Allemagne;Îles Caïmans;14;0;0;0;20;0;20;MODÉRÉ;2026-05-14 11:56:32
TXN-006512;CLT-0082;24951,72;France;Panama;14;1;40;0;20;0;60;ÉLEVÉ;2026-05-14 11:56:32
TXN-006513;CLT-0023;34,3;France;Allemagne;14;0;0;0;0;0;0;FAIBLE;2026-05-14 11:56:32
TXN-006514;CLT-0071;926,12;Îles Caïmans;Îles Caïmans;14;0;0;25;20;0;45;ÉLEVÉ;2026-05-14 11:56:32
TXN-006515;CLT-0024;184,47;Panama;Espagne;14;0;0;25;0;0;25;MODÉRÉ;2026-05-14 11:56:32
TXN-006516;CLT-0013;4488,85;Russie;France;14;0;0;0;0;0;0;FAIBLE;2026-05-14 11:56:32
TXN-006517;CLT-0090;2000,28;France;France;14;0;0;0;0;0;0;FAIBLE;2026-05-14 11:56:32
TXN-006518;CLT-0075;3454,4;Russie;France;14;0;0;0;0;0;0;FAIBLE;2026-05-14 11:56:32
TXN-006519;CLT-0097;1720,34;Espagne;Panama;14;0;0;0;20;0;20;MODÉRÉ;2026-05-14 11:56:32
TXN-006520;CLT-0028;2652,7;Russie;France;14;0;0;0;0;0;0;FAIBLE;2026-05-14 11:56:32
TXN-006521;CLT-0037;87443,65;Espagne;Îles Caïmans;14;1;40;0;20;0;60;ÉLEVÉ;2026-05-14 11:56:32
TXN-006522;CLT-0081;585,19;Russie;Îles Caïmans;14;0;0;0;20;0;20;MODÉRÉ;2026-05-14 11:56:32
TXN-006523;CLT-0024;49989,04;Espagne;Espagne;14;1;40;0;0;0;40;ÉLEVÉ;2026-05-14 11:56:32
TXN-006524;CLT-0094;62222,28;France;Allemagne;14;1;40;0;0;0;40;ÉLEVÉ;2026-05-14 11:56:32
TXN-006525;CLT-0037;2731,13;France;Îles Caïmans;14;0;0;0;20;0;20;MODÉRÉ;2026-05-14 11:56:32
TXN-006526;CLT-0049;1032,43;France;France;14;0;0;0;0;0;0;FAIBLE;2026-05-14 11:56:32
TXN-006527;CLT-0028;3005,51;Espagne;France;14;0;0;0;0;0;0;FAIBLE;2026-05-14 11:56:32
TXN-006528;CLT-0088;2736,46;France;Allemagne;14;0;0;0;0;0;0;FAIBLE;2026-05-14 11:56:32
TXN-006529;CLT-0019;1928,06;France;Espagne;14;0;0;0;0;0;0;FAIBLE;2026-05-14 11:56:32
TXN-006530;CLT-0060;17718,17;Panama;Italie;14;1;40;25;0;0;65;ÉLEVÉ;2026-05-14 11:56:32
TXN-006531;CLT-0022;836,47;Russie;Allemagne;14;0;0;0;0;0;0;FAIBLE;2026-05-14 11:56:32
TXN-006532;CLT-0052;516,55;France;France;14;0;0;0;0;0;0;FAIBLE;2026-05-14 11:56:32
TXN-006533;CLT-0095;45671,56;Îles Caïmans;Îles Caïmans;14;1;40;25;20;0;85;CRITIQUE;2026-05-14 11:56:32
TXN-006534;CLT-0023;4765,89;France;Allemagne;14;0;0;0;0;0;0;FAIBLE;2026-05-14 11:56:32
TXN-006535;CLT-0097;2540,93;Îles Caïmans;Panama;14;0;0;25;20;0;45;ÉLEVÉ;2026-05-14 11:56:32
TXN-006536;CLT-0022;3900,77;Espagne;Allemagne;14;0;0;0;0;0;0;FAIBLE;2026-05-14 11:56:32
TXN-006537;CLT-0027;67661,94;Espagne;Espagne;14;1;40;0;0;0;40;ÉLEVÉ;2026-05-14 11:56:32
TXN-006538;CLT-0010;69,51;Espagne;Îles Caïmans;14;0;0;0;20;0;20;MODÉRÉ;2026-05-14 11:56:32
TXN-006539;CLT-0004;312,64;Panama;Suisse;14;0;0;25;0;0;25;MODÉRÉ;2026-05-14 11:56:32
TXN-006540;CLT-0065;23,12;France;Îles Caïmans;14;0;0;0;20;0;20;MODÉRÉ;2026-05-14 11:56:32
TXN-006541;CLT-0058;2070,17;Allemagne;France;14;0;0;0;0;0;0;FAIBLE;2026-05-14 11:56:32
TXN-006542;CLT-0058;2526,0;Russie;France;14;0;0;0;0;0;0;FAIBLE;2026-05-14 11:56:32
TXN-006543;CLT-0093;8603,55;France;Suisse;14;1;40;0;0;0;40;ÉLEVÉ;2026-05-14 11:56:32
TXN-006544;CLT-0038;1969,59;Panama;Îles Caïmans;14;0;0;25;20;0;45;ÉLEVÉ;2026-05-14 11:56:32
TXN-006545;CLT-0092;1169,14;France;Suisse;14;0;0;0;0;0;0;FAIBLE;2026-05-14 11:56:32
TXN-006546;CLT-0059;825,47;Russie;Îles Caïmans;14;0;0;0;20;0;20;MODÉRÉ;2026-05-14 11:56:32
TXN-006547;CLT-0024;3628,17;France;Espagne;14;0;0;0;0;0;0;FAIBLE;2026-05-14 11:56:32
TXN-006548;CLT-0017;67995,62;Panama;Îles Caïmans;14;1;40;25;20;0;85;CRITIQUE;2026-05-14 11:56:32
TXN-006549;CLT-0025;73372,36;France;Italie;14;1;40;0;0;0;40;ÉLEVÉ;2026-05-14 11:56:32
TXN-006550;CLT-0069;985,28;France;Panama;14;0;0;0;20;0;20;MODÉRÉ;2026-05-14 11:56:32
TXN-006551;CLT-0004;2986,72;Espagne;Suisse;14;0;0;0;0;0;0;FAIBLE;2026-05-14 11:56:32
TXN-006552;CLT-0087;35387,43;Espagne;Italie;14;1;40;0;0;0;40;ÉLEVÉ;2026-05-14 11:56:32
TXN-006553;CLT-0093;2378,35;Russie;Suisse;14;0;0;0;0;0;0;FAIBLE;2026-05-14 11:56:32
TXN-006554;CLT-0046;42180,3;Îles Caïmans;France;14;1;40;25;0;0;65;ÉLEVÉ;2026-05-14 11:56:32
TXN-006555;CLT-0081;2785,19;France;Îles Caïmans;14;0;0;0;20;0;20;MODÉRÉ;2026-05-14 11:56:32
TXN-006556;CLT-0008;3929,29;France;Suisse;14;0;0;0;0;0;0;FAIBLE;2026-05-14 11:56:32
TXN-006557;CLT-0011;1495,84;France;France;14;0;0;0;0;0;0;FAIBLE;2026-05-14 11:56:32
TXN-006558;CLT-0097;4570,43;Panama;Panama;14;0;0;25;20;0;45;ÉLEVÉ;2026-05-14 11:56:32
TXN-006559;CLT-0052;2504,24;Russie;France;14;0;0;0;0;0;0;FAIBLE;2026-05-14 11:56:32
TXN-006560;CLT-0017;365,42;Îles Caïmans;Îles Caïmans;14;0;0;25;20;0;45;ÉLEVÉ;2026-05-14 11:56:32
TXN-006561;CLT-0073;491,2;France;France;14;0;0;0;0;0;0;FAIBLE;2026-05-14 11:56:32
TXN-006562;CLT-0062;1539,05;France;France;14;0;0;0;0;0;0;FAIBLE;2026-05-14 11:56:32
TXN-006563;CLT-0072;21273,63;Espagne;Allemagne;14;1;40;0;0;0;40;ÉLEVÉ;2026-05-14 11:56:32
TXN-006564;CLT-0040;1756,53;France;Suisse;14;0;0;0;0;0;0;FAIBLE;2026-05-14 11:56:32
TXN-006565;CLT-0025;3289,02;France;Italie;14;0;0;0;0;0;0;FAIBLE;2026-05-14 11:56:32
TXN-006566;CLT-0083;1773,03;Espagne;France;14;0;0;0;0;0;0;FAIBLE;2026-05-14 11:56:32
TXN-006567;CLT-0047;2782,59;Russie;Îles Caïmans;14;0;0;0;20;0;20;MODÉRÉ;2026-05-14 11:56:32
TXN-006568;CLT-0080;2298,31;Allemagne;France;14;0;0;0;0;0;0;FAIBLE;2026-05-14 11:56:32
TXN-006569;CLT-0061;3626,52;France;France;14;0;0;0;0;0;0;FAIBLE;2026-05-14 11:56:32
TXN-006570;CLT-0032;1282,13;Îles Caïmans;Suisse;14;0;0;25;0;0;25;MODÉRÉ;2026-05-14 11:56:32
TXN-006571;CLT-0068;985,29;Îles Caïmans;Allemagne;14;0;0;25;0;0;25;MODÉRÉ;2026-05-14 11:56:32
TXN-006572;CLT-0087;1437,13;Allemagne;Italie;14;0;0;0;0;0;0;FAIBLE;2026-05-14 11:56:32
TXN-006573;CLT-0087;1170,27;France;Italie;14;0;0;0;0;0;0;FAIBLE;2026-05-14 11:56:32
TXN-006574;CLT-0094;3018,02;Îles Caïmans;Allemagne;14;0;0;25;0;0;25;MODÉRÉ;2026-05-14 11:56:32
TXN-006575;CLT-0061;2032,25;Panama;France;14;0;0;25;0;0;25;MODÉRÉ;2026-05-14 11:56:32
TXN-006576;CLT-0040;4333,94;Îles Caïmans;Suisse;14;0;0;25;0;0;25;MODÉRÉ;2026-05-14 11:56:32
TXN-006577;CLT-0053;292,04;Allemagne;Espagne;14;0;0;0;0;0;0;FAIBLE;2026-05-14 11:56:32
TXN-006578;CLT-0034;3899,93;France;France;14;0;0;0;0;0;0;FAIBLE;2026-05-14 11:56:32
TXN-006579;CLT-0089;3451,67;France;Îles Caïmans;14;0;0;0;20;0;20;MODÉRÉ;2026-05-14 11:56:32
TXN-006580;CLT-0022;2083,86;Îles Caïmans;Allemagne;14;0;0;25;0;0;25;MODÉRÉ;2026-05-14 11:56:32
TXN-006581;CLT-0059;1093,57;Espagne;Îles Caïmans;14;0;0;0;20;0;20;MODÉRÉ;2026-05-14 11:56:32
TXN-006582;CLT-0095;1825,39;Allemagne;Îles Caïmans;14;0;0;0;20;0;20;MODÉRÉ;2026-05-14 11:56:32
TXN-006583;CLT-0011;1459,55;France;France;14;0;0;0;0;0;0;FAIBLE;2026-05-14 11:56:32
TXN-006584;CLT-0034;1333,04;Panama;France;14;0;0;25;0;0;25;MODÉRÉ;2026-05-14 11:56:32
TXN-006585;CLT-0081;1451,21;Espagne;Îles Caïmans;14;0;0;0;20;0;20;MODÉRÉ;2026-05-14 11:56:32
TXN-006586;CLT-0049;3131,05;France;France;14;0;0;0;0;0;0;FAIBLE;2026-05-14 11:56:32
TXN-006587;CLT-0015;382,23;Îles Caïmans;France;14;0;0;25;0;0;25;MODÉRÉ;2026-05-14 11:56:32
TXN-006588;CLT-0023;2460,68;Îles Caïmans;Allemagne;14;0;0;25;0;0;25;MODÉRÉ;2026-05-14 11:56:32
TXN-006589;CLT-0057;2937,31;Espagne;France;14;0;0;0;0;0;0;FAIBLE;2026-05-14 11:56:32
TXN-006590;CLT-0084;1029,44;Russie;Italie;14;0;0;0;0;0;0;FAIBLE;2026-05-14 11:56:32
TXN-006591;CLT-0047;3229,28;France;Îles Caïmans;14;0;0;0;20;0;20;MODÉRÉ;2026-05-14 11:56:32
TXN-006592;CLT-0034;35499,34;France;France;14;1;40;0;0;0;40;ÉLEVÉ;2026-05-14 11:56:32
TXN-006593;CLT-0062;1109,0;France;France;14;0;0;0;0;0;0;FAIBLE;2026-05-14 11:56:32
TXN-006594;CLT-0044;4489,45;France;France;14;0;0;0;0;0;0;FAIBLE;2026-05-14 11:56:32
TXN-006595;CLT-0004;3703,35;France;Suisse;14;0;0;0;0;0;0;FAIBLE;2026-05-14 11:56:32
TXN-006596;CLT-0031;43191,67;Îles Caïmans;Panama;14;1;40;25;20;0;85;CRITIQUE;2026-05-14 11:56:32
TXN-006597;CLT-0082;1549,61;Espagne;Panama;14;0;0;0;20;0;20;MODÉRÉ;2026-05-14 11:56:32
TXN-006598;CLT-0095;76,1;Îles Caïmans;Îles Caïmans;14;0;0;25;20;0;45;ÉLEVÉ;2026-05-14 11:56:32
TXN-006599;CLT-0081;10304,19;Allemagne;Îles Caïmans;14;1;40;0;20;0;60;ÉLEVÉ;2026-05-14 11:56:32
TXN-006600;CLT-0014;4566,54;France;France;14;0;0;0;0;0;0;FAIBLE;2026-05-14 11:56:32
TXN-006601;CLT-0081;2460,51;Îles Caïmans;Îles Caïmans;14;0;0;25;20;0;45;ÉLEVÉ;2026-05-14 11:56:32
TXN-006602;CLT-0057;2129,46;Panama;France;14;0;0;25;0;0;25;MODÉRÉ;2026-05-14 11:56:32
TXN-006603;CLT-0041;520,85;France;Panama;14;0;0;0;20;0;20;MODÉRÉ;2026-05-14 11:56:32
TXN-006604;CLT-0006;963,14;Espagne;France;14;0;0;0;0;0;0;FAIBLE;2026-05-14 11:56:32
TXN-006605;CLT-0022;944,36;Îles Caïmans;Allemagne;14;0;0;25;0;0;25;MODÉRÉ;2026-05-14 11:56:32
TXN-006606;CLT-0030;4811,58;France;Allemagne;14;0;0;0;0;0;0;FAIBLE;2026-05-14 11:56:32
TXN-006607;CLT-0011;309,79;Espagne;France;14;0;0;0;0;0;0;FAIBLE;2026-05-14 11:56:32
TXN-006608;CLT-0080;11191,71;Îles Caïmans;France;14;1;40;25;0;0;65;ÉLEVÉ;2026-05-14 11:56:32
TXN-006609;CLT-0065;4073,93;France;Îles Caïmans;14;0;0;0;20;0;20;MODÉRÉ;2026-05-14 11:56:32
TXN-006610;CLT-0037;13363,92;Espagne;Îles Caïmans;14;1;40;0;20;0;60;ÉLEVÉ;2026-05-14 11:56:32
TXN-006611;CLT-0002;690,71;Allemagne;Espagne;14;0;0;0;0;0;0;FAIBLE;2026-05-14 11:56:32
TXN-006612;CLT-0069;856,2;France;Panama;14;0;0;0;20;0;20;MODÉRÉ;2026-05-14 11:56:32
TXN-006613;CLT-0022;1776,28;Panama;Allemagne;14;0;0;25;0;0;25;MODÉRÉ;2026-05-14 11:56:32
TXN-006614;CLT-0035;3546,35;Panama;Espagne;14;0;0;25;0;0;25;MODÉRÉ;2026-05-14 11:56:32
TXN-006615;CLT-0097;3490,67;France;Panama;14;0;0;0;20;0;20;MODÉRÉ;2026-05-14 11:56:32
TXN-006616;CLT-0064;153,29;Russie;France;14;0;0;0;0;0;0;FAIBLE;2026-05-14 11:56:32
TXN-006617;CLT-0027;3008,08;Russie;Espagne;14;0;0;0;0;0;0;FAIBLE;2026-05-14 11:56:32
TXN-006618;CLT-0013;2350,54;Panama;France;14;0;0;25;0;0;25;MODÉRÉ;2026-05-14 11:56:32
TXN-006619;CLT-0069;3030,17;Panama;Panama;14;0;0;25;20;0;45;ÉLEVÉ;2026-05-14 11:56:32
TXN-006620;CLT-0073;32424,5;Allemagne;France;14;1;40;0;0;0;40;ÉLEVÉ;2026-05-14 11:56:32
TXN-006621;CLT-0018;4044,36;Panama;Panama;14;0;0;25;20;0;45;ÉLEVÉ;2026-05-14 11:56:32
TXN-006622;CLT-0081;3167,04;Îles Caïmans;Îles Caïmans;14;0;0;25;20;0;45;ÉLEVÉ;2026-05-14 11:56:32
TXN-006623;CLT-0028;4274,43;Espagne;France;14;0;0;0;0;0;0;FAIBLE;2026-05-14 11:56:32
TXN-006624;CLT-0003;4536,94;Panama;France;14;0;0;25;0;0;25;MODÉRÉ;2026-05-14 11:56:32
TXN-006625;CLT-0008;3988,02;Espagne;Suisse;14;0;0;0;0;0;0;FAIBLE;2026-05-14 11:56:32
TXN-006626;CLT-0049;22371,93;Espagne;France;14;1;40;0;0;0;40;ÉLEVÉ;2026-05-14 11:56:32
TXN-006627;CLT-0036;2636,72;Espagne;Italie;14;0;0;0;0;0;0;FAIBLE;2026-05-14 11:56:32
TXN-006628;CLT-0082;38366,47;Panama;Panama;14;1;40;25;20;0;85;CRITIQUE;2026-05-14 11:56:32
TXN-006629;CLT-0036;1209,61;Russie;Italie;14;0;0;0;0;0;0;FAIBLE;2026-05-14 11:56:32
TXN-006630;CLT-0043;3821,29;Russie;Suisse;14;0;0;0;0;0;0;FAIBLE;2026-05-14 11:56:32
TXN-006631;CLT-0047;2092,61;Russie;Îles Caïmans;14;0;0;0;20;0;20;MODÉRÉ;2026-05-14 11:56:32
TXN-006632;CLT-0072;2434,35;France;Allemagne;14;0;0;0;0;0;0;FAIBLE;2026-05-14 11:56:32
TXN-006633;CLT-0096;860,61;Espagne;Panama;14;0;0;0;20;0;20;MODÉRÉ;2026-05-14 11:56:32
TXN-006634;CLT-0007;3967,62;Russie;Suisse;14;0;0;0;0;0;0;FAIBLE;2026-05-14 11:56:32
TXN-006635;CLT-0062;3866,56;France;France;14;0;0;0;0;0;0;FAIBLE;2026-05-14 11:56:32
TXN-006636;CLT-0042;2817,41;Allemagne;Italie;14;0;0;0;0;0;0;FAIBLE;2026-05-14 11:56:32
TXN-006637;CLT-0087;1993,07;France;Italie;14;0;0;0;0;0;0;FAIBLE;2026-05-14 11:56:32
TXN-006638;CLT-0067;79334,14;Espagne;Panama;14;1;40;0;20;0;60;ÉLEVÉ;2026-05-14 11:56:32
TXN-006639;CLT-0034;8080,16;Panama;France;14;1;40;25;0;0;65;ÉLEVÉ;2026-05-14 11:56:32
TXN-006640;CLT-0037;419,92;Îles Caïmans;Îles Caïmans;14;0;0;25;20;0;45;ÉLEVÉ;2026-05-14 11:56:32
TXN-006641;CLT-0029;1606,2;Panama;France;14;0;0;25;0;0;25;MODÉRÉ;2026-05-14 11:56:32
TXN-006642;CLT-0078;94407,57;Îles Caïmans;Suisse;14;1;40;25;0;0;65;ÉLEVÉ;2026-05-14 11:56:32
TXN-006643;CLT-0037;1675,21;France;Îles Caïmans;14;0;0;0;20;0;20;MODÉRÉ;2026-05-14 11:56:32
TXN-006644;CLT-0003;3617,85;France;France;14;0;0;0;0;0;0;FAIBLE;2026-05-14 11:56:32
TXN-006645;CLT-0032;712,28;Espagne;Suisse;14;0;0;0;0;0;0;FAIBLE;2026-05-14 11:56:32
TXN-006646;CLT-0077;390,39;Russie;France;14;0;0;0;0;0;0;FAIBLE;2026-05-14 11:56:32
TXN-006647;CLT-0084;728,18;Panama;Italie;14;0;0;25;0;0;25;MODÉRÉ;2026-05-14 11:56:32
TXN-006648;CLT-0085;4466,58;France;Îles Caïmans;14;0;0;0;20;0;20;MODÉRÉ;2026-05-14 11:56:32
TXN-006649;CLT-0009;3562,37;France;Suisse;14;0;0;0;0;0;0;FAIBLE;2026-05-14 11:56:32
TXN-006650;CLT-0032;4028,95;Allemagne;Suisse;14;0;0;0;0;0;0;FAIBLE;2026-05-14 11:56:32
TXN-006651;CLT-0037;78922,57;Espagne;Îles Caïmans;14;1;40;0;20;0;60;ÉLEVÉ;2026-05-14 11:56:32
TXN-006652;CLT-0007;3266,93;France;Suisse;14;0;0;0;0;0;0;FAIBLE;2026-05-14 11:56:32
TXN-006653;CLT-0029;4590,97;France;France;14;0;0;0;0;0;0;FAIBLE;2026-05-14 11:56:32
TXN-006654;CLT-0005;3423,93;Allemagne;Panama;14;0;0;0;20;0;20;MODÉRÉ;2026-05-14 11:56:32
TXN-006655;CLT-0064;2432,76;Russie;France;14;0;0;0;0;0;0;FAIBLE;2026-05-14 11:56:32
TXN-006656;CLT-0098;4268,03;Îles Caïmans;Espagne;14;0;0;25;0;0;25;MODÉRÉ;2026-05-14 11:56:32
TXN-006657;CLT-0080;1749,48;Allemagne;France;14;0;0;0;0;0;0;FAIBLE;2026-05-14 11:56:32
TXN-006658;CLT-0079;4814,06;Espagne;Îles Caïmans;14;0;0;0;20;0;20;MODÉRÉ;2026-05-14 11:56:32
TXN-006659;CLT-0014;3859,87;France;France;14;0;0;0;0;0;0;FAIBLE;2026-05-14 11:56:32
TXN-006660;CLT-0048;1029,55;Allemagne;Suisse;14;0;0;0;0;0;0;FAIBLE;2026-05-14 11:56:32
TXN-006661;CLT-0025;2691,41;Allemagne;Italie;14;0;0;0;0;0;0;FAIBLE;2026-05-14 11:56:32
TXN-006662;CLT-0047;4395,1;Espagne;Îles Caïmans;14;0;0;0;20;0;20;MODÉRÉ;2026-05-14 11:56:32
TXN-006663;CLT-0096;2604,91;Russie;Panama;14;0;0;0;20;0;20;MODÉRÉ;2026-05-14 11:56:32
TXN-006664;CLT-0056;40756,9;Îles Caïmans;Allemagne;14;1;40;25;0;0;65;ÉLEVÉ;2026-05-14 11:56:32
TXN-006665;CLT-0041;46281,43;Espagne;Panama;14;1;40;0;20;0;60;ÉLEVÉ;2026-05-14 11:56:32
TXN-006666;CLT-0021;2540,15;Îles Caïmans;France;14;0;0;25;0;0;25;MODÉRÉ;2026-05-14 11:56:32
TXN-006667;CLT-0095;2816,81;France;Îles Caïmans;14;0;0;0;20;0;20;MODÉRÉ;2026-05-14 11:56:32
TXN-006668;CLT-0059;4394,96;France;Îles Caïmans;14;0;0;0;20;0;20;MODÉRÉ;2026-05-14 11:56:32
TXN-006669;CLT-0073;1416,55;Russie;France;14;0;0;0;0;0;0;FAIBLE;2026-05-14 11:56:32
TXN-006670;CLT-0005;1730,93;Allemagne;Panama;14;0;0;0;20;0;20;MODÉRÉ;2026-05-14 11:56:32
TXN-006671;CLT-0065;3877,17;Allemagne;Îles Caïmans;14;0;0;0;20;0;20;MODÉRÉ;2026-05-14 11:56:32
TXN-006672;CLT-0048;3844,37;France;Suisse;14;0;0;0;0;0;0;FAIBLE;2026-05-14 11:56:32
TXN-006673;CLT-0078;2658,3;Espagne;Suisse;14;0;0;0;0;0;0;FAIBLE;2026-05-14 11:56:32
TXN-006674;CLT-0050;1797,6;France;Espagne;14;0;0;0;0;0;0;FAIBLE;2026-05-14 11:56:32
TXN-006675;CLT-0041;3504,95;Espagne;Panama;14;0;0;0;20;0;20;MODÉRÉ;2026-05-14 11:56:32
TXN-006676;CLT-0019;2168,47;France;Espagne;14;0;0;0;0;0;0;FAIBLE;2026-05-14 11:56:32
TXN-006677;CLT-0022;14311,88;France;Allemagne;14;1;40;0;0;0;40;ÉLEVÉ;2026-05-14 11:56:32
TXN-006678;CLT-0049;4395,5;Panama;France;14;0;0;25;0;0;25;MODÉRÉ;2026-05-14 11:56:32
TXN-006679;CLT-0009;2473,62;Russie;Suisse;14;0;0;0;0;0;0;FAIBLE;2026-05-14 11:56:32
TXN-006680;CLT-0098;2999,59;France;Espagne;14;0;0;0;0;0;0;FAIBLE;2026-05-14 11:56:32
TXN-006681;CLT-0006;1513,29;Allemagne;France;14;0;0;0;0;0;0;FAIBLE;2026-05-14 11:56:32
TXN-006682;CLT-0044;724,83;France;France;14;0;0;0;0;0;0;FAIBLE;2026-05-14 11:56:32
TXN-006683;CLT-0089;3491,42;France;Îles Caïmans;14;0;0;0;20;0;20;MODÉRÉ;2026-05-14 11:56:32
TXN-006684;CLT-0082;4502,54;Allemagne;Panama;14;0;0;0;20;0;20;MODÉRÉ;2026-05-14 11:56:32
TXN-006685;CLT-0087;4254,57;France;Italie;14;0;0;0;0;0;0;FAIBLE;2026-05-14 11:56:32
TXN-006686;CLT-0002;1115,58;France;Espagne;14;0;0;0;0;0;0;FAIBLE;2026-05-14 11:56:32
TXN-006687;CLT-0035;3731,32;Russie;Espagne;14;0;0;0;0;0;0;FAIBLE;2026-05-14 11:56:32
TXN-006688;CLT-0037;895,66;Allemagne;Îles Caïmans;14;0;0;0;20;0;20;MODÉRÉ;2026-05-14 11:56:32
TXN-006689;CLT-0063;3803,8;Panama;Îles Caïmans;14;0;0;25;20;0;45;ÉLEVÉ;2026-05-14 11:56:32
TXN-006690;CLT-0007;4797,76;Îles Caïmans;Suisse;14;0;0;25;0;0;25;MODÉRÉ;2026-05-14 11:56:32
TXN-006691;CLT-0046;2545,37;France;France;14;0;0;0;0;0;0;FAIBLE;2026-05-14 11:56:32
TXN-006692;CLT-0087;1830,38;France;Italie;14;0;0;0;0;0;0;FAIBLE;2026-05-14 11:56:32
TXN-006693;CLT-0039;2078,77;Allemagne;France;14;0;0;0;0;0;0;FAIBLE;2026-05-14 11:56:32
TXN-006694;CLT-0033;3733,88;France;Italie;14;0;0;0;0;0;0;FAIBLE;2026-05-14 11:56:32
TXN-006695;CLT-0016;4414,22;France;Espagne;14;0;0;0;0;0;0;FAIBLE;2026-05-14 11:56:32
TXN-006696;CLT-0076;368,04;Îles Caïmans;France;14;0;0;25;0;0;25;MODÉRÉ;2026-05-14 11:56:32
TXN-006697;CLT-0048;944,95;France;Suisse;14;0;0;0;0;0;0;FAIBLE;2026-05-14 11:56:32
TXN-006698;CLT-0076;3038,89;France;France;14;0;0;0;0;0;0;FAIBLE;2026-05-14 11:56:32
TXN-006699;CLT-0073;3209,78;Espagne;France;14;0;0;0;0;0;0;FAIBLE;2026-05-14 11:56:32
TXN-006700;CLT-0075;3801,46;Espagne;France;14;0;0;0;0;0;0;FAIBLE;2026-05-14 11:56:32
TXN-006701;CLT-0081;2859,63;Îles Caïmans;Îles Caïmans;14;0;0;25;20;0;45;ÉLEVÉ;2026-05-14 11:56:32
TXN-006702;CLT-0029;435,52;Panama;France;14;0;0;25;0;0;25;MODÉRÉ;2026-05-14 11:56:32
TXN-006703;CLT-0091;3138,6;Îles Caïmans;Allemagne;14;0;0;25;0;0;25;MODÉRÉ;2026-05-14 11:56:32
TXN-006704;CLT-0024;4155,58;France;Espagne;14;0;0;0;0;0;0;FAIBLE;2026-05-14 11:56:32
TXN-006705;CLT-0016;674,4;Russie;Espagne;14;0;0;0;0;0;0;FAIBLE;2026-05-14 11:56:32
TXN-006706;CLT-0015;2936,19;Îles Caïmans;France;14;0;0;25;0;0;25;MODÉRÉ;2026-05-14 11:56:32
TXN-006707;CLT-0012;548,52;Îles Caïmans;Panama;14;0;0;25;20;0;45;ÉLEVÉ;2026-05-14 11:56:32
TXN-006708;CLT-0003;4981,01;Panama;France;14;0;0;25;0;0;25;MODÉRÉ;2026-05-14 11:56:32
TXN-006709;CLT-0001;1138,85;France;France;14;0;0;0;0;0;0;FAIBLE;2026-05-14 11:56:32
TXN-006710;CLT-0045;70,23;Russie;France;14;0;0;0;0;0;0;FAIBLE;2026-05-14 11:56:32
TXN-006711;CLT-0059;3687,17;Îles Caïmans;Îles Caïmans;14;0;0;25;20;0;45;ÉLEVÉ;2026-05-14 11:56:32
TXN-006712;CLT-0067;1453,76;France;Panama;14;0;0;0;20;0;20;MODÉRÉ;2026-05-14 11:56:32
TXN-006713;CLT-0091;33923,27;Allemagne;Allemagne;14;1;40;0;0;0;40;ÉLEVÉ;2026-05-14 11:56:32
TXN-006714;CLT-0003;805,14;France;France;14;0;0;0;0;0;0;FAIBLE;2026-05-14 11:56:32
TXN-006715;CLT-0057;2623,57;Îles Caïmans;France;14;0;0;25;0;0;25;MODÉRÉ;2026-05-14 11:56:32
TXN-006716;CLT-0088;3971,08;Panama;Allemagne;14;0;0;25;0;0;25;MODÉRÉ;2026-05-14 11:56:32
TXN-006717;CLT-0066;413,51;France;Espagne;14;0;0;0;0;0;0;FAIBLE;2026-05-14 11:56:32
TXN-006718;CLT-0001;4175,68;Panama;France;14;0;0;25;0;0;25;MODÉRÉ;2026-05-14 11:56:32
TXN-006719;CLT-0085;4924,99;Panama;Îles Caïmans;14;0;0;25;20;0;45;ÉLEVÉ;2026-05-14 11:56:32
TXN-006720;CLT-0009;3250,69;France;Suisse;14;0;0;0;0;0;0;FAIBLE;2026-05-14 11:56:32
TXN-006721;CLT-0060;826,26;France;Italie;14;0;0;0;0;0;0;FAIBLE;2026-05-14 11:56:32
TXN-006722;CLT-0055;1053,4;Îles Caïmans;Espagne;14;0;0;25;0;0;25;MODÉRÉ;2026-05-14 11:56:32
TXN-006723;CLT-0039;3258,15;France;France;14;0;0;0;0;0;0;FAIBLE;2026-05-14 11:56:32
TXN-006724;CLT-0054;3253,72;Espagne;Suisse;14;0;0;0;0;0;0;FAIBLE;2026-05-14 11:56:32
TXN-006725;CLT-0063;970,55;France;Îles Caïmans;14;0;0;0;20;0;20;MODÉRÉ;2026-05-14 11:56:32
TXN-006726;CLT-0036;3342,54;Allemagne;Italie;14;0;0;0;0;0;0;FAIBLE;2026-05-14 11:56:32
TXN-006727;CLT-0089;1101,35;France;Îles Caïmans;14;0;0;0;20;0;20;MODÉRÉ;2026-05-14 11:56:32
TXN-006728;CLT-0095;784,95;France;Îles Caïmans;14;0;0;0;20;0;20;MODÉRÉ;2026-05-14 11:56:32
TXN-006729;CLT-0043;2246,59;Russie;Suisse;14;0;0;0;0;0;0;FAIBLE;2026-05-14 11:56:32
TXN-006730;CLT-0007;2914,42;France;Suisse;14;0;0;0;0;0;0;FAIBLE;2026-05-14 11:56:32
TXN-006731;CLT-0008;2511,61;France;Suisse;14;0;0;0;0;0;0;FAIBLE;2026-05-14 11:56:32
TXN-006732;CLT-0043;82656,75;Espagne;Suisse;14;1;40;0;0;0;40;ÉLEVÉ;2026-05-14 11:56:32
TXN-006733;CLT-0078;3116,7;Panama;Suisse;14;0;0;25;0;0;25;MODÉRÉ;2026-05-14 11:56:32
TXN-006734;CLT-0031;3618,91;France;Panama;14;0;0;0;20;0;20;MODÉRÉ;2026-05-14 11:56:32
TXN-006735;CLT-0042;4535,6;Espagne;Italie;14;0;0;0;0;0;0;FAIBLE;2026-05-14 11:56:32
TXN-006736;CLT-0035;2214,17;France;Espagne;14;0;0;0;0;0;0;FAIBLE;2026-05-14 11:56:32
TXN-006737;CLT-0046;3632,15;Îles Caïmans;France;14;0;0;25;0;0;25;MODÉRÉ;2026-05-14 11:56:32
TXN-006738;CLT-0018;696,95;France;Panama;14;0;0;0;20;0;20;MODÉRÉ;2026-05-14 11:56:32
TXN-006739;CLT-0035;3281,01;France;Espagne;14;0;0;0;0;0;0;FAIBLE;2026-05-14 11:56:32
TXN-006740;CLT-0040;4785,38;Espagne;Suisse;14;0;0;0;0;0;0;FAIBLE;2026-05-14 11:56:32
TXN-006741;CLT-0096;1489,55;Panama;Panama;14;0;0;25;20;0;45;ÉLEVÉ;2026-05-14 11:56:32
TXN-006742;CLT-0051;4169,94;Allemagne;France;14;0;0;0;0;0;0;FAIBLE;2026-05-14 11:56:32
TXN-006743;CLT-0044;2684,92;France;France;14;0;0;0;0;0;0;FAIBLE;2026-05-14 11:56:32
TXN-006744;CLT-0091;4783,51;France;Allemagne;14;0;0;0;0;0;0;FAIBLE;2026-05-14 11:56:32
TXN-006745;CLT-0096;2975,75;Allemagne;Panama;14;0;0;0;20;0;20;MODÉRÉ;2026-05-14 11:56:32
TXN-006746;CLT-0084;26120,97;Allemagne;Italie;14;1;40;0;0;0;40;ÉLEVÉ;2026-05-14 11:56:32
TXN-006747;CLT-0075;86,17;France;France;14;0;0;0;0;0;0;FAIBLE;2026-05-14 11:56:32
TXN-006748;CLT-0050;2303,78;Panama;Espagne;14;0;0;25;0;0;25;MODÉRÉ;2026-05-14 11:56:32
TXN-006749;CLT-0068;2054,72;France;Allemagne;14;0;0;0;0;0;0;FAIBLE;2026-05-14 11:56:32
TXN-006750;CLT-0086;2197,32;France;France;14;0;0;0;0;0;0;FAIBLE;2026-05-14 11:56:32
TXN-006751;CLT-0092;4516,88;France;Suisse;14;0;0;0;0;0;0;FAIBLE;2026-05-14 11:56:32
TXN-006752;CLT-0080;798,14;Îles Caïmans;France;14;0;0;25;0;0;25;MODÉRÉ;2026-05-14 11:56:32
TXN-006753;CLT-0057;2148,77;France;France;14;0;0;0;0;0;0;FAIBLE;2026-05-14 11:56:32
TXN-006754;CLT-0100;2224,55;Allemagne;Suisse;14;0;0;0;0;0;0;FAIBLE;2026-05-14 11:56:32
TXN-006755;CLT-0062;1882,92;Russie;France;14;0;0;0;0;0;0;FAIBLE;2026-05-14 11:56:32
TXN-006756;CLT-0001;2900,73;Îles Caïmans;France;14;0;0;25;0;0;25;MODÉRÉ;2026-05-14 11:56:32
TXN-006757;CLT-0025;1636,62;Îles Caïmans;Italie;14;0;0;25;0;0;25;MODÉRÉ;2026-05-14 11:56:32
TXN-006758;CLT-0051;179,5;Allemagne;France;14;0;0;0;0;0;0;FAIBLE;2026-05-14 11:56:32
TXN-006759;CLT-0093;388,71;France;Suisse;14;0;0;0;0;0;0;FAIBLE;2026-05-14 11:56:32
TXN-006760;CLT-0035;3716,05;Russie;Espagne;14;0;0;0;0;0;0;FAIBLE;2026-05-14 11:56:32
TXN-006761;CLT-0007;1213,02;Îles Caïmans;Suisse;14;0;0;25;0;0;25;MODÉRÉ;2026-05-14 11:56:32
TXN-006762;CLT-0043;300,09;France;Suisse;14;0;0;0;0;0;0;FAIBLE;2026-05-14 11:56:32
TXN-006763;CLT-0055;59312,33;France;Espagne;14;1;40;0;0;0;40;ÉLEVÉ;2026-05-14 11:56:32
TXN-006764;CLT-0007;4922,35;Panama;Suisse;14;0;0;25;0;0;25;MODÉRÉ;2026-05-14 11:56:32
TXN-006765;CLT-0100;1536,22;Îles Caïmans;Suisse;14;0;0;25;0;0;25;MODÉRÉ;2026-05-14 11:56:32
TXN-006766;CLT-0099;35447,09;France;Panama;14;1;40;0;20;0;60;ÉLEVÉ;2026-05-14 11:56:32
TXN-006767;CLT-0008;87723,75;Russie;Suisse;14;1;40;0;0;0;40;ÉLEVÉ;2026-05-14 11:56:32
TXN-006768;CLT-0033;2537,27;Russie;Italie;14;0;0;0;0;0;0;FAIBLE;2026-05-14 11:56:32
TXN-006769;CLT-0040;3548,38;Espagne;Suisse;14;0;0;0;0;0;0;FAIBLE;2026-05-14 11:56:32
TXN-006770;CLT-0030;2015,41;France;Allemagne;14;0;0;0;0;0;0;FAIBLE;2026-05-14 11:56:32
TXN-006771;CLT-0014;1388,71;Panama;France;14;0;0;25;0;0;25;MODÉRÉ;2026-05-14 11:56:32
TXN-006772;CLT-0068;1896,04;France;Allemagne;14;0;0;0;0;0;0;FAIBLE;2026-05-14 11:56:32
TXN-006773;CLT-0038;91437,94;Espagne;Îles Caïmans;14;1;40;0;20;0;60;ÉLEVÉ;2026-05-14 11:56:32
TXN-006774;CLT-0081;3551,54;France;Îles Caïmans;14;0;0;0;20;0;20;MODÉRÉ;2026-05-14 11:56:32
TXN-006775;CLT-0006;86560,22;Panama;France;14;1;40;25;0;0;65;ÉLEVÉ;2026-05-14 11:56:32
TXN-006776;CLT-0074;4300,5;France;Allemagne;14;0;0;0;0;0;0;FAIBLE;2026-05-14 11:56:32
TXN-006777;CLT-0041;1420,61;Russie;Panama;14;0;0;0;20;0;20;MODÉRÉ;2026-05-14 11:56:32
TXN-006778;CLT-0005;3694,27;France;Panama;14;0;0;0;20;0;20;MODÉRÉ;2026-05-14 11:56:32
TXN-006779;CLT-0087;2715,78;Russie;Italie;14;0;0;0;0;0;0;FAIBLE;2026-05-14 11:56:32
TXN-006780;CLT-0050;2156,73;Panama;Espagne;14;0;0;25;0;0;25;MODÉRÉ;2026-05-14 11:56:32
TXN-006781;CLT-0100;4189,28;France;Suisse;14;0;0;0;0;0;0;FAIBLE;2026-05-14 11:56:32
TXN-006782;CLT-0071;2825,23;Russie;Îles Caïmans;14;0;0;0;20;0;20;MODÉRÉ;2026-05-14 11:56:32
TXN-006783;CLT-0025;3348,91;France;Italie;14;0;0;0;0;0;0;FAIBLE;2026-05-14 11:56:32
TXN-006784;CLT-0089;2043,26;Allemagne;Îles Caïmans;14;0;0;0;20;0;20;MODÉRÉ;2026-05-14 11:56:32
TXN-006785;CLT-0091;4364,26;France;Allemagne;14;0;0;0;0;0;0;FAIBLE;2026-05-14 11:56:32
TXN-006786;CLT-0022;1915,58;Russie;Allemagne;14;0;0;0;0;0;0;FAIBLE;2026-05-14 11:56:32
TXN-006787;CLT-0011;89206,22;Panama;France;14;1;40;25;0;0;65;ÉLEVÉ;2026-05-14 11:56:32
TXN-006788;CLT-0010;27423,88;Îles Caïmans;Îles Caïmans;14;1;40;25;20;0;85;CRITIQUE;2026-05-14 11:56:32
TXN-006789;CLT-0052;46081,09;Russie;France;14;1;40;0;0;0;40;ÉLEVÉ;2026-05-14 11:56:32
TXN-006790;CLT-0086;19883,78;France;France;14;1;40;0;0;0;40;ÉLEVÉ;2026-05-14 11:56:32
TXN-006791;CLT-0020;4374,11;Russie;Italie;14;0;0;0;0;0;0;FAIBLE;2026-05-14 11:56:32
TXN-006792;CLT-0046;2194,89;France;France;14;0;0;0;0;0;0;FAIBLE;2026-05-14 11:56:32
TXN-006793;CLT-0054;4181,44;Îles Caïmans;Suisse;14;0;0;25;0;0;25;MODÉRÉ;2026-05-14 11:56:32
TXN-006794;CLT-0077;2654,02;Espagne;France;14;0;0;0;0;0;0;FAIBLE;2026-05-14 11:56:32
TXN-006795;CLT-0049;2366,02;Panama;France;14;0;0;25;0;0;25;MODÉRÉ;2026-05-14 11:56:32
TXN-006796;CLT-0052;2332,02;Îles Caïmans;France;14;0;0;25;0;0;25;MODÉRÉ;2026-05-14 11:56:32
TXN-006797;CLT-0013;1301,23;Panama;France;14;0;0;25;0;0;25;MODÉRÉ;2026-05-14 11:56:32
TXN-006798;CLT-0046;1788,43;Espagne;France;14;0;0;0;0;0;0;FAIBLE;2026-05-14 11:56:32
TXN-006799;CLT-0069;1492,88;Panama;Panama;14;0;0;25;20;0;45;ÉLEVÉ;2026-05-14 11:56:32
TXN-006800;CLT-0074;44475,7;France;Allemagne;14;1;40;0;0;0;40;ÉLEVÉ;2026-05-14 11:56:32
TXN-006801;CLT-0098;1832,85;France;Espagne;14;0;0;0;0;0;0;FAIBLE;2026-05-14 11:56:32
TXN-006802;CLT-0030;2169,58;Panama;Allemagne;14;0;0;25;0;0;25;MODÉRÉ;2026-05-14 11:56:32
TXN-006803;CLT-0095;48015,39;Russie;Îles Caïmans;14;1;40;0;20;0;60;ÉLEVÉ;2026-05-14 11:56:32
TXN-006804;CLT-0085;3248,56;France;Îles Caïmans;14;0;0;0;20;0;20;MODÉRÉ;2026-05-14 11:56:32
TXN-006805;CLT-0095;2727,53;France;Îles Caïmans;14;0;0;0;20;0;20;MODÉRÉ;2026-05-14 11:56:32
TXN-006806;CLT-0042;1124,46;France;Italie;14;0;0;0;0;0;0;FAIBLE;2026-05-14 11:56:32
TXN-006807;CLT-0007;1606,99;Espagne;Suisse;14;0;0;0;0;0;0;FAIBLE;2026-05-14 11:56:32
TXN-006808;CLT-0026;4500,74;Allemagne;Italie;14;0;0;0;0;0;0;FAIBLE;2026-05-14 11:56:32
TXN-006809;CLT-0039;2894,64;Panama;France;14;0;0;25;0;0;25;MODÉRÉ;2026-05-14 11:56:32
TXN-006810;CLT-0007;74929,69;France;Suisse;14;1;40;0;0;0;40;ÉLEVÉ;2026-05-14 11:56:32
TXN-006811;CLT-0093;4404,35;France;Suisse;14;0;0;0;0;0;0;FAIBLE;2026-05-14 11:56:32
TXN-006812;CLT-0082;2681,72;France;Panama;14;0;0;0;20;0;20;MODÉRÉ;2026-05-14 11:56:32
TXN-006813;CLT-0060;4976,9;Îles Caïmans;Italie;14;0;0;25;0;0;25;MODÉRÉ;2026-05-14 11:56:32
TXN-006814;CLT-0050;53704,12;Îles Caïmans;Espagne;14;1;40;25;0;0;65;ÉLEVÉ;2026-05-14 11:56:32
TXN-006815;CLT-0062;2318,84;France;France;14;0;0;0;0;0;0;FAIBLE;2026-05-14 11:56:32
TXN-006816;CLT-0061;4988,31;Allemagne;France;14;0;0;0;0;0;0;FAIBLE;2026-05-14 11:56:32
TXN-006817;CLT-0061;1729,27;Russie;France;14;0;0;0;0;0;0;FAIBLE;2026-05-14 11:56:32
TXN-006818;CLT-0068;3478,37;Allemagne;Allemagne;14;0;0;0;0;0;0;FAIBLE;2026-05-14 11:56:32
TXN-006819;CLT-0023;3984,66;Espagne;Allemagne;14;0;0;0;0;0;0;FAIBLE;2026-05-14 11:56:32
TXN-006820;CLT-0090;77094,14;France;France;14;1;40;0;0;0;40;ÉLEVÉ;2026-05-14 11:56:32
TXN-006821;CLT-0024;3489,06;Allemagne;Espagne;14;0;0;0;0;0;0;FAIBLE;2026-05-14 11:56:32
TXN-006822;CLT-0065;1261,02;Espagne;Îles Caïmans;14;0;0;0;20;0;20;MODÉRÉ;2026-05-14 11:56:32
TXN-006823;CLT-0079;1398,24;Panama;Îles Caïmans;14;0;0;25;20;0;45;ÉLEVÉ;2026-05-14 11:56:32
TXN-006824;CLT-0011;2653,89;France;France;14;0;0;0;0;0;0;FAIBLE;2026-05-14 11:56:32
TXN-006825;CLT-0029;28205,09;Allemagne;France;14;1;40;0;0;0;40;ÉLEVÉ;2026-05-14 11:56:32
TXN-006826;CLT-0056;800,98;Allemagne;Allemagne;14;0;0;0;0;0;0;FAIBLE;2026-05-14 11:56:32
TXN-006827;CLT-0002;1520,8;Russie;Espagne;14;0;0;0;0;0;0;FAIBLE;2026-05-14 11:56:32
TXN-006828;CLT-0047;3777,49;France;Îles Caïmans;14;0;0;0;20;0;20;MODÉRÉ;2026-05-14 11:56:32
TXN-006829;CLT-0092;3968,1;France;Suisse;14;0;0;0;0;0;0;FAIBLE;2026-05-14 11:56:32
TXN-006830;CLT-0008;20855,04;Îles Caïmans;Suisse;14;1;40;25;0;0;65;ÉLEVÉ;2026-05-14 11:56:32
TXN-006831;CLT-0041;2704,07;Espagne;Panama;14;0;0;0;20;0;20;MODÉRÉ;2026-05-14 11:56:32
TXN-006832;CLT-0050;1059,53;France;Espagne;14;0;0;0;0;0;0;FAIBLE;2026-05-14 11:56:32
TXN-006833;CLT-0070;2887,33;France;Italie;14;0;0;0;0;0;0;FAIBLE;2026-05-14 11:56:32
TXN-006834;CLT-0038;3959,21;Russie;Îles Caïmans;14;0;0;0;20;0;20;MODÉRÉ;2026-05-14 11:56:32
TXN-006835;CLT-0027;3325,25;Îles Caïmans;Espagne;14;0;0;25;0;0;25;MODÉRÉ;2026-05-14 11:56:32
TXN-006836;CLT-0038;92,07;France;Îles Caïmans;14;0;0;0;20;0;20;MODÉRÉ;2026-05-14 11:56:32
TXN-006837;CLT-0020;21719,67;France;Italie;14;1;40;0;0;0;40;ÉLEVÉ;2026-05-14 11:56:32
TXN-006838;CLT-0040;1045,35;France;Suisse;14;0;0;0;0;0;0;FAIBLE;2026-05-14 11:56:32
TXN-006839;CLT-0064;4051,61;France;France;14;0;0;0;0;0;0;FAIBLE;2026-05-14 11:56:32
TXN-006840;CLT-0033;2171,2;France;Italie;14;0;0;0;0;0;0;FAIBLE;2026-05-14 11:56:32
TXN-006841;CLT-0089;484,14;Îles Caïmans;Îles Caïmans;14;0;0;25;20;0;45;ÉLEVÉ;2026-05-14 11:56:32
TXN-006842;CLT-0023;3845,33;Espagne;Allemagne;14;0;0;0;0;0;0;FAIBLE;2026-05-14 11:56:32
TXN-006843;CLT-0038;1597,59;Panama;Îles Caïmans;14;0;0;25;20;0;45;ÉLEVÉ;2026-05-14 11:56:32
TXN-006844;CLT-0020;4569,8;Panama;Italie;14;0;0;25;0;0;25;MODÉRÉ;2026-05-14 11:56:32
TXN-006845;CLT-0001;80865,52;Espagne;France;14;1;40;0;0;0;40;ÉLEVÉ;2026-05-14 11:56:32
TXN-006846;CLT-0094;408,2;France;Allemagne;14;0;0;0;0;0;0;FAIBLE;2026-05-14 11:56:32
TXN-006847;CLT-0050;3954,0;Espagne;Espagne;14;0;0;0;0;0;0;FAIBLE;2026-05-14 11:56:32
TXN-006848;CLT-0057;97,76;Panama;France;14;0;0;25;0;0;25;MODÉRÉ;2026-05-14 11:56:32
TXN-006849;CLT-0014;4148,26;France;France;14;0;0;0;0;0;0;FAIBLE;2026-05-14 11:56:32
TXN-006850;CLT-0054;1394,51;Russie;Suisse;14;0;0;0;0;0;0;FAIBLE;2026-05-14 11:56:32
TXN-006851;CLT-0029;1446,57;France;France;14;0;0;0;0;0;0;FAIBLE;2026-05-14 11:56:32
TXN-006852;CLT-0088;289,33;France;Allemagne;14;0;0;0;0;0;0;FAIBLE;2026-05-14 11:56:32
TXN-006853;CLT-0025;3873,19;Espagne;Italie;14;0;0;0;0;0;0;FAIBLE;2026-05-14 11:56:32
TXN-006854;CLT-0059;4237,22;France;Îles Caïmans;14;0;0;0;20;0;20;MODÉRÉ;2026-05-14 11:56:32
TXN-006855;CLT-0097;86,41;Panama;Panama;14;0;0;25;20;0;45;ÉLEVÉ;2026-05-14 11:56:32
TXN-006856;CLT-0004;29217,81;France;Suisse;14;1;40;0;0;0;40;ÉLEVÉ;2026-05-14 11:56:32
TXN-006857;CLT-0033;2174,27;Panama;Italie;14;0;0;25;0;0;25;MODÉRÉ;2026-05-14 11:56:32
TXN-006858;CLT-0100;1119,65;Russie;Suisse;14;0;0;0;0;0;0;FAIBLE;2026-05-14 11:56:32
TXN-006859;CLT-0098;1281,07;Panama;Espagne;14;0;0;25;0;0;25;MODÉRÉ;2026-05-14 11:56:32
TXN-006860;CLT-0073;4053,79;France;France;14;0;0;0;0;0;0;FAIBLE;2026-05-14 11:56:32
TXN-006861;CLT-0021;3794,6;France;France;14;0;0;0;0;0;0;FAIBLE;2026-05-14 11:56:32
TXN-006862;CLT-0010;3360,65;France;Îles Caïmans;14;0;0;0;20;0;20;MODÉRÉ;2026-05-14 11:56:32
TXN-006863;CLT-0046;59026,36;France;France;14;1;40;0;0;0;40;ÉLEVÉ;2026-05-14 11:56:32
TXN-006864;CLT-0001;4365,97;France;France;14;0;0;0;0;0;0;FAIBLE;2026-05-14 11:56:32
TXN-006865;CLT-0006;2156,26;France;France;14;0;0;0;0;0;0;FAIBLE;2026-05-14 11:56:32
TXN-006866;CLT-0018;1147,59;France;Panama;14;0;0;0;20;0;20;MODÉRÉ;2026-05-14 11:56:32
TXN-006867;CLT-0007;3007,91;France;Suisse;14;0;0;0;0;0;0;FAIBLE;2026-05-14 11:56:32
TXN-006868;CLT-0063;3711,93;Îles Caïmans;Îles Caïmans;14;0;0;25;20;0;45;ÉLEVÉ;2026-05-14 11:56:32
TXN-006869;CLT-0072;3943,75;Espagne;Allemagne;14;0;0;0;0;0;0;FAIBLE;2026-05-14 11:56:32
TXN-006870;CLT-0030;3795,83;Îles Caïmans;Allemagne;14;0;0;25;0;0;25;MODÉRÉ;2026-05-14 11:56:32
TXN-006871;CLT-0076;1060,33;France;France;14;0;0;0;0;0;0;FAIBLE;2026-05-14 11:56:32
TXN-006872;CLT-0095;2815,09;France;Îles Caïmans;14;0;0;0;20;0;20;MODÉRÉ;2026-05-14 11:56:32
TXN-006873;CLT-0053;4926,85;France;Espagne;14;0;0;0;0;0;0;FAIBLE;2026-05-14 11:56:32
TXN-006874;CLT-0017;2063,21;France;Îles Caïmans;14;0;0;0;20;0;20;MODÉRÉ;2026-05-14 11:56:32
TXN-006875;CLT-0008;4062,57;Russie;Suisse;14;0;0;0;0;0;0;FAIBLE;2026-05-14 11:56:32
TXN-006876;CLT-0041;1679,55;France;Panama;14;0;0;0;20;0;20;MODÉRÉ;2026-05-14 11:56:32
TXN-006877;CLT-0014;2338,46;France;France;14;0;0;0;0;0;0;FAIBLE;2026-05-14 11:56:32
TXN-006878;CLT-0074;1451,81;France;Allemagne;14;0;0;0;0;0;0;FAIBLE;2026-05-14 11:56:32
TXN-006879;CLT-0033;2363,61;France;Italie;14;0;0;0;0;0;0;FAIBLE;2026-05-14 11:56:32
TXN-006880;CLT-0068;1288,44;Espagne;Allemagne;14;0;0;0;0;0;0;FAIBLE;2026-05-14 11:56:32
TXN-006881;CLT-0087;2654,49;Allemagne;Italie;14;0;0;0;0;0;0;FAIBLE;2026-05-14 11:56:32
TXN-006882;CLT-0049;3905,86;Îles Caïmans;France;14;0;0;25;0;0;25;MODÉRÉ;2026-05-14 11:56:32
TXN-006883;CLT-0051;2217,99;France;France;14;0;0;0;0;0;0;FAIBLE;2026-05-14 11:56:32
TXN-006884;CLT-0034;4257,49;France;France;14;0;0;0;0;0;0;FAIBLE;2026-05-14 11:56:32
TXN-006885;CLT-0025;17189,27;Allemagne;Italie;14;1;40;0;0;0;40;ÉLEVÉ;2026-05-14 11:56:32
TXN-006886;CLT-0069;777,71;Espagne;Panama;14;0;0;0;20;0;20;MODÉRÉ;2026-05-14 11:56:32
TXN-006887;CLT-0100;26787,22;France;Suisse;14;1;40;0;0;0;40;ÉLEVÉ;2026-05-14 11:56:32
TXN-006888;CLT-0100;692,29;Russie;Suisse;14;0;0;0;0;0;0;FAIBLE;2026-05-14 11:56:32
TXN-006889;CLT-0056;1873,6;Espagne;Allemagne;14;0;0;0;0;0;0;FAIBLE;2026-05-14 11:56:32
TXN-006890;CLT-0086;4677,25;Îles Caïmans;France;14;0;0;25;0;0;25;MODÉRÉ;2026-05-14 11:56:32
TXN-006891;CLT-0059;2354,7;France;Îles Caïmans;14;0;0;0;20;0;20;MODÉRÉ;2026-05-14 11:56:32
TXN-006892;CLT-0032;3241,15;Allemagne;Suisse;14;0;0;0;0;0;0;FAIBLE;2026-05-14 11:56:32
TXN-006893;CLT-0079;4433,17;Allemagne;Îles Caïmans;14;0;0;0;20;0;20;MODÉRÉ;2026-05-14 11:56:32
TXN-006894;CLT-0080;1108,87;Allemagne;France;14;0;0;0;0;0;0;FAIBLE;2026-05-14 11:56:32
TXN-006895;CLT-0051;686,89;Panama;France;14;0;0;25;0;0;25;MODÉRÉ;2026-05-14 11:56:32
TXN-006896;CLT-0060;3004,44;Espagne;Italie;14;0;0;0;0;0;0;FAIBLE;2026-05-14 11:56:32
TXN-006897;CLT-0033;160,67;Russie;Italie;14;0;0;0;0;0;0;FAIBLE;2026-05-14 11:56:32
TXN-006898;CLT-0035;1529,86;Allemagne;Espagne;14;0;0;0;0;0;0;FAIBLE;2026-05-14 11:56:32
TXN-006899;CLT-0005;3274,48;France;Panama;14;0;0;0;20;0;20;MODÉRÉ;2026-05-14 11:56:32
TXN-006900;CLT-0009;2090,88;Espagne;Suisse;14;0;0;0;0;0;0;FAIBLE;2026-05-14 11:56:32
TXN-006901;CLT-0074;3961,36;Russie;Allemagne;14;0;0;0;0;0;0;FAIBLE;2026-05-14 11:56:32
TXN-006902;CLT-0085;1930,88;Espagne;Îles Caïmans;14;0;0;0;20;0;20;MODÉRÉ;2026-05-14 11:56:32
TXN-006903;CLT-0070;48902,35;France;Italie;14;1;40;0;0;0;40;ÉLEVÉ;2026-05-14 11:56:32
TXN-006904;CLT-0038;2599,26;Russie;Îles Caïmans;14;0;0;0;20;0;20;MODÉRÉ;2026-05-14 11:56:32
TXN-006905;CLT-0082;1575,72;Allemagne;Panama;14;0;0;0;20;0;20;MODÉRÉ;2026-05-14 11:56:32
TXN-006906;CLT-0014;82427,37;Russie;France;14;1;40;0;0;0;40;ÉLEVÉ;2026-05-14 11:56:32
TXN-006907;CLT-0093;4011,36;France;Suisse;14;0;0;0;0;0;0;FAIBLE;2026-05-14 11:56:32
TXN-006908;CLT-0030;2536,44;Allemagne;Allemagne;14;0;0;0;0;0;0;FAIBLE;2026-05-14 11:56:32
TXN-006909;CLT-0034;360,02;Panama;France;14;0;0;25;0;0;25;MODÉRÉ;2026-05-14 11:56:32
TXN-006910;CLT-0054;2784,1;France;Suisse;14;0;0;0;0;0;0;FAIBLE;2026-05-14 11:56:32
TXN-006911;CLT-0089;1931,33;France;Îles Caïmans;14;0;0;0;20;0;20;MODÉRÉ;2026-05-14 11:56:32
TXN-006912;CLT-0016;726,42;Russie;Espagne;14;0;0;0;0;0;0;FAIBLE;2026-05-14 11:56:32
TXN-006913;CLT-0066;3122,73;France;Espagne;14;0;0;0;0;0;0;FAIBLE;2026-05-14 11:56:32
TXN-006914;CLT-0009;4776,86;Îles Caïmans;Suisse;14;0;0;25;0;0;25;MODÉRÉ;2026-05-14 11:56:32
TXN-006915;CLT-0093;54095,05;Panama;Suisse;14;1;40;25;0;0;65;ÉLEVÉ;2026-05-14 11:56:32
TXN-006916;CLT-0030;974,57;Espagne;Allemagne;14;0;0;0;0;0;0;FAIBLE;2026-05-14 11:56:32
TXN-006917;CLT-0016;4497,01;Panama;Espagne;14;0;0;25;0;0;25;MODÉRÉ;2026-05-14 11:56:32
TXN-006918;CLT-0003;2023,76;France;France;14;0;0;0;0;0;0;FAIBLE;2026-05-14 11:56:32
TXN-006919;CLT-0033;3115,05;France;Italie;14;0;0;0;0;0;0;FAIBLE;2026-05-14 11:56:32
TXN-006920;CLT-0008;1534,07;France;Suisse;14;0;0;0;0;0;0;FAIBLE;2026-05-14 11:56:32
TXN-006921;CLT-0020;1854,26;France;Italie;14;0;0;0;0;0;0;FAIBLE;2026-05-14 11:56:32
TXN-006922;CLT-0057;44784,36;Russie;France;14;1;40;0;0;0;40;ÉLEVÉ;2026-05-14 11:56:32
TXN-006923;CLT-0023;2061,51;Panama;Allemagne;14;0;0;25;0;0;25;MODÉRÉ;2026-05-14 11:56:32
TXN-006924;CLT-0027;1534,47;Espagne;Espagne;14;0;0;0;0;0;0;FAIBLE;2026-05-14 11:56:32
TXN-006925;CLT-0095;3558,8;France;Îles Caïmans;14;0;0;0;20;0;20;MODÉRÉ;2026-05-14 11:56:32
TXN-006926;CLT-0077;1880,42;Allemagne;France;14;0;0;0;0;0;0;FAIBLE;2026-05-14 11:56:32
TXN-006927;CLT-0036;2045,25;Panama;Italie;14;0;0;25;0;0;25;MODÉRÉ;2026-05-14 11:56:32
TXN-006928;CLT-0090;4180,7;Russie;France;14;0;0;0;0;0;0;FAIBLE;2026-05-14 11:56:32
TXN-006929;CLT-0042;4552,19;France;Italie;14;0;0;0;0;0;0;FAIBLE;2026-05-14 11:56:32
TXN-006930;CLT-0056;3572,6;Russie;Allemagne;14;0;0;0;0;0;0;FAIBLE;2026-05-14 11:56:32
TXN-006931;CLT-0052;36171,69;France;France;14;1;40;0;0;0;40;ÉLEVÉ;2026-05-14 11:56:32
TXN-006932;CLT-0003;4642,65;France;France;14;0;0;0;0;0;0;FAIBLE;2026-05-14 11:56:32
TXN-006933;CLT-0008;797,45;Espagne;Suisse;14;0;0;0;0;0;0;FAIBLE;2026-05-14 11:56:32
TXN-006934;CLT-0088;86333,05;Russie;Allemagne;14;1;40;0;0;0;40;ÉLEVÉ;2026-05-14 11:56:32
TXN-006935;CLT-0057;746,82;France;France;14;0;0;0;0;0;0;FAIBLE;2026-05-14 11:56:32
TXN-006936;CLT-0095;2882,51;France;Îles Caïmans;14;0;0;0;20;0;20;MODÉRÉ;2026-05-14 11:56:32
TXN-006937;CLT-0002;1072,82;Espagne;Espagne;14;0;0;0;0;0;0;FAIBLE;2026-05-14 11:56:32
TXN-006938;CLT-0073;3484,54;France;France;14;0;0;0;0;0;0;FAIBLE;2026-05-14 11:56:32
TXN-006939;CLT-0081;1061,19;Russie;Îles Caïmans;14;0;0;0;20;0;20;MODÉRÉ;2026-05-14 11:56:32
TXN-006940;CLT-0018;2041,94;Russie;Panama;14;0;0;0;20;0;20;MODÉRÉ;2026-05-14 11:56:32
TXN-006941;CLT-0032;72227,1;Îles Caïmans;Suisse;14;1;40;25;0;0;65;ÉLEVÉ;2026-05-14 11:56:32
TXN-006942;CLT-0009;4956,67;Espagne;Suisse;14;0;0;0;0;0;0;FAIBLE;2026-05-14 11:56:32
TXN-006943;CLT-0017;1370,82;Îles Caïmans;Îles Caïmans;14;0;0;25;20;0;45;ÉLEVÉ;2026-05-14 11:56:32
TXN-006944;CLT-0066;32600,1;France;Espagne;14;1;40;0;0;0;40;ÉLEVÉ;2026-05-14 11:56:32
TXN-006945;CLT-0051;2184,83;Panama;France;14;0;0;25;0;0;25;MODÉRÉ;2026-05-14 11:56:32
TXN-006946;CLT-0085;3517,65;Îles Caïmans;Îles Caïmans;14;0;0;25;20;0;45;ÉLEVÉ;2026-05-14 11:56:32
TXN-006947;CLT-0090;1195,42;Russie;France;14;0;0;0;0;0;0;FAIBLE;2026-05-14 11:56:32
TXN-006948;CLT-0099;4327,04;Îles Caïmans;Panama;14;0;0;25;20;0;45;ÉLEVÉ;2026-05-14 11:56:32
TXN-006949;CLT-0037;2182,78;Panama;Îles Caïmans;14;0;0;25;20;0;45;ÉLEVÉ;2026-05-14 11:56:32
TXN-006950;CLT-0021;3178,28;Îles Caïmans;France;14;0;0;25;0;0;25;MODÉRÉ;2026-05-14 11:56:32
TXN-006951;CLT-0029;1394,93;Îles Caïmans;France;14;0;0;25;0;0;25;MODÉRÉ;2026-05-14 11:56:32
TXN-006952;CLT-0002;2337,15;France;Espagne;14;0;0;0;0;0;0;FAIBLE;2026-05-14 11:56:32
TXN-006953;CLT-0043;4835,41;Allemagne;Suisse;14;0;0;0;0;0;0;FAIBLE;2026-05-14 11:56:32
TXN-006954;CLT-0072;1125,65;Îles Caïmans;Allemagne;14;0;0;25;0;0;25;MODÉRÉ;2026-05-14 11:56:32
TXN-006955;CLT-0018;1667,92;France;Panama;14;0;0;0;20;0;20;MODÉRÉ;2026-05-14 11:56:32
TXN-006956;CLT-0095;160,56;Panama;Îles Caïmans;14;0;0;25;20;0;45;ÉLEVÉ;2026-05-14 11:56:32
TXN-006957;CLT-0080;51,91;France;France;14;0;0;0;0;0;0;FAIBLE;2026-05-14 11:56:32
TXN-006958;CLT-0038;2662,7;France;Îles Caïmans;14;0;0;0;20;0;20;MODÉRÉ;2026-05-14 11:56:32
TXN-006959;CLT-0076;1724,93;Îles Caïmans;France;14;0;0;25;0;0;25;MODÉRÉ;2026-05-14 11:56:32
TXN-006960;CLT-0072;4664,56;France;Allemagne;14;0;0;0;0;0;0;FAIBLE;2026-05-14 11:56:32
TXN-006961;CLT-0004;1240,08;Îles Caïmans;Suisse;14;0;0;25;0;0;25;MODÉRÉ;2026-05-14 11:56:32
TXN-006962;CLT-0009;1680,28;France;Suisse;14;0;0;0;0;0;0;FAIBLE;2026-05-14 11:56:32
TXN-006963;CLT-0097;3809,21;Panama;Panama;14;0;0;25;20;0;45;ÉLEVÉ;2026-05-14 11:56:32
TXN-006964;CLT-0067;58897,63;Panama;Panama;14;1;40;25;20;0;85;CRITIQUE;2026-05-14 11:56:32
TXN-006965;CLT-0059;4177,2;Espagne;Îles Caïmans;14;0;0;0;20;0;20;MODÉRÉ;2026-05-14 11:56:32
TXN-006966;CLT-0068;1263,38;France;Allemagne;14;0;0;0;0;0;0;FAIBLE;2026-05-14 11:56:32
TXN-006967;CLT-0021;2467,64;Allemagne;France;14;0;0;0;0;0;0;FAIBLE;2026-05-14 11:56:32
TXN-006968;CLT-0051;2090,22;Îles Caïmans;France;14;0;0;25;0;0;25;MODÉRÉ;2026-05-14 11:56:32
TXN-006969;CLT-0056;20936,64;Allemagne;Allemagne;14;1;40;0;0;0;40;ÉLEVÉ;2026-05-14 11:56:32
TXN-006970;CLT-0034;714,28;France;France;14;0;0;0;0;0;0;FAIBLE;2026-05-14 11:56:32
TXN-006971;CLT-0014;2555,19;France;France;14;0;0;0;0;0;0;FAIBLE;2026-05-14 11:56:32
TXN-006972;CLT-0079;3605,5;Espagne;Îles Caïmans;14;0;0;0;20;0;20;MODÉRÉ;2026-05-14 11:56:32
TXN-006973;CLT-0085;81086,18;Allemagne;Îles Caïmans;14;1;40;0;20;0;60;ÉLEVÉ;2026-05-14 11:56:32
TXN-006974;CLT-0071;3956,73;France;Îles Caïmans;14;0;0;0;20;0;20;MODÉRÉ;2026-05-14 11:56:32
TXN-006975;CLT-0097;2581,48;Allemagne;Panama;14;0;0;0;20;0;20;MODÉRÉ;2026-05-14 11:56:32
TXN-006976;CLT-0042;9235,84;France;Italie;14;1;40;0;0;0;40;ÉLEVÉ;2026-05-14 11:56:32
TXN-006977;CLT-0006;3275,38;France;France;14;0;0;0;0;0;0;FAIBLE;2026-05-14 11:56:32
TXN-006978;CLT-0092;971,03;Panama;Suisse;14;0;0;25;0;0;25;MODÉRÉ;2026-05-14 11:56:32
TXN-006979;CLT-0089;2768,8;Panama;Îles Caïmans;14;0;0;25;20;0;45;ÉLEVÉ;2026-05-14 11:56:32
TXN-006980;CLT-0044;4744,87;Îles Caïmans;France;14;0;0;25;0;0;25;MODÉRÉ;2026-05-14 11:56:32
TXN-006981;CLT-0082;2960,63;France;Panama;14;0;0;0;20;0;20;MODÉRÉ;2026-05-14 11:56:32
TXN-006982;CLT-0053;4998,25;Espagne;Espagne;14;0;0;0;0;0;0;FAIBLE;2026-05-14 11:56:32
TXN-006983;CLT-0010;4449,64;Espagne;Îles Caïmans;14;0;0;0;20;0;20;MODÉRÉ;2026-05-14 11:56:32
TXN-006984;CLT-0100;4814,33;France;Suisse;14;0;0;0;0;0;0;FAIBLE;2026-05-14 11:56:32
TXN-006985;CLT-0093;753,67;Allemagne;Suisse;14;0;0;0;0;0;0;FAIBLE;2026-05-14 11:56:32
TXN-006986;CLT-0035;801,88;Espagne;Espagne;14;0;0;0;0;0;0;FAIBLE;2026-05-14 11:56:32
TXN-006987;CLT-0077;3454,31;France;France;14;0;0;0;0;0;0;FAIBLE;2026-05-14 11:56:32
TXN-006988;CLT-0001;4311,28;Allemagne;France;14;0;0;0;0;0;0;FAIBLE;2026-05-14 11:56:32
TXN-006989;CLT-0048;81378,31;Panama;Suisse;14;1;40;25;0;0;65;ÉLEVÉ;2026-05-14 11:56:32
TXN-006990;CLT-0098;4508,52;Îles Caïmans;Espagne;14;0;0;25;0;0;25;MODÉRÉ;2026-05-14 11:56:32
TXN-006991;CLT-0081;4254,6;Allemagne;Îles Caïmans;14;0;0;0;20;0;20;MODÉRÉ;2026-05-14 11:56:32
TXN-006992;CLT-0045;93257,69;Espagne;France;14;1;40;0;0;0;40;ÉLEVÉ;2026-05-14 11:56:32
TXN-006993;CLT-0097;2511,53;Espagne;Panama;14;0;0;0;20;0;20;MODÉRÉ;2026-05-14 11:56:32
TXN-006994;CLT-0006;1995,7;Îles Caïmans;France;14;0;0;25;0;0;25;MODÉRÉ;2026-05-14 11:56:32
TXN-006995;CLT-0042;70997,57;France;Italie;14;1;40;0;0;0;40;ÉLEVÉ;2026-05-14 11:56:32
TXN-006996;CLT-0061;4236,63;Espagne;France;14;0;0;0;0;0;0;FAIBLE;2026-05-14 11:56:32
TXN-006997;CLT-0063;4895,14;Espagne;Îles Caïmans;14;0;0;0;20;0;20;MODÉRÉ;2026-05-14 11:56:32
TXN-006998;CLT-0028;24212,38;Panama;France;14;1;40;25;0;0;65;ÉLEVÉ;2026-05-14 11:56:32
TXN-006999;CLT-0063;4662,86;Panama;Îles Caïmans;14;0;0;25;20;0;45;ÉLEVÉ;2026-05-14 11:56:32
TXN-007000;CLT-0089;601,66;Allemagne;Îles Caïmans;14;0;0;0;20;0;20;MODÉRÉ;2026-05-14 11:56:32
TXN-007001;CLT-0067;1568,34;Panama;Panama;14;0;0;25;20;0;45;ÉLEVÉ;2026-05-14 11:56:32
TXN-007002;CLT-0019;4079,74;Panama;Espagne;14;0;0;25;0;0;25;MODÉRÉ;2026-05-14 11:56:32
TXN-007003;CLT-0076;4640,1;France;France;14;0;0;0;0;0;0;FAIBLE;2026-05-14 11:56:32
TXN-007004;CLT-0079;1921,54;France;Îles Caïmans;14;0;0;0;20;0;20;MODÉRÉ;2026-05-14 11:56:32
TXN-007005;CLT-0019;4577,68;Îles Caïmans;Espagne;14;0;0;25;0;0;25;MODÉRÉ;2026-05-14 11:56:32
TXN-007006;CLT-0069;702,89;France;Panama;14;0;0;0;20;0;20;MODÉRÉ;2026-05-14 11:56:32
TXN-007007;CLT-0033;2355,35;Allemagne;Italie;14;0;0;0;0;0;0;FAIBLE;2026-05-14 11:56:32
TXN-007008;CLT-0044;3040,61;France;France;14;0;0;0;0;0;0;FAIBLE;2026-05-14 11:56:32
TXN-007009;CLT-0066;4809,88;France;Espagne;14;0;0;0;0;0;0;FAIBLE;2026-05-14 11:56:32
TXN-007010;CLT-0004;2490,7;France;Suisse;14;0;0;0;0;0;0;FAIBLE;2026-05-14 11:56:32
TXN-007011;CLT-0018;1820,64;Espagne;Panama;14;0;0;0;20;0;20;MODÉRÉ;2026-05-14 11:56:32
TXN-007012;CLT-0086;1123,82;Espagne;France;14;0;0;0;0;0;0;FAIBLE;2026-05-14 11:56:32
TXN-007013;CLT-0037;84578,78;France;Îles Caïmans;14;1;40;0;20;0;60;ÉLEVÉ;2026-05-14 11:56:32
TXN-007014;CLT-0095;26875,72;Îles Caïmans;Îles Caïmans;14;1;40;25;20;0;85;CRITIQUE;2026-05-14 11:56:32
TXN-007015;CLT-0074;3744,59;Îles Caïmans;Allemagne;14;0;0;25;0;0;25;MODÉRÉ;2026-05-14 11:56:32
TXN-007016;CLT-0061;2436,9;France;France;14;0;0;0;0;0;0;FAIBLE;2026-05-14 11:56:32
TXN-007017;CLT-0011;3565,03;Espagne;France;14;0;0;0;0;0;0;FAIBLE;2026-05-14 11:56:32
TXN-007018;CLT-0032;28050,12;France;Suisse;14;1;40;0;0;0;40;ÉLEVÉ;2026-05-14 11:56:32
TXN-007019;CLT-0070;3963,85;Russie;Italie;14;0;0;0;0;0;0;FAIBLE;2026-05-14 11:56:32
TXN-007020;CLT-0083;3931,38;Allemagne;France;14;0;0;0;0;0;0;FAIBLE;2026-05-14 11:56:32
TXN-007021;CLT-0019;3737,41;Panama;Espagne;14;0;0;25;0;0;25;MODÉRÉ;2026-05-14 11:56:32
TXN-007022;CLT-0017;1137,62;Espagne;Îles Caïmans;14;0;0;0;20;0;20;MODÉRÉ;2026-05-14 11:56:32
TXN-007023;CLT-0062;85001,31;France;France;14;1;40;0;0;0;40;ÉLEVÉ;2026-05-14 11:56:32
TXN-007024;CLT-0087;1268,75;France;Italie;14;0;0;0;0;0;0;FAIBLE;2026-05-14 11:56:32
TXN-007025;CLT-0068;542,19;France;Allemagne;14;0;0;0;0;0;0;FAIBLE;2026-05-14 11:56:32
TXN-007026;CLT-0068;89404,57;Îles Caïmans;Allemagne;14;1;40;25;0;0;65;ÉLEVÉ;2026-05-14 11:56:32
TXN-007027;CLT-0025;1144,1;Allemagne;Italie;14;0;0;0;0;0;0;FAIBLE;2026-05-14 11:56:32
TXN-007028;CLT-0063;1987,22;Espagne;Îles Caïmans;14;0;0;0;20;0;20;MODÉRÉ;2026-05-14 11:56:32
TXN-007029;CLT-0037;3921,02;Panama;Îles Caïmans;14;0;0;25;20;0;45;ÉLEVÉ;2026-05-14 11:56:32
TXN-007030;CLT-0099;3133,01;Allemagne;Panama;14;0;0;0;20;0;20;MODÉRÉ;2026-05-14 11:56:32
TXN-007031;CLT-0040;2519,81;Russie;Suisse;14;0;0;0;0;0;0;FAIBLE;2026-05-14 11:56:32
TXN-007032;CLT-0093;41348,73;France;Suisse;14;1;40;0;0;0;40;ÉLEVÉ;2026-05-14 11:56:32
TXN-007033;CLT-0082;1214,32;France;Panama;14;0;0;0;20;0;20;MODÉRÉ;2026-05-14 11:56:32
TXN-007034;CLT-0053;4669,21;Îles Caïmans;Espagne;14;0;0;25;0;0;25;MODÉRÉ;2026-05-14 11:56:32
TXN-007035;CLT-0076;3523,35;Îles Caïmans;France;14;0;0;25;0;0;25;MODÉRÉ;2026-05-14 11:56:32
TXN-007036;CLT-0068;2231,08;Îles Caïmans;Allemagne;14;0;0;25;0;0;25;MODÉRÉ;2026-05-14 11:56:32
TXN-007037;CLT-0029;2077,18;Panama;France;14;0;0;25;0;0;25;MODÉRÉ;2026-05-14 11:56:32
TXN-007038;CLT-0042;1459,98;France;Italie;14;0;0;0;0;0;0;FAIBLE;2026-05-14 11:56:32
TXN-007039;CLT-0072;332,57;Russie;Allemagne;14;0;0;0;0;0;0;FAIBLE;2026-05-14 11:56:32
TXN-007040;CLT-0081;4764,74;France;Îles Caïmans;14;0;0;0;20;0;20;MODÉRÉ;2026-05-14 11:56:32
TXN-007041;CLT-0063;2308,53;Îles Caïmans;Îles Caïmans;14;0;0;25;20;0;45;ÉLEVÉ;2026-05-14 11:56:32
TXN-007042;CLT-0075;66697,48;Panama;France;14;1;40;25;0;0;65;ÉLEVÉ;2026-05-14 11:56:32
TXN-007043;CLT-0064;4800,08;France;France;14;0;0;0;0;0;0;FAIBLE;2026-05-14 11:56:32
TXN-007044;CLT-0020;2774,24;France;Italie;14;0;0;0;0;0;0;FAIBLE;2026-05-14 11:56:32
TXN-007045;CLT-0003;70474,61;France;France;14;1;40;0;0;0;40;ÉLEVÉ;2026-05-14 11:56:32
TXN-007046;CLT-0086;897,75;France;France;14;0;0;0;0;0;0;FAIBLE;2026-05-14 11:56:32
TXN-007047;CLT-0063;1605,49;Panama;Îles Caïmans;14;0;0;25;20;0;45;ÉLEVÉ;2026-05-14 11:56:32
TXN-007048;CLT-0073;83432,55;Russie;France;14;1;40;0;0;0;40;ÉLEVÉ;2026-05-14 11:56:32
TXN-007049;CLT-0002;68663,89;France;Espagne;14;1;40;0;0;0;40;ÉLEVÉ;2026-05-14 11:56:32
TXN-007050;CLT-0066;31069,71;France;Espagne;14;1;40;0;0;0;40;ÉLEVÉ;2026-05-14 11:56:32
TXN-007051;CLT-0087;3298,2;Îles Caïmans;Italie;14;0;0;25;0;0;25;MODÉRÉ;2026-05-14 11:56:32
TXN-007052;CLT-0080;3521,81;Allemagne;France;14;0;0;0;0;0;0;FAIBLE;2026-05-14 11:56:32
TXN-007053;CLT-0015;4749,76;France;France;14;0;0;0;0;0;0;FAIBLE;2026-05-14 11:56:32
TXN-007054;CLT-0009;784,89;Allemagne;Suisse;14;0;0;0;0;0;0;FAIBLE;2026-05-14 11:56:32
TXN-007055;CLT-0042;1287,54;Îles Caïmans;Italie;14;0;0;25;0;0;25;MODÉRÉ;2026-05-14 11:56:32
TXN-007056;CLT-0062;3380,81;Russie;France;14;0;0;0;0;0;0;FAIBLE;2026-05-14 11:56:32
TXN-007057;CLT-0050;4516,97;Russie;Espagne;14;0;0;0;0;0;0;FAIBLE;2026-05-14 11:56:32
TXN-007058;CLT-0002;1042,02;Russie;Espagne;14;0;0;0;0;0;0;FAIBLE;2026-05-14 11:56:32
TXN-007059;CLT-0062;1291,24;France;France;14;0;0;0;0;0;0;FAIBLE;2026-05-14 11:56:32
TXN-007060;CLT-0011;158,93;France;France;14;0;0;0;0;0;0;FAIBLE;2026-05-14 11:56:32
TXN-007061;CLT-0051;1328,36;Russie;France;14;0;0;0;0;0;0;FAIBLE;2026-05-14 11:56:32
TXN-007062;CLT-0096;1372,02;Russie;Panama;14;0;0;0;20;0;20;MODÉRÉ;2026-05-14 11:56:32
TXN-007063;CLT-0099;89408,75;Panama;Panama;14;1;40;25;20;0;85;CRITIQUE;2026-05-14 11:56:32
TXN-007064;CLT-0095;2507,26;Allemagne;Îles Caïmans;14;0;0;0;20;0;20;MODÉRÉ;2026-05-14 11:56:32
TXN-007065;CLT-0074;3788,27;France;Allemagne;14;0;0;0;0;0;0;FAIBLE;2026-05-14 11:56:32
TXN-007066;CLT-0094;1636,36;Russie;Allemagne;14;0;0;0;0;0;0;FAIBLE;2026-05-14 11:56:32
TXN-007067;CLT-0072;3649,18;France;Allemagne;14;0;0;0;0;0;0;FAIBLE;2026-05-14 11:56:32
TXN-007068;CLT-0029;887,53;Espagne;France;14;0;0;0;0;0;0;FAIBLE;2026-05-14 11:56:32
TXN-007069;CLT-0093;4207,28;France;Suisse;14;0;0;0;0;0;0;FAIBLE;2026-05-14 11:56:32
TXN-007070;CLT-0079;1900,6;Allemagne;Îles Caïmans;14;0;0;0;20;0;20;MODÉRÉ;2026-05-14 11:56:32
TXN-007071;CLT-0014;3354,2;Îles Caïmans;France;14;0;0;25;0;0;25;MODÉRÉ;2026-05-14 11:56:32
TXN-007072;CLT-0043;4810,73;Espagne;Suisse;14;0;0;0;0;0;0;FAIBLE;2026-05-14 11:56:32
TXN-007073;CLT-0075;2904,67;France;France;14;0;0;0;0;0;0;FAIBLE;2026-05-14 11:56:32
TXN-007074;CLT-0052;4185,83;France;France;14;0;0;0;0;0;0;FAIBLE;2026-05-14 11:56:32
TXN-007075;CLT-0019;42266,31;France;Espagne;14;1;40;0;0;0;40;ÉLEVÉ;2026-05-14 11:56:32
TXN-007076;CLT-0008;395,33;Russie;Suisse;14;0;0;0;0;0;0;FAIBLE;2026-05-14 11:56:32
TXN-007077;CLT-0083;4825,62;Espagne;France;14;0;0;0;0;0;0;FAIBLE;2026-05-14 11:56:32
TXN-007078;CLT-0027;2512,13;Allemagne;Espagne;14;0;0;0;0;0;0;FAIBLE;2026-05-14 11:56:32
TXN-007079;CLT-0096;3442,25;Îles Caïmans;Panama;14;0;0;25;20;0;45;ÉLEVÉ;2026-05-14 11:56:32
TXN-007080;CLT-0021;808,86;Panama;France;14;0;0;25;0;0;25;MODÉRÉ;2026-05-14 11:56:32
TXN-007081;CLT-0059;2725,19;France;Îles Caïmans;14;0;0;0;20;0;20;MODÉRÉ;2026-05-14 11:56:32
TXN-007082;CLT-0075;1498,01;Russie;France;14;0;0;0;0;0;0;FAIBLE;2026-05-14 11:56:32
TXN-007083;CLT-0078;23846,78;France;Suisse;14;1;40;0;0;0;40;ÉLEVÉ;2026-05-14 11:56:32
TXN-007084;CLT-0062;3521,98;France;France;14;0;0;0;0;0;0;FAIBLE;2026-05-14 11:56:32
TXN-007085;CLT-0100;2873,66;Allemagne;Suisse;14;0;0;0;0;0;0;FAIBLE;2026-05-14 11:56:32
TXN-007086;CLT-0025;1961,56;Espagne;Italie;14;0;0;0;0;0;0;FAIBLE;2026-05-14 11:56:32
TXN-007087;CLT-0056;791,45;Espagne;Allemagne;14;0;0;0;0;0;0;FAIBLE;2026-05-14 11:56:32
TXN-007088;CLT-0089;51475,83;France;Îles Caïmans;14;1;40;0;20;0;60;ÉLEVÉ;2026-05-14 11:56:32
TXN-007089;CLT-0083;872,18;France;France;14;0;0;0;0;0;0;FAIBLE;2026-05-14 11:56:32
TXN-007090;CLT-0097;1772,44;Russie;Panama;14;0;0;0;20;0;20;MODÉRÉ;2026-05-14 11:56:32
TXN-007091;CLT-0044;4938,62;France;France;14;0;0;0;0;0;0;FAIBLE;2026-05-14 11:56:32
TXN-007092;CLT-0017;3466,68;Panama;Îles Caïmans;14;0;0;25;20;0;45;ÉLEVÉ;2026-05-14 11:56:32
TXN-007093;CLT-0025;3344,22;France;Italie;14;0;0;0;0;0;0;FAIBLE;2026-05-14 11:56:32
TXN-007094;CLT-0023;2739,22;Allemagne;Allemagne;14;0;0;0;0;0;0;FAIBLE;2026-05-14 11:56:32
TXN-007095;CLT-0070;1790,5;Russie;Italie;14;0;0;0;0;0;0;FAIBLE;2026-05-14 11:56:32
TXN-007096;CLT-0045;71179,37;Îles Caïmans;France;14;1;40;25;0;0;65;ÉLEVÉ;2026-05-14 11:56:32
TXN-007097;CLT-0068;4716,67;Russie;Allemagne;14;0;0;0;0;0;0;FAIBLE;2026-05-14 11:56:32
TXN-007098;CLT-0042;1392,13;Russie;Italie;14;0;0;0;0;0;0;FAIBLE;2026-05-14 11:56:32
TXN-007099;CLT-0014;4485,36;France;France;14;0;0;0;0;0;0;FAIBLE;2026-05-14 11:56:32
TXN-007100;CLT-0007;4746,46;France;Suisse;14;0;0;0;0;0;0;FAIBLE;2026-05-14 11:56:32
TXN-007101;CLT-0095;2406,11;Panama;Îles Caïmans;14;0;0;25;20;0;45;ÉLEVÉ;2026-05-14 11:56:32
TXN-007102;CLT-0070;3738,4;France;Italie;14;0;0;0;0;0;0;FAIBLE;2026-05-14 11:56:32
TXN-007103;CLT-0072;62,58;Îles Caïmans;Allemagne;14;0;0;25;0;0;25;MODÉRÉ;2026-05-14 11:56:32
TXN-007104;CLT-0033;2464,19;Îles Caïmans;Italie;14;0;0;25;0;0;25;MODÉRÉ;2026-05-14 11:56:32
TXN-007105;CLT-0099;26456,65;Îles Caïmans;Panama;14;1;40;25;20;0;85;CRITIQUE;2026-05-14 11:56:32
TXN-007106;CLT-0038;4152,08;Panama;Îles Caïmans;14;0;0;25;20;0;45;ÉLEVÉ;2026-05-14 11:56:32
TXN-007107;CLT-0057;1104,1;Espagne;France;14;0;0;0;0;0;0;FAIBLE;2026-05-14 11:56:32
TXN-007108;CLT-0026;2048,04;France;Italie;14;0;0;0;0;0;0;FAIBLE;2026-05-14 11:56:32
TXN-007109;CLT-0056;4327,89;France;Allemagne;14;0;0;0;0;0;0;FAIBLE;2026-05-14 11:56:32
TXN-007110;CLT-0024;380,58;Russie;Espagne;14;0;0;0;0;0;0;FAIBLE;2026-05-14 11:56:32
TXN-007111;CLT-0064;2751,58;Espagne;France;14;0;0;0;0;0;0;FAIBLE;2026-05-14 11:56:32
TXN-007112;CLT-0015;260,89;Espagne;France;14;0;0;0;0;0;0;FAIBLE;2026-05-14 11:56:32
TXN-007113;CLT-0033;87020,69;France;Italie;14;1;40;0;0;0;40;ÉLEVÉ;2026-05-14 11:56:32
TXN-007114;CLT-0083;141,84;Îles Caïmans;France;14;0;0;25;0;0;25;MODÉRÉ;2026-05-14 11:56:32
TXN-007115;CLT-0076;389,42;Russie;France;14;0;0;0;0;0;0;FAIBLE;2026-05-14 11:56:32
TXN-007116;CLT-0003;4851,5;Panama;France;14;0;0;25;0;0;25;MODÉRÉ;2026-05-14 11:56:32
TXN-007117;CLT-0057;3036,43;Russie;France;14;0;0;0;0;0;0;FAIBLE;2026-05-14 11:56:32
TXN-007118;CLT-0047;1166,91;Russie;Îles Caïmans;14;0;0;0;20;0;20;MODÉRÉ;2026-05-14 11:56:32
TXN-007119;CLT-0058;2640,49;Panama;France;14;0;0;25;0;0;25;MODÉRÉ;2026-05-14 11:56:32
TXN-007120;CLT-0015;4361,74;France;France;14;0;0;0;0;0;0;FAIBLE;2026-05-14 11:56:32
TXN-007121;CLT-0034;3064,25;Îles Caïmans;France;14;0;0;25;0;0;25;MODÉRÉ;2026-05-14 11:56:32
TXN-007122;CLT-0041;45857,24;Panama;Panama;14;1;40;25;20;0;85;CRITIQUE;2026-05-14 11:56:32
TXN-007123;CLT-0036;2392,58;Russie;Italie;14;0;0;0;0;0;0;FAIBLE;2026-05-14 11:56:32
TXN-007124;CLT-0065;406,0;Russie;Îles Caïmans;14;0;0;0;20;0;20;MODÉRÉ;2026-05-14 11:56:32
TXN-007125;CLT-0080;1923,61;Russie;France;14;0;0;0;0;0;0;FAIBLE;2026-05-14 11:56:32
TXN-007126;CLT-0069;2468,95;France;Panama;14;0;0;0;20;0;20;MODÉRÉ;2026-05-14 11:56:32
TXN-007127;CLT-0082;4071,74;France;Panama;14;0;0;0;20;0;20;MODÉRÉ;2026-05-14 11:56:32
TXN-007128;CLT-0045;71,35;Russie;France;14;0;0;0;0;0;0;FAIBLE;2026-05-14 11:56:32
TXN-007129;CLT-0037;1617,2;Panama;Îles Caïmans;14;0;0;25;20;0;45;ÉLEVÉ;2026-05-14 11:56:32
TXN-007130;CLT-0036;345,11;France;Italie;14;0;0;0;0;0;0;FAIBLE;2026-05-14 11:56:32
TXN-007131;CLT-0095;637,17;France;Îles Caïmans;14;0;0;0;20;0;20;MODÉRÉ;2026-05-14 11:56:32
TXN-007132;CLT-0032;950,33;Îles Caïmans;Suisse;14;0;0;25;0;0;25;MODÉRÉ;2026-05-14 11:56:32
TXN-007133;CLT-0092;1018,87;Russie;Suisse;14;0;0;0;0;0;0;FAIBLE;2026-05-14 11:56:32
TXN-007134;CLT-0086;4535,16;France;France;14;0;0;0;0;0;0;FAIBLE;2026-05-14 11:56:32
TXN-007135;CLT-0065;4987,69;France;Îles Caïmans;14;0;0;0;20;0;20;MODÉRÉ;2026-05-14 11:56:32
TXN-007136;CLT-0063;4581,97;Russie;Îles Caïmans;14;0;0;0;20;0;20;MODÉRÉ;2026-05-14 11:56:32
TXN-007137;CLT-0065;1632,83;France;Îles Caïmans;14;0;0;0;20;0;20;MODÉRÉ;2026-05-14 11:56:32
TXN-007138;CLT-0060;3935,98;Allemagne;Italie;14;0;0;0;0;0;0;FAIBLE;2026-05-14 11:56:32
TXN-007139;CLT-0029;89081,16;Allemagne;France;14;1;40;0;0;0;40;ÉLEVÉ;2026-05-14 11:56:32
TXN-007140;CLT-0004;4229,26;Russie;Suisse;14;0;0;0;0;0;0;FAIBLE;2026-05-14 11:56:32
TXN-007141;CLT-0042;4978,88;France;Italie;14;0;0;0;0;0;0;FAIBLE;2026-05-14 11:56:32
TXN-007142;CLT-0083;3772,86;Espagne;France;14;0;0;0;0;0;0;FAIBLE;2026-05-14 11:56:32
TXN-007143;CLT-0091;3312,18;Îles Caïmans;Allemagne;14;0;0;25;0;0;25;MODÉRÉ;2026-05-14 11:56:32
TXN-007144;CLT-0088;3052,89;France;Allemagne;14;0;0;0;0;0;0;FAIBLE;2026-05-14 11:56:32
TXN-007145;CLT-0024;3064,65;Îles Caïmans;Espagne;14;0;0;25;0;0;25;MODÉRÉ;2026-05-14 11:56:32
TXN-007146;CLT-0045;2248,71;Îles Caïmans;France;14;0;0;25;0;0;25;MODÉRÉ;2026-05-14 11:56:32
TXN-007147;CLT-0086;1669,51;Panama;France;14;0;0;25;0;0;25;MODÉRÉ;2026-05-14 11:56:32
TXN-007148;CLT-0057;614,12;Allemagne;France;14;0;0;0;0;0;0;FAIBLE;2026-05-14 11:56:32
TXN-007149;CLT-0022;4202,43;Panama;Allemagne;14;0;0;25;0;0;25;MODÉRÉ;2026-05-14 11:56:32
TXN-007150;CLT-0071;3586,22;France;Îles Caïmans;14;0;0;0;20;0;20;MODÉRÉ;2026-05-14 11:56:32
TXN-007151;CLT-0001;3359,57;Panama;France;14;0;0;25;0;0;25;MODÉRÉ;2026-05-14 11:56:32
TXN-007152;CLT-0071;3826,42;Panama;Îles Caïmans;14;0;0;25;20;0;45;ÉLEVÉ;2026-05-14 11:56:32
TXN-007153;CLT-0081;1965,49;France;Îles Caïmans;14;0;0;0;20;0;20;MODÉRÉ;2026-05-14 11:56:32
TXN-007154;CLT-0048;1092,46;Russie;Suisse;14;0;0;0;0;0;0;FAIBLE;2026-05-14 11:56:32
TXN-007155;CLT-0011;4868,99;France;France;14;0;0;0;0;0;0;FAIBLE;2026-05-14 11:56:32
TXN-007156;CLT-0009;2082,89;France;Suisse;14;0;0;0;0;0;0;FAIBLE;2026-05-14 11:56:32
TXN-007157;CLT-0058;2742,07;France;France;14;0;0;0;0;0;0;FAIBLE;2026-05-14 11:56:32
TXN-007158;CLT-0029;4722,26;France;France;14;0;0;0;0;0;0;FAIBLE;2026-05-14 11:56:32
TXN-007159;CLT-0022;93131,57;France;Allemagne;14;1;40;0;0;0;40;ÉLEVÉ;2026-05-14 11:56:32
TXN-007160;CLT-0001;526,09;Allemagne;France;14;0;0;0;0;0;0;FAIBLE;2026-05-14 11:56:32
TXN-007161;CLT-0048;4146,1;Allemagne;Suisse;14;0;0;0;0;0;0;FAIBLE;2026-05-14 11:56:32
TXN-007162;CLT-0065;56656,25;Îles Caïmans;Îles Caïmans;14;1;40;25;20;0;85;CRITIQUE;2026-05-14 11:56:32
TXN-007163;CLT-0055;3817,17;France;Espagne;14;0;0;0;0;0;0;FAIBLE;2026-05-14 11:56:32
TXN-007164;CLT-0086;1979,38;France;France;14;0;0;0;0;0;0;FAIBLE;2026-05-14 11:56:32
TXN-007165;CLT-0045;2379,27;Panama;France;14;0;0;25;0;0;25;MODÉRÉ;2026-05-14 11:56:32
TXN-007166;CLT-0038;1225,13;France;Îles Caïmans;14;0;0;0;20;0;20;MODÉRÉ;2026-05-14 11:56:32
TXN-007167;CLT-0086;3727,8;Russie;France;14;0;0;0;0;0;0;FAIBLE;2026-05-14 11:56:32
TXN-007168;CLT-0038;662,88;France;Îles Caïmans;14;0;0;0;20;0;20;MODÉRÉ;2026-05-14 11:56:32
TXN-007169;CLT-0084;4127,15;France;Italie;14;0;0;0;0;0;0;FAIBLE;2026-05-14 11:56:32
TXN-007170;CLT-0042;55030,42;Russie;Italie;14;1;40;0;0;0;40;ÉLEVÉ;2026-05-14 11:56:32
TXN-007171;CLT-0038;1719,64;Russie;Îles Caïmans;14;0;0;0;20;0;20;MODÉRÉ;2026-05-14 11:56:32
TXN-007172;CLT-0020;241,86;France;Italie;14;0;0;0;0;0;0;FAIBLE;2026-05-14 11:56:32
TXN-007173;CLT-0008;32904,48;Espagne;Suisse;14;1;40;0;0;0;40;ÉLEVÉ;2026-05-14 11:56:32
TXN-007174;CLT-0002;593,54;France;Espagne;14;0;0;0;0;0;0;FAIBLE;2026-05-14 11:56:32
TXN-007175;CLT-0012;3405,85;Panama;Panama;14;0;0;25;20;0;45;ÉLEVÉ;2026-05-14 11:56:32
TXN-007176;CLT-0030;4846,34;France;Allemagne;14;0;0;0;0;0;0;FAIBLE;2026-05-14 11:56:32
TXN-007177;CLT-0046;2207,85;France;France;14;0;0;0;0;0;0;FAIBLE;2026-05-14 11:56:32
TXN-007178;CLT-0071;80145,6;France;Îles Caïmans;14;1;40;0;20;0;60;ÉLEVÉ;2026-05-14 11:56:32
TXN-007179;CLT-0017;2773,12;France;Îles Caïmans;14;0;0;0;20;0;20;MODÉRÉ;2026-05-14 11:56:32
TXN-007180;CLT-0088;4460,26;Îles Caïmans;Allemagne;14;0;0;25;0;0;25;MODÉRÉ;2026-05-14 11:56:32
TXN-007181;CLT-0031;3950,27;Îles Caïmans;Panama;14;0;0;25;20;0;45;ÉLEVÉ;2026-05-14 11:56:32
TXN-007182;CLT-0065;3698,12;Allemagne;Îles Caïmans;14;0;0;0;20;0;20;MODÉRÉ;2026-05-14 11:56:32
TXN-007183;CLT-0028;1974,77;Espagne;France;14;0;0;0;0;0;0;FAIBLE;2026-05-14 11:56:32
TXN-007184;CLT-0047;4355,43;France;Îles Caïmans;14;0;0;0;20;0;20;MODÉRÉ;2026-05-14 11:56:32
TXN-007185;CLT-0031;2624,65;France;Panama;14;0;0;0;20;0;20;MODÉRÉ;2026-05-14 11:56:32
TXN-007186;CLT-0086;3866,23;Espagne;France;14;0;0;0;0;0;0;FAIBLE;2026-05-14 11:56:32
TXN-007187;CLT-0081;3183,9;Îles Caïmans;Îles Caïmans;14;0;0;25;20;0;45;ÉLEVÉ;2026-05-14 11:56:32
TXN-007188;CLT-0099;3359,26;France;Panama;14;0;0;0;20;0;20;MODÉRÉ;2026-05-14 11:56:32
TXN-007189;CLT-0071;1066,48;Espagne;Îles Caïmans;14;0;0;0;20;0;20;MODÉRÉ;2026-05-14 11:56:32
TXN-007190;CLT-0098;4366,19;Îles Caïmans;Espagne;14;0;0;25;0;0;25;MODÉRÉ;2026-05-14 11:56:32
TXN-007191;CLT-0014;836,93;France;France;14;0;0;0;0;0;0;FAIBLE;2026-05-14 11:56:32
TXN-007192;CLT-0007;1888,63;Russie;Suisse;14;0;0;0;0;0;0;FAIBLE;2026-05-14 11:56:32
TXN-007193;CLT-0076;2494,1;France;France;14;0;0;0;0;0;0;FAIBLE;2026-05-14 11:56:32
TXN-007194;CLT-0072;4848,47;Allemagne;Allemagne;14;0;0;0;0;0;0;FAIBLE;2026-05-14 11:56:32
TXN-007195;CLT-0070;1156,82;Îles Caïmans;Italie;14;0;0;25;0;0;25;MODÉRÉ;2026-05-14 11:56:32
TXN-007196;CLT-0013;3400,02;France;France;14;0;0;0;0;0;0;FAIBLE;2026-05-14 11:56:32
TXN-007197;CLT-0053;29957,26;France;Espagne;14;1;40;0;0;0;40;ÉLEVÉ;2026-05-14 11:56:32
TXN-007198;CLT-0045;1165,85;Îles Caïmans;France;14;0;0;25;0;0;25;MODÉRÉ;2026-05-14 11:56:32
TXN-007199;CLT-0065;46399,64;Îles Caïmans;Îles Caïmans;14;1;40;25;20;0;85;CRITIQUE;2026-05-14 11:56:32
TXN-007200;CLT-0046;4335,98;Espagne;France;14;0;0;0;0;0;0;FAIBLE;2026-05-14 11:56:32
TXN-007201;CLT-0008;1825,66;Russie;Suisse;14;0;0;0;0;0;0;FAIBLE;2026-05-14 11:56:32
TXN-007202;CLT-0029;86625,65;Panama;France;14;1;40;25;0;0;65;ÉLEVÉ;2026-05-14 11:56:32
TXN-007203;CLT-0005;479,3;France;Panama;14;0;0;0;20;0;20;MODÉRÉ;2026-05-14 11:56:32
TXN-007204;CLT-0034;4719,26;Russie;France;14;0;0;0;0;0;0;FAIBLE;2026-05-14 11:56:32
TXN-007205;CLT-0034;44313,16;France;France;14;1;40;0;0;0;40;ÉLEVÉ;2026-05-14 11:56:32
TXN-007206;CLT-0045;2156,4;France;France;14;0;0;0;0;0;0;FAIBLE;2026-05-14 11:56:32
TXN-007207;CLT-0037;3959,85;Espagne;Îles Caïmans;14;0;0;0;20;0;20;MODÉRÉ;2026-05-14 11:56:32
TXN-007208;CLT-0015;66565,54;Russie;France;14;1;40;0;0;0;40;ÉLEVÉ;2026-05-14 11:56:32
TXN-007209;CLT-0063;1278,91;France;Îles Caïmans;14;0;0;0;20;0;20;MODÉRÉ;2026-05-14 11:56:32
TXN-007210;CLT-0025;24473,51;Allemagne;Italie;14;1;40;0;0;0;40;ÉLEVÉ;2026-05-14 11:56:32
TXN-007211;CLT-0040;4655,23;Russie;Suisse;14;0;0;0;0;0;0;FAIBLE;2026-05-14 11:56:32
TXN-007212;CLT-0037;22,13;Espagne;Îles Caïmans;14;0;0;0;20;0;20;MODÉRÉ;2026-05-14 11:56:32
TXN-007213;CLT-0001;4225,84;Îles Caïmans;France;14;0;0;25;0;0;25;MODÉRÉ;2026-05-14 11:56:32
TXN-007214;CLT-0037;959,77;Panama;Îles Caïmans;14;0;0;25;20;0;45;ÉLEVÉ;2026-05-14 11:56:32
TXN-007215;CLT-0026;1933,08;Îles Caïmans;Italie;14;0;0;25;0;0;25;MODÉRÉ;2026-05-14 11:56:32
TXN-007216;CLT-0069;4157,3;France;Panama;14;0;0;0;20;0;20;MODÉRÉ;2026-05-14 11:56:32
TXN-007217;CLT-0002;1806,83;Panama;Espagne;14;0;0;25;0;0;25;MODÉRÉ;2026-05-14 11:56:32
TXN-007218;CLT-0047;671,29;Russie;Îles Caïmans;14;0;0;0;20;0;20;MODÉRÉ;2026-05-14 11:56:32
TXN-007219;CLT-0065;1845,28;Espagne;Îles Caïmans;14;0;0;0;20;0;20;MODÉRÉ;2026-05-14 11:56:32
TXN-007220;CLT-0090;2632,7;Russie;France;14;0;0;0;0;0;0;FAIBLE;2026-05-14 11:56:32
TXN-007221;CLT-0025;368,39;Espagne;Italie;14;0;0;0;0;0;0;FAIBLE;2026-05-14 11:56:32
TXN-007222;CLT-0080;65764,44;Russie;France;14;1;40;0;0;0;40;ÉLEVÉ;2026-05-14 11:56:32
TXN-007223;CLT-0020;535,55;Russie;Italie;14;0;0;0;0;0;0;FAIBLE;2026-05-14 11:56:32
TXN-007224;CLT-0053;1244,82;Russie;Espagne;14;0;0;0;0;0;0;FAIBLE;2026-05-14 11:56:32
TXN-007225;CLT-0038;3607,8;Panama;Îles Caïmans;14;0;0;25;20;0;45;ÉLEVÉ;2026-05-14 11:56:32
TXN-007226;CLT-0075;3969,53;Îles Caïmans;France;14;0;0;25;0;0;25;MODÉRÉ;2026-05-14 11:56:32
TXN-007227;CLT-0059;2237,28;France;Îles Caïmans;14;0;0;0;20;0;20;MODÉRÉ;2026-05-14 11:56:32
TXN-007228;CLT-0079;1454,75;France;Îles Caïmans;14;0;0;0;20;0;20;MODÉRÉ;2026-05-14 11:56:32
TXN-007229;CLT-0064;2450,03;Îles Caïmans;France;14;0;0;25;0;0;25;MODÉRÉ;2026-05-14 11:56:32
TXN-007230;CLT-0001;1310,57;Allemagne;France;14;0;0;0;0;0;0;FAIBLE;2026-05-14 11:56:32
TXN-007231;CLT-0083;2119,23;Allemagne;France;14;0;0;0;0;0;0;FAIBLE;2026-05-14 11:56:32
TXN-007232;CLT-0051;168,43;Allemagne;France;14;0;0;0;0;0;0;FAIBLE;2026-05-14 11:56:32
TXN-007233;CLT-0002;2423,48;Allemagne;Espagne;14;0;0;0;0;0;0;FAIBLE;2026-05-14 11:56:32
TXN-007234;CLT-0088;4576,54;Allemagne;Allemagne;14;0;0;0;0;0;0;FAIBLE;2026-05-14 11:56:32
TXN-007235;CLT-0086;518,03;France;France;14;0;0;0;0;0;0;FAIBLE;2026-05-14 11:56:32
TXN-007236;CLT-0002;43044,89;Allemagne;Espagne;14;1;40;0;0;0;40;ÉLEVÉ;2026-05-14 11:56:32
TXN-007237;CLT-0077;2693,35;Panama;France;14;0;0;25;0;0;25;MODÉRÉ;2026-05-14 11:56:32
TXN-007238;CLT-0036;369,09;Russie;Italie;14;0;0;0;0;0;0;FAIBLE;2026-05-14 11:56:32
TXN-007239;CLT-0032;480,29;France;Suisse;14;0;0;0;0;0;0;FAIBLE;2026-05-14 11:56:32
TXN-007240;CLT-0003;2903,21;Îles Caïmans;France;14;0;0;25;0;0;25;MODÉRÉ;2026-05-14 11:56:32
TXN-007241;CLT-0031;44560,8;Panama;Panama;14;1;40;25;20;0;85;CRITIQUE;2026-05-14 11:56:32
TXN-007242;CLT-0053;42554,49;France;Espagne;14;1;40;0;0;0;40;ÉLEVÉ;2026-05-14 11:56:32
TXN-007243;CLT-0082;4760,02;France;Panama;14;0;0;0;20;0;20;MODÉRÉ;2026-05-14 11:56:32
TXN-007244;CLT-0014;88355,95;France;France;14;1;40;0;0;0;40;ÉLEVÉ;2026-05-14 11:56:32
TXN-007245;CLT-0013;4469,85;Panama;France;14;0;0;25;0;0;25;MODÉRÉ;2026-05-14 11:56:32
TXN-007246;CLT-0008;44175,57;Espagne;Suisse;14;1;40;0;0;0;40;ÉLEVÉ;2026-05-14 11:56:32
TXN-007247;CLT-0079;36107,8;Russie;Îles Caïmans;14;1;40;0;20;0;60;ÉLEVÉ;2026-05-14 11:56:32
TXN-007248;CLT-0091;98,13;France;Allemagne;14;0;0;0;0;0;0;FAIBLE;2026-05-14 11:56:32
TXN-007249;CLT-0083;94898,4;France;France;14;1;40;0;0;0;40;ÉLEVÉ;2026-05-14 11:56:32
TXN-007250;CLT-0054;2119,03;France;Suisse;14;0;0;0;0;0;0;FAIBLE;2026-05-14 11:56:32
TXN-007251;CLT-0012;1079,97;France;Panama;14;0;0;0;20;0;20;MODÉRÉ;2026-05-14 11:56:32
TXN-007252;CLT-0061;11651,58;France;France;14;1;40;0;0;0;40;ÉLEVÉ;2026-05-14 11:56:32
TXN-007253;CLT-0036;4868,57;France;Italie;14;0;0;0;0;0;0;FAIBLE;2026-05-14 11:56:32
TXN-007254;CLT-0004;59,96;Panama;Suisse;14;0;0;25;0;0;25;MODÉRÉ;2026-05-14 11:56:32
TXN-007255;CLT-0023;3697,27;France;Allemagne;14;0;0;0;0;0;0;FAIBLE;2026-05-14 11:56:32
TXN-007256;CLT-0037;3166,13;Espagne;Îles Caïmans;14;0;0;0;20;0;20;MODÉRÉ;2026-05-14 11:56:32
TXN-007257;CLT-0058;1638,57;France;France;14;0;0;0;0;0;0;FAIBLE;2026-05-14 11:56:32
TXN-007258;CLT-0069;22636,73;Panama;Panama;14;1;40;25;20;0;85;CRITIQUE;2026-05-14 11:56:32
TXN-007259;CLT-0023;771,85;Russie;Allemagne;14;0;0;0;0;0;0;FAIBLE;2026-05-14 11:56:32
TXN-007260;CLT-0033;881,52;France;Italie;14;0;0;0;0;0;0;FAIBLE;2026-05-14 11:56:32
TXN-007261;CLT-0032;3357,13;Espagne;Suisse;14;0;0;0;0;0;0;FAIBLE;2026-05-14 11:56:32
TXN-007262;CLT-0031;4417,84;Îles Caïmans;Panama;14;0;0;25;20;0;45;ÉLEVÉ;2026-05-14 11:56:32
TXN-007263;CLT-0059;1811,43;France;Îles Caïmans;14;0;0;0;20;0;20;MODÉRÉ;2026-05-14 11:56:32
TXN-007264;CLT-0023;78817,2;Îles Caïmans;Allemagne;14;1;40;25;0;0;65;ÉLEVÉ;2026-05-14 11:56:32
TXN-007265;CLT-0067;2061,34;Russie;Panama;14;0;0;0;20;0;20;MODÉRÉ;2026-05-14 11:56:32
TXN-007266;CLT-0084;1803,78;France;Italie;14;0;0;0;0;0;0;FAIBLE;2026-05-14 11:56:32
TXN-007267;CLT-0032;4591,39;Russie;Suisse;14;0;0;0;0;0;0;FAIBLE;2026-05-14 11:56:32
TXN-007268;CLT-0096;77,92;France;Panama;14;0;0;0;20;0;20;MODÉRÉ;2026-05-14 11:56:32
TXN-007269;CLT-0015;280,52;France;France;14;0;0;0;0;0;0;FAIBLE;2026-05-14 11:56:32
TXN-007270;CLT-0099;84456,79;France;Panama;14;1;40;0;20;0;60;ÉLEVÉ;2026-05-14 11:56:32
TXN-007271;CLT-0097;1055,29;Îles Caïmans;Panama;14;0;0;25;20;0;45;ÉLEVÉ;2026-05-14 11:56:32
TXN-007272;CLT-0007;1330,56;Espagne;Suisse;14;0;0;0;0;0;0;FAIBLE;2026-05-14 11:56:32
TXN-007273;CLT-0087;462,27;Allemagne;Italie;14;0;0;0;0;0;0;FAIBLE;2026-05-14 11:56:32
TXN-007274;CLT-0022;45,6;Îles Caïmans;Allemagne;14;0;0;25;0;0;25;MODÉRÉ;2026-05-14 11:56:32
TXN-007275;CLT-0050;57333,08;France;Espagne;14;1;40;0;0;0;40;ÉLEVÉ;2026-05-14 11:56:32
TXN-007276;CLT-0030;1999,05;Îles Caïmans;Allemagne;14;0;0;25;0;0;25;MODÉRÉ;2026-05-14 11:56:32
TXN-007277;CLT-0020;12566,18;France;Italie;14;1;40;0;0;0;40;ÉLEVÉ;2026-05-14 11:56:32
TXN-007278;CLT-0058;49356,21;Espagne;France;14;1;40;0;0;0;40;ÉLEVÉ;2026-05-14 11:56:32
TXN-007279;CLT-0006;4606,99;France;France;14;0;0;0;0;0;0;FAIBLE;2026-05-14 11:56:32
TXN-007280;CLT-0004;3187,83;France;Suisse;14;0;0;0;0;0;0;FAIBLE;2026-05-14 11:56:32
TXN-007281;CLT-0097;3551,66;Îles Caïmans;Panama;14;0;0;25;20;0;45;ÉLEVÉ;2026-05-14 11:56:32
TXN-007282;CLT-0082;3991,64;France;Panama;14;0;0;0;20;0;20;MODÉRÉ;2026-05-14 11:56:32
TXN-007283;CLT-0077;4988,75;France;France;14;0;0;0;0;0;0;FAIBLE;2026-05-14 11:56:32
TXN-007284;CLT-0024;2166,67;France;Espagne;14;0;0;0;0;0;0;FAIBLE;2026-05-14 11:56:32
TXN-007285;CLT-0091;4726,71;Îles Caïmans;Allemagne;14;0;0;25;0;0;25;MODÉRÉ;2026-05-14 11:56:32
TXN-007286;CLT-0054;498,1;Îles Caïmans;Suisse;14;0;0;25;0;0;25;MODÉRÉ;2026-05-14 11:56:32
TXN-007287;CLT-0025;33652,19;Russie;Italie;14;1;40;0;0;0;40;ÉLEVÉ;2026-05-14 11:56:32
TXN-007288;CLT-0039;1444,87;France;France;14;0;0;0;0;0;0;FAIBLE;2026-05-14 11:56:32
TXN-007289;CLT-0025;436,4;France;Italie;14;0;0;0;0;0;0;FAIBLE;2026-05-14 11:56:32
TXN-007290;CLT-0080;4320,08;Panama;France;14;0;0;25;0;0;25;MODÉRÉ;2026-05-14 11:56:32
TXN-007291;CLT-0068;4925,3;France;Allemagne;14;0;0;0;0;0;0;FAIBLE;2026-05-14 11:56:32
TXN-007292;CLT-0013;3646,19;France;France;14;0;0;0;0;0;0;FAIBLE;2026-05-14 11:56:32
TXN-007293;CLT-0009;4785,93;France;Suisse;14;0;0;0;0;0;0;FAIBLE;2026-05-14 11:56:32
TXN-007294;CLT-0090;588,89;Espagne;France;14;0;0;0;0;0;0;FAIBLE;2026-05-14 11:56:32
TXN-007295;CLT-0057;4435,31;France;France;14;0;0;0;0;0;0;FAIBLE;2026-05-14 11:56:32
TXN-007296;CLT-0010;4676,81;Espagne;Îles Caïmans;14;0;0;0;20;0;20;MODÉRÉ;2026-05-14 11:56:32
TXN-007297;CLT-0088;85547,91;Îles Caïmans;Allemagne;14;1;40;25;0;0;65;ÉLEVÉ;2026-05-14 11:56:32
TXN-007298;CLT-0084;1558,22;Panama;Italie;14;0;0;25;0;0;25;MODÉRÉ;2026-05-14 11:56:32
TXN-007299;CLT-0033;4073,81;France;Italie;14;0;0;0;0;0;0;FAIBLE;2026-05-14 11:56:32
TXN-007300;CLT-0052;3977,28;Russie;France;14;0;0;0;0;0;0;FAIBLE;2026-05-14 11:56:32
TXN-007301;CLT-0005;17071,13;France;Panama;14;1;40;0;20;0;60;ÉLEVÉ;2026-05-14 11:56:32
TXN-007302;CLT-0029;2265,15;France;France;14;0;0;0;0;0;0;FAIBLE;2026-05-14 11:56:32
TXN-007303;CLT-0041;157,77;Îles Caïmans;Panama;14;0;0;25;20;0;45;ÉLEVÉ;2026-05-14 11:56:32
TXN-007304;CLT-0002;4194,52;France;Espagne;14;0;0;0;0;0;0;FAIBLE;2026-05-14 11:56:32
TXN-007305;CLT-0095;3331,86;Espagne;Îles Caïmans;14;0;0;0;20;0;20;MODÉRÉ;2026-05-14 11:56:32
TXN-007306;CLT-0091;3907,92;France;Allemagne;14;0;0;0;0;0;0;FAIBLE;2026-05-14 11:56:32
TXN-007307;CLT-0036;384,85;Espagne;Italie;14;0;0;0;0;0;0;FAIBLE;2026-05-14 11:56:32
TXN-007308;CLT-0091;870,91;France;Allemagne;14;0;0;0;0;0;0;FAIBLE;2026-05-14 11:56:32
TXN-007309;CLT-0038;4992,84;Îles Caïmans;Îles Caïmans;14;0;0;25;20;0;45;ÉLEVÉ;2026-05-14 11:56:32
TXN-007310;CLT-0019;87132,91;Allemagne;Espagne;14;1;40;0;0;0;40;ÉLEVÉ;2026-05-14 11:56:32
TXN-007311;CLT-0038;321,61;France;Îles Caïmans;14;0;0;0;20;0;20;MODÉRÉ;2026-05-14 11:56:32
TXN-007312;CLT-0034;2119,42;France;France;14;0;0;0;0;0;0;FAIBLE;2026-05-14 11:56:32
TXN-007313;CLT-0045;4035,4;Panama;France;14;0;0;25;0;0;25;MODÉRÉ;2026-05-14 11:56:32
TXN-007314;CLT-0055;1197,95;Panama;Espagne;14;0;0;25;0;0;25;MODÉRÉ;2026-05-14 11:56:32
TXN-007315;CLT-0037;81558,61;Espagne;Îles Caïmans;14;1;40;0;20;0;60;ÉLEVÉ;2026-05-14 11:56:32
TXN-007316;CLT-0013;3808,64;Espagne;France;14;0;0;0;0;0;0;FAIBLE;2026-05-14 11:56:32
TXN-007317;CLT-0005;1579,22;Espagne;Panama;14;0;0;0;20;0;20;MODÉRÉ;2026-05-14 11:56:32
TXN-007318;CLT-0061;68119,64;Allemagne;France;14;1;40;0;0;0;40;ÉLEVÉ;2026-05-14 11:56:32
TXN-007319;CLT-0096;1460,1;France;Panama;14;0;0;0;20;0;20;MODÉRÉ;2026-05-14 11:56:32
TXN-007320;CLT-0070;69,29;France;Italie;14;0;0;0;0;0;0;FAIBLE;2026-05-14 11:56:32
TXN-007321;CLT-0088;2682,29;Russie;Allemagne;14;0;0;0;0;0;0;FAIBLE;2026-05-14 11:56:32
TXN-007322;CLT-0099;277,03;Allemagne;Panama;14;0;0;0;20;0;20;MODÉRÉ;2026-05-14 11:56:32
TXN-007323;CLT-0087;1378,7;Espagne;Italie;14;0;0;0;0;0;0;FAIBLE;2026-05-14 11:56:32
TXN-007324;CLT-0031;2447,38;Espagne;Panama;14;0;0;0;20;0;20;MODÉRÉ;2026-05-14 11:56:32
TXN-007325;CLT-0084;1861,89;Russie;Italie;14;0;0;0;0;0;0;FAIBLE;2026-05-14 11:56:32
TXN-007326;CLT-0005;3797,69;Îles Caïmans;Panama;14;0;0;25;20;0;45;ÉLEVÉ;2026-05-14 11:56:32
TXN-007327;CLT-0031;1807,65;Russie;Panama;14;0;0;0;20;0;20;MODÉRÉ;2026-05-14 11:56:32
TXN-007328;CLT-0001;1605,65;Allemagne;France;14;0;0;0;0;0;0;FAIBLE;2026-05-14 11:56:32
TXN-007329;CLT-0067;422,21;Îles Caïmans;Panama;14;0;0;25;20;0;45;ÉLEVÉ;2026-05-14 11:56:32
TXN-007330;CLT-0083;3485,69;Panama;France;14;0;0;25;0;0;25;MODÉRÉ;2026-05-14 11:56:32
TXN-007331;CLT-0046;116,02;Panama;France;14;0;0;25;0;0;25;MODÉRÉ;2026-05-14 11:56:32
TXN-007332;CLT-0009;2856,88;Espagne;Suisse;14;0;0;0;0;0;0;FAIBLE;2026-05-14 11:56:32
TXN-007333;CLT-0065;775,06;Îles Caïmans;Îles Caïmans;14;0;0;25;20;0;45;ÉLEVÉ;2026-05-14 11:56:32
TXN-007334;CLT-0078;3707,64;Espagne;Suisse;14;0;0;0;0;0;0;FAIBLE;2026-05-14 11:56:32
TXN-007335;CLT-0012;89772,0;Panama;Panama;14;1;40;25;20;0;85;CRITIQUE;2026-05-14 11:56:32
TXN-007336;CLT-0093;185,82;France;Suisse;14;0;0;0;0;0;0;FAIBLE;2026-05-14 11:56:32
TXN-007337;CLT-0004;2568,87;France;Suisse;14;0;0;0;0;0;0;FAIBLE;2026-05-14 11:56:32
TXN-007338;CLT-0098;3997,31;France;Espagne;14;0;0;0;0;0;0;FAIBLE;2026-05-14 11:56:32
TXN-007339;CLT-0075;4110,18;France;France;14;0;0;0;0;0;0;FAIBLE;2026-05-14 11:56:32
TXN-007340;CLT-0027;751,12;France;Espagne;14;0;0;0;0;0;0;FAIBLE;2026-05-14 11:56:32
TXN-007341;CLT-0018;1956,97;France;Panama;14;0;0;0;20;0;20;MODÉRÉ;2026-05-14 11:56:32
TXN-007342;CLT-0067;3545,13;Îles Caïmans;Panama;14;0;0;25;20;0;45;ÉLEVÉ;2026-05-14 11:56:32
TXN-007343;CLT-0090;23213,09;Espagne;France;14;1;40;0;0;0;40;ÉLEVÉ;2026-05-14 11:56:32
TXN-007344;CLT-0064;32296,36;Allemagne;France;14;1;40;0;0;0;40;ÉLEVÉ;2026-05-14 11:56:32
TXN-007345;CLT-0030;35452,71;Espagne;Allemagne;14;1;40;0;0;0;40;ÉLEVÉ;2026-05-14 11:56:32
TXN-007346;CLT-0040;3923,95;France;Suisse;14;0;0;0;0;0;0;FAIBLE;2026-05-14 11:56:32
TXN-007347;CLT-0077;933,83;Russie;France;14;0;0;0;0;0;0;FAIBLE;2026-05-14 11:56:32
TXN-007348;CLT-0059;1854,38;Espagne;Îles Caïmans;14;0;0;0;20;0;20;MODÉRÉ;2026-05-14 11:56:32
TXN-007349;CLT-0043;12386,04;France;Suisse;14;1;40;0;0;0;40;ÉLEVÉ;2026-05-14 11:56:32
TXN-007350;CLT-0029;4236,11;Panama;France;14;0;0;25;0;0;25;MODÉRÉ;2026-05-14 11:56:32
TXN-007351;CLT-0071;4243,45;Russie;Îles Caïmans;14;0;0;0;20;0;20;MODÉRÉ;2026-05-14 11:56:32
TXN-007352;CLT-0029;4839,12;Espagne;France;14;0;0;0;0;0;0;FAIBLE;2026-05-14 11:56:32
TXN-007353;CLT-0059;918,85;Panama;Îles Caïmans;14;0;0;25;20;0;45;ÉLEVÉ;2026-05-14 11:56:32
TXN-007354;CLT-0013;1120,41;France;France;14;0;0;0;0;0;0;FAIBLE;2026-05-14 11:56:32
TXN-007355;CLT-0042;20927,17;France;Italie;14;1;40;0;0;0;40;ÉLEVÉ;2026-05-14 11:56:32
TXN-007356;CLT-0084;3186,84;France;Italie;14;0;0;0;0;0;0;FAIBLE;2026-05-14 11:56:32
TXN-007357;CLT-0048;49361,89;France;Suisse;14;1;40;0;0;0;40;ÉLEVÉ;2026-05-14 11:56:32
TXN-007358;CLT-0036;2030,98;Espagne;Italie;14;0;0;0;0;0;0;FAIBLE;2026-05-14 11:56:32
TXN-007359;CLT-0028;4385,52;France;France;14;0;0;0;0;0;0;FAIBLE;2026-05-14 11:56:32
TXN-007360;CLT-0072;4281,95;Allemagne;Allemagne;14;0;0;0;0;0;0;FAIBLE;2026-05-14 11:56:32
TXN-007361;CLT-0061;1615,55;Espagne;France;14;0;0;0;0;0;0;FAIBLE;2026-05-14 11:56:32
TXN-007362;CLT-0032;4156,52;France;Suisse;14;0;0;0;0;0;0;FAIBLE;2026-05-14 11:56:32
TXN-007363;CLT-0057;4874,98;Allemagne;France;14;0;0;0;0;0;0;FAIBLE;2026-05-14 11:56:32
TXN-007364;CLT-0015;855,59;France;France;14;0;0;0;0;0;0;FAIBLE;2026-05-14 11:56:32
TXN-007365;CLT-0001;64506,7;Allemagne;France;14;1;40;0;0;0;40;ÉLEVÉ;2026-05-14 11:56:32
TXN-007366;CLT-0030;1868,16;Russie;Allemagne;14;0;0;0;0;0;0;FAIBLE;2026-05-14 11:56:32
TXN-007367;CLT-0077;1514,96;Allemagne;France;14;0;0;0;0;0;0;FAIBLE;2026-05-14 11:56:32
TXN-007368;CLT-0036;994,74;Allemagne;Italie;14;0;0;0;0;0;0;FAIBLE;2026-05-14 11:56:32
TXN-007369;CLT-0058;487,63;Espagne;France;14;0;0;0;0;0;0;FAIBLE;2026-05-14 11:56:32
TXN-007370;CLT-0047;1984,49;Espagne;Îles Caïmans;14;0;0;0;20;0;20;MODÉRÉ;2026-05-14 11:56:32
TXN-007371;CLT-0002;82500,0;Allemagne;Espagne;14;1;40;0;0;0;40;ÉLEVÉ;2026-05-14 11:56:32
TXN-007372;CLT-0067;1616,33;Allemagne;Panama;14;0;0;0;20;0;20;MODÉRÉ;2026-05-14 11:56:32
TXN-007373;CLT-0086;2763,33;France;France;14;0;0;0;0;0;0;FAIBLE;2026-05-14 11:56:32
TXN-007374;CLT-0084;4057,52;Panama;Italie;14;0;0;25;0;0;25;MODÉRÉ;2026-05-14 11:56:32
TXN-007375;CLT-0036;88951,77;Russie;Italie;14;1;40;0;0;0;40;ÉLEVÉ;2026-05-14 11:56:32
TXN-007376;CLT-0044;2771,13;Russie;France;14;0;0;0;0;0;0;FAIBLE;2026-05-14 11:56:32
TXN-007377;CLT-0048;1103,72;Espagne;Suisse;14;0;0;0;0;0;0;FAIBLE;2026-05-14 11:56:32
TXN-007378;CLT-0028;84929,91;Russie;France;14;1;40;0;0;0;40;ÉLEVÉ;2026-05-14 11:56:32
TXN-007379;CLT-0088;1912,81;France;Allemagne;14;0;0;0;0;0;0;FAIBLE;2026-05-14 11:56:32
TXN-007380;CLT-0028;3315,88;France;France;14;0;0;0;0;0;0;FAIBLE;2026-05-14 11:56:32
TXN-007381;CLT-0092;76622,74;France;Suisse;14;1;40;0;0;0;40;ÉLEVÉ;2026-05-14 11:56:32
TXN-007382;CLT-0043;4946,15;Allemagne;Suisse;14;0;0;0;0;0;0;FAIBLE;2026-05-14 11:56:32
TXN-007383;CLT-0093;29306,55;Allemagne;Suisse;14;1;40;0;0;0;40;ÉLEVÉ;2026-05-14 11:56:32
TXN-007384;CLT-0064;294,79;France;France;14;0;0;0;0;0;0;FAIBLE;2026-05-14 11:56:32
TXN-007385;CLT-0063;52,02;Allemagne;Îles Caïmans;14;0;0;0;20;0;20;MODÉRÉ;2026-05-14 11:56:32
TXN-007386;CLT-0075;16484,47;France;France;14;1;40;0;0;0;40;ÉLEVÉ;2026-05-14 11:56:32
TXN-007387;CLT-0067;1441,11;France;Panama;14;0;0;0;20;0;20;MODÉRÉ;2026-05-14 11:56:32
TXN-007388;CLT-0024;4034,19;Russie;Espagne;14;0;0;0;0;0;0;FAIBLE;2026-05-14 11:56:32
TXN-007389;CLT-0056;1499,86;Espagne;Allemagne;14;0;0;0;0;0;0;FAIBLE;2026-05-14 11:56:32
TXN-007390;CLT-0042;1226,73;Îles Caïmans;Italie;14;0;0;25;0;0;25;MODÉRÉ;2026-05-14 11:56:32
TXN-007391;CLT-0085;4174,05;France;Îles Caïmans;14;0;0;0;20;0;20;MODÉRÉ;2026-05-14 11:56:32
TXN-007392;CLT-0057;4456,62;France;France;14;0;0;0;0;0;0;FAIBLE;2026-05-14 11:56:32
TXN-007393;CLT-0096;78856,71;Panama;Panama;14;1;40;25;20;0;85;CRITIQUE;2026-05-14 11:56:32
TXN-007394;CLT-0003;4065,39;Panama;France;14;0;0;25;0;0;25;MODÉRÉ;2026-05-14 11:56:32
TXN-007395;CLT-0069;3511,57;Îles Caïmans;Panama;14;0;0;25;20;0;45;ÉLEVÉ;2026-05-14 11:56:32
TXN-007396;CLT-0036;4005,65;Îles Caïmans;Italie;14;0;0;25;0;0;25;MODÉRÉ;2026-05-14 11:56:32
TXN-007397;CLT-0093;3523,18;France;Suisse;14;0;0;0;0;0;0;FAIBLE;2026-05-14 11:56:32
TXN-007398;CLT-0024;2241,84;Panama;Espagne;14;0;0;25;0;0;25;MODÉRÉ;2026-05-14 11:56:32
TXN-007399;CLT-0047;4633,47;Panama;Îles Caïmans;14;0;0;25;20;0;45;ÉLEVÉ;2026-05-14 11:56:32
TXN-007400;CLT-0062;3333,25;France;France;14;0;0;0;0;0;0;FAIBLE;2026-05-14 11:56:32
TXN-007401;CLT-0094;879,7;Russie;Allemagne;14;0;0;0;0;0;0;FAIBLE;2026-05-14 11:56:32
TXN-007402;CLT-0087;3011,08;France;Italie;14;0;0;0;0;0;0;FAIBLE;2026-05-14 11:56:32
TXN-007403;CLT-0033;129,94;Espagne;Italie;14;0;0;0;0;0;0;FAIBLE;2026-05-14 11:56:32
TXN-007404;CLT-0069;1752,08;Îles Caïmans;Panama;14;0;0;25;20;0;45;ÉLEVÉ;2026-05-14 11:56:32
TXN-007405;CLT-0033;105,33;Îles Caïmans;Italie;14;0;0;25;0;0;25;MODÉRÉ;2026-05-14 11:56:32
TXN-007406;CLT-0007;2600,54;France;Suisse;14;0;0;0;0;0;0;FAIBLE;2026-05-14 11:56:32
TXN-007407;CLT-0092;196,68;Espagne;Suisse;14;0;0;0;0;0;0;FAIBLE;2026-05-14 11:56:32
TXN-007408;CLT-0050;1267,08;Allemagne;Espagne;14;0;0;0;0;0;0;FAIBLE;2026-05-14 11:56:32
TXN-007409;CLT-0045;4839,17;Panama;France;14;0;0;25;0;0;25;MODÉRÉ;2026-05-14 11:56:32
TXN-007410;CLT-0075;1417,45;France;France;14;0;0;0;0;0;0;FAIBLE;2026-05-14 11:56:32
TXN-007411;CLT-0041;1987,61;Îles Caïmans;Panama;14;0;0;25;20;0;45;ÉLEVÉ;2026-05-14 11:56:32
TXN-007412;CLT-0006;92058,47;Panama;France;14;1;40;25;0;0;65;ÉLEVÉ;2026-05-14 11:56:32
TXN-007413;CLT-0015;454,99;France;France;14;0;0;0;0;0;0;FAIBLE;2026-05-14 11:56:32
TXN-007414;CLT-0088;1926,44;France;Allemagne;14;0;0;0;0;0;0;FAIBLE;2026-05-14 11:56:32
TXN-007415;CLT-0043;596,33;France;Suisse;14;0;0;0;0;0;0;FAIBLE;2026-05-14 11:56:32
TXN-007416;CLT-0057;553,16;Russie;France;14;0;0;0;0;0;0;FAIBLE;2026-05-14 11:56:32
TXN-007417;CLT-0036;3163,45;Russie;Italie;14;0;0;0;0;0;0;FAIBLE;2026-05-14 11:56:32
TXN-007418;CLT-0050;4853,48;France;Espagne;14;0;0;0;0;0;0;FAIBLE;2026-05-14 11:56:32
TXN-007419;CLT-0100;3457,0;Allemagne;Suisse;14;0;0;0;0;0;0;FAIBLE;2026-05-14 11:56:32
TXN-007420;CLT-0008;47895,29;Panama;Suisse;14;1;40;25;0;0;65;ÉLEVÉ;2026-05-14 11:56:32
TXN-007421;CLT-0066;1885,01;Espagne;Espagne;14;0;0;0;0;0;0;FAIBLE;2026-05-14 11:56:32
TXN-007422;CLT-0047;2972,63;France;Îles Caïmans;14;0;0;0;20;0;20;MODÉRÉ;2026-05-14 11:56:32
TXN-007423;CLT-0070;1548,47;France;Italie;14;0;0;0;0;0;0;FAIBLE;2026-05-14 11:56:32
TXN-007424;CLT-0031;3865,5;France;Panama;14;0;0;0;20;0;20;MODÉRÉ;2026-05-14 11:56:32
TXN-007425;CLT-0036;3731,94;France;Italie;14;0;0;0;0;0;0;FAIBLE;2026-05-14 11:56:32
TXN-007426;CLT-0074;2293,22;Espagne;Allemagne;14;0;0;0;0;0;0;FAIBLE;2026-05-14 11:56:32
TXN-007427;CLT-0074;1503,69;France;Allemagne;14;0;0;0;0;0;0;FAIBLE;2026-05-14 11:56:32
TXN-007428;CLT-0050;2876,42;Espagne;Espagne;14;0;0;0;0;0;0;FAIBLE;2026-05-14 11:56:32
TXN-007429;CLT-0020;1180,79;Russie;Italie;14;0;0;0;0;0;0;FAIBLE;2026-05-14 11:56:32
TXN-007430;CLT-0097;3223,66;Russie;Panama;14;0;0;0;20;0;20;MODÉRÉ;2026-05-14 11:56:32
TXN-007431;CLT-0054;3196,61;Russie;Suisse;14;0;0;0;0;0;0;FAIBLE;2026-05-14 11:56:32
TXN-007432;CLT-0042;2269,29;Espagne;Italie;14;0;0;0;0;0;0;FAIBLE;2026-05-14 11:56:32
TXN-007433;CLT-0013;1759,55;Russie;France;14;0;0;0;0;0;0;FAIBLE;2026-05-14 11:56:32
TXN-007434;CLT-0074;19031,31;Espagne;Allemagne;14;1;40;0;0;0;40;ÉLEVÉ;2026-05-14 11:56:32
TXN-007435;CLT-0055;4035,59;France;Espagne;14;0;0;0;0;0;0;FAIBLE;2026-05-14 11:56:32
TXN-007436;CLT-0077;417,25;Panama;France;14;0;0;25;0;0;25;MODÉRÉ;2026-05-14 11:56:32
TXN-007437;CLT-0044;4194,63;Allemagne;France;14;0;0;0;0;0;0;FAIBLE;2026-05-14 11:56:32
TXN-007438;CLT-0064;45864,87;Panama;France;14;1;40;25;0;0;65;ÉLEVÉ;2026-05-14 11:56:32
TXN-007439;CLT-0074;4288,19;France;Allemagne;14;0;0;0;0;0;0;FAIBLE;2026-05-14 11:56:32
TXN-007440;CLT-0094;4230,12;Îles Caïmans;Allemagne;14;0;0;25;0;0;25;MODÉRÉ;2026-05-14 11:56:32
TXN-007441;CLT-0058;3311,25;Russie;France;14;0;0;0;0;0;0;FAIBLE;2026-05-14 11:56:32
TXN-007442;CLT-0005;4971,85;Russie;Panama;14;0;0;0;20;0;20;MODÉRÉ;2026-05-14 11:56:32
TXN-007443;CLT-0018;2345,67;France;Panama;14;0;0;0;20;0;20;MODÉRÉ;2026-05-14 11:56:32
TXN-007444;CLT-0033;1806,28;Espagne;Italie;14;0;0;0;0;0;0;FAIBLE;2026-05-14 11:56:32
TXN-007445;CLT-0089;80272,97;Panama;Îles Caïmans;14;1;40;25;20;0;85;CRITIQUE;2026-05-14 11:56:32
TXN-007446;CLT-0050;1625,61;Russie;Espagne;14;0;0;0;0;0;0;FAIBLE;2026-05-14 11:56:32
TXN-007447;CLT-0035;4533,2;Panama;Espagne;14;0;0;25;0;0;25;MODÉRÉ;2026-05-14 11:56:32
TXN-007448;CLT-0061;3550,5;Îles Caïmans;France;14;0;0;25;0;0;25;MODÉRÉ;2026-05-14 11:56:32
TXN-007449;CLT-0035;4142,1;France;Espagne;14;0;0;0;0;0;0;FAIBLE;2026-05-14 11:56:32
TXN-007450;CLT-0073;4914,39;Allemagne;France;14;0;0;0;0;0;0;FAIBLE;2026-05-14 11:56:32
TXN-007451;CLT-0061;3432,27;France;France;14;0;0;0;0;0;0;FAIBLE;2026-05-14 11:56:32
TXN-007452;CLT-0061;3536,81;Panama;France;14;0;0;25;0;0;25;MODÉRÉ;2026-05-14 11:56:32
TXN-007453;CLT-0008;4404,86;Espagne;Suisse;14;0;0;0;0;0;0;FAIBLE;2026-05-14 11:56:32
TXN-007454;CLT-0055;4318,12;France;Espagne;14;0;0;0;0;0;0;FAIBLE;2026-05-14 11:56:32
TXN-007455;CLT-0070;4626,37;France;Italie;14;0;0;0;0;0;0;FAIBLE;2026-05-14 11:56:32
TXN-007456;CLT-0034;2181,54;France;France;14;0;0;0;0;0;0;FAIBLE;2026-05-14 11:56:32
TXN-007457;CLT-0026;3853,67;France;Italie;14;0;0;0;0;0;0;FAIBLE;2026-05-14 11:56:32
TXN-007458;CLT-0014;49929,3;Panama;France;14;1;40;25;0;0;65;ÉLEVÉ;2026-05-14 11:56:32
TXN-007459;CLT-0088;2483,69;Espagne;Allemagne;14;0;0;0;0;0;0;FAIBLE;2026-05-14 11:56:32
TXN-007460;CLT-0037;50714,61;France;Îles Caïmans;14;1;40;0;20;0;60;ÉLEVÉ;2026-05-14 11:56:32
TXN-007461;CLT-0055;1954,06;Panama;Espagne;14;0;0;25;0;0;25;MODÉRÉ;2026-05-14 11:56:32
TXN-007462;CLT-0023;80762,86;France;Allemagne;14;1;40;0;0;0;40;ÉLEVÉ;2026-05-14 11:56:32
TXN-007463;CLT-0010;504,55;Îles Caïmans;Îles Caïmans;14;0;0;25;20;0;45;ÉLEVÉ;2026-05-14 11:56:32
TXN-007464;CLT-0080;2655,51;France;France;14;0;0;0;0;0;0;FAIBLE;2026-05-14 11:56:32
TXN-007465;CLT-0003;2396,46;France;France;14;0;0;0;0;0;0;FAIBLE;2026-05-14 11:56:32
TXN-007466;CLT-0095;3773,53;France;Îles Caïmans;14;0;0;0;20;0;20;MODÉRÉ;2026-05-14 11:56:32
TXN-007467;CLT-0039;90383,94;France;France;14;1;40;0;0;0;40;ÉLEVÉ;2026-05-14 11:56:32
TXN-007468;CLT-0098;2166,66;Espagne;Espagne;14;0;0;0;0;0;0;FAIBLE;2026-05-14 11:56:32
TXN-007469;CLT-0049;8328,93;Panama;France;14;1;40;25;0;0;65;ÉLEVÉ;2026-05-14 11:56:32
TXN-007470;CLT-0083;3069,73;Espagne;France;14;0;0;0;0;0;0;FAIBLE;2026-05-14 11:56:32
TXN-007471;CLT-0009;1321,58;France;Suisse;14;0;0;0;0;0;0;FAIBLE;2026-05-14 11:56:32
TXN-007472;CLT-0034;4967,55;Panama;France;14;0;0;25;0;0;25;MODÉRÉ;2026-05-14 11:56:32
TXN-007473;CLT-0084;488,48;France;Italie;14;0;0;0;0;0;0;FAIBLE;2026-05-14 11:56:32
TXN-007474;CLT-0096;4133,73;Panama;Panama;14;0;0;25;20;0;45;ÉLEVÉ;2026-05-14 11:56:32
TXN-007475;CLT-0088;1930,01;Espagne;Allemagne;14;0;0;0;0;0;0;FAIBLE;2026-05-14 11:56:32
TXN-007476;CLT-0025;2874,05;Allemagne;Italie;14;0;0;0;0;0;0;FAIBLE;2026-05-14 11:56:32
TXN-007477;CLT-0096;1792,66;France;Panama;14;0;0;0;20;0;20;MODÉRÉ;2026-05-14 11:56:32
TXN-007478;CLT-0061;1506,55;Allemagne;France;14;0;0;0;0;0;0;FAIBLE;2026-05-14 11:56:32
TXN-007479;CLT-0007;2753,97;France;Suisse;14;0;0;0;0;0;0;FAIBLE;2026-05-14 11:56:32
TXN-007480;CLT-0061;3657,84;France;France;14;0;0;0;0;0;0;FAIBLE;2026-05-14 11:56:32
TXN-007481;CLT-0052;2881,52;Panama;France;14;0;0;25;0;0;25;MODÉRÉ;2026-05-14 11:56:32
TXN-007482;CLT-0026;81204,82;Îles Caïmans;Italie;14;1;40;25;0;0;65;ÉLEVÉ;2026-05-14 11:56:32
TXN-007483;CLT-0084;3035,56;Allemagne;Italie;14;0;0;0;0;0;0;FAIBLE;2026-05-14 11:56:32
TXN-007484;CLT-0092;726,48;Russie;Suisse;14;0;0;0;0;0;0;FAIBLE;2026-05-14 11:56:32
TXN-007485;CLT-0086;1210,56;Espagne;France;14;0;0;0;0;0;0;FAIBLE;2026-05-14 11:56:32
TXN-007486;CLT-0068;405,5;Russie;Allemagne;14;0;0;0;0;0;0;FAIBLE;2026-05-14 11:56:32
TXN-007487;CLT-0064;2443,09;Îles Caïmans;France;14;0;0;25;0;0;25;MODÉRÉ;2026-05-14 11:56:32
TXN-007488;CLT-0003;426,49;Îles Caïmans;France;14;0;0;25;0;0;25;MODÉRÉ;2026-05-14 11:56:32
TXN-007489;CLT-0077;4286,08;Îles Caïmans;France;14;0;0;25;0;0;25;MODÉRÉ;2026-05-14 11:56:32
TXN-007490;CLT-0013;4175,9;Russie;France;14;0;0;0;0;0;0;FAIBLE;2026-05-14 11:56:32
TXN-007491;CLT-0019;3331,94;Espagne;Espagne;14;0;0;0;0;0;0;FAIBLE;2026-05-14 11:56:32
TXN-007492;CLT-0059;14741,89;France;Îles Caïmans;14;1;40;0;20;0;60;ÉLEVÉ;2026-05-14 11:56:32
TXN-007493;CLT-0032;75476,48;Russie;Suisse;14;1;40;0;0;0;40;ÉLEVÉ;2026-05-14 11:56:32
TXN-007494;CLT-0047;88553,1;France;Îles Caïmans;14;1;40;0;20;0;60;ÉLEVÉ;2026-05-14 11:56:32
TXN-007495;CLT-0041;1984,33;France;Panama;14;0;0;0;20;0;20;MODÉRÉ;2026-05-14 11:56:32
TXN-007496;CLT-0085;1856,46;France;Îles Caïmans;14;0;0;0;20;0;20;MODÉRÉ;2026-05-14 11:56:32
TXN-007497;CLT-0039;3599,19;Îles Caïmans;France;14;0;0;25;0;0;25;MODÉRÉ;2026-05-14 11:56:32
TXN-007498;CLT-0029;1133,99;France;France;14;0;0;0;0;0;0;FAIBLE;2026-05-14 11:56:32
TXN-007499;CLT-0086;3622,26;Espagne;France;14;0;0;0;0;0;0;FAIBLE;2026-05-14 11:56:32
TXN-007500;CLT-0047;470,45;France;Îles Caïmans;14;0;0;0;20;0;20;MODÉRÉ;2026-05-14 11:56:32
TXN-007501;CLT-0024;4994,64;Russie;Espagne;14;0;0;0;0;0;0;FAIBLE;2026-05-14 11:56:32
TXN-007502;CLT-0062;1073,24;France;France;14;0;0;0;0;0;0;FAIBLE;2026-05-14 11:56:32
TXN-007503;CLT-0085;4375,01;France;Îles Caïmans;14;0;0;0;20;0;20;MODÉRÉ;2026-05-14 11:56:32
TXN-007504;CLT-0079;392,98;France;Îles Caïmans;14;0;0;0;20;0;20;MODÉRÉ;2026-05-14 11:56:32
TXN-007505;CLT-0002;3389,56;Îles Caïmans;Espagne;14;0;0;25;0;0;25;MODÉRÉ;2026-05-14 11:56:32
TXN-007506;CLT-0035;53606,98;Îles Caïmans;Espagne;14;1;40;25;0;0;65;ÉLEVÉ;2026-05-14 11:56:32
TXN-007507;CLT-0041;274,48;Espagne;Panama;14;0;0;0;20;0;20;MODÉRÉ;2026-05-14 11:56:32
TXN-007508;CLT-0036;2717,0;France;Italie;14;0;0;0;0;0;0;FAIBLE;2026-05-14 11:56:32
TXN-007509;CLT-0005;56468,79;Panama;Panama;14;1;40;25;20;0;85;CRITIQUE;2026-05-14 11:56:32
TXN-007510;CLT-0009;85794,1;Panama;Suisse;14;1;40;25;0;0;65;ÉLEVÉ;2026-05-14 11:56:32
TXN-007511;CLT-0053;4557,45;France;Espagne;14;0;0;0;0;0;0;FAIBLE;2026-05-14 11:56:32
TXN-007512;CLT-0090;3006,12;Russie;France;14;0;0;0;0;0;0;FAIBLE;2026-05-14 11:56:32
TXN-007513;CLT-0007;3038,69;Espagne;Suisse;14;0;0;0;0;0;0;FAIBLE;2026-05-14 11:56:32
TXN-007514;CLT-0049;4214,97;Panama;France;14;0;0;25;0;0;25;MODÉRÉ;2026-05-14 11:56:32
TXN-007515;CLT-0022;51,07;Espagne;Allemagne;14;0;0;0;0;0;0;FAIBLE;2026-05-14 11:56:32
TXN-007516;CLT-0050;1312,09;Espagne;Espagne;14;0;0;0;0;0;0;FAIBLE;2026-05-14 11:56:32
TXN-007517;CLT-0097;3464,32;Russie;Panama;14;0;0;0;20;0;20;MODÉRÉ;2026-05-14 11:56:32
TXN-007518;CLT-0095;1296,68;France;Îles Caïmans;14;0;0;0;20;0;20;MODÉRÉ;2026-05-14 11:56:32
TXN-007519;CLT-0039;2500,0;France;France;14;0;0;0;0;0;0;FAIBLE;2026-05-14 11:56:32
TXN-007520;CLT-0003;1851,78;Russie;France;14;0;0;0;0;0;0;FAIBLE;2026-05-14 11:56:32
TXN-007521;CLT-0063;4315,42;France;Îles Caïmans;14;0;0;0;20;0;20;MODÉRÉ;2026-05-14 11:56:32
TXN-007522;CLT-0042;3692,7;Espagne;Italie;14;0;0;0;0;0;0;FAIBLE;2026-05-14 11:56:32
TXN-007523;CLT-0036;1455,56;Espagne;Italie;14;0;0;0;0;0;0;FAIBLE;2026-05-14 11:56:32
TXN-007524;CLT-0081;3746,11;France;Îles Caïmans;14;0;0;0;20;0;20;MODÉRÉ;2026-05-14 11:56:32
TXN-007525;CLT-0043;4241,76;Allemagne;Suisse;14;0;0;0;0;0;0;FAIBLE;2026-05-14 11:56:32
TXN-007526;CLT-0099;2563,87;Îles Caïmans;Panama;14;0;0;25;20;0;45;ÉLEVÉ;2026-05-14 11:56:32
TXN-007527;CLT-0006;4390,05;France;France;14;0;0;0;0;0;0;FAIBLE;2026-05-14 11:56:32
TXN-007528;CLT-0086;2060,79;France;France;14;0;0;0;0;0;0;FAIBLE;2026-05-14 11:56:32
TXN-007529;CLT-0057;4371,75;France;France;14;0;0;0;0;0;0;FAIBLE;2026-05-14 11:56:32
TXN-007530;CLT-0069;62,94;Espagne;Panama;14;0;0;0;20;0;20;MODÉRÉ;2026-05-14 11:56:32
TXN-007531;CLT-0020;1806,14;Russie;Italie;14;0;0;0;0;0;0;FAIBLE;2026-05-14 11:56:32
TXN-007532;CLT-0007;3688,62;Espagne;Suisse;14;0;0;0;0;0;0;FAIBLE;2026-05-14 11:56:32
TXN-007533;CLT-0042;47932,12;France;Italie;14;1;40;0;0;0;40;ÉLEVÉ;2026-05-14 11:56:32
TXN-007534;CLT-0089;2167,77;Panama;Îles Caïmans;14;0;0;25;20;0;45;ÉLEVÉ;2026-05-14 11:56:32
TXN-007535;CLT-0001;563,3;Russie;France;14;0;0;0;0;0;0;FAIBLE;2026-05-14 11:56:32
TXN-007536;CLT-0065;2772,45;Panama;Îles Caïmans;14;0;0;25;20;0;45;ÉLEVÉ;2026-05-14 11:56:32
TXN-007537;CLT-0081;2189,64;Russie;Îles Caïmans;14;0;0;0;20;0;20;MODÉRÉ;2026-05-14 11:56:32
TXN-007538;CLT-0063;238,25;France;Îles Caïmans;14;0;0;0;20;0;20;MODÉRÉ;2026-05-14 11:56:32
TXN-007539;CLT-0071;805,02;Espagne;Îles Caïmans;14;0;0;0;20;0;20;MODÉRÉ;2026-05-14 11:56:32
TXN-007540;CLT-0002;595,43;France;Espagne;14;0;0;0;0;0;0;FAIBLE;2026-05-14 11:56:32
TXN-007541;CLT-0096;21784,31;Russie;Panama;14;1;40;0;20;0;60;ÉLEVÉ;2026-05-14 11:56:32
TXN-007542;CLT-0036;989,43;France;Italie;14;0;0;0;0;0;0;FAIBLE;2026-05-14 11:56:32
TXN-007543;CLT-0076;3854,1;Espagne;France;14;0;0;0;0;0;0;FAIBLE;2026-05-14 11:56:32
TXN-007544;CLT-0099;3443,49;France;Panama;14;0;0;0;20;0;20;MODÉRÉ;2026-05-14 11:56:32
TXN-007545;CLT-0044;66392,05;France;France;14;1;40;0;0;0;40;ÉLEVÉ;2026-05-14 11:56:32
TXN-007546;CLT-0096;26807,53;France;Panama;14;1;40;0;20;0;60;ÉLEVÉ;2026-05-14 11:56:32
TXN-007547;CLT-0005;50707,36;Îles Caïmans;Panama;14;1;40;25;20;0;85;CRITIQUE;2026-05-14 11:56:32
TXN-007548;CLT-0095;850,33;Allemagne;Îles Caïmans;14;0;0;0;20;0;20;MODÉRÉ;2026-05-14 11:56:32
TXN-007549;CLT-0044;1140,16;Panama;France;14;0;0;25;0;0;25;MODÉRÉ;2026-05-14 11:56:32
TXN-007550;CLT-0016;3117,51;Russie;Espagne;14;0;0;0;0;0;0;FAIBLE;2026-05-14 11:56:32
TXN-007551;CLT-0091;3768,85;France;Allemagne;14;0;0;0;0;0;0;FAIBLE;2026-05-14 11:56:32
TXN-007552;CLT-0070;2035,29;Allemagne;Italie;14;0;0;0;0;0;0;FAIBLE;2026-05-14 11:56:32
TXN-007553;CLT-0100;4934,51;Allemagne;Suisse;14;0;0;0;0;0;0;FAIBLE;2026-05-14 11:56:32
TXN-007554;CLT-0025;1884,83;France;Italie;14;0;0;0;0;0;0;FAIBLE;2026-05-14 11:56:32
TXN-007555;CLT-0047;897,17;France;Îles Caïmans;14;0;0;0;20;0;20;MODÉRÉ;2026-05-14 11:56:32
TXN-007556;CLT-0057;1348,48;Russie;France;14;0;0;0;0;0;0;FAIBLE;2026-05-14 11:56:32
TXN-007557;CLT-0072;4113,56;France;Allemagne;14;0;0;0;0;0;0;FAIBLE;2026-05-14 11:56:32
TXN-007558;CLT-0082;2683,73;France;Panama;14;0;0;0;20;0;20;MODÉRÉ;2026-05-14 11:56:32
TXN-007559;CLT-0001;4911,38;Îles Caïmans;France;14;0;0;25;0;0;25;MODÉRÉ;2026-05-14 11:56:32
TXN-007560;CLT-0031;1471,44;Allemagne;Panama;14;0;0;0;20;0;20;MODÉRÉ;2026-05-14 11:56:32
TXN-007561;CLT-0056;3784,77;Allemagne;Allemagne;14;0;0;0;0;0;0;FAIBLE;2026-05-14 11:56:32
TXN-007562;CLT-0092;1572,77;France;Suisse;14;0;0;0;0;0;0;FAIBLE;2026-05-14 11:56:32
TXN-007563;CLT-0064;3050,01;Îles Caïmans;France;14;0;0;25;0;0;25;MODÉRÉ;2026-05-14 11:56:32
TXN-007564;CLT-0032;4312,39;Panama;Suisse;14;0;0;25;0;0;25;MODÉRÉ;2026-05-14 11:56:32
TXN-007565;CLT-0060;36,52;France;Italie;14;0;0;0;0;0;0;FAIBLE;2026-05-14 11:56:32
TXN-007566;CLT-0032;4736,59;Espagne;Suisse;14;0;0;0;0;0;0;FAIBLE;2026-05-14 11:56:32
TXN-007567;CLT-0068;641,18;France;Allemagne;14;0;0;0;0;0;0;FAIBLE;2026-05-14 11:56:32
TXN-007568;CLT-0048;2282,67;Allemagne;Suisse;14;0;0;0;0;0;0;FAIBLE;2026-05-14 11:56:32
TXN-007569;CLT-0042;90132,35;France;Italie;14;1;40;0;0;0;40;ÉLEVÉ;2026-05-14 11:56:32
TXN-007570;CLT-0063;2731,64;Espagne;Îles Caïmans;14;0;0;0;20;0;20;MODÉRÉ;2026-05-14 11:56:32
TXN-007571;CLT-0100;4515,49;Espagne;Suisse;14;0;0;0;0;0;0;FAIBLE;2026-05-14 11:56:32
TXN-007572;CLT-0021;1544,21;France;France;14;0;0;0;0;0;0;FAIBLE;2026-05-14 11:56:32
TXN-007573;CLT-0021;3922,44;Panama;France;14;0;0;25;0;0;25;MODÉRÉ;2026-05-14 11:56:32
TXN-007574;CLT-0018;75,61;Panama;Panama;14;0;0;25;20;0;45;ÉLEVÉ;2026-05-14 11:56:32
TXN-007575;CLT-0015;81272,42;Panama;France;14;1;40;25;0;0;65;ÉLEVÉ;2026-05-14 11:56:32
TXN-007576;CLT-0057;2345,89;Russie;France;14;0;0;0;0;0;0;FAIBLE;2026-05-14 11:56:32
TXN-007577;CLT-0002;4901,68;France;Espagne;14;0;0;0;0;0;0;FAIBLE;2026-05-14 11:56:32
TXN-007578;CLT-0016;4328,61;Espagne;Espagne;14;0;0;0;0;0;0;FAIBLE;2026-05-14 11:56:32
TXN-007579;CLT-0038;10132,62;France;Îles Caïmans;14;1;40;0;20;0;60;ÉLEVÉ;2026-05-14 11:56:32
TXN-007580;CLT-0064;70047,09;France;France;14;1;40;0;0;0;40;ÉLEVÉ;2026-05-14 11:56:32
TXN-007581;CLT-0009;3677,53;Îles Caïmans;Suisse;14;0;0;25;0;0;25;MODÉRÉ;2026-05-14 11:56:32
TXN-007582;CLT-0028;4571,86;Russie;France;14;0;0;0;0;0;0;FAIBLE;2026-05-14 11:56:32
TXN-007583;CLT-0072;3128,59;Espagne;Allemagne;14;0;0;0;0;0;0;FAIBLE;2026-05-14 11:56:32
TXN-007584;CLT-0026;2559,53;France;Italie;14;0;0;0;0;0;0;FAIBLE;2026-05-14 11:56:32
TXN-007585;CLT-0078;899,06;Îles Caïmans;Suisse;14;0;0;25;0;0;25;MODÉRÉ;2026-05-14 11:56:32
TXN-007586;CLT-0053;1841,17;Russie;Espagne;14;0;0;0;0;0;0;FAIBLE;2026-05-14 11:56:32
TXN-007587;CLT-0027;34245,25;Allemagne;Espagne;14;1;40;0;0;0;40;ÉLEVÉ;2026-05-14 11:56:32
TXN-007588;CLT-0018;1492,42;France;Panama;14;0;0;0;20;0;20;MODÉRÉ;2026-05-14 11:56:32
TXN-007589;CLT-0075;4469,0;Allemagne;France;14;0;0;0;0;0;0;FAIBLE;2026-05-14 11:56:32
TXN-007590;CLT-0045;1045,74;France;France;14;0;0;0;0;0;0;FAIBLE;2026-05-14 11:56:32
TXN-007591;CLT-0089;4506,63;Espagne;Îles Caïmans;14;0;0;0;20;0;20;MODÉRÉ;2026-05-14 11:56:32
TXN-007592;CLT-0048;2109,36;Panama;Suisse;14;0;0;25;0;0;25;MODÉRÉ;2026-05-14 11:56:32
TXN-007593;CLT-0090;4581,57;France;France;14;0;0;0;0;0;0;FAIBLE;2026-05-14 11:56:32
TXN-007594;CLT-0062;3090,67;Allemagne;France;14;0;0;0;0;0;0;FAIBLE;2026-05-14 11:56:32
TXN-007595;CLT-0017;3372,2;France;Îles Caïmans;14;0;0;0;20;0;20;MODÉRÉ;2026-05-14 11:56:32
TXN-007596;CLT-0031;4054,14;Allemagne;Panama;14;0;0;0;20;0;20;MODÉRÉ;2026-05-14 11:56:32
TXN-007597;CLT-0099;57589,77;Panama;Panama;14;1;40;25;20;0;85;CRITIQUE;2026-05-14 11:56:32
TXN-007598;CLT-0020;71186,56;France;Italie;14;1;40;0;0;0;40;ÉLEVÉ;2026-05-14 11:56:32
TXN-007599;CLT-0032;131,01;Îles Caïmans;Suisse;14;0;0;25;0;0;25;MODÉRÉ;2026-05-14 11:56:32
TXN-007600;CLT-0060;2149,42;Russie;Italie;14;0;0;0;0;0;0;FAIBLE;2026-05-14 11:56:32
TXN-007601;CLT-0060;1949,6;Russie;Italie;14;0;0;0;0;0;0;FAIBLE;2026-05-14 11:56:32
TXN-007602;CLT-0026;3033,82;France;Italie;14;0;0;0;0;0;0;FAIBLE;2026-05-14 11:56:32
TXN-007603;CLT-0025;4855,16;France;Italie;14;0;0;0;0;0;0;FAIBLE;2026-05-14 11:56:32
TXN-007604;CLT-0026;3875,4;France;Italie;14;0;0;0;0;0;0;FAIBLE;2026-05-14 11:56:32
TXN-007605;CLT-0075;157,42;France;France;14;0;0;0;0;0;0;FAIBLE;2026-05-14 11:56:32
TXN-007606;CLT-0088;2504,93;Panama;Allemagne;14;0;0;25;0;0;25;MODÉRÉ;2026-05-14 11:56:32
TXN-007607;CLT-0018;68238,48;France;Panama;14;1;40;0;20;0;60;ÉLEVÉ;2026-05-14 11:56:32
TXN-007608;CLT-0053;3304,54;Îles Caïmans;Espagne;14;0;0;25;0;0;25;MODÉRÉ;2026-05-14 11:56:32
TXN-007609;CLT-0023;4673,18;France;Allemagne;14;0;0;0;0;0;0;FAIBLE;2026-05-14 11:56:32
TXN-007610;CLT-0050;2726,77;France;Espagne;14;0;0;0;0;0;0;FAIBLE;2026-05-14 11:56:32
TXN-007611;CLT-0065;4422,23;France;Îles Caïmans;14;0;0;0;20;0;20;MODÉRÉ;2026-05-14 11:56:32
TXN-007612;CLT-0007;806,55;France;Suisse;14;0;0;0;0;0;0;FAIBLE;2026-05-14 11:56:32
TXN-007613;CLT-0049;2726,05;France;France;14;0;0;0;0;0;0;FAIBLE;2026-05-14 11:56:32
TXN-007614;CLT-0058;3883,45;France;France;14;0;0;0;0;0;0;FAIBLE;2026-05-14 11:56:32
TXN-007615;CLT-0079;1434,57;Russie;Îles Caïmans;14;0;0;0;20;0;20;MODÉRÉ;2026-05-14 11:56:32
TXN-007616;CLT-0016;2219,9;France;Espagne;14;0;0;0;0;0;0;FAIBLE;2026-05-14 11:56:32
TXN-007617;CLT-0080;1329,38;Panama;France;14;0;0;25;0;0;25;MODÉRÉ;2026-05-14 11:56:32
TXN-007618;CLT-0059;1299,81;France;Îles Caïmans;14;0;0;0;20;0;20;MODÉRÉ;2026-05-14 11:56:32
TXN-007619;CLT-0069;3993,7;Allemagne;Panama;14;0;0;0;20;0;20;MODÉRÉ;2026-05-14 11:56:32
TXN-007620;CLT-0070;4501,35;Russie;Italie;14;0;0;0;0;0;0;FAIBLE;2026-05-14 11:56:32
TXN-007621;CLT-0008;3175,66;France;Suisse;14;0;0;0;0;0;0;FAIBLE;2026-05-14 11:56:32
TXN-007622;CLT-0089;3353,13;Îles Caïmans;Îles Caïmans;14;0;0;25;20;0;45;ÉLEVÉ;2026-05-14 11:56:32
TXN-007623;CLT-0039;3740,99;Panama;France;14;0;0;25;0;0;25;MODÉRÉ;2026-05-14 11:56:32
TXN-007624;CLT-0061;3033,14;Allemagne;France;14;0;0;0;0;0;0;FAIBLE;2026-05-14 11:56:32
TXN-007625;CLT-0002;2660,71;Russie;Espagne;14;0;0;0;0;0;0;FAIBLE;2026-05-14 11:56:32
TXN-007626;CLT-0100;4612,51;Allemagne;Suisse;14;0;0;0;0;0;0;FAIBLE;2026-05-14 11:56:32
TXN-007627;CLT-0068;642,35;France;Allemagne;14;0;0;0;0;0;0;FAIBLE;2026-05-14 11:56:32
TXN-007628;CLT-0041;4477,72;France;Panama;14;0;0;0;20;0;20;MODÉRÉ;2026-05-14 11:56:32
TXN-007629;CLT-0092;3672,65;Espagne;Suisse;14;0;0;0;0;0;0;FAIBLE;2026-05-14 11:56:32
TXN-007630;CLT-0062;4865,63;Îles Caïmans;France;14;0;0;25;0;0;25;MODÉRÉ;2026-05-14 11:56:32
TXN-007631;CLT-0078;1357,8;Espagne;Suisse;14;0;0;0;0;0;0;FAIBLE;2026-05-14 11:56:32
TXN-007632;CLT-0070;4176,98;Russie;Italie;14;0;0;0;0;0;0;FAIBLE;2026-05-14 11:56:32
TXN-007633;CLT-0084;4037,93;Russie;Italie;14;0;0;0;0;0;0;FAIBLE;2026-05-14 11:56:32
TXN-007634;CLT-0040;682,96;Russie;Suisse;14;0;0;0;0;0;0;FAIBLE;2026-05-14 11:56:32
TXN-007635;CLT-0033;3577,76;France;Italie;14;0;0;0;0;0;0;FAIBLE;2026-05-14 11:56:32
TXN-007636;CLT-0050;2250,61;France;Espagne;14;0;0;0;0;0;0;FAIBLE;2026-05-14 11:56:32
TXN-007637;CLT-0085;3492,88;Îles Caïmans;Îles Caïmans;14;0;0;25;20;0;45;ÉLEVÉ;2026-05-14 11:56:32
TXN-007638;CLT-0085;634,82;France;Îles Caïmans;14;0;0;0;20;0;20;MODÉRÉ;2026-05-14 11:56:32
TXN-007639;CLT-0052;2815,46;France;France;14;0;0;0;0;0;0;FAIBLE;2026-05-14 11:56:32
TXN-007640;CLT-0060;2867,04;France;Italie;14;0;0;0;0;0;0;FAIBLE;2026-05-14 11:56:32
TXN-007641;CLT-0035;2105,92;Îles Caïmans;Espagne;14;0;0;25;0;0;25;MODÉRÉ;2026-05-14 11:56:32
TXN-007642;CLT-0014;503,48;France;France;14;0;0;0;0;0;0;FAIBLE;2026-05-14 11:56:32
TXN-007643;CLT-0072;4621,54;Allemagne;Allemagne;14;0;0;0;0;0;0;FAIBLE;2026-05-14 11:56:32
TXN-007644;CLT-0069;3084,58;Îles Caïmans;Panama;14;0;0;25;20;0;45;ÉLEVÉ;2026-05-14 11:56:32
TXN-007645;CLT-0055;39159,18;Îles Caïmans;Espagne;14;1;40;25;0;0;65;ÉLEVÉ;2026-05-14 11:56:32
TXN-007646;CLT-0012;2067,28;Allemagne;Panama;14;0;0;0;20;0;20;MODÉRÉ;2026-05-14 11:56:32
TXN-007647;CLT-0083;1870,9;France;France;14;0;0;0;0;0;0;FAIBLE;2026-05-14 11:56:32
TXN-007648;CLT-0084;1567,66;Espagne;Italie;14;0;0;0;0;0;0;FAIBLE;2026-05-14 11:56:32
TXN-007649;CLT-0019;2902,32;Allemagne;Espagne;14;0;0;0;0;0;0;FAIBLE;2026-05-14 11:56:32
TXN-007650;CLT-0005;30,29;France;Panama;14;0;0;0;20;0;20;MODÉRÉ;2026-05-14 11:56:32
TXN-007651;CLT-0050;45232,2;Îles Caïmans;Espagne;14;1;40;25;0;0;65;ÉLEVÉ;2026-05-14 11:56:32
TXN-007652;CLT-0073;60623,55;France;France;14;1;40;0;0;0;40;ÉLEVÉ;2026-05-14 11:56:32
TXN-007653;CLT-0046;17255,03;Panama;France;14;1;40;25;0;0;65;ÉLEVÉ;2026-05-14 11:56:32
TXN-007654;CLT-0005;4714,41;France;Panama;14;0;0;0;20;0;20;MODÉRÉ;2026-05-14 11:56:32
TXN-007655;CLT-0052;2599,45;Russie;France;14;0;0;0;0;0;0;FAIBLE;2026-05-14 11:56:32
TXN-007656;CLT-0089;4312,36;France;Îles Caïmans;14;0;0;0;20;0;20;MODÉRÉ;2026-05-14 11:56:32
TXN-007657;CLT-0017;1580,81;Russie;Îles Caïmans;14;0;0;0;20;0;20;MODÉRÉ;2026-05-14 11:56:32
TXN-007658;CLT-0064;4124,4;France;France;14;0;0;0;0;0;0;FAIBLE;2026-05-14 11:56:32
TXN-007659;CLT-0100;94291,36;France;Suisse;14;1;40;0;0;0;40;ÉLEVÉ;2026-05-14 11:56:32
TXN-007660;CLT-0069;46926,8;France;Panama;14;1;40;0;20;0;60;ÉLEVÉ;2026-05-14 11:56:32
TXN-007661;CLT-0028;4070,68;France;France;14;0;0;0;0;0;0;FAIBLE;2026-05-14 11:56:32
TXN-007662;CLT-0053;1794,42;France;Espagne;14;0;0;0;0;0;0;FAIBLE;2026-05-14 11:56:32
TXN-007663;CLT-0033;47879,26;Espagne;Italie;14;1;40;0;0;0;40;ÉLEVÉ;2026-05-14 11:56:32
TXN-007664;CLT-0053;3235,33;France;Espagne;14;0;0;0;0;0;0;FAIBLE;2026-05-14 11:56:32
TXN-007665;CLT-0008;3371,78;Allemagne;Suisse;14;0;0;0;0;0;0;FAIBLE;2026-05-14 11:56:32
TXN-007666;CLT-0034;4444,93;France;France;14;0;0;0;0;0;0;FAIBLE;2026-05-14 11:56:32
TXN-007667;CLT-0048;84,22;Panama;Suisse;14;0;0;25;0;0;25;MODÉRÉ;2026-05-14 11:56:32
TXN-007668;CLT-0069;4194,05;Panama;Panama;14;0;0;25;20;0;45;ÉLEVÉ;2026-05-14 11:56:32
TXN-007669;CLT-0064;3200,18;France;France;14;0;0;0;0;0;0;FAIBLE;2026-05-14 11:56:32
TXN-007670;CLT-0045;70956,48;France;France;14;1;40;0;0;0;40;ÉLEVÉ;2026-05-14 11:56:32
TXN-007671;CLT-0098;4822,5;France;Espagne;14;0;0;0;0;0;0;FAIBLE;2026-05-14 11:56:32
TXN-007672;CLT-0094;503,86;France;Allemagne;14;0;0;0;0;0;0;FAIBLE;2026-05-14 11:56:32
TXN-007673;CLT-0078;1238,03;Russie;Suisse;14;0;0;0;0;0;0;FAIBLE;2026-05-14 11:56:32
TXN-007674;CLT-0030;1481,61;France;Allemagne;14;0;0;0;0;0;0;FAIBLE;2026-05-14 11:56:32
TXN-007675;CLT-0059;1552,32;Îles Caïmans;Îles Caïmans;14;0;0;25;20;0;45;ÉLEVÉ;2026-05-14 11:56:32
TXN-007676;CLT-0083;4576,75;France;France;14;0;0;0;0;0;0;FAIBLE;2026-05-14 11:56:32
TXN-007677;CLT-0059;4285,27;Espagne;Îles Caïmans;14;0;0;0;20;0;20;MODÉRÉ;2026-05-14 11:56:32
TXN-007678;CLT-0080;3824,94;France;France;14;0;0;0;0;0;0;FAIBLE;2026-05-14 11:56:32
TXN-007679;CLT-0028;3948,18;France;France;14;0;0;0;0;0;0;FAIBLE;2026-05-14 11:56:32
TXN-007680;CLT-0081;60,76;France;Îles Caïmans;14;0;0;0;20;0;20;MODÉRÉ;2026-05-14 11:56:32
TXN-007681;CLT-0038;57790,6;France;Îles Caïmans;14;1;40;0;20;0;60;ÉLEVÉ;2026-05-14 11:56:32
TXN-007682;CLT-0032;833,57;Îles Caïmans;Suisse;14;0;0;25;0;0;25;MODÉRÉ;2026-05-14 11:56:32
TXN-007683;CLT-0065;664,36;Îles Caïmans;Îles Caïmans;14;0;0;25;20;0;45;ÉLEVÉ;2026-05-14 11:56:32
TXN-007684;CLT-0061;1749,78;France;France;14;0;0;0;0;0;0;FAIBLE;2026-05-14 11:56:32
TXN-007685;CLT-0044;2964,78;Russie;France;14;0;0;0;0;0;0;FAIBLE;2026-05-14 11:56:32
TXN-007686;CLT-0099;2843,7;Espagne;Panama;14;0;0;0;20;0;20;MODÉRÉ;2026-05-14 11:56:32
TXN-007687;CLT-0049;3395,95;France;France;14;0;0;0;0;0;0;FAIBLE;2026-05-14 11:56:32
TXN-007688;CLT-0037;4969,56;Espagne;Îles Caïmans;14;0;0;0;20;0;20;MODÉRÉ;2026-05-14 11:56:32
TXN-007689;CLT-0089;3586,44;France;Îles Caïmans;14;0;0;0;20;0;20;MODÉRÉ;2026-05-14 11:56:32
TXN-007690;CLT-0094;3265,04;Panama;Allemagne;14;0;0;25;0;0;25;MODÉRÉ;2026-05-14 11:56:32
TXN-007691;CLT-0058;1469,37;Espagne;France;14;0;0;0;0;0;0;FAIBLE;2026-05-14 11:56:32
TXN-007692;CLT-0027;3100,69;France;Espagne;14;0;0;0;0;0;0;FAIBLE;2026-05-14 11:56:32
TXN-007693;CLT-0010;375,89;Îles Caïmans;Îles Caïmans;14;0;0;25;20;0;45;ÉLEVÉ;2026-05-14 11:56:32
TXN-007694;CLT-0066;769,42;Panama;Espagne;14;0;0;25;0;0;25;MODÉRÉ;2026-05-14 11:56:32
TXN-007695;CLT-0065;3843,15;Allemagne;Îles Caïmans;14;0;0;0;20;0;20;MODÉRÉ;2026-05-14 11:56:32
TXN-007696;CLT-0007;3181,88;France;Suisse;14;0;0;0;0;0;0;FAIBLE;2026-05-14 11:56:32
TXN-007697;CLT-0080;151,01;France;France;14;0;0;0;0;0;0;FAIBLE;2026-05-14 11:56:32
TXN-007698;CLT-0086;4663,89;France;France;14;0;0;0;0;0;0;FAIBLE;2026-05-14 11:56:32
TXN-007699;CLT-0092;904,73;France;Suisse;14;0;0;0;0;0;0;FAIBLE;2026-05-14 11:56:32
TXN-007700;CLT-0099;2270,49;France;Panama;14;0;0;0;20;0;20;MODÉRÉ;2026-05-14 11:56:32
TXN-007701;CLT-0066;2460,53;Allemagne;Espagne;14;0;0;0;0;0;0;FAIBLE;2026-05-14 11:56:32
TXN-007702;CLT-0064;4623,8;France;France;14;0;0;0;0;0;0;FAIBLE;2026-05-14 11:56:32
TXN-007703;CLT-0076;3262,32;Îles Caïmans;France;14;0;0;25;0;0;25;MODÉRÉ;2026-05-14 11:56:32
TXN-007704;CLT-0014;983,87;Espagne;France;14;0;0;0;0;0;0;FAIBLE;2026-05-14 11:56:32
TXN-007705;CLT-0076;1345,85;Allemagne;France;14;0;0;0;0;0;0;FAIBLE;2026-05-14 11:56:32
TXN-007706;CLT-0092;4573,26;France;Suisse;14;0;0;0;0;0;0;FAIBLE;2026-05-14 11:56:32
TXN-007707;CLT-0096;2004,85;France;Panama;14;0;0;0;20;0;20;MODÉRÉ;2026-05-14 11:56:32
TXN-007708;CLT-0014;77884,68;Panama;France;14;1;40;25;0;0;65;ÉLEVÉ;2026-05-14 11:56:32
TXN-007709;CLT-0070;4643,31;France;Italie;14;0;0;0;0;0;0;FAIBLE;2026-05-14 11:56:32
TXN-007710;CLT-0025;1664,15;France;Italie;14;0;0;0;0;0;0;FAIBLE;2026-05-14 11:56:32
TXN-007711;CLT-0010;2235,39;Espagne;Îles Caïmans;14;0;0;0;20;0;20;MODÉRÉ;2026-05-14 11:56:32
TXN-007712;CLT-0009;1654,04;Îles Caïmans;Suisse;14;0;0;25;0;0;25;MODÉRÉ;2026-05-14 11:56:32
TXN-007713;CLT-0047;4298,26;France;Îles Caïmans;14;0;0;0;20;0;20;MODÉRÉ;2026-05-14 11:56:32
TXN-007714;CLT-0006;9774,29;Russie;France;14;1;40;0;0;0;40;ÉLEVÉ;2026-05-14 11:56:32
TXN-007715;CLT-0099;1545,38;Panama;Panama;14;0;0;25;20;0;45;ÉLEVÉ;2026-05-14 11:56:32
TXN-007716;CLT-0097;4110,21;France;Panama;14;0;0;0;20;0;20;MODÉRÉ;2026-05-14 11:56:32
TXN-007717;CLT-0017;1761,66;Allemagne;Îles Caïmans;14;0;0;0;20;0;20;MODÉRÉ;2026-05-14 11:56:32
TXN-007718;CLT-0054;3262,71;France;Suisse;14;0;0;0;0;0;0;FAIBLE;2026-05-14 11:56:32
TXN-007719;CLT-0064;23,95;Allemagne;France;14;0;0;0;0;0;0;FAIBLE;2026-05-14 11:56:32
TXN-007720;CLT-0074;2785,88;Russie;Allemagne;14;0;0;0;0;0;0;FAIBLE;2026-05-14 11:56:32
TXN-007721;CLT-0100;4214,3;France;Suisse;14;0;0;0;0;0;0;FAIBLE;2026-05-14 11:56:32
TXN-007722;CLT-0061;2582,93;Allemagne;France;14;0;0;0;0;0;0;FAIBLE;2026-05-14 11:56:32
TXN-007723;CLT-0021;72976,86;Allemagne;France;14;1;40;0;0;0;40;ÉLEVÉ;2026-05-14 11:56:32
TXN-007724;CLT-0004;678,65;Panama;Suisse;14;0;0;25;0;0;25;MODÉRÉ;2026-05-14 11:56:32
TXN-007725;CLT-0040;972,15;Espagne;Suisse;14;0;0;0;0;0;0;FAIBLE;2026-05-14 11:56:32
TXN-007726;CLT-0076;1345,6;Îles Caïmans;France;14;0;0;25;0;0;25;MODÉRÉ;2026-05-14 11:56:32
TXN-007727;CLT-0074;1584,71;France;Allemagne;14;0;0;0;0;0;0;FAIBLE;2026-05-14 11:56:32
TXN-007728;CLT-0036;3348,97;France;Italie;14;0;0;0;0;0;0;FAIBLE;2026-05-14 11:56:32
TXN-007729;CLT-0010;2239,31;Russie;Îles Caïmans;14;0;0;0;20;0;20;MODÉRÉ;2026-05-14 11:56:32
TXN-007730;CLT-0053;1150,31;Panama;Espagne;14;0;0;25;0;0;25;MODÉRÉ;2026-05-14 11:56:32
TXN-007731;CLT-0087;46688,77;France;Italie;14;1;40;0;0;0;40;ÉLEVÉ;2026-05-14 11:56:32
TXN-007732;CLT-0004;3235,1;France;Suisse;14;0;0;0;0;0;0;FAIBLE;2026-05-14 11:56:32
TXN-007733;CLT-0003;2178,47;Panama;France;14;0;0;25;0;0;25;MODÉRÉ;2026-05-14 11:56:32
TXN-007734;CLT-0054;1376,71;France;Suisse;14;0;0;0;0;0;0;FAIBLE;2026-05-14 11:56:32
TXN-007735;CLT-0088;4032,04;France;Allemagne;14;0;0;0;0;0;0;FAIBLE;2026-05-14 11:56:32
TXN-007736;CLT-0092;3602,4;Allemagne;Suisse;14;0;0;0;0;0;0;FAIBLE;2026-05-14 11:56:32
TXN-007737;CLT-0001;17,34;Îles Caïmans;France;14;0;0;25;0;0;25;MODÉRÉ;2026-05-14 11:56:32
TXN-007738;CLT-0089;1717,4;Russie;Îles Caïmans;14;0;0;0;20;0;20;MODÉRÉ;2026-05-14 11:56:32
TXN-007739;CLT-0047;4222,34;Allemagne;Îles Caïmans;14;0;0;0;20;0;20;MODÉRÉ;2026-05-14 11:56:32
TXN-007740;CLT-0062;2943,87;France;France;14;0;0;0;0;0;0;FAIBLE;2026-05-14 11:56:32
TXN-007741;CLT-0067;1694,44;France;Panama;14;0;0;0;20;0;20;MODÉRÉ;2026-05-14 11:56:32
TXN-007742;CLT-0031;4010,79;France;Panama;14;0;0;0;20;0;20;MODÉRÉ;2026-05-14 11:56:32
TXN-007743;CLT-0098;1491,85;France;Espagne;14;0;0;0;0;0;0;FAIBLE;2026-05-14 11:56:32
TXN-007744;CLT-0054;2431,3;Îles Caïmans;Suisse;14;0;0;25;0;0;25;MODÉRÉ;2026-05-14 11:56:32
TXN-007745;CLT-0029;1678,73;Panama;France;14;0;0;25;0;0;25;MODÉRÉ;2026-05-14 11:56:32
TXN-007746;CLT-0022;4377,24;France;Allemagne;14;0;0;0;0;0;0;FAIBLE;2026-05-14 11:56:32
TXN-007747;CLT-0082;3549,61;France;Panama;14;0;0;0;20;0;20;MODÉRÉ;2026-05-14 11:56:32
TXN-007748;CLT-0084;321,43;France;Italie;14;0;0;0;0;0;0;FAIBLE;2026-05-14 11:56:32
TXN-007749;CLT-0007;290,27;Îles Caïmans;Suisse;14;0;0;25;0;0;25;MODÉRÉ;2026-05-14 11:56:32
TXN-007750;CLT-0056;60539,36;France;Allemagne;14;1;40;0;0;0;40;ÉLEVÉ;2026-05-14 11:56:32
TXN-007751;CLT-0016;302,43;Russie;Espagne;14;0;0;0;0;0;0;FAIBLE;2026-05-14 11:56:32
TXN-007752;CLT-0014;2159,4;Espagne;France;14;0;0;0;0;0;0;FAIBLE;2026-05-14 11:56:32
TXN-007753;CLT-0050;171,07;Russie;Espagne;14;0;0;0;0;0;0;FAIBLE;2026-05-14 11:56:32
TXN-007754;CLT-0020;2106,75;Allemagne;Italie;14;0;0;0;0;0;0;FAIBLE;2026-05-14 11:56:32
TXN-007755;CLT-0070;66249,24;Espagne;Italie;14;1;40;0;0;0;40;ÉLEVÉ;2026-05-14 11:56:32
TXN-007756;CLT-0070;2267,07;France;Italie;14;0;0;0;0;0;0;FAIBLE;2026-05-14 11:56:32
TXN-007757;CLT-0080;1091,81;Îles Caïmans;France;14;0;0;25;0;0;25;MODÉRÉ;2026-05-14 11:56:32
TXN-007758;CLT-0058;2159,72;France;France;14;0;0;0;0;0;0;FAIBLE;2026-05-14 11:56:32
TXN-007759;CLT-0073;1179,32;France;France;14;0;0;0;0;0;0;FAIBLE;2026-05-14 11:56:32
TXN-007760;CLT-0076;1294,14;France;France;14;0;0;0;0;0;0;FAIBLE;2026-05-14 11:56:32
TXN-007761;CLT-0050;94500,53;France;Espagne;14;1;40;0;0;0;40;ÉLEVÉ;2026-05-14 11:56:32
TXN-007762;CLT-0049;448,37;France;France;14;0;0;0;0;0;0;FAIBLE;2026-05-14 11:56:32
TXN-007763;CLT-0024;2683,15;Îles Caïmans;Espagne;14;0;0;25;0;0;25;MODÉRÉ;2026-05-14 11:56:32
TXN-007764;CLT-0083;3049,54;Russie;France;14;0;0;0;0;0;0;FAIBLE;2026-05-14 11:56:32
TXN-007765;CLT-0073;76915,03;France;France;14;1;40;0;0;0;40;ÉLEVÉ;2026-05-14 11:56:32
TXN-007766;CLT-0014;3915,27;Îles Caïmans;France;14;0;0;25;0;0;25;MODÉRÉ;2026-05-14 11:56:32
TXN-007767;CLT-0011;2351,23;France;France;14;0;0;0;0;0;0;FAIBLE;2026-05-14 11:56:32
TXN-007768;CLT-0047;4150,1;France;Îles Caïmans;14;0;0;0;20;0;20;MODÉRÉ;2026-05-14 11:56:32
TXN-007769;CLT-0003;1912,22;Espagne;France;14;0;0;0;0;0;0;FAIBLE;2026-05-14 11:56:32
TXN-007770;CLT-0056;2974,77;Espagne;Allemagne;14;0;0;0;0;0;0;FAIBLE;2026-05-14 11:56:32
TXN-007771;CLT-0088;309,32;France;Allemagne;14;0;0;0;0;0;0;FAIBLE;2026-05-14 11:56:32
TXN-007772;CLT-0079;3028,19;France;Îles Caïmans;14;0;0;0;20;0;20;MODÉRÉ;2026-05-14 11:56:32
TXN-007773;CLT-0091;2827,52;France;Allemagne;14;0;0;0;0;0;0;FAIBLE;2026-05-14 11:56:32
TXN-007774;CLT-0007;4210,81;Îles Caïmans;Suisse;14;0;0;25;0;0;25;MODÉRÉ;2026-05-14 11:56:32
TXN-007775;CLT-0067;259,4;Espagne;Panama;14;0;0;0;20;0;20;MODÉRÉ;2026-05-14 11:56:32
TXN-007776;CLT-0055;412,79;France;Espagne;14;0;0;0;0;0;0;FAIBLE;2026-05-14 11:56:32
TXN-007777;CLT-0020;74053,89;Espagne;Italie;14;1;40;0;0;0;40;ÉLEVÉ;2026-05-14 11:56:32
TXN-007778;CLT-0007;19,77;France;Suisse;14;0;0;0;0;0;0;FAIBLE;2026-05-14 11:56:32
TXN-007779;CLT-0071;2599,2;Espagne;Îles Caïmans;14;0;0;0;20;0;20;MODÉRÉ;2026-05-14 11:56:32
TXN-007780;CLT-0083;68,13;Russie;France;14;0;0;0;0;0;0;FAIBLE;2026-05-14 11:56:32
TXN-007781;CLT-0042;2951,15;France;Italie;14;0;0;0;0;0;0;FAIBLE;2026-05-14 11:56:32
TXN-007782;CLT-0008;43,75;France;Suisse;14;0;0;0;0;0;0;FAIBLE;2026-05-14 11:56:32
TXN-007783;CLT-0053;3734,61;Russie;Espagne;14;0;0;0;0;0;0;FAIBLE;2026-05-14 11:56:32
TXN-007784;CLT-0023;2796,35;Espagne;Allemagne;14;0;0;0;0;0;0;FAIBLE;2026-05-14 11:56:32
TXN-007785;CLT-0054;3172,0;France;Suisse;14;0;0;0;0;0;0;FAIBLE;2026-05-14 11:56:32
TXN-007786;CLT-0065;2953,08;France;Îles Caïmans;14;0;0;0;20;0;20;MODÉRÉ;2026-05-14 11:56:32
TXN-007787;CLT-0005;385,66;France;Panama;14;0;0;0;20;0;20;MODÉRÉ;2026-05-14 11:56:32
TXN-007788;CLT-0030;82924,59;Espagne;Allemagne;14;1;40;0;0;0;40;ÉLEVÉ;2026-05-14 11:56:32
TXN-007789;CLT-0057;4176,95;Russie;France;14;0;0;0;0;0;0;FAIBLE;2026-05-14 11:56:32
TXN-007790;CLT-0087;36481,53;Îles Caïmans;Italie;14;1;40;25;0;0;65;ÉLEVÉ;2026-05-14 11:56:32
TXN-007791;CLT-0096;1181,59;Panama;Panama;14;0;0;25;20;0;45;ÉLEVÉ;2026-05-14 11:56:32
TXN-007792;CLT-0069;3473,68;France;Panama;14;0;0;0;20;0;20;MODÉRÉ;2026-05-14 11:56:32
TXN-007793;CLT-0016;3171,61;Panama;Espagne;14;0;0;25;0;0;25;MODÉRÉ;2026-05-14 11:56:32
TXN-007794;CLT-0087;3014,08;France;Italie;14;0;0;0;0;0;0;FAIBLE;2026-05-14 11:56:32
TXN-007795;CLT-0048;2732,88;France;Suisse;14;0;0;0;0;0;0;FAIBLE;2026-05-14 11:56:32
TXN-007796;CLT-0002;1031,86;Allemagne;Espagne;14;0;0;0;0;0;0;FAIBLE;2026-05-14 11:56:32
TXN-007797;CLT-0041;1218,64;Panama;Panama;14;0;0;25;20;0;45;ÉLEVÉ;2026-05-14 11:56:32
TXN-007798;CLT-0019;93316,35;Allemagne;Espagne;14;1;40;0;0;0;40;ÉLEVÉ;2026-05-14 11:56:32
TXN-007799;CLT-0073;732,28;Russie;France;14;0;0;0;0;0;0;FAIBLE;2026-05-14 11:56:32
TXN-007800;CLT-0056;4430,38;France;Allemagne;14;0;0;0;0;0;0;FAIBLE;2026-05-14 11:56:32
TXN-007801;CLT-0003;4433,53;Îles Caïmans;France;14;0;0;25;0;0;25;MODÉRÉ;2026-05-14 11:56:32
TXN-007802;CLT-0099;4284,86;France;Panama;14;0;0;0;20;0;20;MODÉRÉ;2026-05-14 11:56:32
TXN-007803;CLT-0022;1531,05;Espagne;Allemagne;14;0;0;0;0;0;0;FAIBLE;2026-05-14 11:56:32
TXN-007804;CLT-0021;82638,97;Îles Caïmans;France;14;1;40;25;0;0;65;ÉLEVÉ;2026-05-14 11:56:32
TXN-007805;CLT-0057;3676,01;Allemagne;France;14;0;0;0;0;0;0;FAIBLE;2026-05-14 11:56:32
TXN-007806;CLT-0099;3748,28;France;Panama;14;0;0;0;20;0;20;MODÉRÉ;2026-05-14 11:56:32
TXN-007807;CLT-0060;1812,4;Îles Caïmans;Italie;14;0;0;25;0;0;25;MODÉRÉ;2026-05-14 11:56:32
TXN-007808;CLT-0069;13262,41;France;Panama;14;1;40;0;20;0;60;ÉLEVÉ;2026-05-14 11:56:32
TXN-007809;CLT-0086;3781,11;Îles Caïmans;France;14;0;0;25;0;0;25;MODÉRÉ;2026-05-14 11:56:32
TXN-007810;CLT-0009;1872,65;Panama;Suisse;14;0;0;25;0;0;25;MODÉRÉ;2026-05-14 11:56:32
TXN-007811;CLT-0096;687,04;Allemagne;Panama;14;0;0;0;20;0;20;MODÉRÉ;2026-05-14 11:56:32
TXN-007812;CLT-0057;3837,22;Panama;France;14;0;0;25;0;0;25;MODÉRÉ;2026-05-14 11:56:32
TXN-007813;CLT-0066;4257,41;Allemagne;Espagne;14;0;0;0;0;0;0;FAIBLE;2026-05-14 11:56:32
TXN-007814;CLT-0076;457,85;Russie;France;14;0;0;0;0;0;0;FAIBLE;2026-05-14 11:56:32
TXN-007815;CLT-0043;10699,14;France;Suisse;14;1;40;0;0;0;40;ÉLEVÉ;2026-05-14 11:56:32
TXN-007816;CLT-0023;2920,79;Allemagne;Allemagne;14;0;0;0;0;0;0;FAIBLE;2026-05-14 11:56:32
TXN-007817;CLT-0043;4345,73;Panama;Suisse;14;0;0;25;0;0;25;MODÉRÉ;2026-05-14 11:56:32
TXN-007818;CLT-0098;3799,74;Espagne;Espagne;14;0;0;0;0;0;0;FAIBLE;2026-05-14 11:56:32
TXN-007819;CLT-0081;1667,55;Îles Caïmans;Îles Caïmans;14;0;0;25;20;0;45;ÉLEVÉ;2026-05-14 11:56:32
TXN-007820;CLT-0070;853,47;Espagne;Italie;14;0;0;0;0;0;0;FAIBLE;2026-05-14 11:56:32
TXN-007821;CLT-0035;4157,3;Îles Caïmans;Espagne;14;0;0;25;0;0;25;MODÉRÉ;2026-05-14 11:56:32
TXN-007822;CLT-0010;53049,19;Îles Caïmans;Îles Caïmans;14;1;40;25;20;0;85;CRITIQUE;2026-05-14 11:56:32
TXN-007823;CLT-0076;71413,64;Espagne;France;14;1;40;0;0;0;40;ÉLEVÉ;2026-05-14 11:56:32
TXN-007824;CLT-0085;194,32;Allemagne;Îles Caïmans;14;0;0;0;20;0;20;MODÉRÉ;2026-05-14 11:56:32
TXN-007825;CLT-0010;768,29;France;Îles Caïmans;14;0;0;0;20;0;20;MODÉRÉ;2026-05-14 11:56:32
TXN-007826;CLT-0002;2586,32;France;Espagne;14;0;0;0;0;0;0;FAIBLE;2026-05-14 11:56:32
TXN-007827;CLT-0014;1872,55;Allemagne;France;14;0;0;0;0;0;0;FAIBLE;2026-05-14 11:56:32
TXN-007828;CLT-0047;961,35;Panama;Îles Caïmans;14;0;0;25;20;0;45;ÉLEVÉ;2026-05-14 11:56:32
TXN-007829;CLT-0023;3256,04;France;Allemagne;14;0;0;0;0;0;0;FAIBLE;2026-05-14 11:56:32
TXN-007830;CLT-0010;1922,76;Allemagne;Îles Caïmans;14;0;0;0;20;0;20;MODÉRÉ;2026-05-14 11:56:32
TXN-007831;CLT-0079;2740,11;France;Îles Caïmans;14;0;0;0;20;0;20;MODÉRÉ;2026-05-14 11:56:32
TXN-007832;CLT-0098;4716,79;Îles Caïmans;Espagne;14;0;0;25;0;0;25;MODÉRÉ;2026-05-14 11:56:32
TXN-007833;CLT-0001;2631,17;France;France;14;0;0;0;0;0;0;FAIBLE;2026-05-14 11:56:32
TXN-007834;CLT-0091;3725,31;France;Allemagne;14;0;0;0;0;0;0;FAIBLE;2026-05-14 11:56:32
TXN-007835;CLT-0004;4866,26;Panama;Suisse;14;0;0;25;0;0;25;MODÉRÉ;2026-05-14 11:56:32
TXN-007836;CLT-0034;3315,1;Allemagne;France;14;0;0;0;0;0;0;FAIBLE;2026-05-14 11:56:32
TXN-007837;CLT-0026;2444,99;Îles Caïmans;Italie;14;0;0;25;0;0;25;MODÉRÉ;2026-05-14 11:56:32
TXN-007838;CLT-0064;3572,65;Allemagne;France;14;0;0;0;0;0;0;FAIBLE;2026-05-14 11:56:32
TXN-007839;CLT-0100;3908,88;France;Suisse;14;0;0;0;0;0;0;FAIBLE;2026-05-14 11:56:32
TXN-007840;CLT-0030;2526,47;Espagne;Allemagne;14;0;0;0;0;0;0;FAIBLE;2026-05-14 11:56:32
TXN-007841;CLT-0061;242,82;Russie;France;14;0;0;0;0;0;0;FAIBLE;2026-05-14 11:56:32
TXN-007842;CLT-0092;3859,08;France;Suisse;14;0;0;0;0;0;0;FAIBLE;2026-05-14 11:56:32
TXN-007843;CLT-0009;18573,05;Russie;Suisse;14;1;40;0;0;0;40;ÉLEVÉ;2026-05-14 11:56:32
TXN-007844;CLT-0092;839,0;France;Suisse;14;0;0;0;0;0;0;FAIBLE;2026-05-14 11:56:32
TXN-007845;CLT-0080;91913,58;Espagne;France;14;1;40;0;0;0;40;ÉLEVÉ;2026-05-14 11:56:32
TXN-007846;CLT-0088;1093,85;France;Allemagne;14;0;0;0;0;0;0;FAIBLE;2026-05-14 11:56:32
TXN-007847;CLT-0058;50570,95;Espagne;France;14;1;40;0;0;0;40;ÉLEVÉ;2026-05-14 11:56:32
TXN-007848;CLT-0064;1230,04;France;France;14;0;0;0;0;0;0;FAIBLE;2026-05-14 11:56:32
TXN-007849;CLT-0022;2669,98;Îles Caïmans;Allemagne;14;0;0;25;0;0;25;MODÉRÉ;2026-05-14 11:56:32
TXN-007850;CLT-0049;4286,61;France;France;14;0;0;0;0;0;0;FAIBLE;2026-05-14 11:56:32
TXN-007851;CLT-0012;845,65;France;Panama;14;0;0;0;20;0;20;MODÉRÉ;2026-05-14 11:56:32
TXN-007852;CLT-0006;37938,83;France;France;14;1;40;0;0;0;40;ÉLEVÉ;2026-05-14 11:56:32
TXN-007853;CLT-0097;3297,47;France;Panama;14;0;0;0;20;0;20;MODÉRÉ;2026-05-14 11:56:32
TXN-007854;CLT-0020;4338,53;France;Italie;14;0;0;0;0;0;0;FAIBLE;2026-05-14 11:56:32
TXN-007855;CLT-0023;65637,89;France;Allemagne;14;1;40;0;0;0;40;ÉLEVÉ;2026-05-14 11:56:32
TXN-007856;CLT-0097;1565,56;Îles Caïmans;Panama;14;0;0;25;20;0;45;ÉLEVÉ;2026-05-14 11:56:32
TXN-007857;CLT-0031;421,0;France;Panama;14;0;0;0;20;0;20;MODÉRÉ;2026-05-14 11:56:32
TXN-007858;CLT-0021;2481,7;Espagne;France;14;0;0;0;0;0;0;FAIBLE;2026-05-14 11:56:32
TXN-007859;CLT-0071;3483,58;Îles Caïmans;Îles Caïmans;14;0;0;25;20;0;45;ÉLEVÉ;2026-05-14 11:56:32
TXN-007860;CLT-0088;4481,27;Allemagne;Allemagne;14;0;0;0;0;0;0;FAIBLE;2026-05-14 11:56:32
TXN-007861;CLT-0015;1041,98;France;France;14;0;0;0;0;0;0;FAIBLE;2026-05-14 11:56:32
TXN-007862;CLT-0005;1634,04;Espagne;Panama;14;0;0;0;20;0;20;MODÉRÉ;2026-05-14 11:56:32
TXN-007863;CLT-0005;606,39;France;Panama;14;0;0;0;20;0;20;MODÉRÉ;2026-05-14 11:56:32
TXN-007864;CLT-0027;4738,57;France;Espagne;14;0;0;0;0;0;0;FAIBLE;2026-05-14 11:56:32
TXN-007865;CLT-0008;42435,12;France;Suisse;14;1;40;0;0;0;40;ÉLEVÉ;2026-05-14 11:56:32
TXN-007866;CLT-0012;10,6;Panama;Panama;14;0;0;25;20;0;45;ÉLEVÉ;2026-05-14 11:56:32
TXN-007867;CLT-0044;3404,57;Allemagne;France;14;0;0;0;0;0;0;FAIBLE;2026-05-14 11:56:32
TXN-007868;CLT-0029;1119,26;Panama;France;14;0;0;25;0;0;25;MODÉRÉ;2026-05-14 11:56:32
TXN-007869;CLT-0013;1011,06;Panama;France;14;0;0;25;0;0;25;MODÉRÉ;2026-05-14 11:56:32
TXN-007870;CLT-0004;106,97;Espagne;Suisse;14;0;0;0;0;0;0;FAIBLE;2026-05-14 11:56:32
TXN-007871;CLT-0063;20320,32;France;Îles Caïmans;14;1;40;0;20;0;60;ÉLEVÉ;2026-05-14 11:56:32
TXN-007872;CLT-0031;34976,97;Espagne;Panama;14;1;40;0;20;0;60;ÉLEVÉ;2026-05-14 11:56:32
TXN-007873;CLT-0029;37,14;Espagne;France;14;0;0;0;0;0;0;FAIBLE;2026-05-14 11:56:32
TXN-007874;CLT-0047;4521,07;Espagne;Îles Caïmans;14;0;0;0;20;0;20;MODÉRÉ;2026-05-14 11:56:32
TXN-007875;CLT-0021;3717,02;France;France;14;0;0;0;0;0;0;FAIBLE;2026-05-14 11:56:32
TXN-007876;CLT-0003;3816,26;Allemagne;France;14;0;0;0;0;0;0;FAIBLE;2026-05-14 11:56:32
TXN-007877;CLT-0014;483,66;France;France;14;0;0;0;0;0;0;FAIBLE;2026-05-14 11:56:32
TXN-007878;CLT-0015;88,96;Panama;France;14;0;0;25;0;0;25;MODÉRÉ;2026-05-14 11:56:32
TXN-007879;CLT-0096;92306,11;France;Panama;14;1;40;0;20;0;60;ÉLEVÉ;2026-05-14 11:56:32
TXN-007880;CLT-0082;4519,0;France;Panama;14;0;0;0;20;0;20;MODÉRÉ;2026-05-14 11:56:32
TXN-007881;CLT-0083;479,78;France;France;14;0;0;0;0;0;0;FAIBLE;2026-05-14 11:56:32
TXN-007882;CLT-0037;4538,31;Îles Caïmans;Îles Caïmans;14;0;0;25;20;0;45;ÉLEVÉ;2026-05-14 11:56:32
TXN-007883;CLT-0072;2694,28;France;Allemagne;14;0;0;0;0;0;0;FAIBLE;2026-05-14 11:56:32
TXN-007884;CLT-0072;85278,87;France;Allemagne;14;1;40;0;0;0;40;ÉLEVÉ;2026-05-14 11:56:32
TXN-007885;CLT-0087;4143,74;Allemagne;Italie;14;0;0;0;0;0;0;FAIBLE;2026-05-14 11:56:32
TXN-007886;CLT-0012;1889,21;Espagne;Panama;14;0;0;0;20;0;20;MODÉRÉ;2026-05-14 11:56:32
TXN-007887;CLT-0096;3615,69;France;Panama;14;0;0;0;20;0;20;MODÉRÉ;2026-05-14 11:56:32
TXN-007888;CLT-0038;2914,4;Allemagne;Îles Caïmans;14;0;0;0;20;0;20;MODÉRÉ;2026-05-14 11:56:32
TXN-007889;CLT-0048;33803,6;France;Suisse;14;1;40;0;0;0;40;ÉLEVÉ;2026-05-14 11:56:32
TXN-007890;CLT-0019;4805,1;France;Espagne;14;0;0;0;0;0;0;FAIBLE;2026-05-14 11:56:32
TXN-007891;CLT-0040;3597,31;Allemagne;Suisse;14;0;0;0;0;0;0;FAIBLE;2026-05-14 11:56:32
TXN-007892;CLT-0018;2129,38;France;Panama;14;0;0;0;20;0;20;MODÉRÉ;2026-05-14 11:56:32
TXN-007893;CLT-0012;1023,61;France;Panama;14;0;0;0;20;0;20;MODÉRÉ;2026-05-14 11:56:32
TXN-007894;CLT-0042;4702,66;France;Italie;14;0;0;0;0;0;0;FAIBLE;2026-05-14 11:56:32
TXN-007895;CLT-0057;2158,73;France;France;14;0;0;0;0;0;0;FAIBLE;2026-05-14 11:56:32
TXN-007896;CLT-0038;2097,53;Russie;Îles Caïmans;14;0;0;0;20;0;20;MODÉRÉ;2026-05-14 11:56:32
TXN-007897;CLT-0023;45226,6;France;Allemagne;14;1;40;0;0;0;40;ÉLEVÉ;2026-05-14 11:56:32
TXN-007898;CLT-0085;4541,25;Allemagne;Îles Caïmans;14;0;0;0;20;0;20;MODÉRÉ;2026-05-14 11:56:32
TXN-007899;CLT-0024;475,6;France;Espagne;14;0;0;0;0;0;0;FAIBLE;2026-05-14 11:56:32
TXN-007900;CLT-0063;1738,68;Espagne;Îles Caïmans;14;0;0;0;20;0;20;MODÉRÉ;2026-05-14 11:56:32
TXN-007901;CLT-0058;490,11;France;France;14;0;0;0;0;0;0;FAIBLE;2026-05-14 11:56:32
TXN-007902;CLT-0022;2751,33;France;Allemagne;14;0;0;0;0;0;0;FAIBLE;2026-05-14 11:56:32
TXN-007903;CLT-0097;3071,69;Îles Caïmans;Panama;14;0;0;25;20;0;45;ÉLEVÉ;2026-05-14 11:56:32
TXN-007904;CLT-0098;4519,99;France;Espagne;14;0;0;0;0;0;0;FAIBLE;2026-05-14 11:56:32
TXN-007905;CLT-0046;2122,19;France;France;14;0;0;0;0;0;0;FAIBLE;2026-05-14 11:56:32
TXN-007906;CLT-0037;13298,89;Espagne;Îles Caïmans;14;1;40;0;20;0;60;ÉLEVÉ;2026-05-14 11:56:32
TXN-007907;CLT-0049;4185,22;Russie;France;14;0;0;0;0;0;0;FAIBLE;2026-05-14 11:56:32
TXN-007908;CLT-0043;1784,46;Espagne;Suisse;14;0;0;0;0;0;0;FAIBLE;2026-05-14 11:56:32
TXN-007909;CLT-0010;299,26;Allemagne;Îles Caïmans;14;0;0;0;20;0;20;MODÉRÉ;2026-05-14 11:56:32
TXN-007910;CLT-0075;4142,59;France;France;14;0;0;0;0;0;0;FAIBLE;2026-05-14 11:56:32
TXN-007911;CLT-0075;4415,11;Îles Caïmans;France;14;0;0;25;0;0;25;MODÉRÉ;2026-05-14 11:56:32
TXN-007912;CLT-0081;20550,13;France;Îles Caïmans;14;1;40;0;20;0;60;ÉLEVÉ;2026-05-14 11:56:32
TXN-007913;CLT-0042;2648,28;France;Italie;14;0;0;0;0;0;0;FAIBLE;2026-05-14 11:56:32
TXN-007914;CLT-0093;24152,23;Îles Caïmans;Suisse;14;1;40;25;0;0;65;ÉLEVÉ;2026-05-14 11:56:32
TXN-007915;CLT-0098;2826,45;France;Espagne;14;0;0;0;0;0;0;FAIBLE;2026-05-14 11:56:32
TXN-007916;CLT-0078;936,53;Panama;Suisse;14;0;0;25;0;0;25;MODÉRÉ;2026-05-14 11:56:32
TXN-007917;CLT-0029;4854,09;Allemagne;France;14;0;0;0;0;0;0;FAIBLE;2026-05-14 11:56:32
TXN-007918;CLT-0038;1142,72;France;Îles Caïmans;14;0;0;0;20;0;20;MODÉRÉ;2026-05-14 11:56:32
TXN-007919;CLT-0052;3190,36;France;France;14;0;0;0;0;0;0;FAIBLE;2026-05-14 11:56:32
TXN-007920;CLT-0083;4356,24;France;France;14;0;0;0;0;0;0;FAIBLE;2026-05-14 11:56:32
TXN-007921;CLT-0075;4224,55;France;France;14;0;0;0;0;0;0;FAIBLE;2026-05-14 11:56:32
TXN-007922;CLT-0098;4891,57;Panama;Espagne;14;0;0;25;0;0;25;MODÉRÉ;2026-05-14 11:56:32
TXN-007923;CLT-0076;1393,96;Espagne;France;14;0;0;0;0;0;0;FAIBLE;2026-05-14 11:56:32
TXN-007924;CLT-0061;2278,44;Espagne;France;14;0;0;0;0;0;0;FAIBLE;2026-05-14 11:56:32
TXN-007925;CLT-0041;3860,82;Îles Caïmans;Panama;14;0;0;25;20;0;45;ÉLEVÉ;2026-05-14 11:56:32
TXN-007926;CLT-0060;3045,33;France;Italie;14;0;0;0;0;0;0;FAIBLE;2026-05-14 11:56:32
TXN-007927;CLT-0030;908,48;Russie;Allemagne;14;0;0;0;0;0;0;FAIBLE;2026-05-14 11:56:32
TXN-007928;CLT-0063;4816,82;Allemagne;Îles Caïmans;14;0;0;0;20;0;20;MODÉRÉ;2026-05-14 11:56:32
TXN-007929;CLT-0074;3177,15;Panama;Allemagne;14;0;0;25;0;0;25;MODÉRÉ;2026-05-14 11:56:32
TXN-007930;CLT-0014;3826,3;France;France;14;0;0;0;0;0;0;FAIBLE;2026-05-14 11:56:32
TXN-007931;CLT-0058;1547,87;Allemagne;France;14;0;0;0;0;0;0;FAIBLE;2026-05-14 11:56:32
TXN-007932;CLT-0057;2890,72;France;France;14;0;0;0;0;0;0;FAIBLE;2026-05-14 11:56:32
TXN-007933;CLT-0046;3745,2;France;France;14;0;0;0;0;0;0;FAIBLE;2026-05-14 11:56:32
TXN-007934;CLT-0035;47,09;Allemagne;Espagne;14;0;0;0;0;0;0;FAIBLE;2026-05-14 11:56:32
TXN-007935;CLT-0094;1209,17;Russie;Allemagne;14;0;0;0;0;0;0;FAIBLE;2026-05-14 11:56:32
TXN-007936;CLT-0010;235,84;Espagne;Îles Caïmans;14;0;0;0;20;0;20;MODÉRÉ;2026-05-14 11:56:32
TXN-007937;CLT-0087;384,6;France;Italie;14;0;0;0;0;0;0;FAIBLE;2026-05-14 11:56:32
TXN-007938;CLT-0053;3750,56;France;Espagne;14;0;0;0;0;0;0;FAIBLE;2026-05-14 11:56:32
TXN-007939;CLT-0049;94896,23;France;France;14;1;40;0;0;0;40;ÉLEVÉ;2026-05-14 11:56:32
TXN-007940;CLT-0062;1284,14;Panama;France;14;0;0;25;0;0;25;MODÉRÉ;2026-05-14 11:56:32
TXN-007941;CLT-0045;1410,05;Espagne;France;14;0;0;0;0;0;0;FAIBLE;2026-05-14 11:56:32
TXN-007942;CLT-0009;4686,85;Îles Caïmans;Suisse;14;0;0;25;0;0;25;MODÉRÉ;2026-05-14 11:56:32
TXN-007943;CLT-0052;1640,81;Allemagne;France;14;0;0;0;0;0;0;FAIBLE;2026-05-14 11:56:32
TXN-007944;CLT-0070;3633,5;Espagne;Italie;14;0;0;0;0;0;0;FAIBLE;2026-05-14 11:56:32
TXN-007945;CLT-0039;979,78;Panama;France;14;0;0;25;0;0;25;MODÉRÉ;2026-05-14 11:56:32
TXN-007946;CLT-0052;3681,64;Îles Caïmans;France;14;0;0;25;0;0;25;MODÉRÉ;2026-05-14 11:56:32
TXN-007947;CLT-0087;54067,81;France;Italie;14;1;40;0;0;0;40;ÉLEVÉ;2026-05-14 11:56:32
TXN-007948;CLT-0017;3107,9;Espagne;Îles Caïmans;14;0;0;0;20;0;20;MODÉRÉ;2026-05-14 11:56:32
TXN-007949;CLT-0072;4034,08;France;Allemagne;14;0;0;0;0;0;0;FAIBLE;2026-05-14 11:56:32
TXN-007950;CLT-0089;2341,77;France;Îles Caïmans;14;0;0;0;20;0;20;MODÉRÉ;2026-05-14 11:56:32
TXN-007951;CLT-0028;4059,52;Allemagne;France;14;0;0;0;0;0;0;FAIBLE;2026-05-14 11:56:32
TXN-007952;CLT-0012;57065,77;France;Panama;14;1;40;0;20;0;60;ÉLEVÉ;2026-05-14 11:56:32
TXN-007953;CLT-0076;4555,39;France;France;14;0;0;0;0;0;0;FAIBLE;2026-05-14 11:56:32
TXN-007954;CLT-0001;43,71;Allemagne;France;14;0;0;0;0;0;0;FAIBLE;2026-05-14 11:56:32
TXN-007955;CLT-0052;568,6;Russie;France;14;0;0;0;0;0;0;FAIBLE;2026-05-14 11:56:32
TXN-007956;CLT-0026;2907,35;Îles Caïmans;Italie;14;0;0;25;0;0;25;MODÉRÉ;2026-05-14 11:56:32
TXN-007957;CLT-0094;487,84;France;Allemagne;14;0;0;0;0;0;0;FAIBLE;2026-05-14 11:56:32
TXN-007958;CLT-0090;815,21;France;France;14;0;0;0;0;0;0;FAIBLE;2026-05-14 11:56:32
TXN-007959;CLT-0085;1825,26;France;Îles Caïmans;14;0;0;0;20;0;20;MODÉRÉ;2026-05-14 11:56:32
TXN-007960;CLT-0005;2524,23;France;Panama;14;0;0;0;20;0;20;MODÉRÉ;2026-05-14 11:56:32
TXN-007961;CLT-0007;2438,54;Allemagne;Suisse;14;0;0;0;0;0;0;FAIBLE;2026-05-14 11:56:32
TXN-007962;CLT-0098;372,62;Russie;Espagne;14;0;0;0;0;0;0;FAIBLE;2026-05-14 11:56:32
TXN-007963;CLT-0040;781,16;France;Suisse;14;0;0;0;0;0;0;FAIBLE;2026-05-14 11:56:32
TXN-007964;CLT-0088;2074,05;France;Allemagne;14;0;0;0;0;0;0;FAIBLE;2026-05-14 11:56:32
TXN-007965;CLT-0076;68450,59;Îles Caïmans;France;14;1;40;25;0;0;65;ÉLEVÉ;2026-05-14 11:56:32
TXN-007966;CLT-0066;381,94;Russie;Espagne;14;0;0;0;0;0;0;FAIBLE;2026-05-14 11:56:32
TXN-007967;CLT-0070;1114,75;Allemagne;Italie;14;0;0;0;0;0;0;FAIBLE;2026-05-14 11:56:32
TXN-007968;CLT-0020;4977,75;Russie;Italie;14;0;0;0;0;0;0;FAIBLE;2026-05-14 11:56:32
TXN-007969;CLT-0055;2589,29;Panama;Espagne;14;0;0;25;0;0;25;MODÉRÉ;2026-05-14 11:56:32
TXN-007970;CLT-0076;1590,34;France;France;14;0;0;0;0;0;0;FAIBLE;2026-05-14 11:56:32
TXN-007971;CLT-0006;4832,81;France;France;14;0;0;0;0;0;0;FAIBLE;2026-05-14 11:56:32
TXN-007972;CLT-0013;4072,96;Panama;France;14;0;0;25;0;0;25;MODÉRÉ;2026-05-14 11:56:32
TXN-007973;CLT-0030;4448,05;Îles Caïmans;Allemagne;14;0;0;25;0;0;25;MODÉRÉ;2026-05-14 11:56:32
TXN-007974;CLT-0074;156,5;Îles Caïmans;Allemagne;14;0;0;25;0;0;25;MODÉRÉ;2026-05-14 11:56:32
TXN-007975;CLT-0091;4974,91;France;Allemagne;14;0;0;0;0;0;0;FAIBLE;2026-05-14 11:56:32
TXN-007976;CLT-0038;4976,69;France;Îles Caïmans;14;0;0;0;20;0;20;MODÉRÉ;2026-05-14 11:56:32
TXN-007977;CLT-0005;4435,99;Allemagne;Panama;14;0;0;0;20;0;20;MODÉRÉ;2026-05-14 11:56:32
TXN-007978;CLT-0058;649,52;Panama;France;14;0;0;25;0;0;25;MODÉRÉ;2026-05-14 11:56:32
TXN-007979;CLT-0070;1078,19;Îles Caïmans;Italie;14;0;0;25;0;0;25;MODÉRÉ;2026-05-14 11:56:32
TXN-007980;CLT-0017;2403,44;Russie;Îles Caïmans;14;0;0;0;20;0;20;MODÉRÉ;2026-05-14 11:56:32
TXN-007981;CLT-0098;136,42;Panama;Espagne;14;0;0;25;0;0;25;MODÉRÉ;2026-05-14 11:56:32
TXN-007982;CLT-0072;3532,43;France;Allemagne;14;0;0;0;0;0;0;FAIBLE;2026-05-14 11:56:32
TXN-007983;CLT-0010;3865,3;Espagne;Îles Caïmans;14;0;0;0;20;0;20;MODÉRÉ;2026-05-14 11:56:32
TXN-007984;CLT-0052;4790,63;Allemagne;France;14;0;0;0;0;0;0;FAIBLE;2026-05-14 11:56:32
TXN-007985;CLT-0054;4173,17;Espagne;Suisse;14;0;0;0;0;0;0;FAIBLE;2026-05-14 11:56:32
TXN-007986;CLT-0062;1719,84;Panama;France;14;0;0;25;0;0;25;MODÉRÉ;2026-05-14 11:56:32
TXN-007987;CLT-0044;3443,08;Allemagne;France;14;0;0;0;0;0;0;FAIBLE;2026-05-14 11:56:32
TXN-007988;CLT-0066;2683,26;Russie;Espagne;14;0;0;0;0;0;0;FAIBLE;2026-05-14 11:56:32
TXN-007989;CLT-0022;2711,22;Îles Caïmans;Allemagne;14;0;0;25;0;0;25;MODÉRÉ;2026-05-14 11:56:32
TXN-007990;CLT-0042;19355,85;France;Italie;14;1;40;0;0;0;40;ÉLEVÉ;2026-05-14 11:56:32
TXN-007991;CLT-0082;4237,71;France;Panama;14;0;0;0;20;0;20;MODÉRÉ;2026-05-14 11:56:32
TXN-007992;CLT-0023;49706,83;Panama;Allemagne;14;1;40;25;0;0;65;ÉLEVÉ;2026-05-14 11:56:32
TXN-007993;CLT-0010;2942,69;France;Îles Caïmans;14;0;0;0;20;0;20;MODÉRÉ;2026-05-14 11:56:32
TXN-007994;CLT-0093;4813,05;Allemagne;Suisse;14;0;0;0;0;0;0;FAIBLE;2026-05-14 11:56:32
TXN-007995;CLT-0029;2949,61;France;France;14;0;0;0;0;0;0;FAIBLE;2026-05-14 11:56:32
TXN-007996;CLT-0081;2459,33;Îles Caïmans;Îles Caïmans;14;0;0;25;20;0;45;ÉLEVÉ;2026-05-14 11:56:32
TXN-007997;CLT-0066;4111,71;Panama;Espagne;14;0;0;25;0;0;25;MODÉRÉ;2026-05-14 11:56:32
TXN-007998;CLT-0053;609,42;Russie;Espagne;14;0;0;0;0;0;0;FAIBLE;2026-05-14 11:56:32
TXN-007999;CLT-0093;25,37;Allemagne;Suisse;14;0;0;0;0;0;0;FAIBLE;2026-05-14 11:56:32
TXN-008000;CLT-0031;1041,06;Espagne;Panama;14;0;0;0;20;0;20;MODÉRÉ;2026-05-14 11:56:32
TXN-008001;CLT-0076;66833,52;France;France;14;1;40;0;0;0;40;ÉLEVÉ;2026-05-14 11:56:32
TXN-008002;CLT-0048;223,6;Panama;Suisse;14;0;0;25;0;0;25;MODÉRÉ;2026-05-14 11:56:32
TXN-008003;CLT-0049;2379,14;France;France;14;0;0;0;0;0;0;FAIBLE;2026-05-14 11:56:32
TXN-008004;CLT-0086;4862,99;France;France;14;0;0;0;0;0;0;FAIBLE;2026-05-14 11:56:32
TXN-008005;CLT-0041;1977,53;Allemagne;Panama;14;0;0;0;20;0;20;MODÉRÉ;2026-05-14 11:56:32
TXN-008006;CLT-0015;3131,51;Îles Caïmans;France;14;0;0;25;0;0;25;MODÉRÉ;2026-05-14 11:56:32
TXN-008007;CLT-0049;10495,31;Îles Caïmans;France;14;1;40;25;0;0;65;ÉLEVÉ;2026-05-14 11:56:32
TXN-008008;CLT-0085;4022,38;Allemagne;Îles Caïmans;14;0;0;0;20;0;20;MODÉRÉ;2026-05-14 11:56:32
TXN-008009;CLT-0003;2208,12;Espagne;France;14;0;0;0;0;0;0;FAIBLE;2026-05-14 11:56:32
TXN-008010;CLT-0060;1878,88;France;Italie;14;0;0;0;0;0;0;FAIBLE;2026-05-14 11:56:32
TXN-008011;CLT-0098;1473,83;Russie;Espagne;14;0;0;0;0;0;0;FAIBLE;2026-05-14 11:56:32
TXN-008012;CLT-0034;1668,67;France;France;14;0;0;0;0;0;0;FAIBLE;2026-05-14 11:56:32
TXN-008013;CLT-0054;960,78;Panama;Suisse;14;0;0;25;0;0;25;MODÉRÉ;2026-05-14 11:56:32
TXN-008014;CLT-0021;4356,65;Îles Caïmans;France;14;0;0;25;0;0;25;MODÉRÉ;2026-05-14 11:56:32
TXN-008015;CLT-0070;1892,06;Russie;Italie;14;0;0;0;0;0;0;FAIBLE;2026-05-14 11:56:32
TXN-008016;CLT-0037;2592,47;Espagne;Îles Caïmans;14;0;0;0;20;0;20;MODÉRÉ;2026-05-14 11:56:32
TXN-008017;CLT-0040;972,89;Russie;Suisse;14;0;0;0;0;0;0;FAIBLE;2026-05-14 11:56:32
TXN-008018;CLT-0016;535,44;Allemagne;Espagne;14;0;0;0;0;0;0;FAIBLE;2026-05-14 11:56:32
TXN-008019;CLT-0021;3066,2;Allemagne;France;14;0;0;0;0;0;0;FAIBLE;2026-05-14 11:56:32
TXN-008020;CLT-0038;3007,3;Allemagne;Îles Caïmans;14;0;0;0;20;0;20;MODÉRÉ;2026-05-14 11:56:32
TXN-008021;CLT-0011;360,07;Espagne;France;14;0;0;0;0;0;0;FAIBLE;2026-05-14 11:56:32
TXN-008022;CLT-0057;3567,76;France;France;14;0;0;0;0;0;0;FAIBLE;2026-05-14 11:56:32
TXN-008023;CLT-0052;2382,56;Russie;France;14;0;0;0;0;0;0;FAIBLE;2026-05-14 11:56:32
TXN-008024;CLT-0083;29710,09;Îles Caïmans;France;14;1;40;25;0;0;65;ÉLEVÉ;2026-05-14 11:56:32
TXN-008025;CLT-0057;4318,96;Panama;France;14;0;0;25;0;0;25;MODÉRÉ;2026-05-14 11:56:32
TXN-008026;CLT-0013;76512,62;Îles Caïmans;France;14;1;40;25;0;0;65;ÉLEVÉ;2026-05-14 11:56:32
TXN-008027;CLT-0063;2421,55;Panama;Îles Caïmans;14;0;0;25;20;0;45;ÉLEVÉ;2026-05-14 11:56:32
TXN-008028;CLT-0026;3285,57;France;Italie;14;0;0;0;0;0;0;FAIBLE;2026-05-14 11:56:32
TXN-008029;CLT-0028;3011,37;France;France;14;0;0;0;0;0;0;FAIBLE;2026-05-14 11:56:32
TXN-008030;CLT-0100;2363,55;France;Suisse;14;0;0;0;0;0;0;FAIBLE;2026-05-14 11:56:32
TXN-008031;CLT-0040;160,24;Espagne;Suisse;14;0;0;0;0;0;0;FAIBLE;2026-05-14 11:56:32
TXN-008032;CLT-0091;4613,68;Espagne;Allemagne;14;0;0;0;0;0;0;FAIBLE;2026-05-14 11:56:32
TXN-008033;CLT-0018;1024,85;Russie;Panama;14;0;0;0;20;0;20;MODÉRÉ;2026-05-14 11:56:32
TXN-008034;CLT-0031;1401,36;Îles Caïmans;Panama;14;0;0;25;20;0;45;ÉLEVÉ;2026-05-14 11:56:32
TXN-008035;CLT-0055;3835,0;Îles Caïmans;Espagne;14;0;0;25;0;0;25;MODÉRÉ;2026-05-14 11:56:32
TXN-008036;CLT-0067;50,7;Allemagne;Panama;14;0;0;0;20;0;20;MODÉRÉ;2026-05-14 11:56:32
TXN-008037;CLT-0016;402,81;Allemagne;Espagne;14;0;0;0;0;0;0;FAIBLE;2026-05-14 11:56:32
TXN-008038;CLT-0037;200,47;France;Îles Caïmans;14;0;0;0;20;0;20;MODÉRÉ;2026-05-14 11:56:32
TXN-008039;CLT-0060;3951,87;France;Italie;14;0;0;0;0;0;0;FAIBLE;2026-05-14 11:56:32
TXN-008040;CLT-0039;2269,13;Panama;France;14;0;0;25;0;0;25;MODÉRÉ;2026-05-14 11:56:32
TXN-008041;CLT-0009;2407,31;Panama;Suisse;14;0;0;25;0;0;25;MODÉRÉ;2026-05-14 11:56:32
TXN-008042;CLT-0071;4137,8;Espagne;Îles Caïmans;14;0;0;0;20;0;20;MODÉRÉ;2026-05-14 11:56:32
TXN-008043;CLT-0079;2287,31;France;Îles Caïmans;14;0;0;0;20;0;20;MODÉRÉ;2026-05-14 11:56:32
TXN-008044;CLT-0031;1915,33;France;Panama;14;0;0;0;20;0;20;MODÉRÉ;2026-05-14 11:56:32
TXN-008045;CLT-0030;4703,73;Îles Caïmans;Allemagne;14;0;0;25;0;0;25;MODÉRÉ;2026-05-14 11:56:32
TXN-008046;CLT-0015;2995,67;Panama;France;14;0;0;25;0;0;25;MODÉRÉ;2026-05-14 11:56:32
TXN-008047;CLT-0093;2406,74;Panama;Suisse;14;0;0;25;0;0;25;MODÉRÉ;2026-05-14 11:56:32
TXN-008048;CLT-0087;24650,89;Allemagne;Italie;14;1;40;0;0;0;40;ÉLEVÉ;2026-05-14 11:56:32
TXN-008049;CLT-0042;3007,15;Russie;Italie;14;0;0;0;0;0;0;FAIBLE;2026-05-14 11:56:32
TXN-008050;CLT-0089;4652,34;Îles Caïmans;Îles Caïmans;14;0;0;25;20;0;45;ÉLEVÉ;2026-05-14 11:56:32
TXN-008051;CLT-0100;469,03;France;Suisse;14;0;0;0;0;0;0;FAIBLE;2026-05-14 11:56:32
TXN-008052;CLT-0094;914,67;Îles Caïmans;Allemagne;14;0;0;25;0;0;25;MODÉRÉ;2026-05-14 11:56:32
TXN-008053;CLT-0098;86477,18;Îles Caïmans;Espagne;14;1;40;25;0;0;65;ÉLEVÉ;2026-05-14 11:56:32
TXN-008054;CLT-0002;2675,36;France;Espagne;14;0;0;0;0;0;0;FAIBLE;2026-05-14 11:56:32
TXN-008055;CLT-0088;2056,27;Îles Caïmans;Allemagne;14;0;0;25;0;0;25;MODÉRÉ;2026-05-14 11:56:32
TXN-008056;CLT-0051;3054,11;Espagne;France;14;0;0;0;0;0;0;FAIBLE;2026-05-14 11:56:32
TXN-008057;CLT-0029;2268,02;Espagne;France;14;0;0;0;0;0;0;FAIBLE;2026-05-14 11:56:32
TXN-008058;CLT-0033;4777,75;Panama;Italie;14;0;0;25;0;0;25;MODÉRÉ;2026-05-14 11:56:32
TXN-008059;CLT-0060;668,46;France;Italie;14;0;0;0;0;0;0;FAIBLE;2026-05-14 11:56:32
TXN-008060;CLT-0010;55056,12;Allemagne;Îles Caïmans;14;1;40;0;20;0;60;ÉLEVÉ;2026-05-14 11:56:32
TXN-008061;CLT-0069;4590,26;France;Panama;14;0;0;0;20;0;20;MODÉRÉ;2026-05-14 11:56:32
TXN-008062;CLT-0046;2950,21;Îles Caïmans;France;14;0;0;25;0;0;25;MODÉRÉ;2026-05-14 11:56:32
TXN-008063;CLT-0052;1451,29;Îles Caïmans;France;14;0;0;25;0;0;25;MODÉRÉ;2026-05-14 11:56:32
TXN-008064;CLT-0011;2997,36;France;France;14;0;0;0;0;0;0;FAIBLE;2026-05-14 11:56:32
TXN-008065;CLT-0018;948,84;France;Panama;14;0;0;0;20;0;20;MODÉRÉ;2026-05-14 11:56:32
TXN-008066;CLT-0041;4462,79;Panama;Panama;14;0;0;25;20;0;45;ÉLEVÉ;2026-05-14 11:56:32
TXN-008067;CLT-0060;1341,79;Îles Caïmans;Italie;14;0;0;25;0;0;25;MODÉRÉ;2026-05-14 11:56:32
TXN-008068;CLT-0062;475,05;Allemagne;France;14;0;0;0;0;0;0;FAIBLE;2026-05-14 11:56:32
TXN-008069;CLT-0056;1138,74;Espagne;Allemagne;14;0;0;0;0;0;0;FAIBLE;2026-05-14 11:56:32
TXN-008070;CLT-0035;109,42;Panama;Espagne;14;0;0;25;0;0;25;MODÉRÉ;2026-05-14 11:56:32
TXN-008071;CLT-0054;4816,15;Panama;Suisse;14;0;0;25;0;0;25;MODÉRÉ;2026-05-14 11:56:32
TXN-008072;CLT-0002;44054,37;France;Espagne;14;1;40;0;0;0;40;ÉLEVÉ;2026-05-14 11:56:32
TXN-008073;CLT-0063;324,35;France;Îles Caïmans;14;0;0;0;20;0;20;MODÉRÉ;2026-05-14 11:56:32
TXN-008074;CLT-0028;1849,32;Îles Caïmans;France;14;0;0;25;0;0;25;MODÉRÉ;2026-05-14 11:56:32
TXN-008075;CLT-0037;4467,12;France;Îles Caïmans;14;0;0;0;20;0;20;MODÉRÉ;2026-05-14 11:56:32
TXN-008076;CLT-0029;65340,83;Espagne;France;14;1;40;0;0;0;40;ÉLEVÉ;2026-05-14 11:56:32
TXN-008077;CLT-0023;2062,69;Espagne;Allemagne;14;0;0;0;0;0;0;FAIBLE;2026-05-14 11:56:32
TXN-008078;CLT-0097;268,48;France;Panama;14;0;0;0;20;0;20;MODÉRÉ;2026-05-14 11:56:32
TXN-008079;CLT-0015;2555,57;Allemagne;France;14;0;0;0;0;0;0;FAIBLE;2026-05-14 11:56:32
TXN-008080;CLT-0082;4910,58;France;Panama;14;0;0;0;20;0;20;MODÉRÉ;2026-05-14 11:56:32
TXN-008081;CLT-0017;3578,26;Îles Caïmans;Îles Caïmans;14;0;0;25;20;0;45;ÉLEVÉ;2026-05-14 11:56:32
TXN-008082;CLT-0089;3236,13;France;Îles Caïmans;14;0;0;0;20;0;20;MODÉRÉ;2026-05-14 11:56:32
TXN-008083;CLT-0037;1247,82;Panama;Îles Caïmans;14;0;0;25;20;0;45;ÉLEVÉ;2026-05-14 11:56:32
TXN-008084;CLT-0100;1231,87;Russie;Suisse;14;0;0;0;0;0;0;FAIBLE;2026-05-14 11:56:32
TXN-008085;CLT-0095;3096,0;France;Îles Caïmans;14;0;0;0;20;0;20;MODÉRÉ;2026-05-14 11:56:32
TXN-008086;CLT-0086;4385,92;France;France;14;0;0;0;0;0;0;FAIBLE;2026-05-14 11:56:32
TXN-008087;CLT-0099;3361,38;Îles Caïmans;Panama;14;0;0;25;20;0;45;ÉLEVÉ;2026-05-14 11:56:32
TXN-008088;CLT-0052;399,62;France;France;14;0;0;0;0;0;0;FAIBLE;2026-05-14 11:56:32
TXN-008089;CLT-0013;3226,96;Panama;France;14;0;0;25;0;0;25;MODÉRÉ;2026-05-14 11:56:32
TXN-008090;CLT-0057;2277,12;Panama;France;14;0;0;25;0;0;25;MODÉRÉ;2026-05-14 11:56:32
TXN-008091;CLT-0041;15,28;Espagne;Panama;14;0;0;0;20;0;20;MODÉRÉ;2026-05-14 11:56:32
TXN-008092;CLT-0033;1147,22;France;Italie;14;0;0;0;0;0;0;FAIBLE;2026-05-14 11:56:32
TXN-008093;CLT-0087;3442,9;France;Italie;14;0;0;0;0;0;0;FAIBLE;2026-05-14 11:56:32
TXN-008094;CLT-0014;832,9;Panama;France;14;0;0;25;0;0;25;MODÉRÉ;2026-05-14 11:56:32
TXN-008095;CLT-0072;248,68;Allemagne;Allemagne;14;0;0;0;0;0;0;FAIBLE;2026-05-14 11:56:32
TXN-008096;CLT-0025;82121,58;France;Italie;14;1;40;0;0;0;40;ÉLEVÉ;2026-05-14 11:56:32
TXN-008097;CLT-0082;1207,07;France;Panama;14;0;0;0;20;0;20;MODÉRÉ;2026-05-14 11:56:32
TXN-008098;CLT-0019;803,7;Panama;Espagne;14;0;0;25;0;0;25;MODÉRÉ;2026-05-14 11:56:32
TXN-008099;CLT-0091;3847,17;Îles Caïmans;Allemagne;14;0;0;25;0;0;25;MODÉRÉ;2026-05-14 11:56:32
TXN-008100;CLT-0078;4441,68;Panama;Suisse;14;0;0;25;0;0;25;MODÉRÉ;2026-05-14 11:56:32
TXN-008101;CLT-0070;1732,05;Allemagne;Italie;14;0;0;0;0;0;0;FAIBLE;2026-05-14 11:56:32
TXN-008102;CLT-0027;3015,79;France;Espagne;14;0;0;0;0;0;0;FAIBLE;2026-05-14 11:56:32
TXN-008103;CLT-0065;1762,01;Panama;Îles Caïmans;14;0;0;25;20;0;45;ÉLEVÉ;2026-05-14 11:56:32
TXN-008104;CLT-0024;2739,26;France;Espagne;14;0;0;0;0;0;0;FAIBLE;2026-05-14 11:56:32
TXN-008105;CLT-0024;2833,67;Allemagne;Espagne;14;0;0;0;0;0;0;FAIBLE;2026-05-14 11:56:32
TXN-008106;CLT-0088;2596,98;Îles Caïmans;Allemagne;14;0;0;25;0;0;25;MODÉRÉ;2026-05-14 11:56:32
TXN-008107;CLT-0099;3159,5;Espagne;Panama;14;0;0;0;20;0;20;MODÉRÉ;2026-05-14 11:56:32
TXN-008108;CLT-0094;3969,41;Russie;Allemagne;14;0;0;0;0;0;0;FAIBLE;2026-05-14 11:56:32
TXN-008109;CLT-0021;1713,95;Îles Caïmans;France;14;0;0;25;0;0;25;MODÉRÉ;2026-05-14 11:56:32
TXN-008110;CLT-0021;27,69;France;France;14;0;0;0;0;0;0;FAIBLE;2026-05-14 11:56:32
TXN-008111;CLT-0058;4038,09;Russie;France;14;0;0;0;0;0;0;FAIBLE;2026-05-14 11:56:32
TXN-008112;CLT-0071;276,74;France;Îles Caïmans;14;0;0;0;20;0;20;MODÉRÉ;2026-05-14 11:56:32
TXN-008113;CLT-0017;37701,92;Espagne;Îles Caïmans;14;1;40;0;20;0;60;ÉLEVÉ;2026-05-14 11:56:32
TXN-008114;CLT-0060;4472,14;Allemagne;Italie;14;0;0;0;0;0;0;FAIBLE;2026-05-14 11:56:32
TXN-008115;CLT-0069;3167,61;Russie;Panama;14;0;0;0;20;0;20;MODÉRÉ;2026-05-14 11:56:32
TXN-008116;CLT-0006;958,82;Espagne;France;14;0;0;0;0;0;0;FAIBLE;2026-05-14 11:56:32
TXN-008117;CLT-0002;1284,45;Allemagne;Espagne;14;0;0;0;0;0;0;FAIBLE;2026-05-14 11:56:32
TXN-008118;CLT-0070;2875,04;France;Italie;14;0;0;0;0;0;0;FAIBLE;2026-05-14 11:56:32
TXN-008119;CLT-0097;23736,07;Russie;Panama;14;1;40;0;20;0;60;ÉLEVÉ;2026-05-14 11:56:32
TXN-008120;CLT-0010;3056,02;Espagne;Îles Caïmans;14;0;0;0;20;0;20;MODÉRÉ;2026-05-14 11:56:32
TXN-008121;CLT-0082;4467,1;Îles Caïmans;Panama;14;0;0;25;20;0;45;ÉLEVÉ;2026-05-14 11:56:32
TXN-008122;CLT-0004;1380,19;Allemagne;Suisse;14;0;0;0;0;0;0;FAIBLE;2026-05-14 11:56:32
TXN-008123;CLT-0047;2220,41;France;Îles Caïmans;14;0;0;0;20;0;20;MODÉRÉ;2026-05-14 11:56:32
TXN-008124;CLT-0098;540,92;France;Espagne;14;0;0;0;0;0;0;FAIBLE;2026-05-14 11:56:32
TXN-008125;CLT-0011;385,42;Allemagne;France;14;0;0;0;0;0;0;FAIBLE;2026-05-14 11:56:32
TXN-008126;CLT-0006;1659,34;Russie;France;14;0;0;0;0;0;0;FAIBLE;2026-05-14 11:56:32
TXN-008127;CLT-0049;4038,62;Allemagne;France;14;0;0;0;0;0;0;FAIBLE;2026-05-14 11:56:32
TXN-008128;CLT-0038;2753,7;Allemagne;Îles Caïmans;14;0;0;0;20;0;20;MODÉRÉ;2026-05-14 11:56:32
TXN-008129;CLT-0017;50693,97;Îles Caïmans;Îles Caïmans;14;1;40;25;20;0;85;CRITIQUE;2026-05-14 11:56:32
TXN-008130;CLT-0061;1268,15;France;France;14;0;0;0;0;0;0;FAIBLE;2026-05-14 11:56:32
TXN-008131;CLT-0056;3955,73;Allemagne;Allemagne;14;0;0;0;0;0;0;FAIBLE;2026-05-14 11:56:32
TXN-008132;CLT-0080;2271,11;France;France;14;0;0;0;0;0;0;FAIBLE;2026-05-14 11:56:32
TXN-008133;CLT-0008;2721,49;France;Suisse;14;0;0;0;0;0;0;FAIBLE;2026-05-14 11:56:32
TXN-008134;CLT-0033;136,87;France;Italie;14;0;0;0;0;0;0;FAIBLE;2026-05-14 11:56:32
TXN-008135;CLT-0008;3279,96;Îles Caïmans;Suisse;14;0;0;25;0;0;25;MODÉRÉ;2026-05-14 11:56:32
TXN-008136;CLT-0055;3192,21;Panama;Espagne;14;0;0;25;0;0;25;MODÉRÉ;2026-05-14 11:56:32
TXN-008137;CLT-0003;1829,65;Allemagne;France;14;0;0;0;0;0;0;FAIBLE;2026-05-14 11:56:32
TXN-008138;CLT-0082;2311,23;Espagne;Panama;14;0;0;0;20;0;20;MODÉRÉ;2026-05-14 11:56:32
TXN-008139;CLT-0003;4659,01;Allemagne;France;14;0;0;0;0;0;0;FAIBLE;2026-05-14 11:56:32
TXN-008140;CLT-0037;4708,44;Îles Caïmans;Îles Caïmans;14;0;0;25;20;0;45;ÉLEVÉ;2026-05-14 11:56:32
TXN-008141;CLT-0069;1093,89;Espagne;Panama;14;0;0;0;20;0;20;MODÉRÉ;2026-05-14 11:56:32
TXN-008142;CLT-0028;1077,89;Espagne;France;14;0;0;0;0;0;0;FAIBLE;2026-05-14 11:56:32
TXN-008143;CLT-0060;2727,4;France;Italie;14;0;0;0;0;0;0;FAIBLE;2026-05-14 11:56:32
TXN-008144;CLT-0045;42160,49;Espagne;France;14;1;40;0;0;0;40;ÉLEVÉ;2026-05-14 11:56:32
TXN-008145;CLT-0100;1019,58;Îles Caïmans;Suisse;14;0;0;25;0;0;25;MODÉRÉ;2026-05-14 11:56:32
TXN-008146;CLT-0055;3951,61;France;Espagne;14;0;0;0;0;0;0;FAIBLE;2026-05-14 11:56:32
TXN-008147;CLT-0082;529,44;France;Panama;14;0;0;0;20;0;20;MODÉRÉ;2026-05-14 11:56:32
TXN-008148;CLT-0021;4047,9;Russie;France;14;0;0;0;0;0;0;FAIBLE;2026-05-14 11:56:32
TXN-008149;CLT-0029;884,64;France;France;14;0;0;0;0;0;0;FAIBLE;2026-05-14 11:56:32
TXN-008150;CLT-0071;4535,34;Îles Caïmans;Îles Caïmans;14;0;0;25;20;0;45;ÉLEVÉ;2026-05-14 11:56:32
TXN-008151;CLT-0099;404,58;France;Panama;14;0;0;0;20;0;20;MODÉRÉ;2026-05-14 11:56:32
TXN-008152;CLT-0008;3513,42;Panama;Suisse;14;0;0;25;0;0;25;MODÉRÉ;2026-05-14 11:56:32
TXN-008153;CLT-0017;3896,43;France;Îles Caïmans;14;0;0;0;20;0;20;MODÉRÉ;2026-05-14 11:56:32
TXN-008154;CLT-0067;17310,53;France;Panama;14;1;40;0;20;0;60;ÉLEVÉ;2026-05-14 11:56:32
TXN-008155;CLT-0059;4500,92;Îles Caïmans;Îles Caïmans;14;0;0;25;20;0;45;ÉLEVÉ;2026-05-14 11:56:32
TXN-008156;CLT-0011;4565,17;France;France;14;0;0;0;0;0;0;FAIBLE;2026-05-14 11:56:32
TXN-008157;CLT-0058;2425,13;France;France;14;0;0;0;0;0;0;FAIBLE;2026-05-14 11:56:32
TXN-008158;CLT-0069;74540,18;Îles Caïmans;Panama;14;1;40;25;20;0;85;CRITIQUE;2026-05-14 11:56:32
TXN-008159;CLT-0013;4960,57;Russie;France;14;0;0;0;0;0;0;FAIBLE;2026-05-14 11:56:32
TXN-008160;CLT-0040;1756,09;Panama;Suisse;14;0;0;25;0;0;25;MODÉRÉ;2026-05-14 11:56:32
TXN-008161;CLT-0044;2338,4;Panama;France;14;0;0;25;0;0;25;MODÉRÉ;2026-05-14 11:56:32
TXN-008162;CLT-0075;4627,66;Russie;France;14;0;0;0;0;0;0;FAIBLE;2026-05-14 11:56:32
TXN-008163;CLT-0088;4058,1;Panama;Allemagne;14;0;0;25;0;0;25;MODÉRÉ;2026-05-14 11:56:32
TXN-008164;CLT-0005;62504,49;France;Panama;14;1;40;0;20;0;60;ÉLEVÉ;2026-05-14 11:56:32
TXN-008165;CLT-0062;3257,56;France;France;14;0;0;0;0;0;0;FAIBLE;2026-05-14 11:56:32
TXN-008166;CLT-0046;3625,24;Russie;France;14;0;0;0;0;0;0;FAIBLE;2026-05-14 11:56:32
TXN-008167;CLT-0083;4055,48;Îles Caïmans;France;14;0;0;25;0;0;25;MODÉRÉ;2026-05-14 11:56:32
TXN-008168;CLT-0019;3159,54;France;Espagne;14;0;0;0;0;0;0;FAIBLE;2026-05-14 11:56:32
TXN-008169;CLT-0020;2443,44;Îles Caïmans;Italie;14;0;0;25;0;0;25;MODÉRÉ;2026-05-14 11:56:32
TXN-008170;CLT-0083;15957,44;Panama;France;14;1;40;25;0;0;65;ÉLEVÉ;2026-05-14 11:56:32
TXN-008171;CLT-0030;3148,42;Espagne;Allemagne;14;0;0;0;0;0;0;FAIBLE;2026-05-14 11:56:32
TXN-008172;CLT-0075;18936,32;Îles Caïmans;France;14;1;40;25;0;0;65;ÉLEVÉ;2026-05-14 11:56:32
TXN-008173;CLT-0012;3678,2;Îles Caïmans;Panama;14;0;0;25;20;0;45;ÉLEVÉ;2026-05-14 11:56:32
TXN-008174;CLT-0004;3311,58;France;Suisse;14;0;0;0;0;0;0;FAIBLE;2026-05-14 11:56:32
TXN-008175;CLT-0028;428,4;Allemagne;France;14;0;0;0;0;0;0;FAIBLE;2026-05-14 11:56:32
TXN-008176;CLT-0032;2841,46;Îles Caïmans;Suisse;14;0;0;25;0;0;25;MODÉRÉ;2026-05-14 11:56:32
TXN-008177;CLT-0064;3464,99;Allemagne;France;14;0;0;0;0;0;0;FAIBLE;2026-05-14 11:56:32
TXN-008178;CLT-0034;733,42;Îles Caïmans;France;14;0;0;25;0;0;25;MODÉRÉ;2026-05-14 11:56:32
TXN-008179;CLT-0063;729,79;Allemagne;Îles Caïmans;14;0;0;0;20;0;20;MODÉRÉ;2026-05-14 11:56:32
TXN-008180;CLT-0039;43415,62;Allemagne;France;14;1;40;0;0;0;40;ÉLEVÉ;2026-05-14 11:56:32
TXN-008181;CLT-0067;53959,28;France;Panama;14;1;40;0;20;0;60;ÉLEVÉ;2026-05-14 11:56:32
TXN-008182;CLT-0075;4749,85;France;France;14;0;0;0;0;0;0;FAIBLE;2026-05-14 11:56:32
TXN-008183;CLT-0076;852,27;Espagne;France;14;0;0;0;0;0;0;FAIBLE;2026-05-14 11:56:32
TXN-008184;CLT-0049;2635,81;Russie;France;14;0;0;0;0;0;0;FAIBLE;2026-05-14 11:56:32
TXN-008185;CLT-0024;1036,61;France;Espagne;14;0;0;0;0;0;0;FAIBLE;2026-05-14 11:56:32
TXN-008186;CLT-0060;74863,65;Îles Caïmans;Italie;14;1;40;25;0;0;65;ÉLEVÉ;2026-05-14 11:56:32
TXN-008187;CLT-0080;45,03;Espagne;France;14;0;0;0;0;0;0;FAIBLE;2026-05-14 11:56:32
TXN-008188;CLT-0044;4936,69;France;France;14;0;0;0;0;0;0;FAIBLE;2026-05-14 11:56:32
TXN-008189;CLT-0067;4225,57;France;Panama;14;0;0;0;20;0;20;MODÉRÉ;2026-05-14 11:56:32
TXN-008190;CLT-0048;898,11;Russie;Suisse;14;0;0;0;0;0;0;FAIBLE;2026-05-14 11:56:32
TXN-008191;CLT-0019;40326,31;Espagne;Espagne;14;1;40;0;0;0;40;ÉLEVÉ;2026-05-14 11:56:32
TXN-008192;CLT-0092;3215,56;France;Suisse;14;0;0;0;0;0;0;FAIBLE;2026-05-14 11:56:32
TXN-008193;CLT-0034;1778,69;France;France;14;0;0;0;0;0;0;FAIBLE;2026-05-14 11:56:32
TXN-008194;CLT-0059;2103,34;Espagne;Îles Caïmans;14;0;0;0;20;0;20;MODÉRÉ;2026-05-14 11:56:32
TXN-008195;CLT-0016;55469,29;Russie;Espagne;14;1;40;0;0;0;40;ÉLEVÉ;2026-05-14 11:56:32
TXN-008196;CLT-0026;2482,05;Espagne;Italie;14;0;0;0;0;0;0;FAIBLE;2026-05-14 11:56:32
TXN-008197;CLT-0033;3189,66;France;Italie;14;0;0;0;0;0;0;FAIBLE;2026-05-14 11:56:32
TXN-008198;CLT-0069;4767,83;Îles Caïmans;Panama;14;0;0;25;20;0;45;ÉLEVÉ;2026-05-14 11:56:32
TXN-008199;CLT-0032;3320,16;France;Suisse;14;0;0;0;0;0;0;FAIBLE;2026-05-14 11:56:32
TXN-008200;CLT-0040;3503,83;France;Suisse;14;0;0;0;0;0;0;FAIBLE;2026-05-14 11:56:32
TXN-008201;CLT-0099;502,55;France;Panama;14;0;0;0;20;0;20;MODÉRÉ;2026-05-14 11:56:32
TXN-008202;CLT-0100;16684,08;Allemagne;Suisse;14;1;40;0;0;0;40;ÉLEVÉ;2026-05-14 11:56:32
TXN-008203;CLT-0081;3305,68;Allemagne;Îles Caïmans;14;0;0;0;20;0;20;MODÉRÉ;2026-05-14 11:56:32
TXN-008204;CLT-0037;1573,78;France;Îles Caïmans;14;0;0;0;20;0;20;MODÉRÉ;2026-05-14 11:56:32
TXN-008205;CLT-0010;682,0;Russie;Îles Caïmans;14;0;0;0;20;0;20;MODÉRÉ;2026-05-14 11:56:32
TXN-008206;CLT-0050;3489,56;Panama;Espagne;14;0;0;25;0;0;25;MODÉRÉ;2026-05-14 11:56:32
TXN-008207;CLT-0076;4170,67;Russie;France;14;0;0;0;0;0;0;FAIBLE;2026-05-14 11:56:32
TXN-008208;CLT-0002;2442,39;France;Espagne;14;0;0;0;0;0;0;FAIBLE;2026-05-14 11:56:32
TXN-008209;CLT-0077;153,69;France;France;14;0;0;0;0;0;0;FAIBLE;2026-05-14 11:56:32
TXN-008210;CLT-0034;233,17;Îles Caïmans;France;14;0;0;25;0;0;25;MODÉRÉ;2026-05-14 11:56:32
TXN-008211;CLT-0020;3746,76;Allemagne;Italie;14;0;0;0;0;0;0;FAIBLE;2026-05-14 11:56:32
TXN-008212;CLT-0054;1266,63;Russie;Suisse;14;0;0;0;0;0;0;FAIBLE;2026-05-14 11:56:32
TXN-008213;CLT-0031;2628,15;Îles Caïmans;Panama;14;0;0;25;20;0;45;ÉLEVÉ;2026-05-14 11:56:32
TXN-008214;CLT-0006;900,31;France;France;14;0;0;0;0;0;0;FAIBLE;2026-05-14 11:56:32
TXN-008215;CLT-0016;2723,31;France;Espagne;14;0;0;0;0;0;0;FAIBLE;2026-05-14 11:56:32
TXN-008216;CLT-0043;29526,31;Russie;Suisse;14;1;40;0;0;0;40;ÉLEVÉ;2026-05-14 11:56:32
TXN-008217;CLT-0068;2735,31;France;Allemagne;14;0;0;0;0;0;0;FAIBLE;2026-05-14 11:56:32
TXN-008218;CLT-0020;3281,68;Allemagne;Italie;14;0;0;0;0;0;0;FAIBLE;2026-05-14 11:56:32
TXN-008219;CLT-0009;14135,29;France;Suisse;14;1;40;0;0;0;40;ÉLEVÉ;2026-05-14 11:56:32
TXN-008220;CLT-0076;1033,29;Îles Caïmans;France;14;0;0;25;0;0;25;MODÉRÉ;2026-05-14 11:56:32
TXN-008221;CLT-0047;1964,02;France;Îles Caïmans;14;0;0;0;20;0;20;MODÉRÉ;2026-05-14 11:56:32
TXN-008222;CLT-0075;4889,6;France;France;14;0;0;0;0;0;0;FAIBLE;2026-05-14 11:56:32
TXN-008223;CLT-0017;4193,57;France;Îles Caïmans;14;0;0;0;20;0;20;MODÉRÉ;2026-05-14 11:56:32
TXN-008224;CLT-0077;841,65;France;France;14;0;0;0;0;0;0;FAIBLE;2026-05-14 11:56:32
TXN-008225;CLT-0069;2050,41;Espagne;Panama;14;0;0;0;20;0;20;MODÉRÉ;2026-05-14 11:56:32
TXN-008226;CLT-0026;3520,41;Russie;Italie;14;0;0;0;0;0;0;FAIBLE;2026-05-14 11:56:32
TXN-008227;CLT-0045;1353,96;France;France;14;0;0;0;0;0;0;FAIBLE;2026-05-14 11:56:32
TXN-008228;CLT-0031;20249,22;Panama;Panama;14;1;40;25;20;0;85;CRITIQUE;2026-05-14 11:56:32
TXN-008229;CLT-0020;2525,72;Allemagne;Italie;14;0;0;0;0;0;0;FAIBLE;2026-05-14 11:56:32
TXN-008230;CLT-0067;3277,43;France;Panama;14;0;0;0;20;0;20;MODÉRÉ;2026-05-14 11:56:32
TXN-008231;CLT-0004;417,41;Panama;Suisse;14;0;0;25;0;0;25;MODÉRÉ;2026-05-14 11:56:32
TXN-008232;CLT-0027;2779,89;France;Espagne;14;0;0;0;0;0;0;FAIBLE;2026-05-14 11:56:32
TXN-008233;CLT-0077;440,6;Espagne;France;14;0;0;0;0;0;0;FAIBLE;2026-05-14 11:56:32
TXN-008234;CLT-0081;48717,41;France;Îles Caïmans;14;1;40;0;20;0;60;ÉLEVÉ;2026-05-14 11:56:32
TXN-008235;CLT-0079;2983,03;Espagne;Îles Caïmans;14;0;0;0;20;0;20;MODÉRÉ;2026-05-14 11:56:32
TXN-008236;CLT-0011;1323,66;France;France;14;0;0;0;0;0;0;FAIBLE;2026-05-14 11:56:32
TXN-008237;CLT-0044;817,07;Espagne;France;14;0;0;0;0;0;0;FAIBLE;2026-05-14 11:56:32
TXN-008238;CLT-0033;2423,39;France;Italie;14;0;0;0;0;0;0;FAIBLE;2026-05-14 11:56:32
TXN-008239;CLT-0071;879,81;Îles Caïmans;Îles Caïmans;14;0;0;25;20;0;45;ÉLEVÉ;2026-05-14 11:56:32
TXN-008240;CLT-0064;2704,93;France;France;14;0;0;0;0;0;0;FAIBLE;2026-05-14 11:56:32
TXN-008241;CLT-0003;2791,66;Russie;France;14;0;0;0;0;0;0;FAIBLE;2026-05-14 11:56:32
TXN-008242;CLT-0037;410,86;Panama;Îles Caïmans;14;0;0;25;20;0;45;ÉLEVÉ;2026-05-14 11:56:32
TXN-008243;CLT-0079;3431,21;Panama;Îles Caïmans;14;0;0;25;20;0;45;ÉLEVÉ;2026-05-14 11:56:32
TXN-008244;CLT-0098;4098,21;Îles Caïmans;Espagne;14;0;0;25;0;0;25;MODÉRÉ;2026-05-14 11:56:32
TXN-008245;CLT-0035;3513,99;France;Espagne;14;0;0;0;0;0;0;FAIBLE;2026-05-14 11:56:32
TXN-008246;CLT-0072;37533,06;France;Allemagne;14;1;40;0;0;0;40;ÉLEVÉ;2026-05-14 11:56:32
TXN-008247;CLT-0035;1907,1;Espagne;Espagne;14;0;0;0;0;0;0;FAIBLE;2026-05-14 11:56:32
TXN-008248;CLT-0062;4906,31;France;France;14;0;0;0;0;0;0;FAIBLE;2026-05-14 11:56:32
TXN-008249;CLT-0074;87274,71;Îles Caïmans;Allemagne;14;1;40;25;0;0;65;ÉLEVÉ;2026-05-14 11:56:32
TXN-008250;CLT-0040;2247,88;Îles Caïmans;Suisse;14;0;0;25;0;0;25;MODÉRÉ;2026-05-14 11:56:32
TXN-008251;CLT-0089;89671,45;France;Îles Caïmans;14;1;40;0;20;0;60;ÉLEVÉ;2026-05-14 11:56:32
TXN-008252;CLT-0037;2667,96;Îles Caïmans;Îles Caïmans;14;0;0;25;20;0;45;ÉLEVÉ;2026-05-14 11:56:32
TXN-008253;CLT-0088;4490,55;Allemagne;Allemagne;14;0;0;0;0;0;0;FAIBLE;2026-05-14 11:56:32
TXN-008254;CLT-0078;668,84;France;Suisse;14;0;0;0;0;0;0;FAIBLE;2026-05-14 11:56:32
TXN-008255;CLT-0092;3374,86;Allemagne;Suisse;14;0;0;0;0;0;0;FAIBLE;2026-05-14 11:56:32
TXN-008256;CLT-0099;2306,42;France;Panama;14;0;0;0;20;0;20;MODÉRÉ;2026-05-14 11:56:32
TXN-008257;CLT-0006;4447,99;France;France;14;0;0;0;0;0;0;FAIBLE;2026-05-14 11:56:32
TXN-008258;CLT-0062;1587,0;Russie;France;14;0;0;0;0;0;0;FAIBLE;2026-05-14 11:56:32
TXN-008259;CLT-0072;4920,6;Russie;Allemagne;14;0;0;0;0;0;0;FAIBLE;2026-05-14 11:56:32
TXN-008260;CLT-0094;4788,17;Panama;Allemagne;14;0;0;25;0;0;25;MODÉRÉ;2026-05-14 11:56:32
TXN-008261;CLT-0042;52276,31;Panama;Italie;14;1;40;25;0;0;65;ÉLEVÉ;2026-05-14 11:56:32
TXN-008262;CLT-0035;91214,58;Russie;Espagne;14;1;40;0;0;0;40;ÉLEVÉ;2026-05-14 11:56:32
TXN-008263;CLT-0066;3292,63;France;Espagne;14;0;0;0;0;0;0;FAIBLE;2026-05-14 11:56:32
TXN-008264;CLT-0044;265,85;Espagne;France;14;0;0;0;0;0;0;FAIBLE;2026-05-14 11:56:32
TXN-008265;CLT-0031;1332,45;Russie;Panama;14;0;0;0;20;0;20;MODÉRÉ;2026-05-14 11:56:32
TXN-008266;CLT-0034;1752,12;Espagne;France;14;0;0;0;0;0;0;FAIBLE;2026-05-14 11:56:32
TXN-008267;CLT-0089;40,2;Panama;Îles Caïmans;14;0;0;25;20;0;45;ÉLEVÉ;2026-05-14 11:56:32
TXN-008268;CLT-0028;65973,18;Russie;France;14;1;40;0;0;0;40;ÉLEVÉ;2026-05-14 11:56:32
TXN-008269;CLT-0084;60492,12;France;Italie;14;1;40;0;0;0;40;ÉLEVÉ;2026-05-14 11:56:32
TXN-008270;CLT-0016;2956,79;Russie;Espagne;14;0;0;0;0;0;0;FAIBLE;2026-05-14 11:56:32
TXN-008271;CLT-0045;1826,22;Espagne;France;14;0;0;0;0;0;0;FAIBLE;2026-05-14 11:56:32
TXN-008272;CLT-0086;2878,58;Allemagne;France;14;0;0;0;0;0;0;FAIBLE;2026-05-14 11:56:32
TXN-008273;CLT-0010;3241,96;Russie;Îles Caïmans;14;0;0;0;20;0;20;MODÉRÉ;2026-05-14 11:56:32
TXN-008274;CLT-0011;4453,16;France;France;14;0;0;0;0;0;0;FAIBLE;2026-05-14 11:56:32
TXN-008275;CLT-0057;3572,0;Espagne;France;14;0;0;0;0;0;0;FAIBLE;2026-05-14 11:56:32
TXN-008276;CLT-0034;976,45;France;France;14;0;0;0;0;0;0;FAIBLE;2026-05-14 11:56:32
TXN-008277;CLT-0020;2603,64;France;Italie;14;0;0;0;0;0;0;FAIBLE;2026-05-14 11:56:32
TXN-008278;CLT-0074;1124,52;Russie;Allemagne;14;0;0;0;0;0;0;FAIBLE;2026-05-14 11:56:32
TXN-008279;CLT-0040;3026,24;Îles Caïmans;Suisse;14;0;0;25;0;0;25;MODÉRÉ;2026-05-14 11:56:32
TXN-008280;CLT-0028;2588,73;Îles Caïmans;France;14;0;0;25;0;0;25;MODÉRÉ;2026-05-14 11:56:32
TXN-008281;CLT-0090;62971,24;Russie;France;14;1;40;0;0;0;40;ÉLEVÉ;2026-05-14 11:56:32
TXN-008282;CLT-0068;1921,67;Espagne;Allemagne;14;0;0;0;0;0;0;FAIBLE;2026-05-14 11:56:32
TXN-008283;CLT-0082;3949,18;France;Panama;14;0;0;0;20;0;20;MODÉRÉ;2026-05-14 11:56:32
TXN-008284;CLT-0073;4526,89;France;France;14;0;0;0;0;0;0;FAIBLE;2026-05-14 11:56:32
TXN-008285;CLT-0018;976,64;France;Panama;14;0;0;0;20;0;20;MODÉRÉ;2026-05-14 11:56:32
TXN-008286;CLT-0039;3487,59;France;France;14;0;0;0;0;0;0;FAIBLE;2026-05-14 11:56:32
TXN-008287;CLT-0097;4974,97;Panama;Panama;14;0;0;25;20;0;45;ÉLEVÉ;2026-05-14 11:56:32
TXN-008288;CLT-0055;2693,38;Panama;Espagne;14;0;0;25;0;0;25;MODÉRÉ;2026-05-14 11:56:32
TXN-008289;CLT-0082;4356,13;Îles Caïmans;Panama;14;0;0;25;20;0;45;ÉLEVÉ;2026-05-14 11:56:32
TXN-008290;CLT-0067;1143,47;Russie;Panama;14;0;0;0;20;0;20;MODÉRÉ;2026-05-14 11:56:32
TXN-008291;CLT-0089;554,89;Panama;Îles Caïmans;14;0;0;25;20;0;45;ÉLEVÉ;2026-05-14 11:56:32
TXN-008292;CLT-0095;1542,18;Espagne;Îles Caïmans;14;0;0;0;20;0;20;MODÉRÉ;2026-05-14 11:56:32
TXN-008293;CLT-0023;3586,85;France;Allemagne;14;0;0;0;0;0;0;FAIBLE;2026-05-14 11:56:32
TXN-008294;CLT-0041;913,81;France;Panama;14;0;0;0;20;0;20;MODÉRÉ;2026-05-14 11:56:32
TXN-008295;CLT-0090;3831,62;Espagne;France;14;0;0;0;0;0;0;FAIBLE;2026-05-14 11:56:32
TXN-008296;CLT-0077;1671,38;Îles Caïmans;France;14;0;0;25;0;0;25;MODÉRÉ;2026-05-14 11:56:32
TXN-008297;CLT-0020;2484,12;France;Italie;14;0;0;0;0;0;0;FAIBLE;2026-05-14 11:56:32
TXN-008298;CLT-0017;3173,4;France;Îles Caïmans;14;0;0;0;20;0;20;MODÉRÉ;2026-05-14 11:56:32
TXN-008299;CLT-0063;41089,51;Allemagne;Îles Caïmans;14;1;40;0;20;0;60;ÉLEVÉ;2026-05-14 11:56:32
TXN-008300;CLT-0036;1376,23;France;Italie;14;0;0;0;0;0;0;FAIBLE;2026-05-14 11:56:32
TXN-008301;CLT-0027;4998,81;Panama;Espagne;14;0;0;25;0;0;25;MODÉRÉ;2026-05-14 11:56:32
TXN-008302;CLT-0082;378,44;Russie;Panama;14;0;0;0;20;0;20;MODÉRÉ;2026-05-14 11:56:32
TXN-008303;CLT-0013;22881,81;France;France;14;1;40;0;0;0;40;ÉLEVÉ;2026-05-14 11:56:32
TXN-008304;CLT-0045;3202,75;Russie;France;14;0;0;0;0;0;0;FAIBLE;2026-05-14 11:56:32
TXN-008305;CLT-0065;25225,23;France;Îles Caïmans;14;1;40;0;20;0;60;ÉLEVÉ;2026-05-14 11:56:32
TXN-008306;CLT-0040;3724,76;Panama;Suisse;14;0;0;25;0;0;25;MODÉRÉ;2026-05-14 11:56:32
TXN-008307;CLT-0093;265,94;Panama;Suisse;14;0;0;25;0;0;25;MODÉRÉ;2026-05-14 11:56:32
TXN-008308;CLT-0033;2358,21;Panama;Italie;14;0;0;25;0;0;25;MODÉRÉ;2026-05-14 11:56:32
TXN-008309;CLT-0006;4664,69;France;France;14;0;0;0;0;0;0;FAIBLE;2026-05-14 11:56:32
TXN-008310;CLT-0003;4967,13;Espagne;France;14;0;0;0;0;0;0;FAIBLE;2026-05-14 11:56:32
TXN-008311;CLT-0018;2658,83;Panama;Panama;14;0;0;25;20;0;45;ÉLEVÉ;2026-05-14 11:56:32
TXN-008312;CLT-0007;834,0;Russie;Suisse;14;0;0;0;0;0;0;FAIBLE;2026-05-14 11:56:32
TXN-008313;CLT-0086;40542,13;Allemagne;France;14;1;40;0;0;0;40;ÉLEVÉ;2026-05-14 11:56:32
TXN-008314;CLT-0031;4750,61;Panama;Panama;14;0;0;25;20;0;45;ÉLEVÉ;2026-05-14 11:56:32
TXN-008315;CLT-0072;325,9;Allemagne;Allemagne;14;0;0;0;0;0;0;FAIBLE;2026-05-14 11:56:32
TXN-008316;CLT-0068;3891,77;France;Allemagne;14;0;0;0;0;0;0;FAIBLE;2026-05-14 11:56:32
TXN-008317;CLT-0063;38035,54;Allemagne;Îles Caïmans;14;1;40;0;20;0;60;ÉLEVÉ;2026-05-14 11:56:32
TXN-008318;CLT-0095;26,46;Îles Caïmans;Îles Caïmans;14;0;0;25;20;0;45;ÉLEVÉ;2026-05-14 11:56:32
TXN-008319;CLT-0037;14,84;Espagne;Îles Caïmans;14;0;0;0;20;0;20;MODÉRÉ;2026-05-14 11:56:32
TXN-008320;CLT-0004;4423,55;Russie;Suisse;14;0;0;0;0;0;0;FAIBLE;2026-05-14 11:56:32
TXN-008321;CLT-0087;87,44;Panama;Italie;14;0;0;25;0;0;25;MODÉRÉ;2026-05-14 11:56:32
TXN-008322;CLT-0082;2583,96;Îles Caïmans;Panama;14;0;0;25;20;0;45;ÉLEVÉ;2026-05-14 11:56:32
TXN-008323;CLT-0064;4667,23;France;France;14;0;0;0;0;0;0;FAIBLE;2026-05-14 11:56:32
TXN-008324;CLT-0033;1454,47;France;Italie;14;0;0;0;0;0;0;FAIBLE;2026-05-14 11:56:32
TXN-008325;CLT-0074;28799,82;France;Allemagne;14;1;40;0;0;0;40;ÉLEVÉ;2026-05-14 11:56:32
TXN-008326;CLT-0013;4264,36;Îles Caïmans;France;14;0;0;25;0;0;25;MODÉRÉ;2026-05-14 11:56:32
TXN-008327;CLT-0098;1706,01;Espagne;Espagne;14;0;0;0;0;0;0;FAIBLE;2026-05-14 11:56:32
TXN-008328;CLT-0020;743,45;Îles Caïmans;Italie;14;0;0;25;0;0;25;MODÉRÉ;2026-05-14 11:56:32
TXN-008329;CLT-0021;78968,32;Îles Caïmans;France;14;1;40;25;0;0;65;ÉLEVÉ;2026-05-14 11:56:32
TXN-008330;CLT-0035;4581,74;France;Espagne;14;0;0;0;0;0;0;FAIBLE;2026-05-14 11:56:32
TXN-008331;CLT-0018;4650,16;Espagne;Panama;14;0;0;0;20;0;20;MODÉRÉ;2026-05-14 11:56:32
TXN-008332;CLT-0031;789,44;France;Panama;14;0;0;0;20;0;20;MODÉRÉ;2026-05-14 11:56:32
TXN-008333;CLT-0008;666,19;France;Suisse;14;0;0;0;0;0;0;FAIBLE;2026-05-14 11:56:32
TXN-008334;CLT-0078;19258,91;France;Suisse;14;1;40;0;0;0;40;ÉLEVÉ;2026-05-14 11:56:32
TXN-008335;CLT-0083;1186,62;Russie;France;14;0;0;0;0;0;0;FAIBLE;2026-05-14 11:56:32
TXN-008336;CLT-0043;3573,59;France;Suisse;14;0;0;0;0;0;0;FAIBLE;2026-05-14 11:56:32
TXN-008337;CLT-0082;4866,16;Îles Caïmans;Panama;14;0;0;25;20;0;45;ÉLEVÉ;2026-05-14 11:56:32
TXN-008338;CLT-0067;1410,58;Îles Caïmans;Panama;14;0;0;25;20;0;45;ÉLEVÉ;2026-05-14 11:56:32
TXN-008339;CLT-0008;4001,23;Russie;Suisse;14;0;0;0;0;0;0;FAIBLE;2026-05-14 11:56:32
TXN-008340;CLT-0049;4670,36;Espagne;France;14;0;0;0;0;0;0;FAIBLE;2026-05-14 11:56:32
TXN-008341;CLT-0060;24462,07;France;Italie;14;1;40;0;0;0;40;ÉLEVÉ;2026-05-14 11:56:32
TXN-008342;CLT-0049;4481,65;France;France;14;0;0;0;0;0;0;FAIBLE;2026-05-14 11:56:32
TXN-008343;CLT-0093;946,57;Îles Caïmans;Suisse;14;0;0;25;0;0;25;MODÉRÉ;2026-05-14 11:56:32
TXN-008344;CLT-0009;3622,93;Allemagne;Suisse;14;0;0;0;0;0;0;FAIBLE;2026-05-14 11:56:32
TXN-008345;CLT-0042;2942,62;Russie;Italie;14;0;0;0;0;0;0;FAIBLE;2026-05-14 11:56:32
TXN-008346;CLT-0070;4326,14;Espagne;Italie;14;0;0;0;0;0;0;FAIBLE;2026-05-14 11:56:32
TXN-008347;CLT-0036;2517,23;France;Italie;14;0;0;0;0;0;0;FAIBLE;2026-05-14 11:56:32
TXN-008348;CLT-0068;837,11;Allemagne;Allemagne;14;0;0;0;0;0;0;FAIBLE;2026-05-14 11:56:32
TXN-008349;CLT-0065;3933,98;France;Îles Caïmans;14;0;0;0;20;0;20;MODÉRÉ;2026-05-14 11:56:32
TXN-008350;CLT-0004;1095,18;France;Suisse;14;0;0;0;0;0;0;FAIBLE;2026-05-14 11:56:32
TXN-008351;CLT-0091;146,76;France;Allemagne;14;0;0;0;0;0;0;FAIBLE;2026-05-14 11:56:32
TXN-008352;CLT-0039;3440,32;France;France;14;0;0;0;0;0;0;FAIBLE;2026-05-14 11:56:32
TXN-008353;CLT-0076;4622,97;Espagne;France;14;0;0;0;0;0;0;FAIBLE;2026-05-14 11:56:32
TXN-008354;CLT-0004;1945,47;Allemagne;Suisse;14;0;0;0;0;0;0;FAIBLE;2026-05-14 11:56:32
TXN-008355;CLT-0083;1141,2;France;France;14;0;0;0;0;0;0;FAIBLE;2026-05-14 11:56:32
TXN-008356;CLT-0079;4545,3;Allemagne;Îles Caïmans;14;0;0;0;20;0;20;MODÉRÉ;2026-05-14 11:56:32
TXN-008357;CLT-0046;2300,81;Panama;France;14;0;0;25;0;0;25;MODÉRÉ;2026-05-14 11:56:32
TXN-008358;CLT-0027;4064,17;Russie;Espagne;14;0;0;0;0;0;0;FAIBLE;2026-05-14 11:56:32
TXN-008359;CLT-0080;4716,94;France;France;14;0;0;0;0;0;0;FAIBLE;2026-05-14 11:56:32
TXN-008360;CLT-0082;3814,6;Panama;Panama;14;0;0;25;20;0;45;ÉLEVÉ;2026-05-14 11:56:32
TXN-008361;CLT-0008;1813,43;France;Suisse;14;0;0;0;0;0;0;FAIBLE;2026-05-14 11:56:32
TXN-008362;CLT-0029;4546,55;Allemagne;France;14;0;0;0;0;0;0;FAIBLE;2026-05-14 11:56:32
TXN-008363;CLT-0054;49938,68;Îles Caïmans;Suisse;14;1;40;25;0;0;65;ÉLEVÉ;2026-05-14 11:56:32
TXN-008364;CLT-0051;1524,47;Espagne;France;14;0;0;0;0;0;0;FAIBLE;2026-05-14 11:56:32
TXN-008365;CLT-0022;3154,23;France;Allemagne;14;0;0;0;0;0;0;FAIBLE;2026-05-14 11:56:32
TXN-008366;CLT-0083;1255,57;Panama;France;14;0;0;25;0;0;25;MODÉRÉ;2026-05-14 11:56:32
TXN-008367;CLT-0074;63508,18;France;Allemagne;14;1;40;0;0;0;40;ÉLEVÉ;2026-05-14 11:56:32
TXN-008368;CLT-0001;4694,19;Panama;France;14;0;0;25;0;0;25;MODÉRÉ;2026-05-14 11:56:32
TXN-008369;CLT-0082;3390,66;France;Panama;14;0;0;0;20;0;20;MODÉRÉ;2026-05-14 11:56:32
TXN-008370;CLT-0097;3732,52;Panama;Panama;14;0;0;25;20;0;45;ÉLEVÉ;2026-05-14 11:56:32
TXN-008371;CLT-0010;897,92;Îles Caïmans;Îles Caïmans;14;0;0;25;20;0;45;ÉLEVÉ;2026-05-14 11:56:32
TXN-008372;CLT-0065;2234,03;Espagne;Îles Caïmans;14;0;0;0;20;0;20;MODÉRÉ;2026-05-14 11:56:32
TXN-008373;CLT-0052;3697,45;Russie;France;14;0;0;0;0;0;0;FAIBLE;2026-05-14 11:56:32
TXN-008374;CLT-0022;25432,97;Panama;Allemagne;14;1;40;25;0;0;65;ÉLEVÉ;2026-05-14 11:56:32
TXN-008375;CLT-0004;4892,28;Panama;Suisse;14;0;0;25;0;0;25;MODÉRÉ;2026-05-14 11:56:32
TXN-008376;CLT-0018;3635,08;France;Panama;14;0;0;0;20;0;20;MODÉRÉ;2026-05-14 11:56:32
TXN-008377;CLT-0090;1111,07;Russie;France;14;0;0;0;0;0;0;FAIBLE;2026-05-14 11:56:32
TXN-008378;CLT-0035;20994,07;France;Espagne;14;1;40;0;0;0;40;ÉLEVÉ;2026-05-14 11:56:32
TXN-008379;CLT-0053;13651,39;Allemagne;Espagne;14;1;40;0;0;0;40;ÉLEVÉ;2026-05-14 11:56:32
TXN-008380;CLT-0031;160,51;France;Panama;14;0;0;0;20;0;20;MODÉRÉ;2026-05-14 11:56:32
TXN-008381;CLT-0036;1823,62;Russie;Italie;14;0;0;0;0;0;0;FAIBLE;2026-05-14 11:56:32
TXN-008382;CLT-0056;2749,63;Îles Caïmans;Allemagne;14;0;0;25;0;0;25;MODÉRÉ;2026-05-14 11:56:32
TXN-008383;CLT-0081;825,0;France;Îles Caïmans;14;0;0;0;20;0;20;MODÉRÉ;2026-05-14 11:56:32
TXN-008384;CLT-0059;3298,64;France;Îles Caïmans;14;0;0;0;20;0;20;MODÉRÉ;2026-05-14 11:56:32
TXN-008385;CLT-0014;3661,37;Espagne;France;14;0;0;0;0;0;0;FAIBLE;2026-05-14 11:56:32
TXN-008386;CLT-0099;4849,95;Panama;Panama;14;0;0;25;20;0;45;ÉLEVÉ;2026-05-14 11:56:32
TXN-008387;CLT-0014;3204,45;Russie;France;14;0;0;0;0;0;0;FAIBLE;2026-05-14 11:56:32
TXN-008388;CLT-0004;2936,2;Espagne;Suisse;14;0;0;0;0;0;0;FAIBLE;2026-05-14 11:56:32
TXN-008389;CLT-0100;4134,86;Russie;Suisse;14;0;0;0;0;0;0;FAIBLE;2026-05-14 11:56:32
TXN-008390;CLT-0094;969,79;France;Allemagne;14;0;0;0;0;0;0;FAIBLE;2026-05-14 11:56:32
TXN-008391;CLT-0027;1423,31;Îles Caïmans;Espagne;14;0;0;25;0;0;25;MODÉRÉ;2026-05-14 11:56:32
TXN-008392;CLT-0017;4442,0;France;Îles Caïmans;14;0;0;0;20;0;20;MODÉRÉ;2026-05-14 11:56:32
TXN-008393;CLT-0088;3359,51;France;Allemagne;14;0;0;0;0;0;0;FAIBLE;2026-05-14 11:56:32
TXN-008394;CLT-0028;38277,38;Panama;France;14;1;40;25;0;0;65;ÉLEVÉ;2026-05-14 11:56:32
TXN-008395;CLT-0041;2572,68;Îles Caïmans;Panama;14;0;0;25;20;0;45;ÉLEVÉ;2026-05-14 11:56:32
TXN-008396;CLT-0046;3856,12;Espagne;France;14;0;0;0;0;0;0;FAIBLE;2026-05-14 11:56:32
TXN-008397;CLT-0010;53447,63;Îles Caïmans;Îles Caïmans;14;1;40;25;20;0;85;CRITIQUE;2026-05-14 11:56:32
TXN-008398;CLT-0093;38552,7;Russie;Suisse;14;1;40;0;0;0;40;ÉLEVÉ;2026-05-14 11:56:32
TXN-008399;CLT-0044;3429,64;Îles Caïmans;France;14;0;0;25;0;0;25;MODÉRÉ;2026-05-14 11:56:32
TXN-008400;CLT-0016;91921,49;Îles Caïmans;Espagne;14;1;40;25;0;0;65;ÉLEVÉ;2026-05-14 11:56:32
TXN-008401;CLT-0033;3627,29;Panama;Italie;14;0;0;25;0;0;25;MODÉRÉ;2026-05-14 11:56:32
TXN-008402;CLT-0051;1323,59;Îles Caïmans;France;14;0;0;25;0;0;25;MODÉRÉ;2026-05-14 11:56:32
TXN-008403;CLT-0090;61,98;France;France;14;0;0;0;0;0;0;FAIBLE;2026-05-14 11:56:32
TXN-008404;CLT-0090;1745,34;Russie;France;14;0;0;0;0;0;0;FAIBLE;2026-05-14 11:56:32
TXN-008405;CLT-0019;4484,48;Russie;Espagne;14;0;0;0;0;0;0;FAIBLE;2026-05-14 11:56:32
TXN-008406;CLT-0083;71828,63;Panama;France;14;1;40;25;0;0;65;ÉLEVÉ;2026-05-14 11:56:32
TXN-008407;CLT-0003;3740,6;Îles Caïmans;France;14;0;0;25;0;0;25;MODÉRÉ;2026-05-14 11:56:32
TXN-008408;CLT-0055;182,07;France;Espagne;14;0;0;0;0;0;0;FAIBLE;2026-05-14 11:56:32
TXN-008409;CLT-0053;4726,83;France;Espagne;14;0;0;0;0;0;0;FAIBLE;2026-05-14 11:56:32
TXN-008410;CLT-0095;4614,55;Allemagne;Îles Caïmans;14;0;0;0;20;0;20;MODÉRÉ;2026-05-14 11:56:32
TXN-008411;CLT-0013;4167,42;France;France;14;0;0;0;0;0;0;FAIBLE;2026-05-14 11:56:32
TXN-008412;CLT-0065;59772,1;France;Îles Caïmans;14;1;40;0;20;0;60;ÉLEVÉ;2026-05-14 11:56:32
TXN-008413;CLT-0091;4308,54;France;Allemagne;14;0;0;0;0;0;0;FAIBLE;2026-05-14 11:56:32
TXN-008414;CLT-0024;4228,08;Russie;Espagne;14;0;0;0;0;0;0;FAIBLE;2026-05-14 11:56:32
TXN-008415;CLT-0043;1536,46;Espagne;Suisse;14;0;0;0;0;0;0;FAIBLE;2026-05-14 11:56:32
TXN-008416;CLT-0082;4004,6;Espagne;Panama;14;0;0;0;20;0;20;MODÉRÉ;2026-05-14 11:56:32
TXN-008417;CLT-0052;4105,93;Espagne;France;14;0;0;0;0;0;0;FAIBLE;2026-05-14 11:56:32
TXN-008418;CLT-0091;2401,23;Îles Caïmans;Allemagne;14;0;0;25;0;0;25;MODÉRÉ;2026-05-14 11:56:32
TXN-008419;CLT-0009;4472,23;France;Suisse;14;0;0;0;0;0;0;FAIBLE;2026-05-14 11:56:32
TXN-008420;CLT-0073;4761,45;Russie;France;14;0;0;0;0;0;0;FAIBLE;2026-05-14 11:56:32
TXN-008421;CLT-0095;31584,8;Russie;Îles Caïmans;14;1;40;0;20;0;60;ÉLEVÉ;2026-05-14 11:56:32
TXN-008422;CLT-0085;3091,48;Russie;Îles Caïmans;14;0;0;0;20;0;20;MODÉRÉ;2026-05-14 11:56:32
TXN-008423;CLT-0001;342,58;France;France;14;0;0;0;0;0;0;FAIBLE;2026-05-14 11:56:32
TXN-008424;CLT-0029;278,5;France;France;14;0;0;0;0;0;0;FAIBLE;2026-05-14 11:56:32
TXN-008425;CLT-0025;4307,58;Panama;Italie;14;0;0;25;0;0;25;MODÉRÉ;2026-05-14 11:56:32
TXN-008426;CLT-0024;900,29;Îles Caïmans;Espagne;14;0;0;25;0;0;25;MODÉRÉ;2026-05-14 11:56:32
TXN-008427;CLT-0083;4144,86;France;France;14;0;0;0;0;0;0;FAIBLE;2026-05-14 11:56:32
TXN-008428;CLT-0076;79885,13;France;France;14;1;40;0;0;0;40;ÉLEVÉ;2026-05-14 11:56:32
TXN-008429;CLT-0008;1912,97;Îles Caïmans;Suisse;14;0;0;25;0;0;25;MODÉRÉ;2026-05-14 11:56:32
TXN-008430;CLT-0012;2122,12;Espagne;Panama;14;0;0;0;20;0;20;MODÉRÉ;2026-05-14 11:56:32
TXN-008431;CLT-0096;28825,07;France;Panama;14;1;40;0;20;0;60;ÉLEVÉ;2026-05-14 11:56:32
TXN-008432;CLT-0051;3361,33;Allemagne;France;14;0;0;0;0;0;0;FAIBLE;2026-05-14 11:56:32
TXN-008433;CLT-0054;112,99;Allemagne;Suisse;14;0;0;0;0;0;0;FAIBLE;2026-05-14 11:56:32
TXN-008434;CLT-0045;2920,24;Îles Caïmans;France;14;0;0;25;0;0;25;MODÉRÉ;2026-05-14 11:56:32
TXN-008435;CLT-0055;2027,97;Panama;Espagne;14;0;0;25;0;0;25;MODÉRÉ;2026-05-14 11:56:32
TXN-008436;CLT-0084;2635,37;Panama;Italie;14;0;0;25;0;0;25;MODÉRÉ;2026-05-14 11:56:32
TXN-008437;CLT-0007;252,85;Allemagne;Suisse;14;0;0;0;0;0;0;FAIBLE;2026-05-14 11:56:32
TXN-008438;CLT-0047;62438,82;France;Îles Caïmans;14;1;40;0;20;0;60;ÉLEVÉ;2026-05-14 11:56:32
TXN-008439;CLT-0056;4880,72;Espagne;Allemagne;14;0;0;0;0;0;0;FAIBLE;2026-05-14 11:56:32
TXN-008440;CLT-0100;2929,34;France;Suisse;14;0;0;0;0;0;0;FAIBLE;2026-05-14 11:56:32
TXN-008441;CLT-0007;2094,72;France;Suisse;14;0;0;0;0;0;0;FAIBLE;2026-05-14 11:56:32
TXN-008442;CLT-0079;2985,17;Russie;Îles Caïmans;14;0;0;0;20;0;20;MODÉRÉ;2026-05-14 11:56:32
TXN-008443;CLT-0065;2910,49;Espagne;Îles Caïmans;14;0;0;0;20;0;20;MODÉRÉ;2026-05-14 11:56:32
TXN-008444;CLT-0064;2687,63;Espagne;France;14;0;0;0;0;0;0;FAIBLE;2026-05-14 11:56:32
TXN-008445;CLT-0058;1192,68;Espagne;France;14;0;0;0;0;0;0;FAIBLE;2026-05-14 11:56:32
TXN-008446;CLT-0016;4778,75;Îles Caïmans;Espagne;14;0;0;25;0;0;25;MODÉRÉ;2026-05-14 11:56:32
TXN-008447;CLT-0086;1863,04;Espagne;France;14;0;0;0;0;0;0;FAIBLE;2026-05-14 11:56:32
TXN-008448;CLT-0026;2473,6;Panama;Italie;14;0;0;25;0;0;25;MODÉRÉ;2026-05-14 11:56:32
TXN-008449;CLT-0017;1778,53;Panama;Îles Caïmans;14;0;0;25;20;0;45;ÉLEVÉ;2026-05-14 11:56:32
TXN-008450;CLT-0051;54839,08;Allemagne;France;14;1;40;0;0;0;40;ÉLEVÉ;2026-05-14 11:56:32
TXN-008451;CLT-0064;303,85;Îles Caïmans;France;14;0;0;25;0;0;25;MODÉRÉ;2026-05-14 11:56:32
TXN-008452;CLT-0061;1806,74;Allemagne;France;14;0;0;0;0;0;0;FAIBLE;2026-05-14 11:56:32
TXN-008453;CLT-0041;1631,7;Espagne;Panama;14;0;0;0;20;0;20;MODÉRÉ;2026-05-14 11:56:32
TXN-008454;CLT-0037;4905,09;France;Îles Caïmans;14;0;0;0;20;0;20;MODÉRÉ;2026-05-14 11:56:32
TXN-008455;CLT-0008;2595,42;France;Suisse;14;0;0;0;0;0;0;FAIBLE;2026-05-14 11:56:32
TXN-008456;CLT-0064;3578,88;France;France;14;0;0;0;0;0;0;FAIBLE;2026-05-14 11:56:32
TXN-008457;CLT-0082;587,22;France;Panama;14;0;0;0;20;0;20;MODÉRÉ;2026-05-14 11:56:32
TXN-008458;CLT-0013;4236,91;France;France;14;0;0;0;0;0;0;FAIBLE;2026-05-14 11:56:32
TXN-008459;CLT-0060;3076,44;Russie;Italie;14;0;0;0;0;0;0;FAIBLE;2026-05-14 11:56:32
TXN-008460;CLT-0015;2678,5;Îles Caïmans;France;14;0;0;25;0;0;25;MODÉRÉ;2026-05-14 11:56:32
TXN-008461;CLT-0034;9607,44;Espagne;France;14;1;40;0;0;0;40;ÉLEVÉ;2026-05-14 11:56:32
TXN-008462;CLT-0076;249,4;Îles Caïmans;France;14;0;0;25;0;0;25;MODÉRÉ;2026-05-14 11:56:32
TXN-008463;CLT-0019;2176,51;France;Espagne;14;0;0;0;0;0;0;FAIBLE;2026-05-14 11:56:32
TXN-008464;CLT-0017;3452,19;France;Îles Caïmans;14;0;0;0;20;0;20;MODÉRÉ;2026-05-14 11:56:32
TXN-008465;CLT-0005;31365,36;Îles Caïmans;Panama;14;1;40;25;20;0;85;CRITIQUE;2026-05-14 11:56:32
TXN-008466;CLT-0084;81890,76;Îles Caïmans;Italie;14;1;40;25;0;0;65;ÉLEVÉ;2026-05-14 11:56:32
TXN-008467;CLT-0012;1662,15;Panama;Panama;14;0;0;25;20;0;45;ÉLEVÉ;2026-05-14 11:56:32
TXN-008468;CLT-0033;2540,64;Allemagne;Italie;14;0;0;0;0;0;0;FAIBLE;2026-05-14 11:56:32
TXN-008469;CLT-0036;3346,69;Allemagne;Italie;14;0;0;0;0;0;0;FAIBLE;2026-05-14 11:56:32
TXN-008470;CLT-0006;4817,31;Allemagne;France;14;0;0;0;0;0;0;FAIBLE;2026-05-14 11:56:32
TXN-008471;CLT-0011;2786,73;Espagne;France;14;0;0;0;0;0;0;FAIBLE;2026-05-14 11:56:32
TXN-008472;CLT-0086;3662,27;Allemagne;France;14;0;0;0;0;0;0;FAIBLE;2026-05-14 11:56:32
TXN-008473;CLT-0080;3224,09;Panama;France;14;0;0;25;0;0;25;MODÉRÉ;2026-05-14 11:56:32
TXN-008474;CLT-0078;1121,39;Russie;Suisse;14;0;0;0;0;0;0;FAIBLE;2026-05-14 11:56:32
TXN-008475;CLT-0092;1088,21;Espagne;Suisse;14;0;0;0;0;0;0;FAIBLE;2026-05-14 11:56:32
TXN-008476;CLT-0021;2866,41;France;France;14;0;0;0;0;0;0;FAIBLE;2026-05-14 11:56:32
TXN-008477;CLT-0021;2690,73;Espagne;France;14;0;0;0;0;0;0;FAIBLE;2026-05-14 11:56:32
TXN-008478;CLT-0041;4753,03;France;Panama;14;0;0;0;20;0;20;MODÉRÉ;2026-05-14 11:56:32
TXN-008479;CLT-0052;78840,24;Îles Caïmans;France;14;1;40;25;0;0;65;ÉLEVÉ;2026-05-14 11:56:32
TXN-008480;CLT-0041;9716,66;Russie;Panama;14;1;40;0;20;0;60;ÉLEVÉ;2026-05-14 11:56:32
TXN-008481;CLT-0017;808,73;Îles Caïmans;Îles Caïmans;14;0;0;25;20;0;45;ÉLEVÉ;2026-05-14 11:56:32
TXN-008482;CLT-0028;662,67;Panama;France;14;0;0;25;0;0;25;MODÉRÉ;2026-05-14 11:56:32
TXN-008483;CLT-0081;3196,7;Espagne;Îles Caïmans;14;0;0;0;20;0;20;MODÉRÉ;2026-05-14 11:56:32
TXN-008484;CLT-0074;98,64;Îles Caïmans;Allemagne;14;0;0;25;0;0;25;MODÉRÉ;2026-05-14 11:56:32
TXN-008485;CLT-0096;4419,07;Îles Caïmans;Panama;14;0;0;25;20;0;45;ÉLEVÉ;2026-05-14 11:56:32
TXN-008486;CLT-0097;4950,68;France;Panama;14;0;0;0;20;0;20;MODÉRÉ;2026-05-14 11:56:32
TXN-008487;CLT-0051;1478,13;France;France;14;0;0;0;0;0;0;FAIBLE;2026-05-14 11:56:32
TXN-008488;CLT-0029;2028,09;Allemagne;France;14;0;0;0;0;0;0;FAIBLE;2026-05-14 11:56:32
TXN-008489;CLT-0003;1729,32;France;France;14;0;0;0;0;0;0;FAIBLE;2026-05-14 11:56:32
TXN-008490;CLT-0080;3008,61;Espagne;France;14;0;0;0;0;0;0;FAIBLE;2026-05-14 11:56:32
TXN-008491;CLT-0055;3483,16;France;Espagne;14;0;0;0;0;0;0;FAIBLE;2026-05-14 11:56:32
TXN-008492;CLT-0029;2582,92;Espagne;France;14;0;0;0;0;0;0;FAIBLE;2026-05-14 11:56:32
TXN-008493;CLT-0068;361,49;Espagne;Allemagne;14;0;0;0;0;0;0;FAIBLE;2026-05-14 11:56:32
TXN-008494;CLT-0027;3770,33;Russie;Espagne;14;0;0;0;0;0;0;FAIBLE;2026-05-14 11:56:32
TXN-008495;CLT-0063;549,17;France;Îles Caïmans;14;0;0;0;20;0;20;MODÉRÉ;2026-05-14 11:56:32
TXN-008496;CLT-0029;127,94;France;France;14;0;0;0;0;0;0;FAIBLE;2026-05-14 11:56:32
TXN-008497;CLT-0087;25399,95;France;Italie;14;1;40;0;0;0;40;ÉLEVÉ;2026-05-14 11:56:32
TXN-008498;CLT-0043;2144,74;France;Suisse;14;0;0;0;0;0;0;FAIBLE;2026-05-14 11:56:32
TXN-008499;CLT-0062;35913,97;France;France;14;1;40;0;0;0;40;ÉLEVÉ;2026-05-14 11:56:32
TXN-008500;CLT-0027;1968,38;Îles Caïmans;Espagne;14;0;0;25;0;0;25;MODÉRÉ;2026-05-14 11:56:32
TXN-008501;CLT-0061;23726,44;France;France;14;1;40;0;0;0;40;ÉLEVÉ;2026-05-14 11:56:32
TXN-008502;CLT-0056;3824,76;France;Allemagne;14;0;0;0;0;0;0;FAIBLE;2026-05-14 11:56:32
TXN-008503;CLT-0009;2189,31;France;Suisse;14;0;0;0;0;0;0;FAIBLE;2026-05-14 11:56:32
TXN-008504;CLT-0054;1329,49;Panama;Suisse;14;0;0;25;0;0;25;MODÉRÉ;2026-05-14 11:56:32
TXN-008505;CLT-0058;53892,01;Russie;France;14;1;40;0;0;0;40;ÉLEVÉ;2026-05-14 11:56:32
TXN-008506;CLT-0009;310,26;Îles Caïmans;Suisse;14;0;0;25;0;0;25;MODÉRÉ;2026-05-14 11:56:32
TXN-008507;CLT-0099;50856,27;Îles Caïmans;Panama;14;1;40;25;20;0;85;CRITIQUE;2026-05-14 11:56:32
TXN-008508;CLT-0008;4491,79;France;Suisse;14;0;0;0;0;0;0;FAIBLE;2026-05-14 11:56:32
TXN-008509;CLT-0087;3386,25;Îles Caïmans;Italie;14;0;0;25;0;0;25;MODÉRÉ;2026-05-14 11:56:32
TXN-008510;CLT-0081;2236,08;Russie;Îles Caïmans;14;0;0;0;20;0;20;MODÉRÉ;2026-05-14 11:56:32
TXN-008511;CLT-0001;1918,3;Allemagne;France;14;0;0;0;0;0;0;FAIBLE;2026-05-14 11:56:32
TXN-008512;CLT-0037;4987,16;France;Îles Caïmans;14;0;0;0;20;0;20;MODÉRÉ;2026-05-14 11:56:32
TXN-008513;CLT-0001;2264,0;France;France;14;0;0;0;0;0;0;FAIBLE;2026-05-14 11:56:32
TXN-008514;CLT-0099;1786,83;Panama;Panama;14;0;0;25;20;0;45;ÉLEVÉ;2026-05-14 11:56:32
TXN-008515;CLT-0049;1121,53;Panama;France;14;0;0;25;0;0;25;MODÉRÉ;2026-05-14 11:56:32
TXN-008516;CLT-0044;2276,83;France;France;14;0;0;0;0;0;0;FAIBLE;2026-05-14 11:56:32
TXN-008517;CLT-0066;1531,71;Allemagne;Espagne;14;0;0;0;0;0;0;FAIBLE;2026-05-14 11:56:32
TXN-008518;CLT-0043;1812,63;Îles Caïmans;Suisse;14;0;0;25;0;0;25;MODÉRÉ;2026-05-14 11:56:32
TXN-008519;CLT-0024;3145,62;Espagne;Espagne;14;0;0;0;0;0;0;FAIBLE;2026-05-14 11:56:32
TXN-008520;CLT-0064;1665,15;Panama;France;14;0;0;25;0;0;25;MODÉRÉ;2026-05-14 11:56:32
TXN-008521;CLT-0079;3546,43;France;Îles Caïmans;14;0;0;0;20;0;20;MODÉRÉ;2026-05-14 11:56:32
TXN-008522;CLT-0050;3645,49;France;Espagne;14;0;0;0;0;0;0;FAIBLE;2026-05-14 11:56:32
TXN-008523;CLT-0066;321,56;Panama;Espagne;14;0;0;25;0;0;25;MODÉRÉ;2026-05-14 11:56:32
TXN-008524;CLT-0058;742,26;Panama;France;14;0;0;25;0;0;25;MODÉRÉ;2026-05-14 11:56:32
TXN-008525;CLT-0084;2593,35;Allemagne;Italie;14;0;0;0;0;0;0;FAIBLE;2026-05-14 11:56:32
TXN-008526;CLT-0089;79598,34;Allemagne;Îles Caïmans;14;1;40;0;20;0;60;ÉLEVÉ;2026-05-14 11:56:32
TXN-008527;CLT-0036;1560,55;France;Italie;14;0;0;0;0;0;0;FAIBLE;2026-05-14 11:56:32
TXN-008528;CLT-0069;4977,33;Espagne;Panama;14;0;0;0;20;0;20;MODÉRÉ;2026-05-14 11:56:32
TXN-008529;CLT-0090;2582,65;France;France;14;0;0;0;0;0;0;FAIBLE;2026-05-14 11:56:32
TXN-008530;CLT-0033;2262,38;Russie;Italie;14;0;0;0;0;0;0;FAIBLE;2026-05-14 11:56:32
TXN-008531;CLT-0014;2201,59;Panama;France;14;0;0;25;0;0;25;MODÉRÉ;2026-05-14 11:56:32
TXN-008532;CLT-0069;2285,96;Panama;Panama;14;0;0;25;20;0;45;ÉLEVÉ;2026-05-14 11:56:32
TXN-008533;CLT-0021;621,74;Russie;France;14;0;0;0;0;0;0;FAIBLE;2026-05-14 11:56:32
TXN-008534;CLT-0031;4662,71;Russie;Panama;14;0;0;0;20;0;20;MODÉRÉ;2026-05-14 11:56:32
TXN-008535;CLT-0082;1465,9;France;Panama;14;0;0;0;20;0;20;MODÉRÉ;2026-05-14 11:56:32
TXN-008536;CLT-0055;4218,96;France;Espagne;14;0;0;0;0;0;0;FAIBLE;2026-05-14 11:56:32
TXN-008537;CLT-0085;1560,47;Îles Caïmans;Îles Caïmans;14;0;0;25;20;0;45;ÉLEVÉ;2026-05-14 11:56:32
TXN-008538;CLT-0095;4613,44;France;Îles Caïmans;14;0;0;0;20;0;20;MODÉRÉ;2026-05-14 11:56:32
TXN-008539;CLT-0081;2327,57;France;Îles Caïmans;14;0;0;0;20;0;20;MODÉRÉ;2026-05-14 11:56:32
TXN-008540;CLT-0055;2030,05;France;Espagne;14;0;0;0;0;0;0;FAIBLE;2026-05-14 11:56:32
TXN-008541;CLT-0057;2284,67;Espagne;France;14;0;0;0;0;0;0;FAIBLE;2026-05-14 11:56:32
TXN-008542;CLT-0079;2858,2;Panama;Îles Caïmans;14;0;0;25;20;0;45;ÉLEVÉ;2026-05-14 11:56:32
TXN-008543;CLT-0025;1859,31;France;Italie;14;0;0;0;0;0;0;FAIBLE;2026-05-14 11:56:32
TXN-008544;CLT-0080;285,25;Espagne;France;14;0;0;0;0;0;0;FAIBLE;2026-05-14 11:56:32
TXN-008545;CLT-0031;1121,3;Panama;Panama;14;0;0;25;20;0;45;ÉLEVÉ;2026-05-14 11:56:32
TXN-008546;CLT-0097;4978,18;France;Panama;14;0;0;0;20;0;20;MODÉRÉ;2026-05-14 11:56:32
TXN-008547;CLT-0024;1580,3;France;Espagne;14;0;0;0;0;0;0;FAIBLE;2026-05-14 11:56:32
TXN-008548;CLT-0012;1672,9;France;Panama;14;0;0;0;20;0;20;MODÉRÉ;2026-05-14 11:56:32
TXN-008549;CLT-0061;139,79;Allemagne;France;14;0;0;0;0;0;0;FAIBLE;2026-05-14 11:56:32
TXN-008550;CLT-0051;593,68;Panama;France;14;0;0;25;0;0;25;MODÉRÉ;2026-05-14 11:56:32
TXN-008551;CLT-0038;990,25;Panama;Îles Caïmans;14;0;0;25;20;0;45;ÉLEVÉ;2026-05-14 11:56:32
TXN-008552;CLT-0047;50,5;Allemagne;Îles Caïmans;14;0;0;0;20;0;20;MODÉRÉ;2026-05-14 11:56:32
TXN-008553;CLT-0094;3691,27;France;Allemagne;14;0;0;0;0;0;0;FAIBLE;2026-05-14 11:56:32
TXN-008554;CLT-0090;37345,01;Russie;France;14;1;40;0;0;0;40;ÉLEVÉ;2026-05-14 11:56:32
TXN-008555;CLT-0038;4280,56;Panama;Îles Caïmans;14;0;0;25;20;0;45;ÉLEVÉ;2026-05-14 11:56:32
TXN-008556;CLT-0061;3817,19;Allemagne;France;14;0;0;0;0;0;0;FAIBLE;2026-05-14 11:56:32
TXN-008557;CLT-0047;78008,77;France;Îles Caïmans;14;1;40;0;20;0;60;ÉLEVÉ;2026-05-14 11:56:32
TXN-008558;CLT-0009;988,92;Allemagne;Suisse;14;0;0;0;0;0;0;FAIBLE;2026-05-14 11:56:32
TXN-008559;CLT-0051;1860,77;Allemagne;France;14;0;0;0;0;0;0;FAIBLE;2026-05-14 11:56:32
TXN-008560;CLT-0081;2173,57;Espagne;Îles Caïmans;14;0;0;0;20;0;20;MODÉRÉ;2026-05-14 11:56:32
TXN-008561;CLT-0015;4489,81;Îles Caïmans;France;14;0;0;25;0;0;25;MODÉRÉ;2026-05-14 11:56:32
TXN-008562;CLT-0053;978,0;Allemagne;Espagne;14;0;0;0;0;0;0;FAIBLE;2026-05-14 11:56:32
TXN-008563;CLT-0091;3172,46;Espagne;Allemagne;14;0;0;0;0;0;0;FAIBLE;2026-05-14 11:56:32
TXN-008564;CLT-0019;94325,74;France;Espagne;14;1;40;0;0;0;40;ÉLEVÉ;2026-05-14 11:56:32
TXN-008565;CLT-0035;457,0;Espagne;Espagne;14;0;0;0;0;0;0;FAIBLE;2026-05-14 11:56:32
TXN-008566;CLT-0044;3215,06;Îles Caïmans;France;14;0;0;25;0;0;25;MODÉRÉ;2026-05-14 11:56:32
TXN-008567;CLT-0008;2421,74;Allemagne;Suisse;14;0;0;0;0;0;0;FAIBLE;2026-05-14 11:56:32
TXN-008568;CLT-0013;680,61;France;France;14;0;0;0;0;0;0;FAIBLE;2026-05-14 11:56:32
TXN-008569;CLT-0079;763,61;Allemagne;Îles Caïmans;14;0;0;0;20;0;20;MODÉRÉ;2026-05-14 11:56:32
TXN-008570;CLT-0006;4105,02;Panama;France;14;0;0;25;0;0;25;MODÉRÉ;2026-05-14 11:56:32
TXN-008571;CLT-0048;3907,22;Panama;Suisse;14;0;0;25;0;0;25;MODÉRÉ;2026-05-14 11:56:32
TXN-008572;CLT-0011;2455,46;France;France;14;0;0;0;0;0;0;FAIBLE;2026-05-14 11:56:32
TXN-008573;CLT-0005;4885,51;France;Panama;14;0;0;0;20;0;20;MODÉRÉ;2026-05-14 11:56:32
TXN-008574;CLT-0001;4834,94;Espagne;France;14;0;0;0;0;0;0;FAIBLE;2026-05-14 11:56:32
TXN-008575;CLT-0090;2608,84;France;France;14;0;0;0;0;0;0;FAIBLE;2026-05-14 11:56:32
TXN-008576;CLT-0031;4514,62;France;Panama;14;0;0;0;20;0;20;MODÉRÉ;2026-05-14 11:56:32
TXN-008577;CLT-0024;2473,07;France;Espagne;14;0;0;0;0;0;0;FAIBLE;2026-05-14 11:56:32
TXN-008578;CLT-0074;93760,48;France;Allemagne;14;1;40;0;0;0;40;ÉLEVÉ;2026-05-14 11:56:32
TXN-008579;CLT-0077;3795,3;Îles Caïmans;France;14;0;0;25;0;0;25;MODÉRÉ;2026-05-14 11:56:32
TXN-008580;CLT-0085;4964,37;France;Îles Caïmans;14;0;0;0;20;0;20;MODÉRÉ;2026-05-14 11:56:32
TXN-008581;CLT-0083;1471,03;Panama;France;14;0;0;25;0;0;25;MODÉRÉ;2026-05-14 11:56:32
TXN-008582;CLT-0048;2849,22;Espagne;Suisse;14;0;0;0;0;0;0;FAIBLE;2026-05-14 11:56:32
TXN-008583;CLT-0004;1027,88;France;Suisse;14;0;0;0;0;0;0;FAIBLE;2026-05-14 11:56:32
TXN-008584;CLT-0067;4935,38;France;Panama;14;0;0;0;20;0;20;MODÉRÉ;2026-05-14 11:56:32
TXN-008585;CLT-0028;1708,24;France;France;14;0;0;0;0;0;0;FAIBLE;2026-05-14 11:56:32
TXN-008586;CLT-0039;1467,03;Allemagne;France;14;0;0;0;0;0;0;FAIBLE;2026-05-14 11:56:32
TXN-008587;CLT-0027;4475,35;France;Espagne;14;0;0;0;0;0;0;FAIBLE;2026-05-14 11:56:32
TXN-008588;CLT-0015;58754,99;Allemagne;France;14;1;40;0;0;0;40;ÉLEVÉ;2026-05-14 11:56:32
TXN-008589;CLT-0046;4022,43;France;France;14;0;0;0;0;0;0;FAIBLE;2026-05-14 11:56:32
TXN-008590;CLT-0096;1726,0;Espagne;Panama;14;0;0;0;20;0;20;MODÉRÉ;2026-05-14 11:56:32
TXN-008591;CLT-0095;4987,8;France;Îles Caïmans;14;0;0;0;20;0;20;MODÉRÉ;2026-05-14 11:56:32
TXN-008592;CLT-0064;1509,15;Espagne;France;14;0;0;0;0;0;0;FAIBLE;2026-05-14 11:56:32
TXN-008593;CLT-0043;2761,33;Panama;Suisse;14;0;0;25;0;0;25;MODÉRÉ;2026-05-14 11:56:32
TXN-008594;CLT-0073;495,37;France;France;14;0;0;0;0;0;0;FAIBLE;2026-05-14 11:56:32
TXN-008595;CLT-0098;167,63;Espagne;Espagne;14;0;0;0;0;0;0;FAIBLE;2026-05-14 11:56:32
TXN-008596;CLT-0027;87314,42;Allemagne;Espagne;14;1;40;0;0;0;40;ÉLEVÉ;2026-05-14 11:56:32
TXN-008597;CLT-0066;3137,57;France;Espagne;14;0;0;0;0;0;0;FAIBLE;2026-05-14 11:56:32
TXN-008598;CLT-0064;4073,47;France;France;14;0;0;0;0;0;0;FAIBLE;2026-05-14 11:56:32
TXN-008599;CLT-0020;3393,75;Panama;Italie;14;0;0;25;0;0;25;MODÉRÉ;2026-05-14 11:56:32
TXN-008600;CLT-0068;4253,97;Espagne;Allemagne;14;0;0;0;0;0;0;FAIBLE;2026-05-14 11:56:32
TXN-008601;CLT-0019;953,79;France;Espagne;14;0;0;0;0;0;0;FAIBLE;2026-05-14 11:56:32
TXN-008602;CLT-0085;76982,42;France;Îles Caïmans;14;1;40;0;20;0;60;ÉLEVÉ;2026-05-14 11:56:32
TXN-008603;CLT-0082;4559,1;Russie;Panama;14;0;0;0;20;0;20;MODÉRÉ;2026-05-14 11:56:32
TXN-008604;CLT-0006;1007,48;Russie;France;14;0;0;0;0;0;0;FAIBLE;2026-05-14 11:56:32
TXN-008605;CLT-0097;47340,98;France;Panama;14;1;40;0;20;0;60;ÉLEVÉ;2026-05-14 11:56:32
TXN-008606;CLT-0053;92143,14;Espagne;Espagne;14;1;40;0;0;0;40;ÉLEVÉ;2026-05-14 11:56:32
TXN-008607;CLT-0059;1034,21;Russie;Îles Caïmans;14;0;0;0;20;0;20;MODÉRÉ;2026-05-14 11:56:32
TXN-008608;CLT-0033;397,43;Panama;Italie;14;0;0;25;0;0;25;MODÉRÉ;2026-05-14 11:56:32
TXN-008609;CLT-0002;596,79;France;Espagne;14;0;0;0;0;0;0;FAIBLE;2026-05-14 11:56:32
TXN-008610;CLT-0091;2772,23;France;Allemagne;14;0;0;0;0;0;0;FAIBLE;2026-05-14 11:56:32
TXN-008611;CLT-0036;177,07;Panama;Italie;14;0;0;25;0;0;25;MODÉRÉ;2026-05-14 11:56:32
TXN-008612;CLT-0088;3289,28;Espagne;Allemagne;14;0;0;0;0;0;0;FAIBLE;2026-05-14 11:56:32
TXN-008613;CLT-0037;526,62;France;Îles Caïmans;14;0;0;0;20;0;20;MODÉRÉ;2026-05-14 11:56:32
TXN-008614;CLT-0074;4421,59;France;Allemagne;14;0;0;0;0;0;0;FAIBLE;2026-05-14 11:56:32
TXN-008615;CLT-0035;1812,1;France;Espagne;14;0;0;0;0;0;0;FAIBLE;2026-05-14 11:56:32
TXN-008616;CLT-0100;3319,18;Russie;Suisse;14;0;0;0;0;0;0;FAIBLE;2026-05-14 11:56:32
TXN-008617;CLT-0079;87293,18;France;Îles Caïmans;14;1;40;0;20;0;60;ÉLEVÉ;2026-05-14 11:56:32
TXN-008618;CLT-0014;20671,46;Îles Caïmans;France;14;1;40;25;0;0;65;ÉLEVÉ;2026-05-14 11:56:32
TXN-008619;CLT-0066;16372,69;France;Espagne;14;1;40;0;0;0;40;ÉLEVÉ;2026-05-14 11:56:32
TXN-008620;CLT-0052;3520,02;France;France;14;0;0;0;0;0;0;FAIBLE;2026-05-14 11:56:32
TXN-008621;CLT-0017;2062,52;Îles Caïmans;Îles Caïmans;14;0;0;25;20;0;45;ÉLEVÉ;2026-05-14 11:56:32
TXN-008622;CLT-0073;2070,52;France;France;14;0;0;0;0;0;0;FAIBLE;2026-05-14 11:56:32
TXN-008623;CLT-0001;4228,14;France;France;14;0;0;0;0;0;0;FAIBLE;2026-05-14 11:56:32
TXN-008624;CLT-0003;1043,09;Îles Caïmans;France;14;0;0;25;0;0;25;MODÉRÉ;2026-05-14 11:56:32
TXN-008625;CLT-0048;4129,7;Russie;Suisse;14;0;0;0;0;0;0;FAIBLE;2026-05-14 11:56:32
TXN-008626;CLT-0094;941,93;Îles Caïmans;Allemagne;14;0;0;25;0;0;25;MODÉRÉ;2026-05-14 11:56:32
TXN-008627;CLT-0040;506,21;Îles Caïmans;Suisse;14;0;0;25;0;0;25;MODÉRÉ;2026-05-14 11:56:32
TXN-008628;CLT-0003;884,33;Espagne;France;14;0;0;0;0;0;0;FAIBLE;2026-05-14 11:56:32
TXN-008629;CLT-0026;3219,32;France;Italie;14;0;0;0;0;0;0;FAIBLE;2026-05-14 11:56:32
TXN-008630;CLT-0079;3072,52;France;Îles Caïmans;14;0;0;0;20;0;20;MODÉRÉ;2026-05-14 11:56:32
TXN-008631;CLT-0030;352,75;France;Allemagne;14;0;0;0;0;0;0;FAIBLE;2026-05-14 11:56:32
TXN-008632;CLT-0011;2233,61;Russie;France;14;0;0;0;0;0;0;FAIBLE;2026-05-14 11:56:32
TXN-008633;CLT-0007;1440,56;France;Suisse;14;0;0;0;0;0;0;FAIBLE;2026-05-14 11:56:32
TXN-008634;CLT-0074;4567,08;France;Allemagne;14;0;0;0;0;0;0;FAIBLE;2026-05-14 11:56:32
TXN-008635;CLT-0040;1687,4;Panama;Suisse;14;0;0;25;0;0;25;MODÉRÉ;2026-05-14 11:56:32
TXN-008636;CLT-0080;3952,38;Espagne;France;14;0;0;0;0;0;0;FAIBLE;2026-05-14 11:56:32
TXN-008637;CLT-0013;1593,99;Allemagne;France;14;0;0;0;0;0;0;FAIBLE;2026-05-14 11:56:32
TXN-008638;CLT-0100;34577,24;Russie;Suisse;14;1;40;0;0;0;40;ÉLEVÉ;2026-05-14 11:56:32
TXN-008639;CLT-0069;3353,29;France;Panama;14;0;0;0;20;0;20;MODÉRÉ;2026-05-14 11:56:32
TXN-008640;CLT-0083;21477,7;France;France;14;1;40;0;0;0;40;ÉLEVÉ;2026-05-14 11:56:32
TXN-008641;CLT-0083;3876,92;Espagne;France;14;0;0;0;0;0;0;FAIBLE;2026-05-14 11:56:32
TXN-008642;CLT-0063;35176,05;France;Îles Caïmans;14;1;40;0;20;0;60;ÉLEVÉ;2026-05-14 11:56:32
TXN-008643;CLT-0047;1228,68;France;Îles Caïmans;14;0;0;0;20;0;20;MODÉRÉ;2026-05-14 11:56:32
TXN-008644;CLT-0008;1143,4;Espagne;Suisse;14;0;0;0;0;0;0;FAIBLE;2026-05-14 11:56:32
TXN-008645;CLT-0015;1105,83;Allemagne;France;14;0;0;0;0;0;0;FAIBLE;2026-05-14 11:56:32
TXN-008646;CLT-0024;44913,49;Espagne;Espagne;14;1;40;0;0;0;40;ÉLEVÉ;2026-05-14 11:56:32
TXN-008647;CLT-0087;3214,55;Panama;Italie;14;0;0;25;0;0;25;MODÉRÉ;2026-05-14 11:56:32
TXN-008648;CLT-0095;4542,64;Russie;Îles Caïmans;14;0;0;0;20;0;20;MODÉRÉ;2026-05-14 11:56:32
TXN-008649;CLT-0017;127,45;France;Îles Caïmans;14;0;0;0;20;0;20;MODÉRÉ;2026-05-14 11:56:32
TXN-008650;CLT-0080;2821,18;Russie;France;14;0;0;0;0;0;0;FAIBLE;2026-05-14 11:56:32
TXN-008651;CLT-0076;1764,17;Espagne;France;14;0;0;0;0;0;0;FAIBLE;2026-05-14 11:56:32
TXN-008652;CLT-0058;26417,11;Espagne;France;14;1;40;0;0;0;40;ÉLEVÉ;2026-05-14 11:56:32
TXN-008653;CLT-0090;1907,76;Îles Caïmans;France;14;0;0;25;0;0;25;MODÉRÉ;2026-05-14 11:56:32
TXN-008654;CLT-0004;2828,04;Russie;Suisse;14;0;0;0;0;0;0;FAIBLE;2026-05-14 11:56:32
TXN-008655;CLT-0064;17218,49;France;France;14;1;40;0;0;0;40;ÉLEVÉ;2026-05-14 11:56:32
TXN-008656;CLT-0024;3906,83;France;Espagne;14;0;0;0;0;0;0;FAIBLE;2026-05-14 11:56:32
TXN-008657;CLT-0002;20530,91;France;Espagne;14;1;40;0;0;0;40;ÉLEVÉ;2026-05-14 11:56:32
TXN-008658;CLT-0093;68873,19;Allemagne;Suisse;14;1;40;0;0;0;40;ÉLEVÉ;2026-05-14 11:56:32
TXN-008659;CLT-0098;4549,83;France;Espagne;14;0;0;0;0;0;0;FAIBLE;2026-05-14 11:56:32
TXN-008660;CLT-0053;1169,17;Îles Caïmans;Espagne;14;0;0;25;0;0;25;MODÉRÉ;2026-05-14 11:56:32
TXN-008661;CLT-0086;3695,86;Espagne;France;14;0;0;0;0;0;0;FAIBLE;2026-05-14 11:56:32
TXN-008662;CLT-0075;4556,97;France;France;14;0;0;0;0;0;0;FAIBLE;2026-05-14 11:56:32
TXN-008663;CLT-0092;568,91;Panama;Suisse;14;0;0;25;0;0;25;MODÉRÉ;2026-05-14 11:56:32
TXN-008664;CLT-0048;3961,12;Russie;Suisse;14;0;0;0;0;0;0;FAIBLE;2026-05-14 11:56:32
TXN-008665;CLT-0064;58712,08;Panama;France;14;1;40;25;0;0;65;ÉLEVÉ;2026-05-14 11:56:32
TXN-008666;CLT-0052;4679,55;France;France;14;0;0;0;0;0;0;FAIBLE;2026-05-14 11:56:32
TXN-008667;CLT-0023;659,84;Panama;Allemagne;14;0;0;25;0;0;25;MODÉRÉ;2026-05-14 11:56:32
TXN-008668;CLT-0092;2693,25;Allemagne;Suisse;14;0;0;0;0;0;0;FAIBLE;2026-05-14 11:56:32
TXN-008669;CLT-0083;4064,1;Russie;France;14;0;0;0;0;0;0;FAIBLE;2026-05-14 11:56:32
TXN-008670;CLT-0003;138,78;Russie;France;14;0;0;0;0;0;0;FAIBLE;2026-05-14 11:56:32
TXN-008671;CLT-0068;346,82;Espagne;Allemagne;14;0;0;0;0;0;0;FAIBLE;2026-05-14 11:56:32
TXN-008672;CLT-0034;311,63;Espagne;France;14;0;0;0;0;0;0;FAIBLE;2026-05-14 11:56:32
TXN-008673;CLT-0057;1541,13;Allemagne;France;14;0;0;0;0;0;0;FAIBLE;2026-05-14 11:56:32
TXN-008674;CLT-0037;2144,55;Îles Caïmans;Îles Caïmans;14;0;0;25;20;0;45;ÉLEVÉ;2026-05-14 11:56:32
TXN-008675;CLT-0016;3675,76;France;Espagne;14;0;0;0;0;0;0;FAIBLE;2026-05-14 11:56:32
TXN-008676;CLT-0092;2635,15;Allemagne;Suisse;14;0;0;0;0;0;0;FAIBLE;2026-05-14 11:56:32
TXN-008677;CLT-0076;2232,55;Russie;France;14;0;0;0;0;0;0;FAIBLE;2026-05-14 11:56:32
TXN-008678;CLT-0090;3706,86;Russie;France;14;0;0;0;0;0;0;FAIBLE;2026-05-14 11:56:32
TXN-008679;CLT-0083;3461,15;France;France;14;0;0;0;0;0;0;FAIBLE;2026-05-14 11:56:32
TXN-008680;CLT-0016;2482,58;Panama;Espagne;14;0;0;25;0;0;25;MODÉRÉ;2026-05-14 11:56:32
TXN-008681;CLT-0046;3839,73;Russie;France;14;0;0;0;0;0;0;FAIBLE;2026-05-14 11:56:32
TXN-008682;CLT-0093;3187,5;France;Suisse;14;0;0;0;0;0;0;FAIBLE;2026-05-14 11:56:32
TXN-008683;CLT-0040;2215,41;Panama;Suisse;14;0;0;25;0;0;25;MODÉRÉ;2026-05-14 11:56:32
TXN-008684;CLT-0010;143,74;Allemagne;Îles Caïmans;14;0;0;0;20;0;20;MODÉRÉ;2026-05-14 11:56:32
TXN-008685;CLT-0020;88745,24;France;Italie;14;1;40;0;0;0;40;ÉLEVÉ;2026-05-14 11:56:32
TXN-008686;CLT-0082;2942,88;Panama;Panama;14;0;0;25;20;0;45;ÉLEVÉ;2026-05-14 11:56:32
TXN-008687;CLT-0007;3456,36;Panama;Suisse;14;0;0;25;0;0;25;MODÉRÉ;2026-05-14 11:56:32
TXN-008688;CLT-0021;3232,22;France;France;14;0;0;0;0;0;0;FAIBLE;2026-05-14 11:56:32
TXN-008689;CLT-0046;1450,7;Panama;France;14;0;0;25;0;0;25;MODÉRÉ;2026-05-14 11:56:32
TXN-008690;CLT-0020;3253,91;Allemagne;Italie;14;0;0;0;0;0;0;FAIBLE;2026-05-14 11:56:32
TXN-008691;CLT-0020;780,73;France;Italie;14;0;0;0;0;0;0;FAIBLE;2026-05-14 11:56:32
TXN-008692;CLT-0054;31942,47;Îles Caïmans;Suisse;14;1;40;25;0;0;65;ÉLEVÉ;2026-05-14 11:56:32
TXN-008693;CLT-0021;22088,12;France;France;14;1;40;0;0;0;40;ÉLEVÉ;2026-05-14 11:56:32
TXN-008694;CLT-0007;2572,6;Îles Caïmans;Suisse;14;0;0;25;0;0;25;MODÉRÉ;2026-05-14 11:56:32
TXN-008695;CLT-0048;1167,04;France;Suisse;14;0;0;0;0;0;0;FAIBLE;2026-05-14 11:56:32
TXN-008696;CLT-0095;4956,67;Panama;Îles Caïmans;14;0;0;25;20;0;45;ÉLEVÉ;2026-05-14 11:56:32
TXN-008697;CLT-0025;4198,9;France;Italie;14;0;0;0;0;0;0;FAIBLE;2026-05-14 11:56:32
TXN-008698;CLT-0006;15,34;Îles Caïmans;France;14;0;0;25;0;0;25;MODÉRÉ;2026-05-14 11:56:32
TXN-008699;CLT-0070;576,44;Espagne;Italie;14;0;0;0;0;0;0;FAIBLE;2026-05-14 11:56:32
TXN-008700;CLT-0051;1762,68;Espagne;France;14;0;0;0;0;0;0;FAIBLE;2026-05-14 11:56:32
TXN-008701;CLT-0005;86776,24;France;Panama;14;1;40;0;20;0;60;ÉLEVÉ;2026-05-14 11:56:32
TXN-008702;CLT-0096;1882,73;Espagne;Panama;14;0;0;0;20;0;20;MODÉRÉ;2026-05-14 11:56:32
TXN-008703;CLT-0032;76684,42;France;Suisse;14;1;40;0;0;0;40;ÉLEVÉ;2026-05-14 11:56:32
TXN-008704;CLT-0041;607,9;Îles Caïmans;Panama;14;0;0;25;20;0;45;ÉLEVÉ;2026-05-14 11:56:32
TXN-008705;CLT-0053;3965,49;Panama;Espagne;14;0;0;25;0;0;25;MODÉRÉ;2026-05-14 11:56:32
TXN-008706;CLT-0035;1774,69;Espagne;Espagne;14;0;0;0;0;0;0;FAIBLE;2026-05-14 11:56:32
TXN-008707;CLT-0006;905,68;Allemagne;France;14;0;0;0;0;0;0;FAIBLE;2026-05-14 11:56:32
TXN-008708;CLT-0059;67579,01;France;Îles Caïmans;14;1;40;0;20;0;60;ÉLEVÉ;2026-05-14 11:56:32
TXN-008709;CLT-0077;48610,09;Allemagne;France;14;1;40;0;0;0;40;ÉLEVÉ;2026-05-14 11:56:32
TXN-008710;CLT-0022;2438,32;Îles Caïmans;Allemagne;14;0;0;25;0;0;25;MODÉRÉ;2026-05-14 11:56:32
TXN-008711;CLT-0089;50294,69;Russie;Îles Caïmans;14;1;40;0;20;0;60;ÉLEVÉ;2026-05-14 11:56:32
TXN-008712;CLT-0008;4528,74;France;Suisse;14;0;0;0;0;0;0;FAIBLE;2026-05-14 11:56:32
TXN-008713;CLT-0045;25975,31;France;France;14;1;40;0;0;0;40;ÉLEVÉ;2026-05-14 11:56:32
TXN-008714;CLT-0022;2652,86;Allemagne;Allemagne;14;0;0;0;0;0;0;FAIBLE;2026-05-14 11:56:32
TXN-008715;CLT-0037;1683,77;France;Îles Caïmans;14;0;0;0;20;0;20;MODÉRÉ;2026-05-14 11:56:32
TXN-008716;CLT-0034;1218,35;Îles Caïmans;France;14;0;0;25;0;0;25;MODÉRÉ;2026-05-14 11:56:32
TXN-008717;CLT-0015;2054,71;Îles Caïmans;France;14;0;0;25;0;0;25;MODÉRÉ;2026-05-14 11:56:32
TXN-008718;CLT-0042;70984,71;France;Italie;14;1;40;0;0;0;40;ÉLEVÉ;2026-05-14 11:56:32
TXN-008719;CLT-0076;1245,68;Russie;France;14;0;0;0;0;0;0;FAIBLE;2026-05-14 11:56:32
TXN-008720;CLT-0086;18506,72;France;France;14;1;40;0;0;0;40;ÉLEVÉ;2026-05-14 11:56:32
TXN-008721;CLT-0040;3067,16;Îles Caïmans;Suisse;14;0;0;25;0;0;25;MODÉRÉ;2026-05-14 11:56:32
TXN-008722;CLT-0055;20946,99;Espagne;Espagne;14;1;40;0;0;0;40;ÉLEVÉ;2026-05-14 11:56:32
TXN-008723;CLT-0097;2939,13;Allemagne;Panama;14;0;0;0;20;0;20;MODÉRÉ;2026-05-14 11:56:32
TXN-008724;CLT-0080;4335,69;Russie;France;14;0;0;0;0;0;0;FAIBLE;2026-05-14 11:56:32
TXN-008725;CLT-0027;174,08;Îles Caïmans;Espagne;14;0;0;25;0;0;25;MODÉRÉ;2026-05-14 11:56:32
TXN-008726;CLT-0058;4161,74;Espagne;France;14;0;0;0;0;0;0;FAIBLE;2026-05-14 11:56:32
TXN-008727;CLT-0051;1349,93;Espagne;France;14;0;0;0;0;0;0;FAIBLE;2026-05-14 11:56:32
TXN-008728;CLT-0012;4487,07;France;Panama;14;0;0;0;20;0;20;MODÉRÉ;2026-05-14 11:56:32
TXN-008729;CLT-0094;1607,93;France;Allemagne;14;0;0;0;0;0;0;FAIBLE;2026-05-14 11:56:32
TXN-008730;CLT-0078;3369,71;France;Suisse;14;0;0;0;0;0;0;FAIBLE;2026-05-14 11:56:32
TXN-008731;CLT-0015;50750,51;Panama;France;14;1;40;25;0;0;65;ÉLEVÉ;2026-05-14 11:56:32
TXN-008732;CLT-0023;865,11;France;Allemagne;14;0;0;0;0;0;0;FAIBLE;2026-05-14 11:56:32
TXN-008733;CLT-0098;1462,94;France;Espagne;14;0;0;0;0;0;0;FAIBLE;2026-05-14 11:56:32
TXN-008734;CLT-0032;3038,57;Espagne;Suisse;14;0;0;0;0;0;0;FAIBLE;2026-05-14 11:56:32
TXN-008735;CLT-0050;46547,96;Russie;Espagne;14;1;40;0;0;0;40;ÉLEVÉ;2026-05-14 11:56:32
TXN-008736;CLT-0021;3401,38;Panama;France;14;0;0;25;0;0;25;MODÉRÉ;2026-05-14 11:56:32
TXN-008737;CLT-0031;4491,7;Îles Caïmans;Panama;14;0;0;25;20;0;45;ÉLEVÉ;2026-05-14 11:56:32
TXN-008738;CLT-0031;58921,69;France;Panama;14;1;40;0;20;0;60;ÉLEVÉ;2026-05-14 11:56:32
TXN-008739;CLT-0061;3668,06;Allemagne;France;14;0;0;0;0;0;0;FAIBLE;2026-05-14 11:56:32
TXN-008740;CLT-0082;3181,19;France;Panama;14;0;0;0;20;0;20;MODÉRÉ;2026-05-14 11:56:32
TXN-008741;CLT-0049;2079,09;France;France;14;0;0;0;0;0;0;FAIBLE;2026-05-14 11:56:32
TXN-008742;CLT-0048;120,43;Panama;Suisse;14;0;0;25;0;0;25;MODÉRÉ;2026-05-14 11:56:32
TXN-008743;CLT-0019;135,97;Panama;Espagne;14;0;0;25;0;0;25;MODÉRÉ;2026-05-14 11:56:32
TXN-008744;CLT-0085;25549,05;Espagne;Îles Caïmans;14;1;40;0;20;0;60;ÉLEVÉ;2026-05-14 11:56:32
TXN-008745;CLT-0072;38,58;Allemagne;Allemagne;14;0;0;0;0;0;0;FAIBLE;2026-05-14 11:56:32
TXN-008746;CLT-0034;2268,49;France;France;14;0;0;0;0;0;0;FAIBLE;2026-05-14 11:56:32
TXN-008747;CLT-0023;2366,63;Allemagne;Allemagne;14;0;0;0;0;0;0;FAIBLE;2026-05-14 11:56:32
TXN-008748;CLT-0053;3157,99;Espagne;Espagne;14;0;0;0;0;0;0;FAIBLE;2026-05-14 11:56:32
TXN-008749;CLT-0064;1645,36;France;France;14;0;0;0;0;0;0;FAIBLE;2026-05-14 11:56:32
TXN-008750;CLT-0051;3647,38;Allemagne;France;14;0;0;0;0;0;0;FAIBLE;2026-05-14 11:56:32
TXN-008751;CLT-0061;34915,64;France;France;14;1;40;0;0;0;40;ÉLEVÉ;2026-05-14 11:56:32
TXN-008752;CLT-0079;3089,13;France;Îles Caïmans;14;0;0;0;20;0;20;MODÉRÉ;2026-05-14 11:56:32
TXN-008753;CLT-0086;3338,71;France;France;14;0;0;0;0;0;0;FAIBLE;2026-05-14 11:56:32
TXN-008754;CLT-0077;2535,77;France;France;14;0;0;0;0;0;0;FAIBLE;2026-05-14 11:56:32
TXN-008755;CLT-0051;3128,6;Russie;France;14;0;0;0;0;0;0;FAIBLE;2026-05-14 11:56:32
TXN-008756;CLT-0043;31375,87;France;Suisse;14;1;40;0;0;0;40;ÉLEVÉ;2026-05-14 11:56:32
TXN-008757;CLT-0050;3015,45;Allemagne;Espagne;14;0;0;0;0;0;0;FAIBLE;2026-05-14 11:56:32
TXN-008758;CLT-0091;3450,63;France;Allemagne;14;0;0;0;0;0;0;FAIBLE;2026-05-14 11:56:32
TXN-008759;CLT-0045;747,04;France;France;14;0;0;0;0;0;0;FAIBLE;2026-05-14 11:56:32
TXN-008760;CLT-0080;3887,95;Allemagne;France;14;0;0;0;0;0;0;FAIBLE;2026-05-14 11:56:32
TXN-008761;CLT-0033;937,67;France;Italie;14;0;0;0;0;0;0;FAIBLE;2026-05-14 11:56:32
TXN-008762;CLT-0090;65863,85;Îles Caïmans;France;14;1;40;25;0;0;65;ÉLEVÉ;2026-05-14 11:56:32
TXN-008763;CLT-0076;42711,29;France;France;14;1;40;0;0;0;40;ÉLEVÉ;2026-05-14 11:56:32
TXN-008764;CLT-0093;2909,5;Panama;Suisse;14;0;0;25;0;0;25;MODÉRÉ;2026-05-14 11:56:32
TXN-008765;CLT-0083;1625,3;Îles Caïmans;France;14;0;0;25;0;0;25;MODÉRÉ;2026-05-14 11:56:32
TXN-008766;CLT-0009;1531,08;France;Suisse;14;0;0;0;0;0;0;FAIBLE;2026-05-14 11:56:32
TXN-008767;CLT-0001;4483,59;France;France;14;0;0;0;0;0;0;FAIBLE;2026-05-14 11:56:32
TXN-008768;CLT-0091;2871,02;Espagne;Allemagne;14;0;0;0;0;0;0;FAIBLE;2026-05-14 11:56:32
TXN-008769;CLT-0007;1654,79;Allemagne;Suisse;14;0;0;0;0;0;0;FAIBLE;2026-05-14 11:56:32
TXN-008770;CLT-0044;3478,35;Îles Caïmans;France;14;0;0;25;0;0;25;MODÉRÉ;2026-05-14 11:56:32
TXN-008771;CLT-0084;3689,7;Panama;Italie;14;0;0;25;0;0;25;MODÉRÉ;2026-05-14 11:56:32
TXN-008772;CLT-0010;4695,75;Îles Caïmans;Îles Caïmans;14;0;0;25;20;0;45;ÉLEVÉ;2026-05-14 11:56:32
TXN-008773;CLT-0052;2068,17;France;France;14;0;0;0;0;0;0;FAIBLE;2026-05-14 11:56:32
TXN-008774;CLT-0074;40906,77;Panama;Allemagne;14;1;40;25;0;0;65;ÉLEVÉ;2026-05-14 11:56:32
TXN-008775;CLT-0058;4239,26;Espagne;France;14;0;0;0;0;0;0;FAIBLE;2026-05-14 11:56:32
TXN-008776;CLT-0038;3402,55;France;Îles Caïmans;14;0;0;0;20;0;20;MODÉRÉ;2026-05-14 11:56:32
TXN-008777;CLT-0016;785,11;Russie;Espagne;14;0;0;0;0;0;0;FAIBLE;2026-05-14 11:56:32
TXN-008778;CLT-0019;1365,17;France;Espagne;14;0;0;0;0;0;0;FAIBLE;2026-05-14 11:56:32
TXN-008779;CLT-0017;24175,9;Russie;Îles Caïmans;14;1;40;0;20;0;60;ÉLEVÉ;2026-05-14 11:56:32
TXN-008780;CLT-0094;2570,94;France;Allemagne;14;0;0;0;0;0;0;FAIBLE;2026-05-14 11:56:32
TXN-008781;CLT-0014;1294,29;Panama;France;14;0;0;25;0;0;25;MODÉRÉ;2026-05-14 11:56:32
TXN-008782;CLT-0047;65562,29;Allemagne;Îles Caïmans;14;1;40;0;20;0;60;ÉLEVÉ;2026-05-14 11:56:32
TXN-008783;CLT-0095;1641,37;Allemagne;Îles Caïmans;14;0;0;0;20;0;20;MODÉRÉ;2026-05-14 11:56:32
TXN-008784;CLT-0041;514,6;Panama;Panama;14;0;0;25;20;0;45;ÉLEVÉ;2026-05-14 11:56:32
TXN-008785;CLT-0055;26930,13;Espagne;Espagne;14;1;40;0;0;0;40;ÉLEVÉ;2026-05-14 11:56:32
TXN-008786;CLT-0010;336,54;France;Îles Caïmans;14;0;0;0;20;0;20;MODÉRÉ;2026-05-14 11:56:32
TXN-008787;CLT-0098;1909,78;Espagne;Espagne;14;0;0;0;0;0;0;FAIBLE;2026-05-14 11:56:32
TXN-008788;CLT-0034;434,72;Allemagne;France;14;0;0;0;0;0;0;FAIBLE;2026-05-14 11:56:32
TXN-008789;CLT-0042;3172,46;France;Italie;14;0;0;0;0;0;0;FAIBLE;2026-05-14 11:56:32
TXN-008790;CLT-0019;2056,73;France;Espagne;14;0;0;0;0;0;0;FAIBLE;2026-05-14 11:56:32
TXN-008791;CLT-0083;2701,63;Espagne;France;14;0;0;0;0;0;0;FAIBLE;2026-05-14 11:56:32
TXN-008792;CLT-0023;2759,77;Espagne;Allemagne;14;0;0;0;0;0;0;FAIBLE;2026-05-14 11:56:32
TXN-008793;CLT-0054;601,3;France;Suisse;14;0;0;0;0;0;0;FAIBLE;2026-05-14 11:56:32
TXN-008794;CLT-0011;3322,41;France;France;14;0;0;0;0;0;0;FAIBLE;2026-05-14 11:56:32
TXN-008795;CLT-0026;1473,75;Espagne;Italie;14;0;0;0;0;0;0;FAIBLE;2026-05-14 11:56:32
TXN-008796;CLT-0013;3650,96;Allemagne;France;14;0;0;0;0;0;0;FAIBLE;2026-05-14 11:56:32
TXN-008797;CLT-0029;4832,09;Russie;France;14;0;0;0;0;0;0;FAIBLE;2026-05-14 11:56:32
TXN-008798;CLT-0056;4245,03;Îles Caïmans;Allemagne;14;0;0;25;0;0;25;MODÉRÉ;2026-05-14 11:56:32
TXN-008799;CLT-0029;1600,4;France;France;14;0;0;0;0;0;0;FAIBLE;2026-05-14 11:56:32
TXN-008800;CLT-0031;3344,27;Russie;Panama;14;0;0;0;20;0;20;MODÉRÉ;2026-05-14 11:56:32
TXN-008801;CLT-0062;51339,55;Îles Caïmans;France;14;1;40;25;0;0;65;ÉLEVÉ;2026-05-14 11:56:32
TXN-008802;CLT-0031;4572,93;France;Panama;14;0;0;0;20;0;20;MODÉRÉ;2026-05-14 11:56:32
TXN-008803;CLT-0039;76680,84;Îles Caïmans;France;14;1;40;25;0;0;65;ÉLEVÉ;2026-05-14 11:56:32
TXN-008804;CLT-0055;2260,75;France;Espagne;14;0;0;0;0;0;0;FAIBLE;2026-05-14 11:56:32
TXN-008805;CLT-0056;1371,53;Allemagne;Allemagne;14;0;0;0;0;0;0;FAIBLE;2026-05-14 11:56:32
TXN-008806;CLT-0083;73764,36;Russie;France;14;1;40;0;0;0;40;ÉLEVÉ;2026-05-14 11:56:32
TXN-008807;CLT-0041;4427,8;Îles Caïmans;Panama;14;0;0;25;20;0;45;ÉLEVÉ;2026-05-14 11:56:32
TXN-008808;CLT-0002;2462,08;France;Espagne;14;0;0;0;0;0;0;FAIBLE;2026-05-14 11:56:32
TXN-008809;CLT-0058;1729,16;Panama;France;14;0;0;25;0;0;25;MODÉRÉ;2026-05-14 11:56:32
TXN-008810;CLT-0056;1309,88;Espagne;Allemagne;14;0;0;0;0;0;0;FAIBLE;2026-05-14 11:56:32
TXN-008811;CLT-0007;2712,1;Russie;Suisse;14;0;0;0;0;0;0;FAIBLE;2026-05-14 11:56:32
TXN-008812;CLT-0037;40941,39;Russie;Îles Caïmans;14;1;40;0;20;0;60;ÉLEVÉ;2026-05-14 11:56:32
TXN-008813;CLT-0075;2948,89;France;France;14;0;0;0;0;0;0;FAIBLE;2026-05-14 11:56:32
TXN-008814;CLT-0097;1785,36;Panama;Panama;14;0;0;25;20;0;45;ÉLEVÉ;2026-05-14 11:56:32
TXN-008815;CLT-0028;2049,34;Panama;France;14;0;0;25;0;0;25;MODÉRÉ;2026-05-14 11:56:32
TXN-008816;CLT-0024;810,71;France;Espagne;14;0;0;0;0;0;0;FAIBLE;2026-05-14 11:56:32
TXN-008817;CLT-0055;751,36;Allemagne;Espagne;14;0;0;0;0;0;0;FAIBLE;2026-05-14 11:56:32
TXN-008818;CLT-0046;4299,53;Panama;France;14;0;0;25;0;0;25;MODÉRÉ;2026-05-14 11:56:32
TXN-008819;CLT-0060;549,28;Îles Caïmans;Italie;14;0;0;25;0;0;25;MODÉRÉ;2026-05-14 11:56:32
TXN-008820;CLT-0091;1816,24;France;Allemagne;14;0;0;0;0;0;0;FAIBLE;2026-05-14 11:56:32
TXN-008821;CLT-0035;69998,43;Russie;Espagne;14;1;40;0;0;0;40;ÉLEVÉ;2026-05-14 11:56:32
TXN-008822;CLT-0023;988,78;Russie;Allemagne;14;0;0;0;0;0;0;FAIBLE;2026-05-14 11:56:32
TXN-008823;CLT-0056;48146,92;Allemagne;Allemagne;14;1;40;0;0;0;40;ÉLEVÉ;2026-05-14 11:56:32
TXN-008824;CLT-0045;1719,04;Espagne;France;14;0;0;0;0;0;0;FAIBLE;2026-05-14 11:56:32
TXN-008825;CLT-0086;4035,88;Panama;France;14;0;0;25;0;0;25;MODÉRÉ;2026-05-14 11:56:32
TXN-008826;CLT-0034;3290,04;Îles Caïmans;France;14;0;0;25;0;0;25;MODÉRÉ;2026-05-14 11:56:32
TXN-008827;CLT-0074;4012,57;France;Allemagne;14;0;0;0;0;0;0;FAIBLE;2026-05-14 11:56:32
TXN-008828;CLT-0036;1633,1;Russie;Italie;14;0;0;0;0;0;0;FAIBLE;2026-05-14 11:56:32
TXN-008829;CLT-0039;3507,03;France;France;14;0;0;0;0;0;0;FAIBLE;2026-05-14 11:56:32
TXN-008830;CLT-0034;2834,2;France;France;14;0;0;0;0;0;0;FAIBLE;2026-05-14 11:56:32
TXN-008831;CLT-0075;1557,01;Russie;France;14;0;0;0;0;0;0;FAIBLE;2026-05-14 11:56:32
TXN-008832;CLT-0071;743,69;Russie;Îles Caïmans;14;0;0;0;20;0;20;MODÉRÉ;2026-05-14 11:56:32
TXN-008833;CLT-0021;1553,1;Russie;France;14;0;0;0;0;0;0;FAIBLE;2026-05-14 11:56:32
TXN-008834;CLT-0048;3953,45;Russie;Suisse;14;0;0;0;0;0;0;FAIBLE;2026-05-14 11:56:32
TXN-008835;CLT-0007;4670,26;Russie;Suisse;14;0;0;0;0;0;0;FAIBLE;2026-05-14 11:56:32
TXN-008836;CLT-0010;3042,22;France;Îles Caïmans;14;0;0;0;20;0;20;MODÉRÉ;2026-05-14 11:56:32
TXN-008837;CLT-0080;3281,4;France;France;14;0;0;0;0;0;0;FAIBLE;2026-05-14 11:56:32
TXN-008838;CLT-0036;4134,55;France;Italie;14;0;0;0;0;0;0;FAIBLE;2026-05-14 11:56:32
TXN-008839;CLT-0092;218,36;Russie;Suisse;14;0;0;0;0;0;0;FAIBLE;2026-05-14 11:56:32
TXN-008840;CLT-0018;21305,79;France;Panama;14;1;40;0;20;0;60;ÉLEVÉ;2026-05-14 11:56:32
TXN-008841;CLT-0027;449,32;France;Espagne;14;0;0;0;0;0;0;FAIBLE;2026-05-14 11:56:32
TXN-008842;CLT-0006;58907,43;France;France;14;1;40;0;0;0;40;ÉLEVÉ;2026-05-14 11:56:32
TXN-008843;CLT-0058;1291,01;France;France;14;0;0;0;0;0;0;FAIBLE;2026-05-14 11:56:32
TXN-008844;CLT-0017;4996,1;Russie;Îles Caïmans;14;0;0;0;20;0;20;MODÉRÉ;2026-05-14 11:56:32
TXN-008845;CLT-0033;3474,18;Russie;Italie;14;0;0;0;0;0;0;FAIBLE;2026-05-14 11:56:32
TXN-008846;CLT-0041;3514,21;Espagne;Panama;14;0;0;0;20;0;20;MODÉRÉ;2026-05-14 11:56:32
TXN-008847;CLT-0026;4125,22;Allemagne;Italie;14;0;0;0;0;0;0;FAIBLE;2026-05-14 11:56:32
TXN-008848;CLT-0070;4255,88;Îles Caïmans;Italie;14;0;0;25;0;0;25;MODÉRÉ;2026-05-14 11:56:32
TXN-008849;CLT-0027;2857,95;Allemagne;Espagne;14;0;0;0;0;0;0;FAIBLE;2026-05-14 11:56:32
TXN-008850;CLT-0012;2800,18;France;Panama;14;0;0;0;20;0;20;MODÉRÉ;2026-05-14 11:56:32
TXN-008851;CLT-0085;77134,4;Espagne;Îles Caïmans;14;1;40;0;20;0;60;ÉLEVÉ;2026-05-14 11:56:32
TXN-008852;CLT-0082;214,69;Allemagne;Panama;14;0;0;0;20;0;20;MODÉRÉ;2026-05-14 11:56:32
TXN-008853;CLT-0063;1460,38;Allemagne;Îles Caïmans;14;0;0;0;20;0;20;MODÉRÉ;2026-05-14 11:56:32
TXN-008854;CLT-0030;3594,28;Russie;Allemagne;14;0;0;0;0;0;0;FAIBLE;2026-05-14 11:56:32
TXN-008855;CLT-0013;70614,89;France;France;14;1;40;0;0;0;40;ÉLEVÉ;2026-05-14 11:56:32
TXN-008856;CLT-0056;41312,81;France;Allemagne;14;1;40;0;0;0;40;ÉLEVÉ;2026-05-14 11:56:32
TXN-008857;CLT-0060;344,47;France;Italie;14;0;0;0;0;0;0;FAIBLE;2026-05-14 11:56:32
TXN-008858;CLT-0070;3310,47;France;Italie;14;0;0;0;0;0;0;FAIBLE;2026-05-14 11:56:32
TXN-008859;CLT-0072;1185,33;Îles Caïmans;Allemagne;14;0;0;25;0;0;25;MODÉRÉ;2026-05-14 11:56:32
TXN-008860;CLT-0099;3402,82;Panama;Panama;14;0;0;25;20;0;45;ÉLEVÉ;2026-05-14 11:56:32
TXN-008861;CLT-0046;4414,93;Espagne;France;14;0;0;0;0;0;0;FAIBLE;2026-05-14 11:56:32
TXN-008862;CLT-0078;328,54;Panama;Suisse;14;0;0;25;0;0;25;MODÉRÉ;2026-05-14 11:56:32
TXN-008863;CLT-0024;3903,59;Îles Caïmans;Espagne;14;0;0;25;0;0;25;MODÉRÉ;2026-05-14 11:56:32
TXN-008864;CLT-0051;4898,93;Espagne;France;14;0;0;0;0;0;0;FAIBLE;2026-05-14 11:56:32
TXN-008865;CLT-0065;3321,18;France;Îles Caïmans;14;0;0;0;20;0;20;MODÉRÉ;2026-05-14 11:56:32
TXN-008866;CLT-0045;14117,7;France;France;14;1;40;0;0;0;40;ÉLEVÉ;2026-05-14 11:56:32
TXN-008867;CLT-0077;60,0;Allemagne;France;14;0;0;0;0;0;0;FAIBLE;2026-05-14 11:56:32
TXN-008868;CLT-0018;1832,43;Îles Caïmans;Panama;14;0;0;25;20;0;45;ÉLEVÉ;2026-05-14 11:56:32
TXN-008869;CLT-0074;3078,19;France;Allemagne;14;0;0;0;0;0;0;FAIBLE;2026-05-14 11:56:32
TXN-008870;CLT-0029;3592,44;France;France;14;0;0;0;0;0;0;FAIBLE;2026-05-14 11:56:32
TXN-008871;CLT-0028;4851,26;France;France;14;0;0;0;0;0;0;FAIBLE;2026-05-14 11:56:32
TXN-008872;CLT-0050;3464,34;France;Espagne;14;0;0;0;0;0;0;FAIBLE;2026-05-14 11:56:32
TXN-008873;CLT-0045;2791,13;France;France;14;0;0;0;0;0;0;FAIBLE;2026-05-14 11:56:32
TXN-008874;CLT-0082;8140,52;Espagne;Panama;14;1;40;0;20;0;60;ÉLEVÉ;2026-05-14 11:56:32
TXN-008875;CLT-0063;1547,79;France;Îles Caïmans;14;0;0;0;20;0;20;MODÉRÉ;2026-05-14 11:56:32
TXN-008876;CLT-0014;31579,2;Russie;France;14;1;40;0;0;0;40;ÉLEVÉ;2026-05-14 11:56:32
TXN-008877;CLT-0022;24423,85;Russie;Allemagne;14;1;40;0;0;0;40;ÉLEVÉ;2026-05-14 11:56:32
TXN-008878;CLT-0018;3080,56;Espagne;Panama;14;0;0;0;20;0;20;MODÉRÉ;2026-05-14 11:56:32
TXN-008879;CLT-0031;3139,32;France;Panama;14;0;0;0;20;0;20;MODÉRÉ;2026-05-14 11:56:32
TXN-008880;CLT-0001;93687,57;France;France;14;1;40;0;0;0;40;ÉLEVÉ;2026-05-14 11:56:32
TXN-008881;CLT-0017;1155,46;France;Îles Caïmans;14;0;0;0;20;0;20;MODÉRÉ;2026-05-14 11:56:32
TXN-008882;CLT-0059;21065,74;Panama;Îles Caïmans;14;1;40;25;20;0;85;CRITIQUE;2026-05-14 11:56:32
TXN-008883;CLT-0015;2245,77;Îles Caïmans;France;14;0;0;25;0;0;25;MODÉRÉ;2026-05-14 11:56:32
TXN-008884;CLT-0064;288,64;Îles Caïmans;France;14;0;0;25;0;0;25;MODÉRÉ;2026-05-14 11:56:32
TXN-008885;CLT-0027;4660,13;France;Espagne;14;0;0;0;0;0;0;FAIBLE;2026-05-14 11:56:32
TXN-008886;CLT-0055;526,34;France;Espagne;14;0;0;0;0;0;0;FAIBLE;2026-05-14 11:56:32
TXN-008887;CLT-0054;22288,22;France;Suisse;14;1;40;0;0;0;40;ÉLEVÉ;2026-05-14 11:56:32
TXN-008888;CLT-0074;1078,28;France;Allemagne;14;0;0;0;0;0;0;FAIBLE;2026-05-14 11:56:32
TXN-008889;CLT-0045;4735,35;France;France;14;0;0;0;0;0;0;FAIBLE;2026-05-14 11:56:32
TXN-008890;CLT-0093;91031,62;France;Suisse;14;1;40;0;0;0;40;ÉLEVÉ;2026-05-14 11:56:32
TXN-008891;CLT-0039;3672,48;Espagne;France;14;0;0;0;0;0;0;FAIBLE;2026-05-14 11:56:32
TXN-008892;CLT-0055;4593,6;Russie;Espagne;14;0;0;0;0;0;0;FAIBLE;2026-05-14 11:56:32
TXN-008893;CLT-0045;4536,47;Espagne;France;14;0;0;0;0;0;0;FAIBLE;2026-05-14 11:56:32
TXN-008894;CLT-0040;1775,93;Îles Caïmans;Suisse;14;0;0;25;0;0;25;MODÉRÉ;2026-05-14 11:56:32
TXN-008895;CLT-0042;1796,93;Russie;Italie;14;0;0;0;0;0;0;FAIBLE;2026-05-14 11:56:32
TXN-008896;CLT-0053;1614,57;France;Espagne;14;0;0;0;0;0;0;FAIBLE;2026-05-14 11:56:32
TXN-008897;CLT-0053;2999,39;Panama;Espagne;14;0;0;25;0;0;25;MODÉRÉ;2026-05-14 11:56:32
TXN-008898;CLT-0001;40542,89;France;France;14;1;40;0;0;0;40;ÉLEVÉ;2026-05-14 11:56:32
TXN-008899;CLT-0065;4218,06;France;Îles Caïmans;14;0;0;0;20;0;20;MODÉRÉ;2026-05-14 11:56:32
TXN-008900;CLT-0049;836,8;Russie;France;14;0;0;0;0;0;0;FAIBLE;2026-05-14 11:56:32
TXN-008901;CLT-0007;241,47;Îles Caïmans;Suisse;14;0;0;25;0;0;25;MODÉRÉ;2026-05-14 11:56:32
TXN-008902;CLT-0050;43,57;France;Espagne;14;0;0;0;0;0;0;FAIBLE;2026-05-14 11:56:32
TXN-008903;CLT-0014;168,0;France;France;14;0;0;0;0;0;0;FAIBLE;2026-05-14 11:56:32
TXN-008904;CLT-0082;1657,9;France;Panama;14;0;0;0;20;0;20;MODÉRÉ;2026-05-14 11:56:32
TXN-008905;CLT-0023;797,93;France;Allemagne;14;0;0;0;0;0;0;FAIBLE;2026-05-14 11:56:32
TXN-008906;CLT-0002;4069,16;Espagne;Espagne;14;0;0;0;0;0;0;FAIBLE;2026-05-14 11:56:32
TXN-008907;CLT-0064;4102,34;Allemagne;France;14;0;0;0;0;0;0;FAIBLE;2026-05-14 11:56:32
TXN-008908;CLT-0066;3597,51;Espagne;Espagne;14;0;0;0;0;0;0;FAIBLE;2026-05-14 11:56:32
TXN-008909;CLT-0041;2361,74;France;Panama;14;0;0;0;20;0;20;MODÉRÉ;2026-05-14 11:56:32
TXN-008910;CLT-0048;4739,74;Allemagne;Suisse;14;0;0;0;0;0;0;FAIBLE;2026-05-14 11:56:32
TXN-008911;CLT-0081;2735,47;Panama;Îles Caïmans;14;0;0;25;20;0;45;ÉLEVÉ;2026-05-14 11:56:32
TXN-008912;CLT-0078;3307,18;France;Suisse;14;0;0;0;0;0;0;FAIBLE;2026-05-14 11:56:32
TXN-008913;CLT-0098;1743,77;Panama;Espagne;14;0;0;25;0;0;25;MODÉRÉ;2026-05-14 11:56:32
TXN-008914;CLT-0084;55860,83;France;Italie;14;1;40;0;0;0;40;ÉLEVÉ;2026-05-14 11:56:32
TXN-008915;CLT-0006;8610,24;France;France;14;1;40;0;0;0;40;ÉLEVÉ;2026-05-14 11:56:32
TXN-008916;CLT-0059;1516,62;France;Îles Caïmans;14;0;0;0;20;0;20;MODÉRÉ;2026-05-14 11:56:32
TXN-008917;CLT-0055;32980,38;Allemagne;Espagne;14;1;40;0;0;0;40;ÉLEVÉ;2026-05-14 11:56:32
TXN-008918;CLT-0079;137,02;France;Îles Caïmans;14;0;0;0;20;0;20;MODÉRÉ;2026-05-14 11:56:32
TXN-008919;CLT-0097;24,59;Îles Caïmans;Panama;14;0;0;25;20;0;45;ÉLEVÉ;2026-05-14 11:56:32
TXN-008920;CLT-0058;518,93;France;France;14;0;0;0;0;0;0;FAIBLE;2026-05-14 11:56:32
TXN-008921;CLT-0063;69321,94;Allemagne;Îles Caïmans;14;1;40;0;20;0;60;ÉLEVÉ;2026-05-14 11:56:32
TXN-008922;CLT-0046;3365,22;Espagne;France;14;0;0;0;0;0;0;FAIBLE;2026-05-14 11:56:32
TXN-008923;CLT-0021;92,23;Espagne;France;14;0;0;0;0;0;0;FAIBLE;2026-05-14 11:56:32
TXN-008924;CLT-0070;4383,31;Panama;Italie;14;0;0;25;0;0;25;MODÉRÉ;2026-05-14 11:56:32
TXN-008925;CLT-0071;189,84;France;Îles Caïmans;14;0;0;0;20;0;20;MODÉRÉ;2026-05-14 11:56:32
TXN-008926;CLT-0040;183,8;Panama;Suisse;14;0;0;25;0;0;25;MODÉRÉ;2026-05-14 11:56:32
TXN-008927;CLT-0074;612,78;Russie;Allemagne;14;0;0;0;0;0;0;FAIBLE;2026-05-14 11:56:32
TXN-008928;CLT-0001;2244,23;Îles Caïmans;France;14;0;0;25;0;0;25;MODÉRÉ;2026-05-14 11:56:32
TXN-008929;CLT-0052;157,85;Îles Caïmans;France;14;0;0;25;0;0;25;MODÉRÉ;2026-05-14 11:56:32
TXN-008930;CLT-0013;572,6;Espagne;France;14;0;0;0;0;0;0;FAIBLE;2026-05-14 11:56:32
TXN-008931;CLT-0077;2787,45;Panama;France;14;0;0;25;0;0;25;MODÉRÉ;2026-05-14 11:56:32
TXN-008932;CLT-0063;1828,81;France;Îles Caïmans;14;0;0;0;20;0;20;MODÉRÉ;2026-05-14 11:56:32
TXN-008933;CLT-0018;2919,3;France;Panama;14;0;0;0;20;0;20;MODÉRÉ;2026-05-14 11:56:32
TXN-008934;CLT-0086;1949,43;France;France;14;0;0;0;0;0;0;FAIBLE;2026-05-14 11:56:32
TXN-008935;CLT-0083;114,01;Russie;France;14;0;0;0;0;0;0;FAIBLE;2026-05-14 11:56:32
TXN-008936;CLT-0092;106,99;Panama;Suisse;14;0;0;25;0;0;25;MODÉRÉ;2026-05-14 11:56:32
TXN-008937;CLT-0080;3293,53;Panama;France;14;0;0;25;0;0;25;MODÉRÉ;2026-05-14 11:56:32
TXN-008938;CLT-0075;3545,27;Panama;France;14;0;0;25;0;0;25;MODÉRÉ;2026-05-14 11:56:32
TXN-008939;CLT-0034;2351,99;Espagne;France;14;0;0;0;0;0;0;FAIBLE;2026-05-14 11:56:32
TXN-008940;CLT-0085;2816,72;Allemagne;Îles Caïmans;14;0;0;0;20;0;20;MODÉRÉ;2026-05-14 11:56:32
TXN-008941;CLT-0089;1799,04;France;Îles Caïmans;14;0;0;0;20;0;20;MODÉRÉ;2026-05-14 11:56:32
TXN-008942;CLT-0091;2707,65;Russie;Allemagne;14;0;0;0;0;0;0;FAIBLE;2026-05-14 11:56:32
TXN-008943;CLT-0012;573,86;France;Panama;14;0;0;0;20;0;20;MODÉRÉ;2026-05-14 11:56:32
TXN-008944;CLT-0079;1175,91;France;Îles Caïmans;14;0;0;0;20;0;20;MODÉRÉ;2026-05-14 11:56:32
TXN-008945;CLT-0022;477,87;France;Allemagne;14;0;0;0;0;0;0;FAIBLE;2026-05-14 11:56:32
TXN-008946;CLT-0060;2216,44;France;Italie;14;0;0;0;0;0;0;FAIBLE;2026-05-14 11:56:32
TXN-008947;CLT-0054;2430,95;Allemagne;Suisse;14;0;0;0;0;0;0;FAIBLE;2026-05-14 11:56:32
TXN-008948;CLT-0083;2431,71;France;France;14;0;0;0;0;0;0;FAIBLE;2026-05-14 11:56:32
TXN-008949;CLT-0095;4738,07;France;Îles Caïmans;14;0;0;0;20;0;20;MODÉRÉ;2026-05-14 11:56:32
TXN-008950;CLT-0067;280,35;Allemagne;Panama;14;0;0;0;20;0;20;MODÉRÉ;2026-05-14 11:56:32
TXN-008951;CLT-0066;569,96;France;Espagne;14;0;0;0;0;0;0;FAIBLE;2026-05-14 11:56:32
TXN-008952;CLT-0061;1284,5;France;France;14;0;0;0;0;0;0;FAIBLE;2026-05-14 11:56:32
TXN-008953;CLT-0044;4862,22;France;France;14;0;0;0;0;0;0;FAIBLE;2026-05-14 11:56:32
TXN-008954;CLT-0024;76011,4;Espagne;Espagne;14;1;40;0;0;0;40;ÉLEVÉ;2026-05-14 11:56:32
TXN-008955;CLT-0064;1382,22;France;France;14;0;0;0;0;0;0;FAIBLE;2026-05-14 11:56:32
TXN-008956;CLT-0081;3908,08;Allemagne;Îles Caïmans;14;0;0;0;20;0;20;MODÉRÉ;2026-05-14 11:56:32
TXN-008957;CLT-0033;3383,06;Allemagne;Italie;14;0;0;0;0;0;0;FAIBLE;2026-05-14 11:56:32
TXN-008958;CLT-0095;4538,33;France;Îles Caïmans;14;0;0;0;20;0;20;MODÉRÉ;2026-05-14 11:56:32
TXN-008959;CLT-0064;4036,16;Allemagne;France;14;0;0;0;0;0;0;FAIBLE;2026-05-14 11:56:32
TXN-008960;CLT-0030;1743,65;France;Allemagne;14;0;0;0;0;0;0;FAIBLE;2026-05-14 11:56:32
TXN-008961;CLT-0043;243,92;Russie;Suisse;14;0;0;0;0;0;0;FAIBLE;2026-05-14 11:56:32
TXN-008962;CLT-0052;2769,65;France;France;14;0;0;0;0;0;0;FAIBLE;2026-05-14 11:56:32
TXN-008963;CLT-0082;90916,93;Îles Caïmans;Panama;14;1;40;25;20;0;85;CRITIQUE;2026-05-14 11:56:32
TXN-008964;CLT-0017;2575,64;France;Îles Caïmans;14;0;0;0;20;0;20;MODÉRÉ;2026-05-14 11:56:32
TXN-008965;CLT-0056;3877,45;Panama;Allemagne;14;0;0;25;0;0;25;MODÉRÉ;2026-05-14 11:56:32
TXN-008966;CLT-0074;1073,29;France;Allemagne;14;0;0;0;0;0;0;FAIBLE;2026-05-14 11:56:32
TXN-008967;CLT-0006;1233,74;France;France;14;0;0;0;0;0;0;FAIBLE;2026-05-14 11:56:32
TXN-008968;CLT-0049;1288,87;Panama;France;14;0;0;25;0;0;25;MODÉRÉ;2026-05-14 11:56:32
TXN-008969;CLT-0011;19534,86;Espagne;France;14;1;40;0;0;0;40;ÉLEVÉ;2026-05-14 11:56:32
TXN-008970;CLT-0033;2931,42;Espagne;Italie;14;0;0;0;0;0;0;FAIBLE;2026-05-14 11:56:32
TXN-008971;CLT-0095;3610,16;Russie;Îles Caïmans;14;0;0;0;20;0;20;MODÉRÉ;2026-05-14 11:56:32
TXN-008972;CLT-0085;33642,65;Espagne;Îles Caïmans;14;1;40;0;20;0;60;ÉLEVÉ;2026-05-14 11:56:32
TXN-008973;CLT-0017;3936,55;Russie;Îles Caïmans;14;0;0;0;20;0;20;MODÉRÉ;2026-05-14 11:56:32
TXN-008974;CLT-0033;2065,51;France;Italie;14;0;0;0;0;0;0;FAIBLE;2026-05-14 11:56:32
TXN-008975;CLT-0013;4068,41;Espagne;France;14;0;0;0;0;0;0;FAIBLE;2026-05-14 11:56:32
TXN-008976;CLT-0063;2109,02;France;Îles Caïmans;14;0;0;0;20;0;20;MODÉRÉ;2026-05-14 11:56:32
TXN-008977;CLT-0041;3698,82;Îles Caïmans;Panama;14;0;0;25;20;0;45;ÉLEVÉ;2026-05-14 11:56:32
TXN-008978;CLT-0072;1596,83;Allemagne;Allemagne;14;0;0;0;0;0;0;FAIBLE;2026-05-14 11:56:32
TXN-008979;CLT-0061;1257,51;Espagne;France;14;0;0;0;0;0;0;FAIBLE;2026-05-14 11:56:32
TXN-008980;CLT-0013;1195,6;Îles Caïmans;France;14;0;0;25;0;0;25;MODÉRÉ;2026-05-14 11:56:32
TXN-008981;CLT-0044;3091,1;Allemagne;France;14;0;0;0;0;0;0;FAIBLE;2026-05-14 11:56:32
TXN-008982;CLT-0017;2443,5;France;Îles Caïmans;14;0;0;0;20;0;20;MODÉRÉ;2026-05-14 11:56:32
TXN-008983;CLT-0021;1264,28;France;France;14;0;0;0;0;0;0;FAIBLE;2026-05-14 11:56:32
TXN-008984;CLT-0092;1593,51;Allemagne;Suisse;14;0;0;0;0;0;0;FAIBLE;2026-05-14 11:56:32
TXN-008985;CLT-0061;498,73;France;France;14;0;0;0;0;0;0;FAIBLE;2026-05-14 11:56:32
TXN-008986;CLT-0019;4326,11;Russie;Espagne;14;0;0;0;0;0;0;FAIBLE;2026-05-14 11:56:32
TXN-008987;CLT-0045;353,51;Russie;France;14;0;0;0;0;0;0;FAIBLE;2026-05-14 11:56:32
TXN-008988;CLT-0031;66706,73;Allemagne;Panama;14;1;40;0;20;0;60;ÉLEVÉ;2026-05-14 11:56:32
TXN-008989;CLT-0085;4624,12;Russie;Îles Caïmans;14;0;0;0;20;0;20;MODÉRÉ;2026-05-14 11:56:32
TXN-008990;CLT-0021;1056,59;France;France;14;0;0;0;0;0;0;FAIBLE;2026-05-14 11:56:32
TXN-008991;CLT-0082;4581,17;Panama;Panama;14;0;0;25;20;0;45;ÉLEVÉ;2026-05-14 11:56:32
TXN-008992;CLT-0054;4644,96;France;Suisse;14;0;0;0;0;0;0;FAIBLE;2026-05-14 11:56:32
TXN-008993;CLT-0099;2641,96;France;Panama;14;0;0;0;20;0;20;MODÉRÉ;2026-05-14 11:56:32
TXN-008994;CLT-0098;2788,3;France;Espagne;14;0;0;0;0;0;0;FAIBLE;2026-05-14 11:56:32
TXN-008995;CLT-0080;4560,51;France;France;14;0;0;0;0;0;0;FAIBLE;2026-05-14 11:56:32
TXN-008996;CLT-0072;2489,61;Espagne;Allemagne;14;0;0;0;0;0;0;FAIBLE;2026-05-14 11:56:32
TXN-008997;CLT-0033;63899,76;Allemagne;Italie;14;1;40;0;0;0;40;ÉLEVÉ;2026-05-14 11:56:32
TXN-008998;CLT-0041;2945,28;Allemagne;Panama;14;0;0;0;20;0;20;MODÉRÉ;2026-05-14 11:56:32
TXN-008999;CLT-0073;985,38;France;France;14;0;0;0;0;0;0;FAIBLE;2026-05-14 11:56:32
TXN-009000;CLT-0002;2229,61;France;Espagne;14;0;0;0;0;0;0;FAIBLE;2026-05-14 11:56:32
TXN-009001;CLT-0028;4359,73;Espagne;France;14;0;0;0;0;0;0;FAIBLE;2026-05-14 11:56:32
TXN-009002;CLT-0099;75440,29;France;Panama;14;1;40;0;20;0;60;ÉLEVÉ;2026-05-14 11:56:32
TXN-009003;CLT-0029;414,43;Îles Caïmans;France;14;0;0;25;0;0;25;MODÉRÉ;2026-05-14 11:56:32
TXN-009004;CLT-0030;677,55;Russie;Allemagne;14;0;0;0;0;0;0;FAIBLE;2026-05-14 11:56:32
TXN-009005;CLT-0062;861,83;Allemagne;France;14;0;0;0;0;0;0;FAIBLE;2026-05-14 11:56:32
TXN-009006;CLT-0016;3686,33;France;Espagne;14;0;0;0;0;0;0;FAIBLE;2026-05-14 11:56:32
TXN-009007;CLT-0080;843,41;Îles Caïmans;France;14;0;0;25;0;0;25;MODÉRÉ;2026-05-14 11:56:32
TXN-009008;CLT-0019;4923,5;France;Espagne;14;0;0;0;0;0;0;FAIBLE;2026-05-14 11:56:32
TXN-009009;CLT-0023;2520,57;France;Allemagne;14;0;0;0;0;0;0;FAIBLE;2026-05-14 11:56:32
TXN-009010;CLT-0047;1461,49;France;Îles Caïmans;14;0;0;0;20;0;20;MODÉRÉ;2026-05-14 11:56:32
TXN-009011;CLT-0010;2856,99;France;Îles Caïmans;14;0;0;0;20;0;20;MODÉRÉ;2026-05-14 11:56:32
TXN-009012;CLT-0012;2706,76;Russie;Panama;14;0;0;0;20;0;20;MODÉRÉ;2026-05-14 11:56:32
TXN-009013;CLT-0055;2885,55;Panama;Espagne;14;0;0;25;0;0;25;MODÉRÉ;2026-05-14 11:56:32
TXN-009014;CLT-0069;291,16;France;Panama;14;0;0;0;20;0;20;MODÉRÉ;2026-05-14 11:56:32
TXN-009015;CLT-0097;1490,82;Russie;Panama;14;0;0;0;20;0;20;MODÉRÉ;2026-05-14 11:56:32
TXN-009016;CLT-0017;304,89;France;Îles Caïmans;14;0;0;0;20;0;20;MODÉRÉ;2026-05-14 11:56:32
TXN-009017;CLT-0048;1704,13;France;Suisse;14;0;0;0;0;0;0;FAIBLE;2026-05-14 11:56:32
TXN-009018;CLT-0053;106,55;Panama;Espagne;14;0;0;25;0;0;25;MODÉRÉ;2026-05-14 11:56:32
TXN-009019;CLT-0100;1568,15;Allemagne;Suisse;14;0;0;0;0;0;0;FAIBLE;2026-05-14 11:56:32
TXN-009020;CLT-0082;4289,5;Espagne;Panama;14;0;0;0;20;0;20;MODÉRÉ;2026-05-14 11:56:32
TXN-009021;CLT-0050;1836,85;France;Espagne;14;0;0;0;0;0;0;FAIBLE;2026-05-14 11:56:32
TXN-009022;CLT-0010;544,7;France;Îles Caïmans;14;0;0;0;20;0;20;MODÉRÉ;2026-05-14 11:56:32
TXN-009023;CLT-0018;976,54;France;Panama;14;0;0;0;20;0;20;MODÉRÉ;2026-05-14 11:56:32
TXN-009024;CLT-0005;59830,57;France;Panama;14;1;40;0;20;0;60;ÉLEVÉ;2026-05-14 11:56:32
TXN-009025;CLT-0057;41116,52;Panama;France;14;1;40;25;0;0;65;ÉLEVÉ;2026-05-14 11:56:32
TXN-009026;CLT-0038;76062,62;France;Îles Caïmans;14;1;40;0;20;0;60;ÉLEVÉ;2026-05-14 11:56:32
TXN-009027;CLT-0074;808,74;Panama;Allemagne;14;0;0;25;0;0;25;MODÉRÉ;2026-05-14 11:56:32
TXN-009028;CLT-0044;4450,57;Russie;France;14;0;0;0;0;0;0;FAIBLE;2026-05-14 11:56:32
TXN-009029;CLT-0078;4060,61;Espagne;Suisse;14;0;0;0;0;0;0;FAIBLE;2026-05-14 11:56:32
TXN-009030;CLT-0027;4497,89;Panama;Espagne;14;0;0;25;0;0;25;MODÉRÉ;2026-05-14 11:56:32
TXN-009031;CLT-0021;4995,2;Russie;France;14;0;0;0;0;0;0;FAIBLE;2026-05-14 11:56:32
TXN-009032;CLT-0055;4887,76;Îles Caïmans;Espagne;14;0;0;25;0;0;25;MODÉRÉ;2026-05-14 11:56:32
TXN-009033;CLT-0090;637,16;Îles Caïmans;France;14;0;0;25;0;0;25;MODÉRÉ;2026-05-14 11:56:32
TXN-009034;CLT-0076;34459,49;Espagne;France;14;1;40;0;0;0;40;ÉLEVÉ;2026-05-14 11:56:32
TXN-009035;CLT-0022;4975,24;Espagne;Allemagne;14;0;0;0;0;0;0;FAIBLE;2026-05-14 11:56:32
TXN-009036;CLT-0047;861,79;Îles Caïmans;Îles Caïmans;14;0;0;25;20;0;45;ÉLEVÉ;2026-05-14 11:56:32
TXN-009037;CLT-0037;4937,99;Russie;Îles Caïmans;14;0;0;0;20;0;20;MODÉRÉ;2026-05-14 11:56:32
TXN-009038;CLT-0062;1883,45;Îles Caïmans;France;14;0;0;25;0;0;25;MODÉRÉ;2026-05-14 11:56:32
TXN-009039;CLT-0097;64272,4;Russie;Panama;14;1;40;0;20;0;60;ÉLEVÉ;2026-05-14 11:56:32
TXN-009040;CLT-0055;1118,35;France;Espagne;14;0;0;0;0;0;0;FAIBLE;2026-05-14 11:56:32
TXN-009041;CLT-0073;4230,9;Panama;France;14;0;0;25;0;0;25;MODÉRÉ;2026-05-14 11:56:32
TXN-009042;CLT-0094;468,7;Espagne;Allemagne;14;0;0;0;0;0;0;FAIBLE;2026-05-14 11:56:32
TXN-009043;CLT-0045;1282,79;Espagne;France;14;0;0;0;0;0;0;FAIBLE;2026-05-14 11:56:32
TXN-009044;CLT-0008;3200,23;Îles Caïmans;Suisse;14;0;0;25;0;0;25;MODÉRÉ;2026-05-14 11:56:32
TXN-009045;CLT-0031;143,48;Panama;Panama;14;0;0;25;20;0;45;ÉLEVÉ;2026-05-14 11:56:32
TXN-009046;CLT-0029;4930,32;Espagne;France;14;0;0;0;0;0;0;FAIBLE;2026-05-14 11:56:32
TXN-009047;CLT-0048;3171,9;Russie;Suisse;14;0;0;0;0;0;0;FAIBLE;2026-05-14 11:56:32
TXN-009048;CLT-0062;3862,01;France;France;14;0;0;0;0;0;0;FAIBLE;2026-05-14 11:56:32
TXN-009049;CLT-0081;1469,32;France;Îles Caïmans;14;0;0;0;20;0;20;MODÉRÉ;2026-05-14 11:56:32
TXN-009050;CLT-0050;4242,24;France;Espagne;14;0;0;0;0;0;0;FAIBLE;2026-05-14 11:56:32
TXN-009051;CLT-0033;1639,82;Russie;Italie;14;0;0;0;0;0;0;FAIBLE;2026-05-14 11:56:32
TXN-009052;CLT-0089;2644,72;Îles Caïmans;Îles Caïmans;14;0;0;25;20;0;45;ÉLEVÉ;2026-05-14 11:56:32
TXN-009053;CLT-0098;2411,23;Allemagne;Espagne;14;0;0;0;0;0;0;FAIBLE;2026-05-14 11:56:32
TXN-009054;CLT-0068;52507,75;Îles Caïmans;Allemagne;14;1;40;25;0;0;65;ÉLEVÉ;2026-05-14 11:56:32
TXN-009055;CLT-0034;2616,97;France;France;14;0;0;0;0;0;0;FAIBLE;2026-05-14 11:56:32
TXN-009056;CLT-0029;91014,46;Espagne;France;14;1;40;0;0;0;40;ÉLEVÉ;2026-05-14 11:56:32
TXN-009057;CLT-0083;364,43;France;France;14;0;0;0;0;0;0;FAIBLE;2026-05-14 11:56:32
TXN-009058;CLT-0014;863,68;France;France;14;0;0;0;0;0;0;FAIBLE;2026-05-14 11:56:32
TXN-009059;CLT-0048;3643,65;Îles Caïmans;Suisse;14;0;0;25;0;0;25;MODÉRÉ;2026-05-14 11:56:32
TXN-009060;CLT-0063;377,96;Russie;Îles Caïmans;14;0;0;0;20;0;20;MODÉRÉ;2026-05-14 11:56:32
TXN-009061;CLT-0006;25740,16;Allemagne;France;14;1;40;0;0;0;40;ÉLEVÉ;2026-05-14 11:56:32
TXN-009062;CLT-0003;1114,08;Espagne;France;14;0;0;0;0;0;0;FAIBLE;2026-05-14 11:56:32
TXN-009063;CLT-0080;2042,68;France;France;14;0;0;0;0;0;0;FAIBLE;2026-05-14 11:56:32
TXN-009064;CLT-0037;4158,03;France;Îles Caïmans;14;0;0;0;20;0;20;MODÉRÉ;2026-05-14 11:56:32
TXN-009065;CLT-0002;2470,4;Allemagne;Espagne;14;0;0;0;0;0;0;FAIBLE;2026-05-14 11:56:32
TXN-009066;CLT-0076;3652,73;France;France;14;0;0;0;0;0;0;FAIBLE;2026-05-14 11:56:32
TXN-009067;CLT-0025;15951,23;Allemagne;Italie;14;1;40;0;0;0;40;ÉLEVÉ;2026-05-14 11:56:32
TXN-009068;CLT-0059;2427,85;Espagne;Îles Caïmans;14;0;0;0;20;0;20;MODÉRÉ;2026-05-14 11:56:32
TXN-009069;CLT-0071;2299,76;Russie;Îles Caïmans;14;0;0;0;20;0;20;MODÉRÉ;2026-05-14 11:56:32
TXN-009070;CLT-0082;1178,3;Îles Caïmans;Panama;14;0;0;25;20;0;45;ÉLEVÉ;2026-05-14 11:56:32
TXN-009071;CLT-0045;3975,33;France;France;14;0;0;0;0;0;0;FAIBLE;2026-05-14 11:56:32
TXN-009072;CLT-0011;2074,76;France;France;14;0;0;0;0;0;0;FAIBLE;2026-05-14 11:56:32
TXN-009073;CLT-0057;3189,96;Espagne;France;14;0;0;0;0;0;0;FAIBLE;2026-05-14 11:56:32
TXN-009074;CLT-0008;59713,14;Allemagne;Suisse;14;1;40;0;0;0;40;ÉLEVÉ;2026-05-14 11:56:32
TXN-009075;CLT-0051;62785,61;France;France;14;1;40;0;0;0;40;ÉLEVÉ;2026-05-14 11:56:32
TXN-009076;CLT-0068;1895,86;Allemagne;Allemagne;14;0;0;0;0;0;0;FAIBLE;2026-05-14 11:56:32
TXN-009077;CLT-0008;214,66;France;Suisse;14;0;0;0;0;0;0;FAIBLE;2026-05-14 11:56:32
TXN-009078;CLT-0017;21020,98;France;Îles Caïmans;14;1;40;0;20;0;60;ÉLEVÉ;2026-05-14 11:56:32
TXN-009079;CLT-0079;2802,42;Panama;Îles Caïmans;14;0;0;25;20;0;45;ÉLEVÉ;2026-05-14 11:56:32
TXN-009080;CLT-0010;72832,31;France;Îles Caïmans;14;1;40;0;20;0;60;ÉLEVÉ;2026-05-14 11:56:32
TXN-009081;CLT-0093;2835,8;France;Suisse;14;0;0;0;0;0;0;FAIBLE;2026-05-14 11:56:32
TXN-009082;CLT-0056;41236,56;Russie;Allemagne;14;1;40;0;0;0;40;ÉLEVÉ;2026-05-14 11:56:32
TXN-009083;CLT-0037;207,93;Espagne;Îles Caïmans;14;0;0;0;20;0;20;MODÉRÉ;2026-05-14 11:56:32
TXN-009084;CLT-0030;76858,94;France;Allemagne;14;1;40;0;0;0;40;ÉLEVÉ;2026-05-14 11:56:32
TXN-009085;CLT-0049;1820,38;France;France;14;0;0;0;0;0;0;FAIBLE;2026-05-14 11:56:32
TXN-009086;CLT-0065;4586,26;France;Îles Caïmans;14;0;0;0;20;0;20;MODÉRÉ;2026-05-14 11:56:32
TXN-009087;CLT-0063;737,81;France;Îles Caïmans;14;0;0;0;20;0;20;MODÉRÉ;2026-05-14 11:56:32
TXN-009088;CLT-0077;1273,4;Panama;France;14;0;0;25;0;0;25;MODÉRÉ;2026-05-14 11:56:32
TXN-009089;CLT-0036;4860,59;France;Italie;14;0;0;0;0;0;0;FAIBLE;2026-05-14 11:56:32
TXN-009090;CLT-0042;3320,24;France;Italie;14;0;0;0;0;0;0;FAIBLE;2026-05-14 11:56:32
TXN-009091;CLT-0080;2338,36;France;France;14;0;0;0;0;0;0;FAIBLE;2026-05-14 11:56:32
TXN-009092;CLT-0033;861,44;Îles Caïmans;Italie;14;0;0;25;0;0;25;MODÉRÉ;2026-05-14 11:56:32
TXN-009093;CLT-0030;4824,62;Russie;Allemagne;14;0;0;0;0;0;0;FAIBLE;2026-05-14 11:56:32
TXN-009094;CLT-0064;1444,54;Allemagne;France;14;0;0;0;0;0;0;FAIBLE;2026-05-14 11:56:32
TXN-009095;CLT-0012;781,31;France;Panama;14;0;0;0;20;0;20;MODÉRÉ;2026-05-14 11:56:32
TXN-009096;CLT-0054;17210,4;Îles Caïmans;Suisse;14;1;40;25;0;0;65;ÉLEVÉ;2026-05-14 11:56:32
TXN-009097;CLT-0036;3931,37;France;Italie;14;0;0;0;0;0;0;FAIBLE;2026-05-14 11:56:32
TXN-009098;CLT-0002;3730,35;Allemagne;Espagne;14;0;0;0;0;0;0;FAIBLE;2026-05-14 11:56:32
TXN-009099;CLT-0079;229,05;Allemagne;Îles Caïmans;14;0;0;0;20;0;20;MODÉRÉ;2026-05-14 11:56:32
TXN-009100;CLT-0054;58339,06;Russie;Suisse;14;1;40;0;0;0;40;ÉLEVÉ;2026-05-14 11:56:32
TXN-009101;CLT-0049;2190,6;France;France;14;0;0;0;0;0;0;FAIBLE;2026-05-14 11:56:32
TXN-009102;CLT-0084;3548,2;France;Italie;14;0;0;0;0;0;0;FAIBLE;2026-05-14 11:56:32
TXN-009103;CLT-0092;3190,81;France;Suisse;14;0;0;0;0;0;0;FAIBLE;2026-05-14 11:56:32
TXN-009104;CLT-0042;1496,05;Panama;Italie;14;0;0;25;0;0;25;MODÉRÉ;2026-05-14 11:56:32
TXN-009105;CLT-0053;4245,03;Russie;Espagne;14;0;0;0;0;0;0;FAIBLE;2026-05-14 11:56:32
TXN-009106;CLT-0089;4733,47;France;Îles Caïmans;14;0;0;0;20;0;20;MODÉRÉ;2026-05-14 11:56:32
TXN-009107;CLT-0065;1280,79;Allemagne;Îles Caïmans;14;0;0;0;20;0;20;MODÉRÉ;2026-05-14 11:56:32
TXN-009108;CLT-0099;880,82;France;Panama;14;0;0;0;20;0;20;MODÉRÉ;2026-05-14 11:56:32
TXN-009109;CLT-0099;3886,48;Îles Caïmans;Panama;14;0;0;25;20;0;45;ÉLEVÉ;2026-05-14 11:56:32
TXN-009110;CLT-0081;1292,72;France;Îles Caïmans;14;0;0;0;20;0;20;MODÉRÉ;2026-05-14 11:56:32
TXN-009111;CLT-0099;1532,54;Îles Caïmans;Panama;14;0;0;25;20;0;45;ÉLEVÉ;2026-05-14 11:56:32
TXN-009112;CLT-0083;1720,38;Allemagne;France;14;0;0;0;0;0;0;FAIBLE;2026-05-14 11:56:32
TXN-009113;CLT-0020;160,04;Espagne;Italie;14;0;0;0;0;0;0;FAIBLE;2026-05-14 11:56:32
TXN-009114;CLT-0038;2084,43;Allemagne;Îles Caïmans;14;0;0;0;20;0;20;MODÉRÉ;2026-05-14 11:56:32
TXN-009115;CLT-0018;2770,13;Espagne;Panama;14;0;0;0;20;0;20;MODÉRÉ;2026-05-14 11:56:32
TXN-009116;CLT-0028;1671,17;Îles Caïmans;France;14;0;0;25;0;0;25;MODÉRÉ;2026-05-14 11:56:32
TXN-009117;CLT-0100;4047,2;Îles Caïmans;Suisse;14;0;0;25;0;0;25;MODÉRÉ;2026-05-14 11:56:32
TXN-009118;CLT-0048;3854,12;France;Suisse;14;0;0;0;0;0;0;FAIBLE;2026-05-14 11:56:32
TXN-009119;CLT-0090;4866,24;France;France;14;0;0;0;0;0;0;FAIBLE;2026-05-14 11:56:32
TXN-009120;CLT-0060;28250,15;France;Italie;14;1;40;0;0;0;40;ÉLEVÉ;2026-05-14 11:56:32
TXN-009121;CLT-0087;399,16;Russie;Italie;14;0;0;0;0;0;0;FAIBLE;2026-05-14 11:56:32
TXN-009122;CLT-0012;505,5;France;Panama;14;0;0;0;20;0;20;MODÉRÉ;2026-05-14 11:56:32
TXN-009123;CLT-0082;3862,45;France;Panama;14;0;0;0;20;0;20;MODÉRÉ;2026-05-14 11:56:32
TXN-009124;CLT-0035;1774,75;France;Espagne;14;0;0;0;0;0;0;FAIBLE;2026-05-14 11:56:32
TXN-009125;CLT-0044;55446,16;France;France;14;1;40;0;0;0;40;ÉLEVÉ;2026-05-14 11:56:32
TXN-009126;CLT-0082;4492,82;France;Panama;14;0;0;0;20;0;20;MODÉRÉ;2026-05-14 11:56:32
TXN-009127;CLT-0097;2201,47;France;Panama;14;0;0;0;20;0;20;MODÉRÉ;2026-05-14 11:56:32
TXN-009128;CLT-0084;1859,51;France;Italie;14;0;0;0;0;0;0;FAIBLE;2026-05-14 11:56:32
TXN-009129;CLT-0038;64068,25;France;Îles Caïmans;14;1;40;0;20;0;60;ÉLEVÉ;2026-05-14 11:56:32
TXN-009130;CLT-0018;47970,42;Îles Caïmans;Panama;14;1;40;25;20;0;85;CRITIQUE;2026-05-14 11:56:32
TXN-009131;CLT-0058;2833,64;Allemagne;France;14;0;0;0;0;0;0;FAIBLE;2026-05-14 11:56:32
TXN-009132;CLT-0023;4172,72;Allemagne;Allemagne;14;0;0;0;0;0;0;FAIBLE;2026-05-14 11:56:32
TXN-009133;CLT-0054;4357,96;France;Suisse;14;0;0;0;0;0;0;FAIBLE;2026-05-14 11:56:32
TXN-009134;CLT-0059;29444,11;Allemagne;Îles Caïmans;14;1;40;0;20;0;60;ÉLEVÉ;2026-05-14 11:56:32
TXN-009135;CLT-0011;2519,67;France;France;14;0;0;0;0;0;0;FAIBLE;2026-05-14 11:56:32
TXN-009136;CLT-0056;4884,07;France;Allemagne;14;0;0;0;0;0;0;FAIBLE;2026-05-14 11:56:32
TXN-009137;CLT-0086;163,38;Îles Caïmans;France;14;0;0;25;0;0;25;MODÉRÉ;2026-05-14 11:56:32
TXN-009138;CLT-0065;1413,63;France;Îles Caïmans;14;0;0;0;20;0;20;MODÉRÉ;2026-05-14 11:56:32
TXN-009139;CLT-0089;1509,31;Panama;Îles Caïmans;14;0;0;25;20;0;45;ÉLEVÉ;2026-05-14 11:56:32
TXN-009140;CLT-0069;4361,64;Russie;Panama;14;0;0;0;20;0;20;MODÉRÉ;2026-05-14 11:56:32
TXN-009141;CLT-0038;2792,65;Panama;Îles Caïmans;14;0;0;25;20;0;45;ÉLEVÉ;2026-05-14 11:56:32
TXN-009142;CLT-0062;52222,07;Espagne;France;14;1;40;0;0;0;40;ÉLEVÉ;2026-05-14 11:56:32
TXN-009143;CLT-0072;3039,54;France;Allemagne;14;0;0;0;0;0;0;FAIBLE;2026-05-14 11:56:32
TXN-009144;CLT-0045;3990,08;France;France;14;0;0;0;0;0;0;FAIBLE;2026-05-14 11:56:32
TXN-009145;CLT-0016;4689,41;France;Espagne;14;0;0;0;0;0;0;FAIBLE;2026-05-14 11:56:32
TXN-009146;CLT-0052;63347,5;France;France;14;1;40;0;0;0;40;ÉLEVÉ;2026-05-14 11:56:32
TXN-009147;CLT-0068;4185,77;Espagne;Allemagne;14;0;0;0;0;0;0;FAIBLE;2026-05-14 11:56:32
TXN-009148;CLT-0005;2833,7;Russie;Panama;14;0;0;0;20;0;20;MODÉRÉ;2026-05-14 11:56:32
TXN-009149;CLT-0017;2736,5;France;Îles Caïmans;14;0;0;0;20;0;20;MODÉRÉ;2026-05-14 11:56:32
TXN-009150;CLT-0044;1082,62;France;France;14;0;0;0;0;0;0;FAIBLE;2026-05-14 11:56:32
TXN-009151;CLT-0084;66435,62;Panama;Italie;14;1;40;25;0;0;65;ÉLEVÉ;2026-05-14 11:56:32
TXN-009152;CLT-0024;2978,28;Îles Caïmans;Espagne;14;0;0;25;0;0;25;MODÉRÉ;2026-05-14 11:56:32
TXN-009153;CLT-0086;2277,61;France;France;14;0;0;0;0;0;0;FAIBLE;2026-05-14 11:56:32
TXN-009154;CLT-0047;1800,4;Russie;Îles Caïmans;14;0;0;0;20;0;20;MODÉRÉ;2026-05-14 11:56:32
TXN-009155;CLT-0095;623,83;France;Îles Caïmans;14;0;0;0;20;0;20;MODÉRÉ;2026-05-14 11:56:32
TXN-009156;CLT-0086;618,39;Panama;France;14;0;0;25;0;0;25;MODÉRÉ;2026-05-14 11:56:32
TXN-009157;CLT-0073;2062,17;France;France;14;0;0;0;0;0;0;FAIBLE;2026-05-14 11:56:32
TXN-009158;CLT-0040;1705,57;Allemagne;Suisse;14;0;0;0;0;0;0;FAIBLE;2026-05-14 11:56:32
TXN-009159;CLT-0009;4430,67;France;Suisse;14;0;0;0;0;0;0;FAIBLE;2026-05-14 11:56:32
TXN-009160;CLT-0028;4755,1;France;France;14;0;0;0;0;0;0;FAIBLE;2026-05-14 11:56:32
TXN-009161;CLT-0069;4570,77;Panama;Panama;14;0;0;25;20;0;45;ÉLEVÉ;2026-05-14 11:56:32
TXN-009162;CLT-0028;3610,71;Îles Caïmans;France;14;0;0;25;0;0;25;MODÉRÉ;2026-05-14 11:56:32
TXN-009163;CLT-0016;1003,54;France;Espagne;14;0;0;0;0;0;0;FAIBLE;2026-05-14 11:56:32
TXN-009164;CLT-0079;10,98;Îles Caïmans;Îles Caïmans;14;0;0;25;20;0;45;ÉLEVÉ;2026-05-14 11:56:32
TXN-009165;CLT-0061;3309,45;Espagne;France;14;0;0;0;0;0;0;FAIBLE;2026-05-14 11:56:32
TXN-009166;CLT-0043;3476,27;Panama;Suisse;14;0;0;25;0;0;25;MODÉRÉ;2026-05-14 11:56:32
TXN-009167;CLT-0007;3289,98;Russie;Suisse;14;0;0;0;0;0;0;FAIBLE;2026-05-14 11:56:32
TXN-009168;CLT-0005;3745,67;Îles Caïmans;Panama;14;0;0;25;20;0;45;ÉLEVÉ;2026-05-14 11:56:32
TXN-009169;CLT-0017;528,17;Panama;Îles Caïmans;14;0;0;25;20;0;45;ÉLEVÉ;2026-05-14 11:56:32
TXN-009170;CLT-0043;3693,78;Espagne;Suisse;14;0;0;0;0;0;0;FAIBLE;2026-05-14 11:56:32
TXN-009171;CLT-0031;2107,65;France;Panama;14;0;0;0;20;0;20;MODÉRÉ;2026-05-14 11:56:32
TXN-009172;CLT-0049;428,14;Panama;France;14;0;0;25;0;0;25;MODÉRÉ;2026-05-14 11:56:32
TXN-009173;CLT-0096;152,14;France;Panama;14;0;0;0;20;0;20;MODÉRÉ;2026-05-14 11:56:32
TXN-009174;CLT-0085;1971,97;Allemagne;Îles Caïmans;14;0;0;0;20;0;20;MODÉRÉ;2026-05-14 11:56:32
TXN-009175;CLT-0030;2050,02;France;Allemagne;14;0;0;0;0;0;0;FAIBLE;2026-05-14 11:56:32
TXN-009176;CLT-0077;4336,18;Îles Caïmans;France;14;0;0;25;0;0;25;MODÉRÉ;2026-05-14 11:56:32
TXN-009177;CLT-0089;2000,89;Russie;Îles Caïmans;14;0;0;0;20;0;20;MODÉRÉ;2026-05-14 11:56:32
TXN-009178;CLT-0066;1209,85;France;Espagne;14;0;0;0;0;0;0;FAIBLE;2026-05-14 11:56:32
TXN-009179;CLT-0088;1461,98;Espagne;Allemagne;14;0;0;0;0;0;0;FAIBLE;2026-05-14 11:56:32
TXN-009180;CLT-0001;4350,07;Espagne;France;14;0;0;0;0;0;0;FAIBLE;2026-05-14 11:56:32
TXN-009181;CLT-0095;4076,22;Russie;Îles Caïmans;14;0;0;0;20;0;20;MODÉRÉ;2026-05-14 11:56:32
TXN-009182;CLT-0054;614,32;France;Suisse;14;0;0;0;0;0;0;FAIBLE;2026-05-14 11:56:32
TXN-009183;CLT-0026;494,49;Panama;Italie;14;0;0;25;0;0;25;MODÉRÉ;2026-05-14 11:56:32
TXN-009184;CLT-0091;3928,46;Allemagne;Allemagne;14;0;0;0;0;0;0;FAIBLE;2026-05-14 11:56:32
TXN-009185;CLT-0060;47738,01;Îles Caïmans;Italie;14;1;40;25;0;0;65;ÉLEVÉ;2026-05-14 11:56:32
TXN-009186;CLT-0024;288,31;France;Espagne;14;0;0;0;0;0;0;FAIBLE;2026-05-14 11:56:32
TXN-009187;CLT-0055;4942,65;Îles Caïmans;Espagne;14;0;0;25;0;0;25;MODÉRÉ;2026-05-14 11:56:32
TXN-009188;CLT-0066;3372,17;France;Espagne;14;0;0;0;0;0;0;FAIBLE;2026-05-14 11:56:32
TXN-009189;CLT-0066;4743,37;Îles Caïmans;Espagne;14;0;0;25;0;0;25;MODÉRÉ;2026-05-14 11:56:32
TXN-009190;CLT-0018;4298,98;Espagne;Panama;14;0;0;0;20;0;20;MODÉRÉ;2026-05-14 11:56:32
TXN-009191;CLT-0091;4329,58;France;Allemagne;14;0;0;0;0;0;0;FAIBLE;2026-05-14 11:56:32
TXN-009192;CLT-0097;1367,39;Allemagne;Panama;14;0;0;0;20;0;20;MODÉRÉ;2026-05-14 11:56:32
TXN-009193;CLT-0027;2606,73;Îles Caïmans;Espagne;14;0;0;25;0;0;25;MODÉRÉ;2026-05-14 11:56:32
TXN-009194;CLT-0071;8465,08;France;Îles Caïmans;14;1;40;0;20;0;60;ÉLEVÉ;2026-05-14 11:56:32
TXN-009195;CLT-0081;2446,46;France;Îles Caïmans;14;0;0;0;20;0;20;MODÉRÉ;2026-05-14 11:56:32
TXN-009196;CLT-0081;3557,51;Russie;Îles Caïmans;14;0;0;0;20;0;20;MODÉRÉ;2026-05-14 11:56:32
TXN-009197;CLT-0074;16272,83;France;Allemagne;14;1;40;0;0;0;40;ÉLEVÉ;2026-05-14 11:56:32
TXN-009198;CLT-0017;2676,09;Îles Caïmans;Îles Caïmans;14;0;0;25;20;0;45;ÉLEVÉ;2026-05-14 11:56:32
TXN-009199;CLT-0010;495,66;Panama;Îles Caïmans;14;0;0;25;20;0;45;ÉLEVÉ;2026-05-14 11:56:32
TXN-009200;CLT-0066;3724,89;Îles Caïmans;Espagne;14;0;0;25;0;0;25;MODÉRÉ;2026-05-14 11:56:32
TXN-009201;CLT-0096;3421,54;France;Panama;14;0;0;0;20;0;20;MODÉRÉ;2026-05-14 11:56:32
TXN-009202;CLT-0043;1538,0;Allemagne;Suisse;14;0;0;0;0;0;0;FAIBLE;2026-05-14 11:56:32
TXN-009203;CLT-0056;545,7;France;Allemagne;14;0;0;0;0;0;0;FAIBLE;2026-05-14 11:56:32
TXN-009204;CLT-0027;2451,28;Russie;Espagne;14;0;0;0;0;0;0;FAIBLE;2026-05-14 11:56:32
TXN-009205;CLT-0031;2851,09;France;Panama;14;0;0;0;20;0;20;MODÉRÉ;2026-05-14 11:56:32
TXN-009206;CLT-0087;3967,58;France;Italie;14;0;0;0;0;0;0;FAIBLE;2026-05-14 11:56:32
TXN-009207;CLT-0032;1729,71;Îles Caïmans;Suisse;14;0;0;25;0;0;25;MODÉRÉ;2026-05-14 11:56:32
TXN-009208;CLT-0017;322,42;Îles Caïmans;Îles Caïmans;14;0;0;25;20;0;45;ÉLEVÉ;2026-05-14 11:56:32
TXN-009209;CLT-0015;2125,05;Allemagne;France;14;0;0;0;0;0;0;FAIBLE;2026-05-14 11:56:32
TXN-009210;CLT-0013;2284,25;Espagne;France;14;0;0;0;0;0;0;FAIBLE;2026-05-14 11:56:32
TXN-009211;CLT-0069;979,52;Allemagne;Panama;14;0;0;0;20;0;20;MODÉRÉ;2026-05-14 11:56:32
TXN-009212;CLT-0004;1179,02;Allemagne;Suisse;14;0;0;0;0;0;0;FAIBLE;2026-05-14 11:56:32
TXN-009213;CLT-0040;71,75;Îles Caïmans;Suisse;14;0;0;25;0;0;25;MODÉRÉ;2026-05-14 11:56:32
TXN-009214;CLT-0042;4806,41;Espagne;Italie;14;0;0;0;0;0;0;FAIBLE;2026-05-14 11:56:32
TXN-009215;CLT-0041;1485,91;Espagne;Panama;14;0;0;0;20;0;20;MODÉRÉ;2026-05-14 11:56:32
TXN-009216;CLT-0028;583,35;France;France;14;0;0;0;0;0;0;FAIBLE;2026-05-14 11:56:32
TXN-009217;CLT-0042;19057,33;Russie;Italie;14;1;40;0;0;0;40;ÉLEVÉ;2026-05-14 11:56:32
TXN-009218;CLT-0100;1404,68;France;Suisse;14;0;0;0;0;0;0;FAIBLE;2026-05-14 11:56:32
TXN-009219;CLT-0027;334,97;Îles Caïmans;Espagne;14;0;0;25;0;0;25;MODÉRÉ;2026-05-14 11:56:32
TXN-009220;CLT-0054;2731,85;Îles Caïmans;Suisse;14;0;0;25;0;0;25;MODÉRÉ;2026-05-14 11:56:32
TXN-009221;CLT-0096;4599,58;Russie;Panama;14;0;0;0;20;0;20;MODÉRÉ;2026-05-14 11:56:32
TXN-009222;CLT-0011;1472,85;Espagne;France;14;0;0;0;0;0;0;FAIBLE;2026-05-14 11:56:32
TXN-009223;CLT-0083;37533,35;Allemagne;France;14;1;40;0;0;0;40;ÉLEVÉ;2026-05-14 11:56:32
TXN-009224;CLT-0055;4157,83;Russie;Espagne;14;0;0;0;0;0;0;FAIBLE;2026-05-14 11:56:32
TXN-009225;CLT-0058;685,35;Îles Caïmans;France;14;0;0;25;0;0;25;MODÉRÉ;2026-05-14 11:56:32
TXN-009226;CLT-0099;3824,52;Îles Caïmans;Panama;14;0;0;25;20;0;45;ÉLEVÉ;2026-05-14 11:56:32
TXN-009227;CLT-0078;3162,55;Allemagne;Suisse;14;0;0;0;0;0;0;FAIBLE;2026-05-14 11:56:32
TXN-009228;CLT-0063;2208,59;Espagne;Îles Caïmans;14;0;0;0;20;0;20;MODÉRÉ;2026-05-14 11:56:32
TXN-009229;CLT-0072;483,85;Allemagne;Allemagne;14;0;0;0;0;0;0;FAIBLE;2026-05-14 11:56:32
TXN-009230;CLT-0067;4511,03;France;Panama;14;0;0;0;20;0;20;MODÉRÉ;2026-05-14 11:56:32
TXN-009231;CLT-0005;1097,0;Allemagne;Panama;14;0;0;0;20;0;20;MODÉRÉ;2026-05-14 11:56:32
TXN-009232;CLT-0062;3778,93;Russie;France;14;0;0;0;0;0;0;FAIBLE;2026-05-14 11:56:32
TXN-009233;CLT-0007;3652,16;France;Suisse;14;0;0;0;0;0;0;FAIBLE;2026-05-14 11:56:32
TXN-009234;CLT-0037;2191,34;Panama;Îles Caïmans;14;0;0;25;20;0;45;ÉLEVÉ;2026-05-14 11:56:32
TXN-009235;CLT-0061;90317,5;Russie;France;14;1;40;0;0;0;40;ÉLEVÉ;2026-05-14 11:56:32
TXN-009236;CLT-0068;3216,05;Espagne;Allemagne;14;0;0;0;0;0;0;FAIBLE;2026-05-14 11:56:32
TXN-009237;CLT-0093;2507,85;Panama;Suisse;14;0;0;25;0;0;25;MODÉRÉ;2026-05-14 11:56:32
TXN-009238;CLT-0013;2909,06;France;France;14;0;0;0;0;0;0;FAIBLE;2026-05-14 11:56:32
TXN-009239;CLT-0054;4810,05;France;Suisse;14;0;0;0;0;0;0;FAIBLE;2026-05-14 11:56:32
TXN-009240;CLT-0029;2948,64;Panama;France;14;0;0;25;0;0;25;MODÉRÉ;2026-05-14 11:56:32
TXN-009241;CLT-0093;54885,09;France;Suisse;14;1;40;0;0;0;40;ÉLEVÉ;2026-05-14 11:56:32
TXN-009242;CLT-0051;3356,34;Îles Caïmans;France;14;0;0;25;0;0;25;MODÉRÉ;2026-05-14 11:56:32
TXN-009243;CLT-0074;3304,8;Espagne;Allemagne;14;0;0;0;0;0;0;FAIBLE;2026-05-14 11:56:32
TXN-009244;CLT-0050;9816,14;France;Espagne;14;1;40;0;0;0;40;ÉLEVÉ;2026-05-14 11:56:32
TXN-009245;CLT-0018;4980,23;France;Panama;14;0;0;0;20;0;20;MODÉRÉ;2026-05-14 11:56:32
TXN-009246;CLT-0094;73676,83;Îles Caïmans;Allemagne;14;1;40;25;0;0;65;ÉLEVÉ;2026-05-14 11:56:32
TXN-009247;CLT-0028;484,99;France;France;14;0;0;0;0;0;0;FAIBLE;2026-05-14 11:56:32
TXN-009248;CLT-0061;1418,34;France;France;14;0;0;0;0;0;0;FAIBLE;2026-05-14 11:56:32
TXN-009249;CLT-0054;4947,64;France;Suisse;14;0;0;0;0;0;0;FAIBLE;2026-05-14 11:56:32
TXN-009250;CLT-0088;3934,92;France;Allemagne;14;0;0;0;0;0;0;FAIBLE;2026-05-14 11:56:32
TXN-009251;CLT-0039;2957,03;Allemagne;France;14;0;0;0;0;0;0;FAIBLE;2026-05-14 11:56:32
TXN-009252;CLT-0051;2126,55;France;France;14;0;0;0;0;0;0;FAIBLE;2026-05-14 11:56:32
TXN-009253;CLT-0063;2843,31;France;Îles Caïmans;14;0;0;0;20;0;20;MODÉRÉ;2026-05-14 11:56:32
TXN-009254;CLT-0043;63391,03;Panama;Suisse;14;1;40;25;0;0;65;ÉLEVÉ;2026-05-14 11:56:32
TXN-009255;CLT-0093;350,54;France;Suisse;14;0;0;0;0;0;0;FAIBLE;2026-05-14 11:56:32
TXN-009256;CLT-0066;994,92;Espagne;Espagne;14;0;0;0;0;0;0;FAIBLE;2026-05-14 11:56:32
TXN-009257;CLT-0076;4176,36;Allemagne;France;14;0;0;0;0;0;0;FAIBLE;2026-05-14 11:56:32
TXN-009258;CLT-0005;341,27;Panama;Panama;14;0;0;25;20;0;45;ÉLEVÉ;2026-05-14 11:56:32
TXN-009259;CLT-0100;222,3;France;Suisse;14;0;0;0;0;0;0;FAIBLE;2026-05-14 11:56:32
TXN-009260;CLT-0005;4885,53;Îles Caïmans;Panama;14;0;0;25;20;0;45;ÉLEVÉ;2026-05-14 11:56:32
TXN-009261;CLT-0063;924,79;Allemagne;Îles Caïmans;14;0;0;0;20;0;20;MODÉRÉ;2026-05-14 11:56:32
TXN-009262;CLT-0020;34007,83;France;Italie;14;1;40;0;0;0;40;ÉLEVÉ;2026-05-14 11:56:32
TXN-009263;CLT-0066;3135,12;Russie;Espagne;14;0;0;0;0;0;0;FAIBLE;2026-05-14 11:56:32
TXN-009264;CLT-0098;1973,71;Russie;Espagne;14;0;0;0;0;0;0;FAIBLE;2026-05-14 11:56:32
TXN-009265;CLT-0094;4636,02;France;Allemagne;14;0;0;0;0;0;0;FAIBLE;2026-05-14 11:56:32
TXN-009266;CLT-0018;78961,3;Espagne;Panama;14;1;40;0;20;0;60;ÉLEVÉ;2026-05-14 11:56:32
TXN-009267;CLT-0044;675,57;Russie;France;14;0;0;0;0;0;0;FAIBLE;2026-05-14 11:56:32
TXN-009268;CLT-0088;4922,97;Îles Caïmans;Allemagne;14;0;0;25;0;0;25;MODÉRÉ;2026-05-14 11:56:32
TXN-009269;CLT-0088;1132,31;Espagne;Allemagne;14;0;0;0;0;0;0;FAIBLE;2026-05-14 11:56:32
TXN-009270;CLT-0054;4084,18;France;Suisse;14;0;0;0;0;0;0;FAIBLE;2026-05-14 11:56:32
TXN-009271;CLT-0012;1966,92;Panama;Panama;14;0;0;25;20;0;45;ÉLEVÉ;2026-05-14 11:56:32
TXN-009272;CLT-0089;4945,49;Îles Caïmans;Îles Caïmans;14;0;0;25;20;0;45;ÉLEVÉ;2026-05-14 11:56:32
TXN-009273;CLT-0057;2185,02;Panama;France;14;0;0;25;0;0;25;MODÉRÉ;2026-05-14 11:56:32
TXN-009274;CLT-0087;2248,29;France;Italie;14;0;0;0;0;0;0;FAIBLE;2026-05-14 11:56:32
TXN-009275;CLT-0025;2880,36;France;Italie;14;0;0;0;0;0;0;FAIBLE;2026-05-14 11:56:32
TXN-009276;CLT-0001;3609,35;France;France;14;0;0;0;0;0;0;FAIBLE;2026-05-14 11:56:32
TXN-009277;CLT-0074;22899,87;France;Allemagne;14;1;40;0;0;0;40;ÉLEVÉ;2026-05-14 11:56:32
TXN-009278;CLT-0057;1537,36;Espagne;France;14;0;0;0;0;0;0;FAIBLE;2026-05-14 11:56:32
TXN-009279;CLT-0029;10,39;Russie;France;14;0;0;0;0;0;0;FAIBLE;2026-05-14 11:56:32
TXN-009280;CLT-0037;3776,03;Panama;Îles Caïmans;14;0;0;25;20;0;45;ÉLEVÉ;2026-05-14 11:56:32
TXN-009281;CLT-0012;1544,51;Îles Caïmans;Panama;14;0;0;25;20;0;45;ÉLEVÉ;2026-05-14 11:56:32
TXN-009282;CLT-0077;3665,59;Russie;France;14;0;0;0;0;0;0;FAIBLE;2026-05-14 11:56:32
TXN-009283;CLT-0090;3015,08;France;France;14;0;0;0;0;0;0;FAIBLE;2026-05-14 11:56:32
TXN-009284;CLT-0049;2910,72;Îles Caïmans;France;14;0;0;25;0;0;25;MODÉRÉ;2026-05-14 11:56:32
TXN-009285;CLT-0027;137,91;Panama;Espagne;14;0;0;25;0;0;25;MODÉRÉ;2026-05-14 11:56:32
TXN-009286;CLT-0069;4941,59;Espagne;Panama;14;0;0;0;20;0;20;MODÉRÉ;2026-05-14 11:56:32
TXN-009287;CLT-0042;3528,82;France;Italie;14;0;0;0;0;0;0;FAIBLE;2026-05-14 11:56:32
TXN-009288;CLT-0037;1310,7;France;Îles Caïmans;14;0;0;0;20;0;20;MODÉRÉ;2026-05-14 11:56:32
TXN-009289;CLT-0020;567,01;Panama;Italie;14;0;0;25;0;0;25;MODÉRÉ;2026-05-14 11:56:32
TXN-009290;CLT-0010;1859,5;France;Îles Caïmans;14;0;0;0;20;0;20;MODÉRÉ;2026-05-14 11:56:32
TXN-009291;CLT-0089;1536,49;France;Îles Caïmans;14;0;0;0;20;0;20;MODÉRÉ;2026-05-14 11:56:32
TXN-009292;CLT-0048;4193,12;Allemagne;Suisse;14;0;0;0;0;0;0;FAIBLE;2026-05-14 11:56:32
TXN-009293;CLT-0085;74998,28;Îles Caïmans;Îles Caïmans;14;1;40;25;20;0;85;CRITIQUE;2026-05-14 11:56:32
TXN-009294;CLT-0063;4041,67;Îles Caïmans;Îles Caïmans;14;0;0;25;20;0;45;ÉLEVÉ;2026-05-14 11:56:32
TXN-009295;CLT-0088;93264,3;France;Allemagne;14;1;40;0;0;0;40;ÉLEVÉ;2026-05-14 11:56:32
TXN-009296;CLT-0019;360,63;Panama;Espagne;14;0;0;25;0;0;25;MODÉRÉ;2026-05-14 11:56:32
TXN-009297;CLT-0087;4228,83;Espagne;Italie;14;0;0;0;0;0;0;FAIBLE;2026-05-14 11:56:32
TXN-009298;CLT-0031;48004,71;Îles Caïmans;Panama;14;1;40;25;20;0;85;CRITIQUE;2026-05-14 11:56:32
TXN-009299;CLT-0097;3019,2;Allemagne;Panama;14;0;0;0;20;0;20;MODÉRÉ;2026-05-14 11:56:32
TXN-009300;CLT-0068;986,5;Îles Caïmans;Allemagne;14;0;0;25;0;0;25;MODÉRÉ;2026-05-14 11:56:32
TXN-009301;CLT-0067;1059,15;France;Panama;14;0;0;0;20;0;20;MODÉRÉ;2026-05-14 11:56:32
TXN-009302;CLT-0027;622,57;Îles Caïmans;Espagne;14;0;0;25;0;0;25;MODÉRÉ;2026-05-14 11:56:32
TXN-009303;CLT-0045;521,46;France;France;14;0;0;0;0;0;0;FAIBLE;2026-05-14 11:56:32
TXN-009304;CLT-0078;195,35;Allemagne;Suisse;14;0;0;0;0;0;0;FAIBLE;2026-05-14 11:56:32
TXN-009305;CLT-0094;4874,84;France;Allemagne;14;0;0;0;0;0;0;FAIBLE;2026-05-14 11:56:32
TXN-009306;CLT-0049;60516,06;Espagne;France;14;1;40;0;0;0;40;ÉLEVÉ;2026-05-14 11:56:32
TXN-009307;CLT-0086;2988,17;Allemagne;France;14;0;0;0;0;0;0;FAIBLE;2026-05-14 11:56:32
TXN-009308;CLT-0093;890,78;France;Suisse;14;0;0;0;0;0;0;FAIBLE;2026-05-14 11:56:32
TXN-009309;CLT-0053;2323,85;France;Espagne;14;0;0;0;0;0;0;FAIBLE;2026-05-14 11:56:32
TXN-009310;CLT-0052;4492,32;Russie;France;14;0;0;0;0;0;0;FAIBLE;2026-05-14 11:56:32
TXN-009311;CLT-0053;2226,94;Allemagne;Espagne;14;0;0;0;0;0;0;FAIBLE;2026-05-14 11:56:32
TXN-009312;CLT-0009;2415,93;France;Suisse;14;0;0;0;0;0;0;FAIBLE;2026-05-14 11:56:32
TXN-009313;CLT-0056;2885,37;Allemagne;Allemagne;14;0;0;0;0;0;0;FAIBLE;2026-05-14 11:56:32
TXN-009314;CLT-0063;1814,14;France;Îles Caïmans;14;0;0;0;20;0;20;MODÉRÉ;2026-05-14 11:56:32
TXN-009315;CLT-0018;797,58;France;Panama;14;0;0;0;20;0;20;MODÉRÉ;2026-05-14 11:56:32
TXN-009316;CLT-0036;28478,46;Russie;Italie;14;1;40;0;0;0;40;ÉLEVÉ;2026-05-14 11:56:32
TXN-009317;CLT-0068;1953,77;Espagne;Allemagne;14;0;0;0;0;0;0;FAIBLE;2026-05-14 11:56:32
TXN-009318;CLT-0053;564,04;France;Espagne;14;0;0;0;0;0;0;FAIBLE;2026-05-14 11:56:32
TXN-009319;CLT-0052;2905,8;Panama;France;14;0;0;25;0;0;25;MODÉRÉ;2026-05-14 11:56:32
TXN-009320;CLT-0052;920,61;Panama;France;14;0;0;25;0;0;25;MODÉRÉ;2026-05-14 11:56:32
TXN-009321;CLT-0085;745,64;Panama;Îles Caïmans;14;0;0;25;20;0;45;ÉLEVÉ;2026-05-14 11:56:32
TXN-009322;CLT-0087;48461,49;Allemagne;Italie;14;1;40;0;0;0;40;ÉLEVÉ;2026-05-14 11:56:32
TXN-009323;CLT-0068;3563,13;France;Allemagne;14;0;0;0;0;0;0;FAIBLE;2026-05-14 11:56:32
TXN-009324;CLT-0055;4060,86;France;Espagne;14;0;0;0;0;0;0;FAIBLE;2026-05-14 11:56:32
TXN-009325;CLT-0041;4879,85;Panama;Panama;14;0;0;25;20;0;45;ÉLEVÉ;2026-05-14 11:56:32
TXN-009326;CLT-0040;31253,65;Russie;Suisse;14;1;40;0;0;0;40;ÉLEVÉ;2026-05-14 11:56:32
TXN-009327;CLT-0063;1730,26;Espagne;Îles Caïmans;14;0;0;0;20;0;20;MODÉRÉ;2026-05-14 11:56:32
TXN-009328;CLT-0031;1442,61;Espagne;Panama;14;0;0;0;20;0;20;MODÉRÉ;2026-05-14 11:56:32
TXN-009329;CLT-0063;1964,84;Russie;Îles Caïmans;14;0;0;0;20;0;20;MODÉRÉ;2026-05-14 11:56:32
TXN-009330;CLT-0090;756,0;Espagne;France;14;0;0;0;0;0;0;FAIBLE;2026-05-14 11:56:32
TXN-009331;CLT-0011;1900,52;Allemagne;France;14;0;0;0;0;0;0;FAIBLE;2026-05-14 11:56:32
TXN-009332;CLT-0064;180,36;France;France;14;0;0;0;0;0;0;FAIBLE;2026-05-14 11:56:32
TXN-009333;CLT-0061;1822,96;Russie;France;14;0;0;0;0;0;0;FAIBLE;2026-05-14 11:56:32
TXN-009334;CLT-0073;3467,43;France;France;14;0;0;0;0;0;0;FAIBLE;2026-05-14 11:56:32
TXN-009335;CLT-0031;550,27;Îles Caïmans;Panama;14;0;0;25;20;0;45;ÉLEVÉ;2026-05-14 11:56:32
TXN-009336;CLT-0056;3390,68;France;Allemagne;14;0;0;0;0;0;0;FAIBLE;2026-05-14 11:56:32
TXN-009337;CLT-0064;4783,31;France;France;14;0;0;0;0;0;0;FAIBLE;2026-05-14 11:56:32
TXN-009338;CLT-0088;43021,24;Panama;Allemagne;14;1;40;25;0;0;65;ÉLEVÉ;2026-05-14 11:56:32
TXN-009339;CLT-0073;4424,26;France;France;14;0;0;0;0;0;0;FAIBLE;2026-05-14 11:56:32
TXN-009340;CLT-0041;4334,48;Îles Caïmans;Panama;14;0;0;25;20;0;45;ÉLEVÉ;2026-05-14 11:56:32
TXN-009341;CLT-0013;1068,52;Espagne;France;14;0;0;0;0;0;0;FAIBLE;2026-05-14 11:56:32
TXN-009342;CLT-0100;428,77;Panama;Suisse;14;0;0;25;0;0;25;MODÉRÉ;2026-05-14 11:56:32
TXN-009343;CLT-0073;4550,58;Allemagne;France;14;0;0;0;0;0;0;FAIBLE;2026-05-14 11:56:32
TXN-009344;CLT-0011;268,46;Îles Caïmans;France;14;0;0;25;0;0;25;MODÉRÉ;2026-05-14 11:56:32
TXN-009345;CLT-0062;2940,41;Panama;France;14;0;0;25;0;0;25;MODÉRÉ;2026-05-14 11:56:32
TXN-009346;CLT-0077;3372,31;France;France;14;0;0;0;0;0;0;FAIBLE;2026-05-14 11:56:32
TXN-009347;CLT-0053;45530,22;France;Espagne;14;1;40;0;0;0;40;ÉLEVÉ;2026-05-14 11:56:32
TXN-009348;CLT-0038;2599,29;France;Îles Caïmans;14;0;0;0;20;0;20;MODÉRÉ;2026-05-14 11:56:32
TXN-009349;CLT-0088;79987,49;Allemagne;Allemagne;14;1;40;0;0;0;40;ÉLEVÉ;2026-05-14 11:56:32
TXN-009350;CLT-0041;734,87;Russie;Panama;14;0;0;0;20;0;20;MODÉRÉ;2026-05-14 11:56:32
TXN-009351;CLT-0078;4028,7;Îles Caïmans;Suisse;14;0;0;25;0;0;25;MODÉRÉ;2026-05-14 11:56:32
TXN-009352;CLT-0001;58136,9;Espagne;France;14;1;40;0;0;0;40;ÉLEVÉ;2026-05-14 11:56:32
TXN-009353;CLT-0046;20572,22;Panama;France;14;1;40;25;0;0;65;ÉLEVÉ;2026-05-14 11:56:32
TXN-009354;CLT-0096;270,41;France;Panama;14;0;0;0;20;0;20;MODÉRÉ;2026-05-14 11:56:32
TXN-009355;CLT-0090;43530,28;Panama;France;14;1;40;25;0;0;65;ÉLEVÉ;2026-05-14 11:56:32
TXN-009356;CLT-0042;2646,18;France;Italie;14;0;0;0;0;0;0;FAIBLE;2026-05-14 11:56:32
TXN-009357;CLT-0077;1366,39;Îles Caïmans;France;14;0;0;25;0;0;25;MODÉRÉ;2026-05-14 11:56:32
TXN-009358;CLT-0080;1546,18;Russie;France;14;0;0;0;0;0;0;FAIBLE;2026-05-14 11:56:32
TXN-009359;CLT-0048;4711,13;Russie;Suisse;14;0;0;0;0;0;0;FAIBLE;2026-05-14 11:56:32
TXN-009360;CLT-0052;2364,91;France;France;14;0;0;0;0;0;0;FAIBLE;2026-05-14 11:56:32
TXN-009361;CLT-0048;4290,92;France;Suisse;14;0;0;0;0;0;0;FAIBLE;2026-05-14 11:56:32
TXN-009362;CLT-0081;4996,36;France;Îles Caïmans;14;0;0;0;20;0;20;MODÉRÉ;2026-05-14 11:56:32
TXN-009363;CLT-0100;4296,72;Panama;Suisse;14;0;0;25;0;0;25;MODÉRÉ;2026-05-14 11:56:32
TXN-009364;CLT-0049;42341,73;France;France;14;1;40;0;0;0;40;ÉLEVÉ;2026-05-14 11:56:32
TXN-009365;CLT-0045;4151,56;France;France;14;0;0;0;0;0;0;FAIBLE;2026-05-14 11:56:32
TXN-009366;CLT-0048;4264,33;Îles Caïmans;Suisse;14;0;0;25;0;0;25;MODÉRÉ;2026-05-14 11:56:32
TXN-009367;CLT-0028;2693,75;Allemagne;France;14;0;0;0;0;0;0;FAIBLE;2026-05-14 11:56:32
TXN-009368;CLT-0063;4634,47;Allemagne;Îles Caïmans;14;0;0;0;20;0;20;MODÉRÉ;2026-05-14 11:56:32
TXN-009369;CLT-0006;4382,94;Panama;France;14;0;0;25;0;0;25;MODÉRÉ;2026-05-14 11:56:32
TXN-009370;CLT-0094;422,42;France;Allemagne;14;0;0;0;0;0;0;FAIBLE;2026-05-14 11:56:32
TXN-009371;CLT-0055;144,26;Russie;Espagne;14;0;0;0;0;0;0;FAIBLE;2026-05-14 11:56:32
TXN-009372;CLT-0024;74486,7;Allemagne;Espagne;14;1;40;0;0;0;40;ÉLEVÉ;2026-05-14 11:56:32
TXN-009373;CLT-0075;512,55;France;France;14;0;0;0;0;0;0;FAIBLE;2026-05-14 11:56:32
TXN-009374;CLT-0018;2088,49;Russie;Panama;14;0;0;0;20;0;20;MODÉRÉ;2026-05-14 11:56:32
TXN-009375;CLT-0014;4960,23;Allemagne;France;14;0;0;0;0;0;0;FAIBLE;2026-05-14 11:56:32
TXN-009376;CLT-0032;86843,16;Espagne;Suisse;14;1;40;0;0;0;40;ÉLEVÉ;2026-05-14 11:56:32
TXN-009377;CLT-0069;820,78;Allemagne;Panama;14;0;0;0;20;0;20;MODÉRÉ;2026-05-14 11:56:32
TXN-009378;CLT-0095;1092,17;Russie;Îles Caïmans;14;0;0;0;20;0;20;MODÉRÉ;2026-05-14 11:56:32
TXN-009379;CLT-0054;775,51;Îles Caïmans;Suisse;14;0;0;25;0;0;25;MODÉRÉ;2026-05-14 11:56:32
TXN-009380;CLT-0053;4537,66;France;Espagne;14;0;0;0;0;0;0;FAIBLE;2026-05-14 11:56:32
TXN-009381;CLT-0006;4792,61;France;France;14;0;0;0;0;0;0;FAIBLE;2026-05-14 11:56:32
TXN-009382;CLT-0085;4538,02;Allemagne;Îles Caïmans;14;0;0;0;20;0;20;MODÉRÉ;2026-05-14 11:56:32
TXN-009383;CLT-0007;1644,86;Panama;Suisse;14;0;0;25;0;0;25;MODÉRÉ;2026-05-14 11:56:32
TXN-009384;CLT-0096;3426,14;Russie;Panama;14;0;0;0;20;0;20;MODÉRÉ;2026-05-14 11:56:32
TXN-009385;CLT-0062;2803,49;Espagne;France;14;0;0;0;0;0;0;FAIBLE;2026-05-14 11:56:32
TXN-009386;CLT-0037;3622,7;France;Îles Caïmans;14;0;0;0;20;0;20;MODÉRÉ;2026-05-14 11:56:32
TXN-009387;CLT-0015;3790,89;Espagne;France;14;0;0;0;0;0;0;FAIBLE;2026-05-14 11:56:32
TXN-009388;CLT-0085;472,36;Panama;Îles Caïmans;14;0;0;25;20;0;45;ÉLEVÉ;2026-05-14 11:56:32
TXN-009389;CLT-0001;2276,18;Panama;France;14;0;0;25;0;0;25;MODÉRÉ;2026-05-14 11:56:32
TXN-009390;CLT-0051;716,1;Panama;France;14;0;0;25;0;0;25;MODÉRÉ;2026-05-14 11:56:32
TXN-009391;CLT-0043;3921,02;Îles Caïmans;Suisse;14;0;0;25;0;0;25;MODÉRÉ;2026-05-14 11:56:32
TXN-009392;CLT-0055;4656,49;Panama;Espagne;14;0;0;25;0;0;25;MODÉRÉ;2026-05-14 11:56:32
TXN-009393;CLT-0077;4448,36;France;France;14;0;0;0;0;0;0;FAIBLE;2026-05-14 11:56:32
TXN-009394;CLT-0030;1384,9;France;Allemagne;14;0;0;0;0;0;0;FAIBLE;2026-05-14 11:56:32
TXN-009395;CLT-0055;913,22;Espagne;Espagne;14;0;0;0;0;0;0;FAIBLE;2026-05-14 11:56:32
TXN-009396;CLT-0051;547,51;Espagne;France;14;0;0;0;0;0;0;FAIBLE;2026-05-14 11:56:32
TXN-009397;CLT-0030;809,25;Allemagne;Allemagne;14;0;0;0;0;0;0;FAIBLE;2026-05-14 11:56:32
TXN-009398;CLT-0085;2692,11;Allemagne;Îles Caïmans;14;0;0;0;20;0;20;MODÉRÉ;2026-05-14 11:56:32
TXN-009399;CLT-0081;3294,72;France;Îles Caïmans;14;0;0;0;20;0;20;MODÉRÉ;2026-05-14 11:56:32
TXN-009400;CLT-0015;992,9;Russie;France;14;0;0;0;0;0;0;FAIBLE;2026-05-14 11:56:32
TXN-009401;CLT-0038;827,64;Allemagne;Îles Caïmans;14;0;0;0;20;0;20;MODÉRÉ;2026-05-14 11:56:32
TXN-009402;CLT-0025;2286,64;France;Italie;14;0;0;0;0;0;0;FAIBLE;2026-05-14 11:56:32
TXN-009403;CLT-0096;1141,05;Russie;Panama;14;0;0;0;20;0;20;MODÉRÉ;2026-05-14 11:56:32
TXN-009404;CLT-0053;389,95;France;Espagne;14;0;0;0;0;0;0;FAIBLE;2026-05-14 11:56:32
TXN-009405;CLT-0044;1737,76;Espagne;France;14;0;0;0;0;0;0;FAIBLE;2026-05-14 11:56:32
TXN-009406;CLT-0091;609,4;Russie;Allemagne;14;0;0;0;0;0;0;FAIBLE;2026-05-14 11:56:32
TXN-009407;CLT-0058;2643,34;France;France;14;0;0;0;0;0;0;FAIBLE;2026-05-14 11:56:32
TXN-009408;CLT-0020;984,58;Îles Caïmans;Italie;14;0;0;25;0;0;25;MODÉRÉ;2026-05-14 11:56:32
TXN-009409;CLT-0044;50377,99;Russie;France;14;1;40;0;0;0;40;ÉLEVÉ;2026-05-14 11:56:32
TXN-009410;CLT-0050;4051,96;Allemagne;Espagne;14;0;0;0;0;0;0;FAIBLE;2026-05-14 11:56:32
TXN-009411;CLT-0016;1320,09;France;Espagne;14;0;0;0;0;0;0;FAIBLE;2026-05-14 11:56:32
TXN-009412;CLT-0010;1310,9;France;Îles Caïmans;14;0;0;0;20;0;20;MODÉRÉ;2026-05-14 11:56:32
TXN-009413;CLT-0066;1851,96;Allemagne;Espagne;14;0;0;0;0;0;0;FAIBLE;2026-05-14 11:56:32
TXN-009414;CLT-0055;1263,0;Russie;Espagne;14;0;0;0;0;0;0;FAIBLE;2026-05-14 11:56:32
TXN-009415;CLT-0049;80383,61;France;France;14;1;40;0;0;0;40;ÉLEVÉ;2026-05-14 11:56:32
TXN-009416;CLT-0064;1633,87;France;France;14;0;0;0;0;0;0;FAIBLE;2026-05-14 11:56:32
TXN-009417;CLT-0079;79252,85;Espagne;Îles Caïmans;14;1;40;0;20;0;60;ÉLEVÉ;2026-05-14 11:56:32
TXN-009418;CLT-0088;3369,19;France;Allemagne;14;0;0;0;0;0;0;FAIBLE;2026-05-14 11:56:32
TXN-009419;CLT-0061;2375,43;Espagne;France;14;0;0;0;0;0;0;FAIBLE;2026-05-14 11:56:32
TXN-009420;CLT-0035;61861,01;Russie;Espagne;14;1;40;0;0;0;40;ÉLEVÉ;2026-05-14 11:56:32
TXN-009421;CLT-0063;87,85;Panama;Îles Caïmans;14;0;0;25;20;0;45;ÉLEVÉ;2026-05-14 11:56:32
TXN-009422;CLT-0045;519,64;Espagne;France;14;0;0;0;0;0;0;FAIBLE;2026-05-14 11:56:32
TXN-009423;CLT-0089;502,2;Panama;Îles Caïmans;14;0;0;25;20;0;45;ÉLEVÉ;2026-05-14 11:56:32
TXN-009424;CLT-0028;955,23;France;France;14;0;0;0;0;0;0;FAIBLE;2026-05-14 11:56:32
TXN-009425;CLT-0051;2340,33;France;France;14;0;0;0;0;0;0;FAIBLE;2026-05-14 11:56:32
TXN-009426;CLT-0033;2592,13;France;Italie;14;0;0;0;0;0;0;FAIBLE;2026-05-14 11:56:32
TXN-009427;CLT-0018;2708,99;France;Panama;14;0;0;0;20;0;20;MODÉRÉ;2026-05-14 11:56:32
TXN-009428;CLT-0077;3264,18;France;France;14;0;0;0;0;0;0;FAIBLE;2026-05-14 11:56:32
TXN-009429;CLT-0093;97,25;Espagne;Suisse;14;0;0;0;0;0;0;FAIBLE;2026-05-14 11:56:32
TXN-009430;CLT-0085;26,0;Îles Caïmans;Îles Caïmans;14;0;0;25;20;0;45;ÉLEVÉ;2026-05-14 11:56:32
TXN-009431;CLT-0093;1315,96;France;Suisse;14;0;0;0;0;0;0;FAIBLE;2026-05-14 11:56:32
TXN-009432;CLT-0030;4194,8;France;Allemagne;14;0;0;0;0;0;0;FAIBLE;2026-05-14 11:56:32
TXN-009433;CLT-0031;50889,32;Russie;Panama;14;1;40;0;20;0;60;ÉLEVÉ;2026-05-14 11:56:32
TXN-009434;CLT-0029;1041,58;Panama;France;14;0;0;25;0;0;25;MODÉRÉ;2026-05-14 11:56:32
TXN-009435;CLT-0084;80309,93;France;Italie;14;1;40;0;0;0;40;ÉLEVÉ;2026-05-14 11:56:32
TXN-009436;CLT-0030;249,88;Allemagne;Allemagne;14;0;0;0;0;0;0;FAIBLE;2026-05-14 11:56:32
TXN-009437;CLT-0097;712,82;Espagne;Panama;14;0;0;0;20;0;20;MODÉRÉ;2026-05-14 11:56:32
TXN-009438;CLT-0027;271,58;Russie;Espagne;14;0;0;0;0;0;0;FAIBLE;2026-05-14 11:56:32
TXN-009439;CLT-0013;3846,65;Panama;France;14;0;0;25;0;0;25;MODÉRÉ;2026-05-14 11:56:32
TXN-009440;CLT-0019;2941,15;France;Espagne;14;0;0;0;0;0;0;FAIBLE;2026-05-14 11:56:32
TXN-009441;CLT-0079;4121,6;Russie;Îles Caïmans;14;0;0;0;20;0;20;MODÉRÉ;2026-05-14 11:56:32
TXN-009442;CLT-0090;1283,74;France;France;14;0;0;0;0;0;0;FAIBLE;2026-05-14 11:56:32
TXN-009443;CLT-0050;3499,1;France;Espagne;14;0;0;0;0;0;0;FAIBLE;2026-05-14 11:56:32
TXN-009444;CLT-0090;3043,97;Îles Caïmans;France;14;0;0;25;0;0;25;MODÉRÉ;2026-05-14 11:56:32
TXN-009445;CLT-0083;1559,25;Panama;France;14;0;0;25;0;0;25;MODÉRÉ;2026-05-14 11:56:32
TXN-009446;CLT-0055;4427,25;France;Espagne;14;0;0;0;0;0;0;FAIBLE;2026-05-14 11:56:32
TXN-009447;CLT-0074;2704,69;France;Allemagne;14;0;0;0;0;0;0;FAIBLE;2026-05-14 11:56:32
TXN-009448;CLT-0060;1306,16;Allemagne;Italie;14;0;0;0;0;0;0;FAIBLE;2026-05-14 11:56:32
TXN-009449;CLT-0039;2988,56;France;France;14;0;0;0;0;0;0;FAIBLE;2026-05-14 11:56:32
TXN-009450;CLT-0036;328,34;Panama;Italie;14;0;0;25;0;0;25;MODÉRÉ;2026-05-14 11:56:32
TXN-009451;CLT-0059;1361,21;Îles Caïmans;Îles Caïmans;14;0;0;25;20;0;45;ÉLEVÉ;2026-05-14 11:56:32
TXN-009452;CLT-0100;519,65;Panama;Suisse;14;0;0;25;0;0;25;MODÉRÉ;2026-05-14 11:56:32
TXN-009453;CLT-0055;1017,22;Îles Caïmans;Espagne;14;0;0;25;0;0;25;MODÉRÉ;2026-05-14 11:56:32
TXN-009454;CLT-0027;3864,66;France;Espagne;14;0;0;0;0;0;0;FAIBLE;2026-05-14 11:56:32
TXN-009455;CLT-0032;19102,96;Russie;Suisse;14;1;40;0;0;0;40;ÉLEVÉ;2026-05-14 11:56:32
TXN-009456;CLT-0034;1058,98;France;France;14;0;0;0;0;0;0;FAIBLE;2026-05-14 11:56:32
TXN-009457;CLT-0043;3688,1;Panama;Suisse;14;0;0;25;0;0;25;MODÉRÉ;2026-05-14 11:56:32
TXN-009458;CLT-0065;2275,8;Allemagne;Îles Caïmans;14;0;0;0;20;0;20;MODÉRÉ;2026-05-14 11:56:32
TXN-009459;CLT-0072;4429,0;Panama;Allemagne;14;0;0;25;0;0;25;MODÉRÉ;2026-05-14 11:56:32
TXN-009460;CLT-0005;4339,29;Allemagne;Panama;14;0;0;0;20;0;20;MODÉRÉ;2026-05-14 11:56:32
TXN-009461;CLT-0023;3449,35;Panama;Allemagne;14;0;0;25;0;0;25;MODÉRÉ;2026-05-14 11:56:32
TXN-009462;CLT-0049;25025,3;France;France;14;1;40;0;0;0;40;ÉLEVÉ;2026-05-14 11:56:32
TXN-009463;CLT-0093;2168,44;France;Suisse;14;0;0;0;0;0;0;FAIBLE;2026-05-14 11:56:32
TXN-009464;CLT-0046;1286,22;Panama;France;14;0;0;25;0;0;25;MODÉRÉ;2026-05-14 11:56:32
TXN-009465;CLT-0006;535,94;France;France;14;0;0;0;0;0;0;FAIBLE;2026-05-14 11:56:32
TXN-009466;CLT-0023;4098,07;France;Allemagne;14;0;0;0;0;0;0;FAIBLE;2026-05-14 11:56:32
TXN-009467;CLT-0014;1697,87;France;France;14;0;0;0;0;0;0;FAIBLE;2026-05-14 11:56:32
TXN-009468;CLT-0029;2093,43;Allemagne;France;14;0;0;0;0;0;0;FAIBLE;2026-05-14 11:56:32
TXN-009469;CLT-0013;1781,9;France;France;14;0;0;0;0;0;0;FAIBLE;2026-05-14 11:56:32
TXN-009470;CLT-0081;2052,33;Îles Caïmans;Îles Caïmans;14;0;0;25;20;0;45;ÉLEVÉ;2026-05-14 11:56:32
TXN-009471;CLT-0038;3735,19;Panama;Îles Caïmans;14;0;0;25;20;0;45;ÉLEVÉ;2026-05-14 11:56:32
TXN-009472;CLT-0083;2379,28;Espagne;France;14;0;0;0;0;0;0;FAIBLE;2026-05-14 11:56:32
TXN-009473;CLT-0063;4175,35;Russie;Îles Caïmans;14;0;0;0;20;0;20;MODÉRÉ;2026-05-14 11:56:32
TXN-009474;CLT-0099;2505,21;France;Panama;14;0;0;0;20;0;20;MODÉRÉ;2026-05-14 11:56:32
TXN-009475;CLT-0027;3810,16;Îles Caïmans;Espagne;14;0;0;25;0;0;25;MODÉRÉ;2026-05-14 11:56:32
TXN-009476;CLT-0091;939,15;Allemagne;Allemagne;14;0;0;0;0;0;0;FAIBLE;2026-05-14 11:56:32
TXN-009477;CLT-0079;3967,55;Allemagne;Îles Caïmans;14;0;0;0;20;0;20;MODÉRÉ;2026-05-14 11:56:32
TXN-009478;CLT-0091;1940,61;France;Allemagne;14;0;0;0;0;0;0;FAIBLE;2026-05-14 11:56:32
TXN-009479;CLT-0057;84450,24;Russie;France;14;1;40;0;0;0;40;ÉLEVÉ;2026-05-14 11:56:32
TXN-009480;CLT-0013;1009,26;Espagne;France;14;0;0;0;0;0;0;FAIBLE;2026-05-14 11:56:32
TXN-009481;CLT-0094;696,85;Îles Caïmans;Allemagne;14;0;0;25;0;0;25;MODÉRÉ;2026-05-14 11:56:32
TXN-009482;CLT-0001;816,59;Allemagne;France;14;0;0;0;0;0;0;FAIBLE;2026-05-14 11:56:32
TXN-009483;CLT-0075;1428,07;France;France;14;0;0;0;0;0;0;FAIBLE;2026-05-14 11:56:32
TXN-009484;CLT-0056;3801,65;France;Allemagne;14;0;0;0;0;0;0;FAIBLE;2026-05-14 11:56:32
TXN-009485;CLT-0090;1871,66;Îles Caïmans;France;14;0;0;25;0;0;25;MODÉRÉ;2026-05-14 11:56:32
TXN-009486;CLT-0073;2849,22;Allemagne;France;14;0;0;0;0;0;0;FAIBLE;2026-05-14 11:56:32
TXN-009487;CLT-0083;4753,99;Espagne;France;14;0;0;0;0;0;0;FAIBLE;2026-05-14 11:56:32
TXN-009488;CLT-0059;4092,11;Îles Caïmans;Îles Caïmans;14;0;0;25;20;0;45;ÉLEVÉ;2026-05-14 11:56:32
TXN-009489;CLT-0011;28399,99;France;France;14;1;40;0;0;0;40;ÉLEVÉ;2026-05-14 11:56:32
TXN-009490;CLT-0044;33149,33;Russie;France;14;1;40;0;0;0;40;ÉLEVÉ;2026-05-14 11:56:32
TXN-009491;CLT-0028;1641,08;Allemagne;France;14;0;0;0;0;0;0;FAIBLE;2026-05-14 11:56:32
TXN-009492;CLT-0005;1021,47;Îles Caïmans;Panama;14;0;0;25;20;0;45;ÉLEVÉ;2026-05-14 11:56:32
TXN-009493;CLT-0069;2178,07;Espagne;Panama;14;0;0;0;20;0;20;MODÉRÉ;2026-05-14 11:56:32
TXN-009494;CLT-0009;453,58;Îles Caïmans;Suisse;14;0;0;25;0;0;25;MODÉRÉ;2026-05-14 11:56:32
TXN-009495;CLT-0040;4243,06;Espagne;Suisse;14;0;0;0;0;0;0;FAIBLE;2026-05-14 11:56:32
TXN-009496;CLT-0052;1041,66;Espagne;France;14;0;0;0;0;0;0;FAIBLE;2026-05-14 11:56:32
TXN-009497;CLT-0046;400,08;Russie;France;14;0;0;0;0;0;0;FAIBLE;2026-05-14 11:56:32
TXN-009498;CLT-0088;11931,37;France;Allemagne;14;1;40;0;0;0;40;ÉLEVÉ;2026-05-14 11:56:32
TXN-009499;CLT-0072;2870,62;Panama;Allemagne;14;0;0;25;0;0;25;MODÉRÉ;2026-05-14 11:56:32
TXN-009500;CLT-0025;3053,03;Espagne;Italie;14;0;0;0;0;0;0;FAIBLE;2026-05-14 11:56:32
TXN-009501;CLT-0013;4509,09;Espagne;France;14;0;0;0;0;0;0;FAIBLE;2026-05-14 11:56:32
TXN-009502;CLT-0022;843,67;Îles Caïmans;Allemagne;14;0;0;25;0;0;25;MODÉRÉ;2026-05-14 11:56:32
TXN-009503;CLT-0097;20088,4;France;Panama;14;1;40;0;20;0;60;ÉLEVÉ;2026-05-14 11:56:32
TXN-009504;CLT-0084;3413,82;France;Italie;14;0;0;0;0;0;0;FAIBLE;2026-05-14 11:56:32
TXN-009505;CLT-0096;3992,91;Espagne;Panama;14;0;0;0;20;0;20;MODÉRÉ;2026-05-14 11:56:32
TXN-009506;CLT-0045;76517,54;France;France;14;1;40;0;0;0;40;ÉLEVÉ;2026-05-14 11:56:32
TXN-009507;CLT-0081;3375,76;France;Îles Caïmans;14;0;0;0;20;0;20;MODÉRÉ;2026-05-14 11:56:32
TXN-009508;CLT-0054;3443,36;France;Suisse;14;0;0;0;0;0;0;FAIBLE;2026-05-14 11:56:32
TXN-009509;CLT-0039;867,08;France;France;14;0;0;0;0;0;0;FAIBLE;2026-05-14 11:56:32
TXN-009510;CLT-0090;1342,04;France;France;14;0;0;0;0;0;0;FAIBLE;2026-05-14 11:56:32
TXN-009511;CLT-0002;1067,29;France;Espagne;14;0;0;0;0;0;0;FAIBLE;2026-05-14 11:56:32
TXN-009512;CLT-0059;2688,97;Espagne;Îles Caïmans;14;0;0;0;20;0;20;MODÉRÉ;2026-05-14 11:56:32
TXN-009513;CLT-0090;66524,49;Panama;France;14;1;40;25;0;0;65;ÉLEVÉ;2026-05-14 11:56:32
TXN-009514;CLT-0065;936,86;France;Îles Caïmans;14;0;0;0;20;0;20;MODÉRÉ;2026-05-14 11:56:32
TXN-009515;CLT-0014;2744,94;France;France;14;0;0;0;0;0;0;FAIBLE;2026-05-14 11:56:32
TXN-009516;CLT-0050;4897,46;Espagne;Espagne;14;0;0;0;0;0;0;FAIBLE;2026-05-14 11:56:32
TXN-009517;CLT-0006;3898,93;Russie;France;14;0;0;0;0;0;0;FAIBLE;2026-05-14 11:56:32
TXN-009518;CLT-0076;8696,91;Îles Caïmans;France;14;1;40;25;0;0;65;ÉLEVÉ;2026-05-14 11:56:32
TXN-009519;CLT-0088;1796,16;France;Allemagne;14;0;0;0;0;0;0;FAIBLE;2026-05-14 11:56:32
TXN-009520;CLT-0031;37717,18;Russie;Panama;14;1;40;0;20;0;60;ÉLEVÉ;2026-05-14 11:56:32
TXN-009521;CLT-0027;66351,94;Russie;Espagne;14;1;40;0;0;0;40;ÉLEVÉ;2026-05-14 11:56:32
TXN-009522;CLT-0007;18,5;Allemagne;Suisse;14;0;0;0;0;0;0;FAIBLE;2026-05-14 11:56:32
TXN-009523;CLT-0071;2398,2;France;Îles Caïmans;14;0;0;0;20;0;20;MODÉRÉ;2026-05-14 11:56:32
TXN-009524;CLT-0064;999,58;France;France;14;0;0;0;0;0;0;FAIBLE;2026-05-14 11:56:32
TXN-009525;CLT-0030;1623,42;France;Allemagne;14;0;0;0;0;0;0;FAIBLE;2026-05-14 11:56:32
TXN-009526;CLT-0049;4344,81;Îles Caïmans;France;14;0;0;25;0;0;25;MODÉRÉ;2026-05-14 11:56:32
TXN-009527;CLT-0025;3819,83;France;Italie;14;0;0;0;0;0;0;FAIBLE;2026-05-14 11:56:32
TXN-009528;CLT-0054;1790,34;Allemagne;Suisse;14;0;0;0;0;0;0;FAIBLE;2026-05-14 11:56:32
TXN-009529;CLT-0039;4934,75;France;France;14;0;0;0;0;0;0;FAIBLE;2026-05-14 11:56:32
TXN-009530;CLT-0048;2167,46;Allemagne;Suisse;14;0;0;0;0;0;0;FAIBLE;2026-05-14 11:56:32
TXN-009531;CLT-0004;84604,59;Espagne;Suisse;14;1;40;0;0;0;40;ÉLEVÉ;2026-05-14 11:56:32
TXN-009532;CLT-0046;596,32;Panama;France;14;0;0;25;0;0;25;MODÉRÉ;2026-05-14 11:56:32
TXN-009533;CLT-0056;4100,92;France;Allemagne;14;0;0;0;0;0;0;FAIBLE;2026-05-14 11:56:32
TXN-009534;CLT-0026;1537,55;France;Italie;14;0;0;0;0;0;0;FAIBLE;2026-05-14 11:56:32
TXN-009535;CLT-0024;1514,39;France;Espagne;14;0;0;0;0;0;0;FAIBLE;2026-05-14 11:56:32
TXN-009536;CLT-0028;4407,95;Panama;France;14;0;0;25;0;0;25;MODÉRÉ;2026-05-14 11:56:32
TXN-009537;CLT-0058;4121,11;Allemagne;France;14;0;0;0;0;0;0;FAIBLE;2026-05-14 11:56:32
TXN-009538;CLT-0046;2984,48;Russie;France;14;0;0;0;0;0;0;FAIBLE;2026-05-14 11:56:32
TXN-009539;CLT-0029;1207,12;France;France;14;0;0;0;0;0;0;FAIBLE;2026-05-14 11:56:32
TXN-009540;CLT-0088;60845,9;Espagne;Allemagne;14;1;40;0;0;0;40;ÉLEVÉ;2026-05-14 11:56:32
TXN-009541;CLT-0019;45689,89;France;Espagne;14;1;40;0;0;0;40;ÉLEVÉ;2026-05-14 11:56:32
TXN-009542;CLT-0034;214,14;Allemagne;France;14;0;0;0;0;0;0;FAIBLE;2026-05-14 11:56:32
TXN-009543;CLT-0002;90349,38;Îles Caïmans;Espagne;14;1;40;25;0;0;65;ÉLEVÉ;2026-05-14 11:56:32
TXN-009544;CLT-0025;2492,27;France;Italie;14;0;0;0;0;0;0;FAIBLE;2026-05-14 11:56:32
TXN-009545;CLT-0045;4329,63;Îles Caïmans;France;14;0;0;25;0;0;25;MODÉRÉ;2026-05-14 11:56:32
TXN-009546;CLT-0053;3146,39;France;Espagne;14;0;0;0;0;0;0;FAIBLE;2026-05-14 11:56:32
TXN-009547;CLT-0024;772,41;Espagne;Espagne;14;0;0;0;0;0;0;FAIBLE;2026-05-14 11:56:32
TXN-009548;CLT-0050;4706,3;Îles Caïmans;Espagne;14;0;0;25;0;0;25;MODÉRÉ;2026-05-14 11:56:32
TXN-009549;CLT-0079;4722,48;Russie;Îles Caïmans;14;0;0;0;20;0;20;MODÉRÉ;2026-05-14 11:56:32
TXN-009550;CLT-0024;1955,45;Îles Caïmans;Espagne;14;0;0;25;0;0;25;MODÉRÉ;2026-05-14 11:56:32
TXN-009551;CLT-0089;33,78;Allemagne;Îles Caïmans;14;0;0;0;20;0;20;MODÉRÉ;2026-05-14 11:56:32
TXN-009552;CLT-0095;2446,05;France;Îles Caïmans;14;0;0;0;20;0;20;MODÉRÉ;2026-05-14 11:56:32
TXN-009553;CLT-0022;4151,01;Russie;Allemagne;14;0;0;0;0;0;0;FAIBLE;2026-05-14 11:56:32
TXN-009554;CLT-0038;57300,51;Espagne;Îles Caïmans;14;1;40;0;20;0;60;ÉLEVÉ;2026-05-14 11:56:32
TXN-009555;CLT-0016;4286,97;Russie;Espagne;14;0;0;0;0;0;0;FAIBLE;2026-05-14 11:56:32
TXN-009556;CLT-0095;4754,9;Allemagne;Îles Caïmans;14;0;0;0;20;0;20;MODÉRÉ;2026-05-14 11:56:32
TXN-009557;CLT-0089;2919,97;Îles Caïmans;Îles Caïmans;14;0;0;25;20;0;45;ÉLEVÉ;2026-05-14 11:56:32
TXN-009558;CLT-0021;44429,61;Russie;France;14;1;40;0;0;0;40;ÉLEVÉ;2026-05-14 11:56:32
TXN-009559;CLT-0040;3556,36;France;Suisse;14;0;0;0;0;0;0;FAIBLE;2026-05-14 11:56:32
TXN-009560;CLT-0087;1908,01;France;Italie;14;0;0;0;0;0;0;FAIBLE;2026-05-14 11:56:32
TXN-009561;CLT-0058;958,05;France;France;14;0;0;0;0;0;0;FAIBLE;2026-05-14 11:56:32
TXN-009562;CLT-0055;2528,36;France;Espagne;14;0;0;0;0;0;0;FAIBLE;2026-05-14 11:56:32
TXN-009563;CLT-0037;4071,64;France;Îles Caïmans;14;0;0;0;20;0;20;MODÉRÉ;2026-05-14 11:56:32
TXN-009564;CLT-0028;12286,16;France;France;14;1;40;0;0;0;40;ÉLEVÉ;2026-05-14 11:56:32
TXN-009565;CLT-0047;4367,6;Panama;Îles Caïmans;14;0;0;25;20;0;45;ÉLEVÉ;2026-05-14 11:56:32
TXN-009566;CLT-0088;4105,87;France;Allemagne;14;0;0;0;0;0;0;FAIBLE;2026-05-14 11:56:32
TXN-009567;CLT-0019;185,61;France;Espagne;14;0;0;0;0;0;0;FAIBLE;2026-05-14 11:56:32
TXN-009568;CLT-0020;1220,19;Allemagne;Italie;14;0;0;0;0;0;0;FAIBLE;2026-05-14 11:56:32
TXN-009569;CLT-0009;3090,26;France;Suisse;14;0;0;0;0;0;0;FAIBLE;2026-05-14 11:56:32
TXN-009570;CLT-0075;3136,11;Russie;France;14;0;0;0;0;0;0;FAIBLE;2026-05-14 11:56:32
TXN-009571;CLT-0059;1225,79;France;Îles Caïmans;14;0;0;0;20;0;20;MODÉRÉ;2026-05-14 11:56:32
TXN-009572;CLT-0057;4956,42;France;France;14;0;0;0;0;0;0;FAIBLE;2026-05-14 11:56:32
TXN-009573;CLT-0092;48,37;France;Suisse;14;0;0;0;0;0;0;FAIBLE;2026-05-14 11:56:32
TXN-009574;CLT-0043;75022,82;Espagne;Suisse;14;1;40;0;0;0;40;ÉLEVÉ;2026-05-14 11:56:32
TXN-009575;CLT-0049;1308,49;Russie;France;14;0;0;0;0;0;0;FAIBLE;2026-05-14 11:56:32
TXN-009576;CLT-0020;127,95;Îles Caïmans;Italie;14;0;0;25;0;0;25;MODÉRÉ;2026-05-14 11:56:32
TXN-009577;CLT-0072;1554,03;France;Allemagne;14;0;0;0;0;0;0;FAIBLE;2026-05-14 11:56:32
TXN-009578;CLT-0007;3518,12;France;Suisse;14;0;0;0;0;0;0;FAIBLE;2026-05-14 11:56:32
TXN-009579;CLT-0067;8878,43;Allemagne;Panama;14;1;40;0;20;0;60;ÉLEVÉ;2026-05-14 11:56:32
TXN-009580;CLT-0038;1100,07;France;Îles Caïmans;14;0;0;0;20;0;20;MODÉRÉ;2026-05-14 11:56:32
TXN-009581;CLT-0057;386,56;Îles Caïmans;France;14;0;0;25;0;0;25;MODÉRÉ;2026-05-14 11:56:32
TXN-009582;CLT-0044;983,15;Russie;France;14;0;0;0;0;0;0;FAIBLE;2026-05-14 11:56:32
TXN-009583;CLT-0007;1405,03;Espagne;Suisse;14;0;0;0;0;0;0;FAIBLE;2026-05-14 11:56:32
TXN-009584;CLT-0013;4367,88;France;France;14;0;0;0;0;0;0;FAIBLE;2026-05-14 11:56:32
TXN-009585;CLT-0019;4435,31;Espagne;Espagne;14;0;0;0;0;0;0;FAIBLE;2026-05-14 11:56:32
TXN-009586;CLT-0053;3252,8;Îles Caïmans;Espagne;14;0;0;25;0;0;25;MODÉRÉ;2026-05-14 11:56:32
TXN-009587;CLT-0023;4894,96;France;Allemagne;14;0;0;0;0;0;0;FAIBLE;2026-05-14 11:56:32
TXN-009588;CLT-0015;2635,9;Allemagne;France;14;0;0;0;0;0;0;FAIBLE;2026-05-14 11:56:32
TXN-009589;CLT-0063;52016,45;Panama;Îles Caïmans;14;1;40;25;20;0;85;CRITIQUE;2026-05-14 11:56:32
TXN-009590;CLT-0005;3327,01;Russie;Panama;14;0;0;0;20;0;20;MODÉRÉ;2026-05-14 11:56:32
TXN-009591;CLT-0094;802,09;Espagne;Allemagne;14;0;0;0;0;0;0;FAIBLE;2026-05-14 11:56:32
TXN-009592;CLT-0069;36388,31;Panama;Panama;14;1;40;25;20;0;85;CRITIQUE;2026-05-14 11:56:32
TXN-009593;CLT-0064;45552,56;France;France;14;1;40;0;0;0;40;ÉLEVÉ;2026-05-14 11:56:32
TXN-009594;CLT-0100;601,92;Îles Caïmans;Suisse;14;0;0;25;0;0;25;MODÉRÉ;2026-05-14 11:56:32
TXN-009595;CLT-0014;2507,16;France;France;14;0;0;0;0;0;0;FAIBLE;2026-05-14 11:56:32
TXN-009596;CLT-0100;3102,66;France;Suisse;14;0;0;0;0;0;0;FAIBLE;2026-05-14 11:56:32
TXN-009597;CLT-0067;3247,93;France;Panama;14;0;0;0;20;0;20;MODÉRÉ;2026-05-14 11:56:32
TXN-009598;CLT-0011;2759,06;France;France;14;0;0;0;0;0;0;FAIBLE;2026-05-14 11:56:32
TXN-009599;CLT-0025;41406,4;Allemagne;Italie;14;1;40;0;0;0;40;ÉLEVÉ;2026-05-14 11:56:32
TXN-009600;CLT-0051;3172,9;France;France;14;0;0;0;0;0;0;FAIBLE;2026-05-14 11:56:32
TXN-009601;CLT-0007;83,58;France;Suisse;14;0;0;0;0;0;0;FAIBLE;2026-05-14 11:56:32
TXN-009602;CLT-0055;3469,32;France;Espagne;14;0;0;0;0;0;0;FAIBLE;2026-05-14 11:56:32
TXN-009603;CLT-0007;4086,58;Russie;Suisse;14;0;0;0;0;0;0;FAIBLE;2026-05-14 11:56:32
TXN-009604;CLT-0060;56805,29;Espagne;Italie;14;1;40;0;0;0;40;ÉLEVÉ;2026-05-14 11:56:32
TXN-009605;CLT-0059;2567,8;France;Îles Caïmans;14;0;0;0;20;0;20;MODÉRÉ;2026-05-14 11:56:32
TXN-009606;CLT-0030;1001,8;Russie;Allemagne;14;0;0;0;0;0;0;FAIBLE;2026-05-14 11:56:32
TXN-009607;CLT-0045;2223,69;France;France;14;0;0;0;0;0;0;FAIBLE;2026-05-14 11:56:32
TXN-009608;CLT-0061;3816,66;France;France;14;0;0;0;0;0;0;FAIBLE;2026-05-14 11:56:32
TXN-009609;CLT-0067;2778,21;France;Panama;14;0;0;0;20;0;20;MODÉRÉ;2026-05-14 11:56:32
TXN-009610;CLT-0039;3524,48;France;France;14;0;0;0;0;0;0;FAIBLE;2026-05-14 11:56:32
TXN-009611;CLT-0095;4430,94;Allemagne;Îles Caïmans;14;0;0;0;20;0;20;MODÉRÉ;2026-05-14 11:56:32
TXN-009612;CLT-0049;74141,34;Russie;France;14;1;40;0;0;0;40;ÉLEVÉ;2026-05-14 11:56:32
TXN-009613;CLT-0042;2947,62;Îles Caïmans;Italie;14;0;0;25;0;0;25;MODÉRÉ;2026-05-14 11:56:32
TXN-009614;CLT-0098;2902,41;France;Espagne;14;0;0;0;0;0;0;FAIBLE;2026-05-14 11:56:32
TXN-009615;CLT-0029;2104,77;Espagne;France;14;0;0;0;0;0;0;FAIBLE;2026-05-14 11:56:32
TXN-009616;CLT-0080;315,3;France;France;14;0;0;0;0;0;0;FAIBLE;2026-05-14 11:56:32
TXN-009617;CLT-0028;998,56;Russie;France;14;0;0;0;0;0;0;FAIBLE;2026-05-14 11:56:32
TXN-009618;CLT-0062;4296,03;Îles Caïmans;France;14;0;0;25;0;0;25;MODÉRÉ;2026-05-14 11:56:32
TXN-009619;CLT-0093;540,28;Espagne;Suisse;14;0;0;0;0;0;0;FAIBLE;2026-05-14 11:56:32
TXN-009620;CLT-0069;1560,93;France;Panama;14;0;0;0;20;0;20;MODÉRÉ;2026-05-14 11:56:32
TXN-009621;CLT-0068;2615,81;France;Allemagne;14;0;0;0;0;0;0;FAIBLE;2026-05-14 11:56:32
TXN-009622;CLT-0051;2677,42;France;France;14;0;0;0;0;0;0;FAIBLE;2026-05-14 11:56:32
TXN-009623;CLT-0008;1411,12;Panama;Suisse;14;0;0;25;0;0;25;MODÉRÉ;2026-05-14 11:56:32
TXN-009624;CLT-0064;4254,7;France;France;14;0;0;0;0;0;0;FAIBLE;2026-05-14 11:56:32
TXN-009625;CLT-0053;27352,2;Îles Caïmans;Espagne;14;1;40;25;0;0;65;ÉLEVÉ;2026-05-14 11:56:32
TXN-009626;CLT-0010;3538,76;France;Îles Caïmans;14;0;0;0;20;0;20;MODÉRÉ;2026-05-14 11:56:32
TXN-009627;CLT-0087;4843,09;France;Italie;14;0;0;0;0;0;0;FAIBLE;2026-05-14 11:56:32
TXN-009628;CLT-0009;3507,15;France;Suisse;14;0;0;0;0;0;0;FAIBLE;2026-05-14 11:56:32
TXN-009629;CLT-0055;12862,73;Îles Caïmans;Espagne;14;1;40;25;0;0;65;ÉLEVÉ;2026-05-14 11:56:32
TXN-009630;CLT-0090;2194,99;Panama;France;14;0;0;25;0;0;25;MODÉRÉ;2026-05-14 11:56:32
TXN-009631;CLT-0066;2884,05;France;Espagne;14;0;0;0;0;0;0;FAIBLE;2026-05-14 11:56:32
TXN-009632;CLT-0100;1530,58;Russie;Suisse;14;0;0;0;0;0;0;FAIBLE;2026-05-14 11:56:32
TXN-009633;CLT-0054;85968,62;Îles Caïmans;Suisse;14;1;40;25;0;0;65;ÉLEVÉ;2026-05-14 11:56:32
TXN-009634;CLT-0036;1926,65;Îles Caïmans;Italie;14;0;0;25;0;0;25;MODÉRÉ;2026-05-14 11:56:32
TXN-009635;CLT-0013;1954,88;Russie;France;14;0;0;0;0;0;0;FAIBLE;2026-05-14 11:56:32
TXN-009636;CLT-0016;4723,51;France;Espagne;14;0;0;0;0;0;0;FAIBLE;2026-05-14 11:56:32
TXN-009637;CLT-0089;99,57;Panama;Îles Caïmans;14;0;0;25;20;0;45;ÉLEVÉ;2026-05-14 11:56:32
TXN-009638;CLT-0098;3842,46;Îles Caïmans;Espagne;14;0;0;25;0;0;25;MODÉRÉ;2026-05-14 11:56:32
TXN-009639;CLT-0053;2952,52;Panama;Espagne;14;0;0;25;0;0;25;MODÉRÉ;2026-05-14 11:56:32
TXN-009640;CLT-0059;1701,97;France;Îles Caïmans;14;0;0;0;20;0;20;MODÉRÉ;2026-05-14 11:56:32
TXN-009641;CLT-0025;3559,99;Espagne;Italie;14;0;0;0;0;0;0;FAIBLE;2026-05-14 11:56:32
TXN-009642;CLT-0009;4203,98;Îles Caïmans;Suisse;14;0;0;25;0;0;25;MODÉRÉ;2026-05-14 11:56:32
TXN-009643;CLT-0067;3349,22;France;Panama;14;0;0;0;20;0;20;MODÉRÉ;2026-05-14 11:56:32
TXN-009644;CLT-0021;1028,73;Russie;France;14;0;0;0;0;0;0;FAIBLE;2026-05-14 11:56:32
TXN-009645;CLT-0089;1092,31;France;Îles Caïmans;14;0;0;0;20;0;20;MODÉRÉ;2026-05-14 11:56:32
TXN-009646;CLT-0070;1102,81;Allemagne;Italie;14;0;0;0;0;0;0;FAIBLE;2026-05-14 11:56:32
TXN-009647;CLT-0007;9191,07;Russie;Suisse;14;1;40;0;0;0;40;ÉLEVÉ;2026-05-14 11:56:32
TXN-009648;CLT-0071;4376,19;France;Îles Caïmans;14;0;0;0;20;0;20;MODÉRÉ;2026-05-14 11:56:32
TXN-009649;CLT-0056;34451,38;France;Allemagne;14;1;40;0;0;0;40;ÉLEVÉ;2026-05-14 11:56:32
TXN-009650;CLT-0063;38619,26;France;Îles Caïmans;14;1;40;0;20;0;60;ÉLEVÉ;2026-05-14 11:56:32
TXN-009651;CLT-0088;3056,82;France;Allemagne;14;0;0;0;0;0;0;FAIBLE;2026-05-14 11:56:32
TXN-009652;CLT-0009;972,59;France;Suisse;14;0;0;0;0;0;0;FAIBLE;2026-05-14 11:56:32
TXN-009653;CLT-0054;972,58;Allemagne;Suisse;14;0;0;0;0;0;0;FAIBLE;2026-05-14 11:56:32
TXN-009654;CLT-0011;2048,76;Allemagne;France;14;0;0;0;0;0;0;FAIBLE;2026-05-14 11:56:32
TXN-009655;CLT-0009;2230,93;Russie;Suisse;14;0;0;0;0;0;0;FAIBLE;2026-05-14 11:56:32
TXN-009656;CLT-0074;2992,65;France;Allemagne;14;0;0;0;0;0;0;FAIBLE;2026-05-14 11:56:32
TXN-009657;CLT-0035;3117,69;Russie;Espagne;14;0;0;0;0;0;0;FAIBLE;2026-05-14 11:56:32
TXN-009658;CLT-0086;2725,52;France;France;14;0;0;0;0;0;0;FAIBLE;2026-05-14 11:56:32
TXN-009659;CLT-0057;1296,53;France;France;14;0;0;0;0;0;0;FAIBLE;2026-05-14 11:56:32
TXN-009660;CLT-0044;3965,02;France;France;14;0;0;0;0;0;0;FAIBLE;2026-05-14 11:56:32
TXN-009661;CLT-0069;823,55;Îles Caïmans;Panama;14;0;0;25;20;0;45;ÉLEVÉ;2026-05-14 11:56:32
TXN-009662;CLT-0004;4805,06;Allemagne;Suisse;14;0;0;0;0;0;0;FAIBLE;2026-05-14 11:56:32
TXN-009663;CLT-0026;573,36;Russie;Italie;14;0;0;0;0;0;0;FAIBLE;2026-05-14 11:56:32
TXN-009664;CLT-0039;88123,42;France;France;14;1;40;0;0;0;40;ÉLEVÉ;2026-05-14 11:56:32
TXN-009665;CLT-0085;32054,02;Espagne;Îles Caïmans;14;1;40;0;20;0;60;ÉLEVÉ;2026-05-14 11:56:32
TXN-009666;CLT-0070;4924,6;Espagne;Italie;14;0;0;0;0;0;0;FAIBLE;2026-05-14 11:56:32
TXN-009667;CLT-0061;41965,8;Îles Caïmans;France;14;1;40;25;0;0;65;ÉLEVÉ;2026-05-14 11:56:32
TXN-009668;CLT-0057;988,14;Allemagne;France;14;0;0;0;0;0;0;FAIBLE;2026-05-14 11:56:32
TXN-009669;CLT-0030;821,17;France;Allemagne;14;0;0;0;0;0;0;FAIBLE;2026-05-14 11:56:32
TXN-009670;CLT-0040;1599,35;Espagne;Suisse;14;0;0;0;0;0;0;FAIBLE;2026-05-14 11:56:32
TXN-009671;CLT-0009;1252,49;Panama;Suisse;14;0;0;25;0;0;25;MODÉRÉ;2026-05-14 11:56:32
TXN-009672;CLT-0054;3010,54;Russie;Suisse;14;0;0;0;0;0;0;FAIBLE;2026-05-14 11:56:32
TXN-009673;CLT-0008;3592,58;France;Suisse;14;0;0;0;0;0;0;FAIBLE;2026-05-14 11:56:32
TXN-009674;CLT-0079;389,18;Espagne;Îles Caïmans;14;0;0;0;20;0;20;MODÉRÉ;2026-05-14 11:56:32
TXN-009675;CLT-0003;2102,67;Panama;France;14;0;0;25;0;0;25;MODÉRÉ;2026-05-14 11:56:32
TXN-009676;CLT-0092;73454,81;Îles Caïmans;Suisse;14;1;40;25;0;0;65;ÉLEVÉ;2026-05-14 11:56:32
TXN-009677;CLT-0089;823,32;France;Îles Caïmans;14;0;0;0;20;0;20;MODÉRÉ;2026-05-14 11:56:32
TXN-009678;CLT-0077;93198,99;France;France;14;1;40;0;0;0;40;ÉLEVÉ;2026-05-14 11:56:32
TXN-009679;CLT-0090;1738,78;Panama;France;14;0;0;25;0;0;25;MODÉRÉ;2026-05-14 11:56:32
TXN-009680;CLT-0039;77960,83;France;France;14;1;40;0;0;0;40;ÉLEVÉ;2026-05-14 11:56:32
TXN-009681;CLT-0088;4258,72;France;Allemagne;14;0;0;0;0;0;0;FAIBLE;2026-05-14 11:56:32
TXN-009682;CLT-0021;1878,12;Panama;France;14;0;0;25;0;0;25;MODÉRÉ;2026-05-14 11:56:32
TXN-009683;CLT-0003;4011,71;France;France;14;0;0;0;0;0;0;FAIBLE;2026-05-14 11:56:32
TXN-009684;CLT-0072;2707,97;France;Allemagne;14;0;0;0;0;0;0;FAIBLE;2026-05-14 11:56:32
TXN-009685;CLT-0096;2302,82;Russie;Panama;14;0;0;0;20;0;20;MODÉRÉ;2026-05-14 11:56:32
TXN-009686;CLT-0086;3515,02;France;France;14;0;0;0;0;0;0;FAIBLE;2026-05-14 11:56:32
TXN-009687;CLT-0094;80509,85;Allemagne;Allemagne;14;1;40;0;0;0;40;ÉLEVÉ;2026-05-14 11:56:32
TXN-009688;CLT-0060;712,49;Panama;Italie;14;0;0;25;0;0;25;MODÉRÉ;2026-05-14 11:56:32
TXN-009689;CLT-0049;2384,51;Panama;France;14;0;0;25;0;0;25;MODÉRÉ;2026-05-14 11:56:32
TXN-009690;CLT-0098;939,32;Espagne;Espagne;14;0;0;0;0;0;0;FAIBLE;2026-05-14 11:56:32
TXN-009691;CLT-0078;3251,19;France;Suisse;14;0;0;0;0;0;0;FAIBLE;2026-05-14 11:56:32
TXN-009692;CLT-0082;2212,12;Îles Caïmans;Panama;14;0;0;25;20;0;45;ÉLEVÉ;2026-05-14 11:56:32
TXN-009693;CLT-0096;2652,98;Panama;Panama;14;0;0;25;20;0;45;ÉLEVÉ;2026-05-14 11:56:32
TXN-009694;CLT-0100;1503,5;France;Suisse;14;0;0;0;0;0;0;FAIBLE;2026-05-14 11:56:32
TXN-009695;CLT-0034;2247,72;France;France;14;0;0;0;0;0;0;FAIBLE;2026-05-14 11:56:32
TXN-009696;CLT-0047;3088,44;Îles Caïmans;Îles Caïmans;14;0;0;25;20;0;45;ÉLEVÉ;2026-05-14 11:56:32
TXN-009697;CLT-0063;926,11;Panama;Îles Caïmans;14;0;0;25;20;0;45;ÉLEVÉ;2026-05-14 11:56:32
TXN-009698;CLT-0068;55916,8;Allemagne;Allemagne;14;1;40;0;0;0;40;ÉLEVÉ;2026-05-14 11:56:32
TXN-009699;CLT-0037;3139,06;Russie;Îles Caïmans;14;0;0;0;20;0;20;MODÉRÉ;2026-05-14 11:56:32
TXN-009700;CLT-0053;2212,18;Russie;Espagne;14;0;0;0;0;0;0;FAIBLE;2026-05-14 11:56:32
TXN-009701;CLT-0025;395,97;Russie;Italie;14;0;0;0;0;0;0;FAIBLE;2026-05-14 11:56:32
TXN-009702;CLT-0064;4989,45;Îles Caïmans;France;14;0;0;25;0;0;25;MODÉRÉ;2026-05-14 11:56:32
TXN-009703;CLT-0070;4375,68;Îles Caïmans;Italie;14;0;0;25;0;0;25;MODÉRÉ;2026-05-14 11:56:32
TXN-009704;CLT-0094;3575,68;France;Allemagne;14;0;0;0;0;0;0;FAIBLE;2026-05-14 11:56:32
TXN-009705;CLT-0042;3517,49;Espagne;Italie;14;0;0;0;0;0;0;FAIBLE;2026-05-14 11:56:32
TXN-009706;CLT-0052;729,76;Espagne;France;14;0;0;0;0;0;0;FAIBLE;2026-05-14 11:56:32
TXN-009707;CLT-0093;1658,99;Panama;Suisse;14;0;0;25;0;0;25;MODÉRÉ;2026-05-14 11:56:32
TXN-009708;CLT-0017;1737,23;Espagne;Îles Caïmans;14;0;0;0;20;0;20;MODÉRÉ;2026-05-14 11:56:32
TXN-009709;CLT-0092;3386,52;France;Suisse;14;0;0;0;0;0;0;FAIBLE;2026-05-14 11:56:32
TXN-009710;CLT-0080;2513,99;Îles Caïmans;France;14;0;0;25;0;0;25;MODÉRÉ;2026-05-14 11:56:32
TXN-009711;CLT-0082;2141,77;Îles Caïmans;Panama;14;0;0;25;20;0;45;ÉLEVÉ;2026-05-14 11:56:32
TXN-009712;CLT-0064;4040,78;Panama;France;14;0;0;25;0;0;25;MODÉRÉ;2026-05-14 11:56:32
TXN-009713;CLT-0005;3074,27;Panama;Panama;14;0;0;25;20;0;45;ÉLEVÉ;2026-05-14 11:56:32
TXN-009714;CLT-0050;4336,64;France;Espagne;14;0;0;0;0;0;0;FAIBLE;2026-05-14 11:56:32
TXN-009715;CLT-0048;1322,18;France;Suisse;14;0;0;0;0;0;0;FAIBLE;2026-05-14 11:56:32
TXN-009716;CLT-0047;4676,52;Russie;Îles Caïmans;14;0;0;0;20;0;20;MODÉRÉ;2026-05-14 11:56:32
TXN-009717;CLT-0041;4840,77;Îles Caïmans;Panama;14;0;0;25;20;0;45;ÉLEVÉ;2026-05-14 11:56:32
TXN-009718;CLT-0021;706,47;France;France;14;0;0;0;0;0;0;FAIBLE;2026-05-14 11:56:32
TXN-009719;CLT-0007;64768,36;France;Suisse;14;1;40;0;0;0;40;ÉLEVÉ;2026-05-14 11:56:32
TXN-009720;CLT-0007;32187,9;Espagne;Suisse;14;1;40;0;0;0;40;ÉLEVÉ;2026-05-14 11:56:32
TXN-009721;CLT-0047;3431,99;Russie;Îles Caïmans;14;0;0;0;20;0;20;MODÉRÉ;2026-05-14 11:56:32
TXN-009722;CLT-0020;3436,38;France;Italie;14;0;0;0;0;0;0;FAIBLE;2026-05-14 11:56:32
TXN-009723;CLT-0017;3036,06;Allemagne;Îles Caïmans;14;0;0;0;20;0;20;MODÉRÉ;2026-05-14 11:56:32
TXN-009724;CLT-0080;2904,94;Allemagne;France;14;0;0;0;0;0;0;FAIBLE;2026-05-14 11:56:32
TXN-009725;CLT-0068;2569,7;Îles Caïmans;Allemagne;14;0;0;25;0;0;25;MODÉRÉ;2026-05-14 11:56:32
TXN-009726;CLT-0027;4066,79;Russie;Espagne;14;0;0;0;0;0;0;FAIBLE;2026-05-14 11:56:32
TXN-009727;CLT-0055;2557,27;Russie;Espagne;14;0;0;0;0;0;0;FAIBLE;2026-05-14 11:56:32
TXN-009728;CLT-0007;64359,47;Espagne;Suisse;14;1;40;0;0;0;40;ÉLEVÉ;2026-05-14 11:56:32
TXN-009729;CLT-0068;1967,94;Panama;Allemagne;14;0;0;25;0;0;25;MODÉRÉ;2026-05-14 11:56:32
TXN-009730;CLT-0078;4887,47;Îles Caïmans;Suisse;14;0;0;25;0;0;25;MODÉRÉ;2026-05-14 11:56:32
TXN-009731;CLT-0039;4068,46;Allemagne;France;14;0;0;0;0;0;0;FAIBLE;2026-05-14 11:56:32
TXN-009732;CLT-0055;4083,72;Îles Caïmans;Espagne;14;0;0;25;0;0;25;MODÉRÉ;2026-05-14 11:56:32
TXN-009733;CLT-0073;1664,68;Russie;France;14;0;0;0;0;0;0;FAIBLE;2026-05-14 11:56:32
TXN-009734;CLT-0050;1345,28;France;Espagne;14;0;0;0;0;0;0;FAIBLE;2026-05-14 11:56:32
TXN-009735;CLT-0018;54103,26;France;Panama;14;1;40;0;20;0;60;ÉLEVÉ;2026-05-14 11:56:32
TXN-009736;CLT-0073;2933,69;France;France;14;0;0;0;0;0;0;FAIBLE;2026-05-14 11:56:32
TXN-009737;CLT-0024;724,76;Panama;Espagne;14;0;0;25;0;0;25;MODÉRÉ;2026-05-14 11:56:32
TXN-009738;CLT-0088;4938,73;Panama;Allemagne;14;0;0;25;0;0;25;MODÉRÉ;2026-05-14 11:56:32
TXN-009739;CLT-0005;41345,53;Espagne;Panama;14;1;40;0;20;0;60;ÉLEVÉ;2026-05-14 11:56:32
TXN-009740;CLT-0043;3578,25;Allemagne;Suisse;14;0;0;0;0;0;0;FAIBLE;2026-05-14 11:56:32
TXN-009741;CLT-0058;16,1;Russie;France;14;0;0;0;0;0;0;FAIBLE;2026-05-14 11:56:32
TXN-009742;CLT-0027;3076,3;France;Espagne;14;0;0;0;0;0;0;FAIBLE;2026-05-14 11:56:32
TXN-009743;CLT-0031;2160,25;Russie;Panama;14;0;0;0;20;0;20;MODÉRÉ;2026-05-14 11:56:32
TXN-009744;CLT-0055;1441,8;Espagne;Espagne;14;0;0;0;0;0;0;FAIBLE;2026-05-14 11:56:32
TXN-009745;CLT-0082;1554,79;France;Panama;14;0;0;0;20;0;20;MODÉRÉ;2026-05-14 11:56:32
TXN-009746;CLT-0018;4087,03;Allemagne;Panama;14;0;0;0;20;0;20;MODÉRÉ;2026-05-14 11:56:32
TXN-009747;CLT-0033;3323,41;Russie;Italie;14;0;0;0;0;0;0;FAIBLE;2026-05-14 11:56:32
TXN-009748;CLT-0031;4793,19;Panama;Panama;14;0;0;25;20;0;45;ÉLEVÉ;2026-05-14 11:56:32
TXN-009749;CLT-0080;2694,93;Espagne;France;14;0;0;0;0;0;0;FAIBLE;2026-05-14 11:56:32
TXN-009750;CLT-0054;3016,55;France;Suisse;14;0;0;0;0;0;0;FAIBLE;2026-05-14 11:56:32
TXN-009751;CLT-0088;25924,89;France;Allemagne;14;1;40;0;0;0;40;ÉLEVÉ;2026-05-14 11:56:32
TXN-009752;CLT-0065;4902,41;Allemagne;Îles Caïmans;14;0;0;0;20;0;20;MODÉRÉ;2026-05-14 11:56:32
TXN-009753;CLT-0003;850,32;France;France;14;0;0;0;0;0;0;FAIBLE;2026-05-14 11:56:32
TXN-009754;CLT-0060;646,76;Îles Caïmans;Italie;14;0;0;25;0;0;25;MODÉRÉ;2026-05-14 11:56:32
TXN-009755;CLT-0080;301,88;Espagne;France;14;0;0;0;0;0;0;FAIBLE;2026-05-14 11:56:32
TXN-009756;CLT-0039;3567,26;Panama;France;14;0;0;25;0;0;25;MODÉRÉ;2026-05-14 11:56:32
TXN-009757;CLT-0014;4819,2;France;France;14;0;0;0;0;0;0;FAIBLE;2026-05-14 11:56:32
TXN-009758;CLT-0068;3776,11;Allemagne;Allemagne;14;0;0;0;0;0;0;FAIBLE;2026-05-14 11:56:32
TXN-009759;CLT-0021;11609,85;Espagne;France;14;1;40;0;0;0;40;ÉLEVÉ;2026-05-14 11:56:32
TXN-009760;CLT-0030;3628,78;Espagne;Allemagne;14;0;0;0;0;0;0;FAIBLE;2026-05-14 11:56:32
TXN-009761;CLT-0066;2646,32;France;Espagne;14;0;0;0;0;0;0;FAIBLE;2026-05-14 11:56:32
TXN-009762;CLT-0025;4003,58;Panama;Italie;14;0;0;25;0;0;25;MODÉRÉ;2026-05-14 11:56:32
TXN-009763;CLT-0025;2386,4;Russie;Italie;14;0;0;0;0;0;0;FAIBLE;2026-05-14 11:56:32
TXN-009764;CLT-0082;4193,83;France;Panama;14;0;0;0;20;0;20;MODÉRÉ;2026-05-14 11:56:32
TXN-009765;CLT-0023;929,45;Russie;Allemagne;14;0;0;0;0;0;0;FAIBLE;2026-05-14 11:56:32
TXN-009766;CLT-0071;4647,44;Russie;Îles Caïmans;14;0;0;0;20;0;20;MODÉRÉ;2026-05-14 11:56:32
TXN-009767;CLT-0082;4879,54;Russie;Panama;14;0;0;0;20;0;20;MODÉRÉ;2026-05-14 11:56:32
TXN-009768;CLT-0075;64433,21;France;France;14;1;40;0;0;0;40;ÉLEVÉ;2026-05-14 11:56:32
TXN-009769;CLT-0073;3419,53;Espagne;France;14;0;0;0;0;0;0;FAIBLE;2026-05-14 11:56:32
TXN-009770;CLT-0031;3313,83;Îles Caïmans;Panama;14;0;0;25;20;0;45;ÉLEVÉ;2026-05-14 11:56:32
TXN-009771;CLT-0023;58560,11;France;Allemagne;14;1;40;0;0;0;40;ÉLEVÉ;2026-05-14 11:56:32
TXN-009772;CLT-0061;4414,53;France;France;14;0;0;0;0;0;0;FAIBLE;2026-05-14 11:56:32
TXN-009773;CLT-0023;210,04;France;Allemagne;14;0;0;0;0;0;0;FAIBLE;2026-05-14 11:56:32
TXN-009774;CLT-0006;664,97;Allemagne;France;14;0;0;0;0;0;0;FAIBLE;2026-05-14 11:56:32
TXN-009775;CLT-0068;1803,21;France;Allemagne;14;0;0;0;0;0;0;FAIBLE;2026-05-14 11:56:32
TXN-009776;CLT-0015;1921,03;France;France;14;0;0;0;0;0;0;FAIBLE;2026-05-14 11:56:32
TXN-009777;CLT-0034;4318,02;Panama;France;14;0;0;25;0;0;25;MODÉRÉ;2026-05-14 11:56:32
TXN-009778;CLT-0099;3073,11;Russie;Panama;14;0;0;0;20;0;20;MODÉRÉ;2026-05-14 11:56:32
TXN-009779;CLT-0054;229,46;France;Suisse;14;0;0;0;0;0;0;FAIBLE;2026-05-14 11:56:32
TXN-009780;CLT-0094;2579,34;Panama;Allemagne;14;0;0;25;0;0;25;MODÉRÉ;2026-05-14 11:56:32
TXN-009781;CLT-0024;2153,75;Allemagne;Espagne;14;0;0;0;0;0;0;FAIBLE;2026-05-14 11:56:32
TXN-009782;CLT-0007;9731,06;Espagne;Suisse;14;1;40;0;0;0;40;ÉLEVÉ;2026-05-14 11:56:32
TXN-009783;CLT-0026;1707,95;Russie;Italie;14;0;0;0;0;0;0;FAIBLE;2026-05-14 11:56:32
TXN-009784;CLT-0089;4756,57;France;Îles Caïmans;14;0;0;0;20;0;20;MODÉRÉ;2026-05-14 11:56:32
TXN-009785;CLT-0085;1384,17;Espagne;Îles Caïmans;14;0;0;0;20;0;20;MODÉRÉ;2026-05-14 11:56:32
TXN-009786;CLT-0056;3182,19;Îles Caïmans;Allemagne;14;0;0;25;0;0;25;MODÉRÉ;2026-05-14 11:56:32
TXN-009787;CLT-0099;1900,69;Îles Caïmans;Panama;14;0;0;25;20;0;45;ÉLEVÉ;2026-05-14 11:56:32
TXN-009788;CLT-0022;4690,21;Espagne;Allemagne;14;0;0;0;0;0;0;FAIBLE;2026-05-14 11:56:32
TXN-009789;CLT-0090;8439,1;Allemagne;France;14;1;40;0;0;0;40;ÉLEVÉ;2026-05-14 11:56:32
TXN-009790;CLT-0025;4816,55;Espagne;Italie;14;0;0;0;0;0;0;FAIBLE;2026-05-14 11:56:32
TXN-009791;CLT-0031;497,13;France;Panama;14;0;0;0;20;0;20;MODÉRÉ;2026-05-14 11:56:32
TXN-009792;CLT-0093;910,41;Allemagne;Suisse;14;0;0;0;0;0;0;FAIBLE;2026-05-14 11:56:32
TXN-009793;CLT-0083;2143,22;Allemagne;France;14;0;0;0;0;0;0;FAIBLE;2026-05-14 11:56:32
TXN-009794;CLT-0015;1350,17;Espagne;France;14;0;0;0;0;0;0;FAIBLE;2026-05-14 11:56:32
TXN-009795;CLT-0060;50961,61;Îles Caïmans;Italie;14;1;40;25;0;0;65;ÉLEVÉ;2026-05-14 11:56:32
TXN-009796;CLT-0090;2191,08;France;France;14;0;0;0;0;0;0;FAIBLE;2026-05-14 11:56:32
TXN-009797;CLT-0016;38580,19;Îles Caïmans;Espagne;14;1;40;25;0;0;65;ÉLEVÉ;2026-05-14 11:56:32
TXN-009798;CLT-0078;3661,34;Allemagne;Suisse;14;0;0;0;0;0;0;FAIBLE;2026-05-14 11:56:32
TXN-009799;CLT-0066;1038,51;France;Espagne;14;0;0;0;0;0;0;FAIBLE;2026-05-14 11:56:32
TXN-009800;CLT-0083;650,69;Allemagne;France;14;0;0;0;0;0;0;FAIBLE;2026-05-14 11:56:32
TXN-009801;CLT-0045;35842,75;France;France;14;1;40;0;0;0;40;ÉLEVÉ;2026-05-14 11:56:32
TXN-009802;CLT-0064;2521,84;Russie;France;14;0;0;0;0;0;0;FAIBLE;2026-05-14 11:56:32
TXN-009803;CLT-0015;4735,19;Allemagne;France;14;0;0;0;0;0;0;FAIBLE;2026-05-14 11:56:32
TXN-009804;CLT-0063;2762,31;Espagne;Îles Caïmans;14;0;0;0;20;0;20;MODÉRÉ;2026-05-14 11:56:32
TXN-009805;CLT-0041;1946,93;France;Panama;14;0;0;0;20;0;20;MODÉRÉ;2026-05-14 11:56:32
TXN-009806;CLT-0032;3158,76;Panama;Suisse;14;0;0;25;0;0;25;MODÉRÉ;2026-05-14 11:56:32
TXN-009807;CLT-0014;4530,11;Espagne;France;14;0;0;0;0;0;0;FAIBLE;2026-05-14 11:56:32
TXN-009808;CLT-0095;1136,59;Panama;Îles Caïmans;14;0;0;25;20;0;45;ÉLEVÉ;2026-05-14 11:56:32
TXN-009809;CLT-0032;337,97;Russie;Suisse;14;0;0;0;0;0;0;FAIBLE;2026-05-14 11:56:32
TXN-009810;CLT-0047;343,21;Îles Caïmans;Îles Caïmans;14;0;0;25;20;0;45;ÉLEVÉ;2026-05-14 11:56:32
TXN-009811;CLT-0063;33623,03;France;Îles Caïmans;14;1;40;0;20;0;60;ÉLEVÉ;2026-05-14 11:56:32
TXN-009812;CLT-0005;1172,44;France;Panama;14;0;0;0;20;0;20;MODÉRÉ;2026-05-14 11:56:32
TXN-009813;CLT-0062;833,49;Panama;France;14;0;0;25;0;0;25;MODÉRÉ;2026-05-14 11:56:32
TXN-009814;CLT-0078;3875,19;France;Suisse;14;0;0;0;0;0;0;FAIBLE;2026-05-14 11:56:32
TXN-009815;CLT-0065;119,96;Îles Caïmans;Îles Caïmans;14;0;0;25;20;0;45;ÉLEVÉ;2026-05-14 11:56:32
TXN-009816;CLT-0052;92358,52;France;France;14;1;40;0;0;0;40;ÉLEVÉ;2026-05-14 11:56:32
TXN-009817;CLT-0071;4300,16;France;Îles Caïmans;14;0;0;0;20;0;20;MODÉRÉ;2026-05-14 11:56:32
TXN-009818;CLT-0041;3533,66;Îles Caïmans;Panama;14;0;0;25;20;0;45;ÉLEVÉ;2026-05-14 11:56:32
TXN-009819;CLT-0003;1811,62;Russie;France;14;0;0;0;0;0;0;FAIBLE;2026-05-14 11:56:32
TXN-009820;CLT-0049;4943,29;France;France;14;0;0;0;0;0;0;FAIBLE;2026-05-14 11:56:32
TXN-009821;CLT-0065;2895,48;Îles Caïmans;Îles Caïmans;14;0;0;25;20;0;45;ÉLEVÉ;2026-05-14 11:56:32
TXN-009822;CLT-0052;481,29;Russie;France;14;0;0;0;0;0;0;FAIBLE;2026-05-14 11:56:32
TXN-009823;CLT-0028;1979,52;Panama;France;14;0;0;25;0;0;25;MODÉRÉ;2026-05-14 11:56:32
TXN-009824;CLT-0036;3994,95;France;Italie;14;0;0;0;0;0;0;FAIBLE;2026-05-14 11:56:32
TXN-009825;CLT-0098;78401,65;France;Espagne;14;1;40;0;0;0;40;ÉLEVÉ;2026-05-14 11:56:32
TXN-009826;CLT-0007;1722,2;Allemagne;Suisse;14;0;0;0;0;0;0;FAIBLE;2026-05-14 11:56:32
TXN-009827;CLT-0085;1754,97;Russie;Îles Caïmans;14;0;0;0;20;0;20;MODÉRÉ;2026-05-14 11:56:32
TXN-009828;CLT-0033;3135,7;France;Italie;14;0;0;0;0;0;0;FAIBLE;2026-05-14 11:56:32
TXN-009829;CLT-0067;4312,75;Allemagne;Panama;14;0;0;0;20;0;20;MODÉRÉ;2026-05-14 11:56:32
TXN-009830;CLT-0031;2792,04;France;Panama;14;0;0;0;20;0;20;MODÉRÉ;2026-05-14 11:56:32
TXN-009831;CLT-0057;4942,79;Allemagne;France;14;0;0;0;0;0;0;FAIBLE;2026-05-14 11:56:32
TXN-009832;CLT-0081;2488,54;France;Îles Caïmans;14;0;0;0;20;0;20;MODÉRÉ;2026-05-14 11:56:32
TXN-009833;CLT-0012;2514,7;Russie;Panama;14;0;0;0;20;0;20;MODÉRÉ;2026-05-14 11:56:32
TXN-009834;CLT-0086;92755,54;France;France;14;1;40;0;0;0;40;ÉLEVÉ;2026-05-14 11:56:32
TXN-009835;CLT-0007;32750,65;Allemagne;Suisse;14;1;40;0;0;0;40;ÉLEVÉ;2026-05-14 11:56:32
TXN-009836;CLT-0059;2495,55;France;Îles Caïmans;14;0;0;0;20;0;20;MODÉRÉ;2026-05-14 11:56:32
TXN-009837;CLT-0035;3070,58;France;Espagne;14;0;0;0;0;0;0;FAIBLE;2026-05-14 11:56:32
TXN-009838;CLT-0012;13408,75;Allemagne;Panama;14;1;40;0;20;0;60;ÉLEVÉ;2026-05-14 11:56:32
TXN-009839;CLT-0022;80921,94;Espagne;Allemagne;14;1;40;0;0;0;40;ÉLEVÉ;2026-05-14 11:56:32
TXN-009840;CLT-0002;2947,95;France;Espagne;14;0;0;0;0;0;0;FAIBLE;2026-05-14 11:56:32
TXN-009841;CLT-0074;4487,22;France;Allemagne;14;0;0;0;0;0;0;FAIBLE;2026-05-14 11:56:32
TXN-009842;CLT-0075;3184,83;Russie;France;14;0;0;0;0;0;0;FAIBLE;2026-05-14 11:56:32
TXN-009843;CLT-0037;4695,8;Russie;Îles Caïmans;14;0;0;0;20;0;20;MODÉRÉ;2026-05-14 11:56:32
TXN-009844;CLT-0049;4753,36;Espagne;France;14;0;0;0;0;0;0;FAIBLE;2026-05-14 11:56:32
TXN-009845;CLT-0048;2871,31;Allemagne;Suisse;14;0;0;0;0;0;0;FAIBLE;2026-05-14 11:56:32
TXN-009846;CLT-0080;1991,89;Espagne;France;14;0;0;0;0;0;0;FAIBLE;2026-05-14 11:56:32
TXN-009847;CLT-0076;232,04;Espagne;France;14;0;0;0;0;0;0;FAIBLE;2026-05-14 11:56:32
TXN-009848;CLT-0016;3713,23;France;Espagne;14;0;0;0;0;0;0;FAIBLE;2026-05-14 11:56:32
TXN-009849;CLT-0066;3048,77;Allemagne;Espagne;14;0;0;0;0;0;0;FAIBLE;2026-05-14 11:56:32
TXN-009850;CLT-0045;4441,13;France;France;14;0;0;0;0;0;0;FAIBLE;2026-05-14 11:56:32
TXN-009851;CLT-0049;2678,11;France;France;14;0;0;0;0;0;0;FAIBLE;2026-05-14 11:56:32
TXN-009852;CLT-0079;43075,54;France;Îles Caïmans;14;1;40;0;20;0;60;ÉLEVÉ;2026-05-14 11:56:32
TXN-009853;CLT-0021;4230,63;Russie;France;14;0;0;0;0;0;0;FAIBLE;2026-05-14 11:56:32
TXN-009854;CLT-0082;3378,61;Îles Caïmans;Panama;14;0;0;25;20;0;45;ÉLEVÉ;2026-05-14 11:56:32
TXN-009855;CLT-0069;4601,95;Panama;Panama;14;0;0;25;20;0;45;ÉLEVÉ;2026-05-14 11:56:32
TXN-009856;CLT-0041;2255,1;Russie;Panama;14;0;0;0;20;0;20;MODÉRÉ;2026-05-14 11:56:32
TXN-009857;CLT-0086;2417,17;France;France;14;0;0;0;0;0;0;FAIBLE;2026-05-14 11:56:32
TXN-009858;CLT-0094;48226,16;France;Allemagne;14;1;40;0;0;0;40;ÉLEVÉ;2026-05-14 11:56:32
TXN-009859;CLT-0031;3657,69;Allemagne;Panama;14;0;0;0;20;0;20;MODÉRÉ;2026-05-14 11:56:32
TXN-009860;CLT-0012;3863,92;Îles Caïmans;Panama;14;0;0;25;20;0;45;ÉLEVÉ;2026-05-14 11:56:32
TXN-009861;CLT-0058;2505,55;Russie;France;14;0;0;0;0;0;0;FAIBLE;2026-05-14 11:56:32
TXN-009862;CLT-0034;4097,17;France;France;14;0;0;0;0;0;0;FAIBLE;2026-05-14 11:56:32
TXN-009863;CLT-0011;3778,8;Allemagne;France;14;0;0;0;0;0;0;FAIBLE;2026-05-14 11:56:32
TXN-009864;CLT-0082;29623,39;Russie;Panama;14;1;40;0;20;0;60;ÉLEVÉ;2026-05-14 11:56:32
TXN-009865;CLT-0066;2923,1;France;Espagne;14;0;0;0;0;0;0;FAIBLE;2026-05-14 11:56:32
TXN-009866;CLT-0021;4916,09;Panama;France;14;0;0;25;0;0;25;MODÉRÉ;2026-05-14 11:56:32
TXN-009867;CLT-0051;3761,67;Allemagne;France;14;0;0;0;0;0;0;FAIBLE;2026-05-14 11:56:32
TXN-009868;CLT-0064;53468,17;Russie;France;14;1;40;0;0;0;40;ÉLEVÉ;2026-05-14 11:56:32
TXN-009869;CLT-0089;2914,74;France;Îles Caïmans;14;0;0;0;20;0;20;MODÉRÉ;2026-05-14 11:56:32
TXN-009870;CLT-0084;950,23;Panama;Italie;14;0;0;25;0;0;25;MODÉRÉ;2026-05-14 11:56:32
TXN-009871;CLT-0038;1131,99;France;Îles Caïmans;14;0;0;0;20;0;20;MODÉRÉ;2026-05-14 11:56:32
TXN-009872;CLT-0001;2465,4;Espagne;France;14;0;0;0;0;0;0;FAIBLE;2026-05-14 11:56:32
TXN-009873;CLT-0015;1991,03;France;France;14;0;0;0;0;0;0;FAIBLE;2026-05-14 11:56:32
TXN-009874;CLT-0075;2646,87;Allemagne;France;14;0;0;0;0;0;0;FAIBLE;2026-05-14 11:56:32
TXN-009875;CLT-0079;2118,24;France;Îles Caïmans;14;0;0;0;20;0;20;MODÉRÉ;2026-05-14 11:56:32
TXN-009876;CLT-0100;714,97;Russie;Suisse;14;0;0;0;0;0;0;FAIBLE;2026-05-14 11:56:32
TXN-009877;CLT-0049;64,07;Russie;France;14;0;0;0;0;0;0;FAIBLE;2026-05-14 11:56:32
TXN-009878;CLT-0019;85465,49;Panama;Espagne;14;1;40;25;0;0;65;ÉLEVÉ;2026-05-14 11:56:32
TXN-009879;CLT-0008;1996,69;France;Suisse;14;0;0;0;0;0;0;FAIBLE;2026-05-14 11:56:32
TXN-009880;CLT-0001;602,66;Panama;France;14;0;0;25;0;0;25;MODÉRÉ;2026-05-14 11:56:32
TXN-009881;CLT-0021;2865,62;Russie;France;14;0;0;0;0;0;0;FAIBLE;2026-05-14 11:56:32
TXN-009882;CLT-0071;4551,18;France;Îles Caïmans;14;0;0;0;20;0;20;MODÉRÉ;2026-05-14 11:56:32
TXN-009883;CLT-0075;1219,05;France;France;14;0;0;0;0;0;0;FAIBLE;2026-05-14 11:56:32
TXN-009884;CLT-0050;962,1;France;Espagne;14;0;0;0;0;0;0;FAIBLE;2026-05-14 11:56:32
TXN-009885;CLT-0091;1483,87;France;Allemagne;14;0;0;0;0;0;0;FAIBLE;2026-05-14 11:56:32
TXN-009886;CLT-0047;4178,72;Panama;Îles Caïmans;14;0;0;25;20;0;45;ÉLEVÉ;2026-05-14 11:56:32
TXN-009887;CLT-0027;93788,9;Panama;Espagne;14;1;40;25;0;0;65;ÉLEVÉ;2026-05-14 11:56:32
TXN-009888;CLT-0096;2081,0;France;Panama;14;0;0;0;20;0;20;MODÉRÉ;2026-05-14 11:56:32
TXN-009889;CLT-0004;2059,21;Îles Caïmans;Suisse;14;0;0;25;0;0;25;MODÉRÉ;2026-05-14 11:56:32
TXN-009890;CLT-0066;2567,53;Panama;Espagne;14;0;0;25;0;0;25;MODÉRÉ;2026-05-14 11:56:32
TXN-009891;CLT-0034;46841,59;Panama;France;14;1;40;25;0;0;65;ÉLEVÉ;2026-05-14 11:56:32
TXN-009892;CLT-0001;4019,5;France;France;14;0;0;0;0;0;0;FAIBLE;2026-05-14 11:56:32
TXN-009893;CLT-0060;1162,7;Îles Caïmans;Italie;14;0;0;25;0;0;25;MODÉRÉ;2026-05-14 11:56:32
TXN-009894;CLT-0100;3070,52;Russie;Suisse;14;0;0;0;0;0;0;FAIBLE;2026-05-14 11:56:32
TXN-009895;CLT-0034;504,43;Espagne;France;14;0;0;0;0;0;0;FAIBLE;2026-05-14 11:56:32
TXN-009896;CLT-0071;757,02;Espagne;Îles Caïmans;14;0;0;0;20;0;20;MODÉRÉ;2026-05-14 11:56:32
TXN-009897;CLT-0028;333,49;France;France;14;0;0;0;0;0;0;FAIBLE;2026-05-14 11:56:32
TXN-009898;CLT-0045;3346,58;Espagne;France;14;0;0;0;0;0;0;FAIBLE;2026-05-14 11:56:32
TXN-009899;CLT-0077;85188,74;Espagne;France;14;1;40;0;0;0;40;ÉLEVÉ;2026-05-14 11:56:32
TXN-009900;CLT-0100;2026,1;France;Suisse;14;0;0;0;0;0;0;FAIBLE;2026-05-14 11:56:32
TXN-009901;CLT-0039;438,12;France;France;14;0;0;0;0;0;0;FAIBLE;2026-05-14 11:56:32
TXN-009902;CLT-0097;2152,02;Espagne;Panama;14;0;0;0;20;0;20;MODÉRÉ;2026-05-14 11:56:32
TXN-009903;CLT-0072;3559,51;France;Allemagne;14;0;0;0;0;0;0;FAIBLE;2026-05-14 11:56:32
TXN-009904;CLT-0013;1818,24;Allemagne;France;14;0;0;0;0;0;0;FAIBLE;2026-05-14 11:56:32
TXN-009905;CLT-0085;3383,94;Îles Caïmans;Îles Caïmans;14;0;0;25;20;0;45;ÉLEVÉ;2026-05-14 11:56:32
TXN-009906;CLT-0018;58680,31;Îles Caïmans;Panama;14;1;40;25;20;0;85;CRITIQUE;2026-05-14 11:56:32
TXN-009907;CLT-0015;3736,47;France;France;14;0;0;0;0;0;0;FAIBLE;2026-05-14 11:56:32
TXN-009908;CLT-0018;4893,25;Allemagne;Panama;14;0;0;0;20;0;20;MODÉRÉ;2026-05-14 11:56:32
TXN-009909;CLT-0031;10313,72;France;Panama;14;1;40;0;20;0;60;ÉLEVÉ;2026-05-14 11:56:32
TXN-009910;CLT-0080;4558,0;Espagne;France;14;0;0;0;0;0;0;FAIBLE;2026-05-14 11:56:32
TXN-009911;CLT-0012;2078,04;Russie;Panama;14;0;0;0;20;0;20;MODÉRÉ;2026-05-14 11:56:32
TXN-009912;CLT-0056;3413,11;Russie;Allemagne;14;0;0;0;0;0;0;FAIBLE;2026-05-14 11:56:32
TXN-009913;CLT-0019;436,05;France;Espagne;14;0;0;0;0;0;0;FAIBLE;2026-05-14 11:56:32
TXN-009914;CLT-0042;4730,2;France;Italie;14;0;0;0;0;0;0;FAIBLE;2026-05-14 11:56:32
TXN-009915;CLT-0011;1055,73;Allemagne;France;14;0;0;0;0;0;0;FAIBLE;2026-05-14 11:56:32
TXN-009916;CLT-0059;846,17;Espagne;Îles Caïmans;14;0;0;0;20;0;20;MODÉRÉ;2026-05-14 11:56:32
TXN-009917;CLT-0003;3493,3;France;France;14;0;0;0;0;0;0;FAIBLE;2026-05-14 11:56:32
TXN-009918;CLT-0086;526,62;France;France;14;0;0;0;0;0;0;FAIBLE;2026-05-14 11:56:32
TXN-009919;CLT-0069;2151,25;France;Panama;14;0;0;0;20;0;20;MODÉRÉ;2026-05-14 11:56:32
TXN-009920;CLT-0037;64595,84;France;Îles Caïmans;14;1;40;0;20;0;60;ÉLEVÉ;2026-05-14 11:56:32
TXN-009921;CLT-0049;492,81;Russie;France;14;0;0;0;0;0;0;FAIBLE;2026-05-14 11:56:32
TXN-009922;CLT-0037;53517,08;Allemagne;Îles Caïmans;14;1;40;0;20;0;60;ÉLEVÉ;2026-05-14 11:56:32
TXN-009923;CLT-0018;70347,63;Espagne;Panama;14;1;40;0;20;0;60;ÉLEVÉ;2026-05-14 11:56:32
TXN-009924;CLT-0072;2169,65;Îles Caïmans;Allemagne;14;0;0;25;0;0;25;MODÉRÉ;2026-05-14 11:56:32
TXN-009925;CLT-0033;402,2;Espagne;Italie;14;0;0;0;0;0;0;FAIBLE;2026-05-14 11:56:32
TXN-009926;CLT-0100;690,49;Espagne;Suisse;14;0;0;0;0;0;0;FAIBLE;2026-05-14 11:56:32
TXN-009927;CLT-0034;3059,02;Espagne;France;14;0;0;0;0;0;0;FAIBLE;2026-05-14 11:56:32
TXN-009928;CLT-0028;2219,48;Espagne;France;14;0;0;0;0;0;0;FAIBLE;2026-05-14 11:56:32
TXN-009929;CLT-0039;37944,06;Îles Caïmans;France;14;1;40;25;0;0;65;ÉLEVÉ;2026-05-14 11:56:32
TXN-009930;CLT-0028;920,71;Allemagne;France;14;0;0;0;0;0;0;FAIBLE;2026-05-14 11:56:32
TXN-009931;CLT-0085;1347,74;Allemagne;Îles Caïmans;14;0;0;0;20;0;20;MODÉRÉ;2026-05-14 11:56:32
TXN-009932;CLT-0076;1877,3;Panama;France;14;0;0;25;0;0;25;MODÉRÉ;2026-05-14 11:56:32
TXN-009933;CLT-0090;3769,93;Russie;France;14;0;0;0;0;0;0;FAIBLE;2026-05-14 11:56:32
TXN-009934;CLT-0064;4611,24;France;France;14;0;0;0;0;0;0;FAIBLE;2026-05-14 11:56:32
TXN-009935;CLT-0055;3347,34;France;Espagne;14;0;0;0;0;0;0;FAIBLE;2026-05-14 11:56:32
TXN-009936;CLT-0091;3568,93;France;Allemagne;14;0;0;0;0;0;0;FAIBLE;2026-05-14 11:56:32
TXN-009937;CLT-0058;1510,77;France;France;14;0;0;0;0;0;0;FAIBLE;2026-05-14 11:56:32
TXN-009938;CLT-0061;4330,78;Espagne;France;14;0;0;0;0;0;0;FAIBLE;2026-05-14 11:56:32
TXN-009939;CLT-0055;2926,48;Panama;Espagne;14;0;0;25;0;0;25;MODÉRÉ;2026-05-14 11:56:32
TXN-009940;CLT-0087;2599,05;France;Italie;14;0;0;0;0;0;0;FAIBLE;2026-05-14 11:56:32
TXN-009941;CLT-0094;2130,64;France;Allemagne;14;0;0;0;0;0;0;FAIBLE;2026-05-14 11:56:32
TXN-009942;CLT-0083;116,44;France;France;14;0;0;0;0;0;0;FAIBLE;2026-05-14 11:56:32
TXN-009943;CLT-0022;2576,95;France;Allemagne;14;0;0;0;0;0;0;FAIBLE;2026-05-14 11:56:32
TXN-009944;CLT-0083;3134,32;Espagne;France;14;0;0;0;0;0;0;FAIBLE;2026-05-14 11:56:32
TXN-009945;CLT-0087;985,7;Russie;Italie;14;0;0;0;0;0;0;FAIBLE;2026-05-14 11:56:32
TXN-009946;CLT-0063;1065,78;France;Îles Caïmans;14;0;0;0;20;0;20;MODÉRÉ;2026-05-14 11:56:32
TXN-009947;CLT-0022;4797,01;France;Allemagne;14;0;0;0;0;0;0;FAIBLE;2026-05-14 11:56:32
TXN-009948;CLT-0022;77188,49;France;Allemagne;14;1;40;0;0;0;40;ÉLEVÉ;2026-05-14 11:56:32
TXN-009949;CLT-0074;4189,25;Allemagne;Allemagne;14;0;0;0;0;0;0;FAIBLE;2026-05-14 11:56:32
TXN-009950;CLT-0033;3065,67;France;Italie;14;0;0;0;0;0;0;FAIBLE;2026-05-14 11:56:32
TXN-009951;CLT-0022;179,4;France;Allemagne;14;0;0;0;0;0;0;FAIBLE;2026-05-14 11:56:32
TXN-009952;CLT-0061;4279,84;France;France;14;0;0;0;0;0;0;FAIBLE;2026-05-14 11:56:32
TXN-009953;CLT-0063;3863,26;Panama;Îles Caïmans;14;0;0;25;20;0;45;ÉLEVÉ;2026-05-14 11:56:32
TXN-009954;CLT-0019;41041,68;Îles Caïmans;Espagne;14;1;40;25;0;0;65;ÉLEVÉ;2026-05-14 11:56:32
TXN-009955;CLT-0075;52378,11;France;France;14;1;40;0;0;0;40;ÉLEVÉ;2026-05-14 11:56:32
TXN-009956;CLT-0015;259,42;France;France;14;0;0;0;0;0;0;FAIBLE;2026-05-14 11:56:32
TXN-009957;CLT-0054;710,05;France;Suisse;14;0;0;0;0;0;0;FAIBLE;2026-05-14 11:56:32
TXN-009958;CLT-0092;57810,81;Espagne;Suisse;14;1;40;0;0;0;40;ÉLEVÉ;2026-05-14 11:56:32
TXN-009959;CLT-0100;4592,45;France;Suisse;14;0;0;0;0;0;0;FAIBLE;2026-05-14 11:56:32
TXN-009960;CLT-0031;2917,71;Espagne;Panama;14;0;0;0;20;0;20;MODÉRÉ;2026-05-14 11:56:32
TXN-009961;CLT-0032;2509,09;France;Suisse;14;0;0;0;0;0;0;FAIBLE;2026-05-14 11:56:32
TXN-009962;CLT-0100;3072,2;France;Suisse;14;0;0;0;0;0;0;FAIBLE;2026-05-14 11:56:32
TXN-009963;CLT-0065;60391,39;Allemagne;Îles Caïmans;14;1;40;0;20;0;60;ÉLEVÉ;2026-05-14 11:56:32
TXN-009964;CLT-0073;1154,0;Îles Caïmans;France;14;0;0;25;0;0;25;MODÉRÉ;2026-05-14 11:56:32
TXN-009965;CLT-0085;381,3;Panama;Îles Caïmans;14;0;0;25;20;0;45;ÉLEVÉ;2026-05-14 11:56:32
TXN-009966;CLT-0098;4616,38;Russie;Espagne;14;0;0;0;0;0;0;FAIBLE;2026-05-14 11:56:32
TXN-009967;CLT-0086;58592,72;France;France;14;1;40;0;0;0;40;ÉLEVÉ;2026-05-14 11:56:32
TXN-009968;CLT-0011;93685,03;Allemagne;France;14;1;40;0;0;0;40;ÉLEVÉ;2026-05-14 11:56:32
TXN-009969;CLT-0045;1102,54;France;France;14;0;0;0;0;0;0;FAIBLE;2026-05-14 11:56:32
TXN-009970;CLT-0026;89209,49;France;Italie;14;1;40;0;0;0;40;ÉLEVÉ;2026-05-14 11:56:32
TXN-009971;CLT-0048;3768,96;Îles Caïmans;Suisse;14;0;0;25;0;0;25;MODÉRÉ;2026-05-14 11:56:32
TXN-009972;CLT-0085;4091,96;Allemagne;Îles Caïmans;14;0;0;0;20;0;20;MODÉRÉ;2026-05-14 11:56:32
TXN-009973;CLT-0009;291,79;Espagne;Suisse;14;0;0;0;0;0;0;FAIBLE;2026-05-14 11:56:32
TXN-009974;CLT-0015;86435,01;Panama;France;14;1;40;25;0;0;65;ÉLEVÉ;2026-05-14 11:56:32
TXN-009975;CLT-0080;2991,08;Îles Caïmans;France;14;0;0;25;0;0;25;MODÉRÉ;2026-05-14 11:56:32
TXN-009976;CLT-0061;2907,48;Allemagne;France;14;0;0;0;0;0;0;FAIBLE;2026-05-14 11:56:32
TXN-009977;CLT-0071;1956,04;Espagne;Îles Caïmans;14;0;0;0;20;0;20;MODÉRÉ;2026-05-14 11:56:32
TXN-009978;CLT-0034;1097,83;France;France;14;0;0;0;0;0;0;FAIBLE;2026-05-14 11:56:32
TXN-009979;CLT-0015;2838,44;France;France;14;0;0;0;0;0;0;FAIBLE;2026-05-14 11:56:32
TXN-009980;CLT-0024;1247,6;Espagne;Espagne;14;0;0;0;0;0;0;FAIBLE;2026-05-14 11:56:32
TXN-009981;CLT-0073;1928,35;France;France;14;0;0;0;0;0;0;FAIBLE;2026-05-14 11:56:32
TXN-009982;CLT-0065;3043,19;Russie;Îles Caïmans;14;0;0;0;20;0;20;MODÉRÉ;2026-05-14 11:56:32
TXN-009983;CLT-0009;3322,97;France;Suisse;14;0;0;0;0;0;0;FAIBLE;2026-05-14 11:56:32
TXN-009984;CLT-0075;4363,85;France;France;14;0;0;0;0;0;0;FAIBLE;2026-05-14 11:56:32
TXN-009985;CLT-0047;4492,16;Espagne;Îles Caïmans;14;0;0;0;20;0;20;MODÉRÉ;2026-05-14 11:56:32
TXN-009986;CLT-0037;2976,45;Espagne;Îles Caïmans;14;0;0;0;20;0;20;MODÉRÉ;2026-05-14 11:56:32
TXN-009987;CLT-0005;12061,57;Îles Caïmans;Panama;14;1;40;25;20;0;85;CRITIQUE;2026-05-14 11:56:32
TXN-009988;CLT-0012;2009,63;Allemagne;Panama;14;0;0;0;20;0;20;MODÉRÉ;2026-05-14 11:56:32
TXN-009989;CLT-0011;4857,68;Russie;France;14;0;0;0;0;0;0;FAIBLE;2026-05-14 11:56:32
TXN-009990;CLT-0050;3794,02;France;Espagne;14;0;0;0;0;0;0;FAIBLE;2026-05-14 11:56:32
TXN-009991;CLT-0091;4181,51;Russie;Allemagne;14;0;0;0;0;0;0;FAIBLE;2026-05-14 11:56:32
TXN-009992;CLT-0073;1690,49;Îles Caïmans;France;14;0;0;25;0;0;25;MODÉRÉ;2026-05-14 11:56:32
TXN-009993;CLT-0049;2584,3;France;France;14;0;0;0;0;0;0;FAIBLE;2026-05-14 11:56:32
TXN-009994;CLT-0049;17096,49;France;France;14;1;40;0;0;0;40;ÉLEVÉ;2026-05-14 11:56:32
TXN-009995;CLT-0078;77986,68;France;Suisse;14;1;40;0;0;0;40;ÉLEVÉ;2026-05-14 11:56:32
TXN-009996;CLT-0038;1647,52;Espagne;Îles Caïmans;14;0;0;0;20;0;20;MODÉRÉ;2026-05-14 11:56:32
TXN-009997;CLT-0026;1793,28;Allemagne;Italie;14;0;0;0;0;0;0;FAIBLE;2026-05-14 11:56:32
TXN-009998;CLT-0050;39695,85;Espagne;Espagne;14;1;40;0;0;0;40;ÉLEVÉ;2026-05-14 11:56:32
TXN-009999;CLT-0060;4823,2;France;Italie;14;0;0;0;0;0;0;FAIBLE;2026-05-14 11:56:32
TXN-010000;CLT-0067;3847,12;France;Panama;14;0;0;0;20;0;20;MODÉRÉ;2026-05-14 11:56:32
