transaction_id,client_id,date_transaction,montant,devise,type_transaction,pays_destination,est_suspecte
TXN-000001,CLT-0008,2026-01-22 14:42:30,957.59,EUR,Virement international,France,False
TXN-000002,CLT-0062,2025-07-18 14:42:30,295.25,EUR,Virement international,France,False
TXN-000003,CLT-0009,2026-02-07 14:42:30,52181.08,EUR,Virement international,France,True
TXN-000004,CLT-0073,2026-03-13 14:42:30,1183.67,EUR,Retrait,France,False
TXN-000005,CLT-0073,2025-07-19 14:42:30,2101.93,EUR,Virement international,Panama,False
TXN-000006,CLT-0031,2025-12-04 14:42:30,1029.25,EUR,Dépôt,Îles Caïmans,False
TXN-000007,CLT-0041,2025-09-21 14:42:30,64158.57,EUR,Virement,France,True
TXN-000008,CLT-0010,2026-03-23 14:42:30,4992.29,EUR,Virement international,Allemagne,False
TXN-000009,CLT-0009,2025-11-16 14:42:30,670.96,EUR,Retrait,Panama,False
TXN-000010,CLT-0091,2025-08-08 14:42:30,2196.54,EUR,Dépôt,France,False
TXN-000011,CLT-0014,2025-06-08 14:42:30,2777.47,EUR,Retrait,Espagne,False
TXN-000012,CLT-0020,2025-08-03 14:42:30,17312.13,EUR,Dépôt,Espagne,True
TXN-000013,CLT-0088,2026-01-29 14:42:30,3590.88,EUR,Dépôt,Russie,False
TXN-000014,CLT-0012,2026-04-17 14:42:30,4541.71,EUR,Paiement carte,Espagne,False
TXN-000015,CLT-0082,2026-03-08 14:42:30,37019.42,EUR,Dépôt,France,True
TXN-000016,CLT-0072,2025-10-07 14:42:30,2762.89,EUR,Virement,France,False
TXN-000017,CLT-0070,2026-02-26 14:42:30,84830.26,EUR,Virement,Panama,True
TXN-000018,CLT-0006,2026-03-09 14:42:30,748.99,EUR,Dépôt,Panama,False
TXN-000019,CLT-0046,2026-04-23 14:42:30,3982.65,EUR,Retrait,Allemagne,False
TXN-000020,CLT-0053,2025-07-31 14:42:30,1774.86,EUR,Virement international,France,False
TXN-000021,CLT-0023,2026-02-19 14:42:30,1191.32,EUR,Paiement carte,France,False
TXN-000022,CLT-0086,2025-10-15 14:42:30,4623.19,EUR,Retrait,Espagne,False
TXN-000023,CLT-0005,2025-10-30 14:42:30,3509.38,EUR,Paiement carte,Allemagne,False
TXN-000024,CLT-0040,2025-11-15 14:42:30,4593.07,EUR,Retrait,Allemagne,False
TXN-000025,CLT-0036,2025-11-26 14:42:30,24802.29,EUR,Virement,Espagne,True
TXN-000026,CLT-0069,2025-05-31 14:42:30,2551.93,EUR,Dépôt,France,False
TXN-000027,CLT-0075,2026-02-11 14:42:30,92424.85,EUR,Dépôt,France,True
TXN-000028,CLT-0056,2025-12-04 14:42:30,45807.05,EUR,Virement international,France,True
TXN-000029,CLT-0006,2026-01-03 14:42:30,2887.17,EUR,Paiement carte,France,False
TXN-000030,CLT-0093,2025-05-27 14:42:30,4034.49,EUR,Retrait,Panama,False
TXN-000031,CLT-0080,2025-11-25 14:42:30,4744.88,EUR,Dépôt,France,False
TXN-000032,CLT-0086,2025-12-06 14:42:30,1508.61,EUR,Paiement carte,Panama,False
TXN-000033,CLT-0025,2026-03-09 14:42:30,1485.32,EUR,Paiement carte,Îles Caïmans,False
TXN-000034,CLT-0073,2025-07-02 14:42:30,4515.0,EUR,Dépôt,Îles Caïmans,False
TXN-000035,CLT-0027,2025-12-18 14:42:30,12.03,EUR,Paiement carte,Panama,False
TXN-000036,CLT-0066,2026-01-24 14:42:30,2216.38,EUR,Paiement carte,France,False
TXN-000037,CLT-0082,2025-06-08 14:42:30,1426.09,EUR,Virement international,Panama,False
TXN-000038,CLT-0087,2026-01-13 14:42:30,90823.97,EUR,Dépôt,Allemagne,True
TXN-000039,CLT-0032,2026-04-20 14:42:30,745.3,EUR,Paiement carte,France,False
TXN-000040,CLT-0025,2025-07-23 14:42:30,4431.82,EUR,Paiement carte,Russie,False
TXN-000041,CLT-0001,2025-05-26 14:42:30,746.38,EUR,Virement,Îles Caïmans,False
TXN-000042,CLT-0067,2025-05-22 14:42:30,4022.51,EUR,Paiement carte,France,False
TXN-000043,CLT-0059,2026-03-12 14:42:30,4588.18,EUR,Retrait,Russie,False
TXN-000044,CLT-0041,2025-07-13 14:42:30,4939.58,EUR,Paiement carte,Îles Caïmans,False
TXN-000045,CLT-0096,2026-02-21 14:42:30,2743.88,EUR,Paiement carte,Russie,False
TXN-000046,CLT-0036,2025-06-21 14:42:30,1243.73,EUR,Virement international,Russie,False
TXN-000047,CLT-0092,2026-04-04 14:42:30,1380.24,EUR,Dépôt,Allemagne,False
TXN-000048,CLT-0011,2025-08-10 14:42:30,1605.35,EUR,Retrait,France,False
TXN-000049,CLT-0028,2025-05-17 14:42:30,3472.81,EUR,Virement,Îles Caïmans,False
TXN-000050,CLT-0008,2025-10-13 14:42:30,2717.63,EUR,Retrait,Îles Caïmans,False
TXN-000051,CLT-0003,2025-05-22 14:42:30,3851.28,EUR,Virement international,Îles Caïmans,False
TXN-000052,CLT-0097,2025-12-12 14:42:30,4714.28,EUR,Paiement carte,Îles Caïmans,False
TXN-000053,CLT-0029,2025-07-09 14:42:30,3675.82,EUR,Paiement carte,Allemagne,False
TXN-000054,CLT-0044,2025-10-26 14:42:30,2433.35,EUR,Paiement carte,France,False
TXN-000055,CLT-0069,2025-06-29 14:42:30,4598.51,EUR,Virement,Îles Caïmans,False
TXN-000056,CLT-0083,2026-04-01 14:42:30,3318.37,EUR,Paiement carte,France,False
TXN-000057,CLT-0049,2025-12-31 14:42:30,916.83,EUR,Dépôt,Allemagne,False
TXN-000058,CLT-0036,2025-10-31 14:42:30,1694.13,EUR,Paiement carte,Espagne,False
TXN-000059,CLT-0007,2025-08-10 14:42:30,2356.83,EUR,Dépôt,Allemagne,False
TXN-000060,CLT-0006,2025-06-14 14:42:30,3908.35,EUR,Virement,Allemagne,False
TXN-000061,CLT-0031,2026-02-24 14:42:30,111.7,EUR,Retrait,Russie,False
TXN-000062,CLT-0060,2026-01-22 14:42:30,2824.21,EUR,Dépôt,Panama,False
TXN-000063,CLT-0100,2026-03-16 14:42:30,3040.16,EUR,Retrait,Espagne,False
TXN-000064,CLT-0074,2025-12-05 14:42:30,10234.02,EUR,Paiement carte,Îles Caïmans,True
TXN-000065,CLT-0089,2025-07-14 14:42:30,999.67,EUR,Retrait,France,False
TXN-000066,CLT-0077,2025-05-28 14:42:30,1514.9,EUR,Virement,France,False
TXN-000067,CLT-0009,2025-11-05 14:42:30,2147.61,EUR,Virement international,Panama,False
TXN-000068,CLT-0014,2025-09-05 14:42:30,44545.11,EUR,Paiement carte,Panama,True
TXN-000069,CLT-0020,2025-05-16 14:42:30,4145.25,EUR,Paiement carte,France,False
TXN-000070,CLT-0079,2025-12-26 14:42:30,4827.71,EUR,Virement international,Russie,False
TXN-000071,CLT-0035,2025-07-14 14:42:30,4130.42,EUR,Dépôt,Allemagne,False
TXN-000072,CLT-0032,2025-09-25 14:42:30,442.45,EUR,Paiement carte,Îles Caïmans,False
TXN-000073,CLT-0024,2025-11-28 14:42:30,2476.59,EUR,Paiement carte,Allemagne,False
TXN-000074,CLT-0077,2025-12-21 14:42:30,1299.18,EUR,Dépôt,France,False
TXN-000075,CLT-0093,2026-01-10 14:42:30,963.37,EUR,Paiement carte,Russie,False
TXN-000076,CLT-0083,2025-09-12 14:42:30,1209.22,EUR,Paiement carte,Russie,False
TXN-000077,CLT-0052,2026-01-20 14:42:30,474.34,EUR,Retrait,Espagne,False
TXN-000078,CLT-0068,2025-08-03 14:42:30,1851.41,EUR,Dépôt,Îles Caïmans,False
TXN-000079,CLT-0090,2025-11-14 14:42:30,2756.44,EUR,Paiement carte,Espagne,False
TXN-000080,CLT-0041,2026-02-04 14:42:30,1160.38,EUR,Virement,France,False
TXN-000081,CLT-0093,2025-12-23 14:42:30,3695.64,EUR,Virement international,Espagne,False
TXN-000082,CLT-0030,2025-12-13 14:42:30,4164.82,EUR,Dépôt,France,False
TXN-000083,CLT-0036,2026-03-10 14:42:30,3543.01,EUR,Virement,France,False
TXN-000084,CLT-0082,2026-03-10 14:42:30,3490.11,EUR,Paiement carte,France,False
TXN-000085,CLT-0062,2025-09-15 14:42:30,2874.58,EUR,Paiement carte,Panama,False
TXN-000086,CLT-0015,2025-09-11 14:42:30,266.37,EUR,Virement,Îles Caïmans,False
TXN-000087,CLT-0007,2025-05-27 14:42:30,2889.34,EUR,Retrait,France,False
TXN-000088,CLT-0032,2026-03-31 14:42:30,4746.14,EUR,Virement,Îles Caïmans,False
TXN-000089,CLT-0100,2026-01-18 14:42:30,3955.8,EUR,Virement international,Îles Caïmans,False
TXN-000090,CLT-0055,2025-07-16 14:42:30,2219.18,EUR,Dépôt,France,False
TXN-000091,CLT-0081,2026-01-27 14:42:30,3703.05,EUR,Retrait,Espagne,False
TXN-000092,CLT-0071,2026-02-14 14:42:30,793.71,EUR,Virement,France,False
TXN-000093,CLT-0061,2025-07-13 14:42:30,47193.82,EUR,Dépôt,France,True
TXN-000094,CLT-0059,2025-05-19 14:42:30,3537.71,EUR,Virement,Allemagne,False
TXN-000095,CLT-0076,2025-06-27 14:42:30,3941.26,EUR,Retrait,Îles Caïmans,False
TXN-000096,CLT-0035,2026-02-26 14:42:30,27558.42,EUR,Retrait,France,True
TXN-000097,CLT-0096,2025-07-13 14:42:30,76958.69,EUR,Virement international,Espagne,True
TXN-000098,CLT-0090,2025-12-09 14:42:30,2348.8,EUR,Paiement carte,Espagne,False
TXN-000099,CLT-0077,2026-04-02 14:42:30,2474.04,EUR,Virement,Îles Caïmans,False
TXN-000100,CLT-0012,2026-04-30 14:42:30,3022.53,EUR,Retrait,France,False
TXN-000101,CLT-0074,2025-12-27 14:42:30,3364.69,EUR,Virement,France,False
TXN-000102,CLT-0024,2025-12-22 14:42:30,3261.03,EUR,Virement international,Îles Caïmans,False
TXN-000103,CLT-0061,2026-03-28 14:42:30,2463.71,EUR,Dépôt,Îles Caïmans,False
TXN-000104,CLT-0043,2026-02-20 14:42:30,3353.97,EUR,Paiement carte,Russie,False
TXN-000105,CLT-0005,2025-08-05 14:42:30,4726.52,EUR,Paiement carte,France,False
TXN-000106,CLT-0066,2025-10-19 14:42:30,1623.14,EUR,Virement,Russie,False
TXN-000107,CLT-0080,2025-11-09 14:42:30,946.04,EUR,Paiement carte,Russie,False
TXN-000108,CLT-0017,2025-08-05 14:42:30,1025.76,EUR,Dépôt,Russie,False
TXN-000109,CLT-0081,2026-04-29 14:42:30,2428.71,EUR,Virement international,Allemagne,False
TXN-000110,CLT-0071,2026-05-06 14:42:30,1560.64,EUR,Paiement carte,France,False
TXN-000111,CLT-0060,2026-03-16 14:42:30,4208.61,EUR,Virement,France,False
TXN-000112,CLT-0091,2025-08-26 14:42:30,3585.85,EUR,Dépôt,Îles Caïmans,False
TXN-000113,CLT-0059,2026-01-09 14:42:30,4901.42,EUR,Virement international,France,False
TXN-000114,CLT-0096,2025-08-26 14:42:30,4610.12,EUR,Retrait,France,False
TXN-000115,CLT-0044,2025-10-13 14:42:30,3952.13,EUR,Virement international,Espagne,False
TXN-000116,CLT-0076,2025-12-12 14:42:30,1421.37,EUR,Virement international,Russie,False
TXN-000117,CLT-0045,2025-09-08 14:42:30,2238.27,EUR,Dépôt,Îles Caïmans,False
TXN-000118,CLT-0090,2026-02-06 14:42:30,1615.67,EUR,Retrait,Îles Caïmans,False
TXN-000119,CLT-0041,2026-04-21 14:42:30,3879.97,EUR,Paiement carte,Îles Caïmans,False
TXN-000120,CLT-0020,2025-06-14 14:42:30,3321.81,EUR,Paiement carte,France,False
TXN-000121,CLT-0013,2025-11-25 14:42:30,91985.76,EUR,Paiement carte,France,True
TXN-000122,CLT-0053,2026-03-01 14:42:30,2290.07,EUR,Retrait,France,False
TXN-000123,CLT-0080,2025-11-21 14:42:30,4846.33,EUR,Paiement carte,France,False
TXN-000124,CLT-0049,2025-08-13 14:42:30,4263.18,EUR,Dépôt,Russie,False
TXN-000125,CLT-0031,2026-04-08 14:42:30,189.14,EUR,Dépôt,Allemagne,False
TXN-000126,CLT-0098,2026-03-24 14:42:30,2175.52,EUR,Virement,Russie,False
TXN-000127,CLT-0006,2026-04-29 14:42:30,1504.34,EUR,Dépôt,France,False
TXN-000128,CLT-0032,2026-02-28 14:42:30,1880.46,EUR,Virement international,Îles Caïmans,False
TXN-000129,CLT-0023,2026-02-15 14:42:30,3964.67,EUR,Virement,Îles Caïmans,False
TXN-000130,CLT-0019,2025-07-19 14:42:30,1211.74,EUR,Retrait,Russie,False
TXN-000131,CLT-0002,2025-06-06 14:42:30,2303.26,EUR,Paiement carte,Espagne,False
TXN-000132,CLT-0045,2025-09-29 14:42:30,798.3,EUR,Virement international,Espagne,False
TXN-000133,CLT-0059,2026-01-05 14:42:30,2127.3,EUR,Dépôt,Allemagne,False
TXN-000134,CLT-0031,2026-03-20 14:42:30,4268.14,EUR,Paiement carte,Panama,False
TXN-000135,CLT-0003,2025-12-13 14:42:30,4963.53,EUR,Paiement carte,Espagne,False
TXN-000136,CLT-0078,2026-04-18 14:42:30,83260.86,EUR,Paiement carte,Espagne,True
TXN-000137,CLT-0029,2025-11-14 14:42:30,1158.29,EUR,Retrait,Espagne,False
TXN-000138,CLT-0088,2025-06-10 14:42:30,3607.43,EUR,Retrait,France,False
TXN-000139,CLT-0057,2025-12-06 14:42:30,3235.24,EUR,Virement,Panama,False
TXN-000140,CLT-0042,2025-12-13 14:42:30,459.77,EUR,Paiement carte,France,False
TXN-000141,CLT-0068,2025-11-07 14:42:30,3934.7,EUR,Virement international,Espagne,False
TXN-000142,CLT-0038,2025-09-09 14:42:30,1292.28,EUR,Dépôt,France,False
TXN-000143,CLT-0087,2026-01-18 14:42:30,385.74,EUR,Paiement carte,Panama,False
TXN-000144,CLT-0069,2025-12-29 14:42:30,42327.99,EUR,Virement,Russie,True
TXN-000145,CLT-0075,2025-12-30 14:42:30,3747.57,EUR,Paiement carte,Panama,False
TXN-000146,CLT-0080,2026-05-01 14:42:30,28342.51,EUR,Virement international,Panama,True
TXN-000147,CLT-0082,2026-04-11 14:42:30,1114.62,EUR,Paiement carte,Espagne,False
TXN-000148,CLT-0005,2026-04-20 14:42:30,592.21,EUR,Dépôt,Russie,False
TXN-000149,CLT-0018,2025-08-11 14:42:30,28427.6,EUR,Paiement carte,Russie,True
TXN-000150,CLT-0070,2025-05-22 14:42:30,4747.41,EUR,Paiement carte,France,False
TXN-000151,CLT-0079,2025-09-05 14:42:30,3278.06,EUR,Paiement carte,Espagne,False
TXN-000152,CLT-0057,2025-09-28 14:42:30,40236.11,EUR,Retrait,Panama,True
TXN-000153,CLT-0083,2025-08-08 14:42:30,67654.18,EUR,Dépôt,France,True
TXN-000154,CLT-0059,2026-03-12 14:42:30,957.14,EUR,Virement,Allemagne,False
TXN-000155,CLT-0007,2026-05-03 14:42:30,2989.76,EUR,Dépôt,Allemagne,False
TXN-000156,CLT-0009,2026-01-28 14:42:30,3937.02,EUR,Virement international,Allemagne,False
TXN-000157,CLT-0043,2026-01-14 14:42:30,4067.13,EUR,Retrait,France,False
TXN-000158,CLT-0070,2026-03-08 14:42:30,4920.3,EUR,Dépôt,France,False
TXN-000159,CLT-0002,2026-03-07 14:42:30,83380.97,EUR,Dépôt,Allemagne,True
TXN-000160,CLT-0007,2025-12-29 14:42:30,88.75,EUR,Retrait,Îles Caïmans,False
TXN-000161,CLT-0058,2025-09-12 14:42:30,3730.87,EUR,Dépôt,France,False
TXN-000162,CLT-0006,2025-07-03 14:42:30,1115.53,EUR,Virement international,Espagne,False
TXN-000163,CLT-0062,2026-04-12 14:42:30,4820.49,EUR,Paiement carte,Îles Caïmans,False
TXN-000164,CLT-0010,2025-09-28 14:42:30,2456.44,EUR,Virement,Panama,False
TXN-000165,CLT-0080,2025-12-24 14:42:30,337.75,EUR,Virement international,Panama,False
TXN-000166,CLT-0059,2025-12-14 14:42:30,2990.99,EUR,Virement international,Îles Caïmans,False
TXN-000167,CLT-0084,2025-06-12 14:42:30,69054.81,EUR,Virement international,Allemagne,True
TXN-000168,CLT-0044,2025-10-14 14:42:30,4441.57,EUR,Paiement carte,Îles Caïmans,False
TXN-000169,CLT-0041,2025-10-07 14:42:30,484.48,EUR,Dépôt,Panama,False
TXN-000170,CLT-0009,2025-09-13 14:42:30,3437.24,EUR,Virement,France,False
TXN-000171,CLT-0017,2025-11-04 14:42:30,16401.11,EUR,Virement international,France,True
TXN-000172,CLT-0086,2025-11-26 14:42:30,2812.32,EUR,Virement,Îles Caïmans,False
TXN-000173,CLT-0093,2025-10-09 14:42:30,3330.05,EUR,Virement,Espagne,False
TXN-000174,CLT-0065,2025-07-22 14:42:30,1764.71,EUR,Retrait,France,False
TXN-000175,CLT-0045,2026-03-19 14:42:30,1128.98,EUR,Virement international,Panama,False
TXN-000176,CLT-0055,2026-01-18 14:42:30,32235.43,EUR,Virement international,France,True
TXN-000177,CLT-0035,2025-05-23 14:42:30,3292.58,EUR,Virement,France,False
TXN-000178,CLT-0045,2025-11-21 14:42:30,3814.42,EUR,Virement,France,False
TXN-000179,CLT-0009,2025-10-20 14:42:30,2835.94,EUR,Retrait,France,False
TXN-000180,CLT-0054,2025-11-02 14:42:30,54151.99,EUR,Paiement carte,Panama,True
TXN-000181,CLT-0100,2025-11-28 14:42:30,1565.07,EUR,Virement international,France,False
TXN-000182,CLT-0007,2025-07-01 14:42:30,786.34,EUR,Virement,Espagne,False
TXN-000183,CLT-0057,2025-07-07 14:42:30,2125.83,EUR,Paiement carte,Espagne,False
TXN-000184,CLT-0056,2025-11-18 14:42:30,2566.61,EUR,Virement,Espagne,False
TXN-000185,CLT-0086,2025-08-17 14:42:30,2969.74,EUR,Dépôt,France,False
TXN-000186,CLT-0001,2026-04-15 14:42:30,4922.38,EUR,Retrait,Espagne,False
TXN-000187,CLT-0038,2026-01-03 14:42:30,3839.07,EUR,Dépôt,France,False
TXN-000188,CLT-0017,2026-02-13 14:42:30,72990.23,EUR,Paiement carte,Allemagne,True
TXN-000189,CLT-0010,2025-11-13 14:42:30,4168.44,EUR,Paiement carte,France,False
TXN-000190,CLT-0041,2026-04-04 14:42:30,2304.17,EUR,Virement international,Îles Caïmans,False
TXN-000191,CLT-0038,2025-10-12 14:42:30,3550.4,EUR,Virement,Îles Caïmans,False
TXN-000192,CLT-0059,2025-07-01 14:42:30,36254.83,EUR,Dépôt,France,True
TXN-000193,CLT-0076,2025-10-02 14:42:30,538.26,EUR,Paiement carte,France,False
TXN-000194,CLT-0029,2025-11-21 14:42:30,1558.27,EUR,Dépôt,France,False
TXN-000195,CLT-0066,2025-08-15 14:42:30,63090.55,EUR,Retrait,Panama,True
TXN-000196,CLT-0019,2025-06-17 14:42:30,4791.53,EUR,Retrait,France,False
TXN-000197,CLT-0020,2025-07-09 14:42:30,25162.65,EUR,Virement,France,True
TXN-000198,CLT-0097,2025-09-18 14:42:30,3143.46,EUR,Virement international,Russie,False
TXN-000199,CLT-0082,2025-06-18 14:42:30,4411.42,EUR,Virement international,Panama,False
TXN-000200,CLT-0057,2026-02-25 14:42:30,3139.81,EUR,Virement,Russie,False
TXN-000201,CLT-0076,2025-12-24 14:42:30,1521.07,EUR,Virement,Panama,False
TXN-000202,CLT-0005,2025-09-24 14:42:30,1558.94,EUR,Virement,Panama,False
TXN-000203,CLT-0079,2026-03-28 14:42:30,392.89,EUR,Virement international,Îles Caïmans,False
TXN-000204,CLT-0058,2026-04-22 14:42:30,2776.04,EUR,Virement international,Allemagne,False
TXN-000205,CLT-0008,2026-02-25 14:42:30,2383.39,EUR,Paiement carte,France,False
TXN-000206,CLT-0011,2025-05-13 14:42:30,4188.51,EUR,Virement international,France,False
TXN-000207,CLT-0068,2025-10-01 14:42:30,69563.09,EUR,Virement international,France,True
TXN-000208,CLT-0053,2025-10-27 14:42:30,4590.5,EUR,Dépôt,France,False
TXN-000209,CLT-0043,2026-04-10 14:42:30,3240.05,EUR,Virement,Îles Caïmans,False
TXN-000210,CLT-0078,2025-06-11 14:42:30,3621.43,EUR,Retrait,Panama,False
TXN-000211,CLT-0040,2025-11-15 14:42:30,65734.25,EUR,Paiement carte,France,True
TXN-000212,CLT-0072,2025-12-06 14:42:30,4690.63,EUR,Paiement carte,Panama,False
TXN-000213,CLT-0068,2025-05-28 14:42:30,3353.88,EUR,Virement,Îles Caïmans,False
TXN-000214,CLT-0024,2025-12-06 14:42:30,100.97,EUR,Retrait,Panama,False
TXN-000215,CLT-0018,2026-01-18 14:42:30,2436.49,EUR,Retrait,France,False
TXN-000216,CLT-0099,2025-08-27 14:42:30,3942.72,EUR,Virement international,France,False
TXN-000217,CLT-0017,2025-07-01 14:42:30,4383.2,EUR,Virement international,Îles Caïmans,False
TXN-000218,CLT-0099,2025-05-24 14:42:30,912.42,EUR,Virement international,France,False
TXN-000219,CLT-0087,2025-11-08 14:42:30,228.03,EUR,Retrait,Russie,False
TXN-000220,CLT-0030,2025-09-26 14:42:30,3764.43,EUR,Virement international,Allemagne,False
TXN-000221,CLT-0025,2025-09-15 14:42:30,4045.03,EUR,Dépôt,Russie,False
TXN-000222,CLT-0065,2025-10-30 14:42:30,1416.04,EUR,Virement international,Îles Caïmans,False
TXN-000223,CLT-0018,2025-07-08 14:42:30,4086.29,EUR,Dépôt,France,False
TXN-000224,CLT-0014,2025-08-03 14:42:30,4371.84,EUR,Virement international,France,False
TXN-000225,CLT-0058,2025-12-25 14:42:30,3817.95,EUR,Virement international,France,False
TXN-000226,CLT-0058,2026-01-20 14:42:30,467.65,EUR,Dépôt,France,False
TXN-000227,CLT-0031,2025-11-03 14:42:30,1988.31,EUR,Paiement carte,France,False
TXN-000228,CLT-0092,2026-03-24 14:42:30,150.66,EUR,Dépôt,France,False
TXN-000229,CLT-0090,2025-09-14 14:42:30,32958.51,EUR,Retrait,Russie,True
TXN-000230,CLT-0003,2026-04-03 14:42:30,36.2,EUR,Dépôt,Allemagne,False
TXN-000231,CLT-0068,2025-07-06 14:42:30,2748.53,EUR,Paiement carte,France,False
TXN-000232,CLT-0007,2026-03-12 14:42:30,1195.82,EUR,Retrait,Îles Caïmans,False
TXN-000233,CLT-0015,2026-04-11 14:42:30,3117.82,EUR,Paiement carte,France,False
TXN-000234,CLT-0038,2026-03-01 14:42:30,2879.49,EUR,Paiement carte,France,False
TXN-000235,CLT-0024,2025-10-12 14:42:30,1210.42,EUR,Virement,Panama,False
TXN-000236,CLT-0065,2025-08-27 14:42:30,53767.17,EUR,Virement international,France,True
TXN-000237,CLT-0050,2025-06-22 14:42:30,2355.97,EUR,Dépôt,Espagne,False
TXN-000238,CLT-0045,2026-04-09 14:42:30,1791.9,EUR,Retrait,France,False
TXN-000239,CLT-0018,2025-11-24 14:42:30,3678.58,EUR,Virement,Panama,False
TXN-000240,CLT-0100,2026-02-13 14:42:30,4069.41,EUR,Paiement carte,Russie,False
TXN-000241,CLT-0092,2026-04-11 14:42:30,4059.37,EUR,Paiement carte,France,False
TXN-000242,CLT-0006,2026-01-31 14:42:30,228.59,EUR,Dépôt,Espagne,False
TXN-000243,CLT-0061,2025-08-08 14:42:30,4945.72,EUR,Dépôt,France,False
TXN-000244,CLT-0100,2025-11-12 14:42:30,963.61,EUR,Virement,Panama,False
TXN-000245,CLT-0052,2025-10-02 14:42:30,3998.72,EUR,Paiement carte,Îles Caïmans,False
TXN-000246,CLT-0064,2025-05-24 14:42:30,942.22,EUR,Dépôt,Espagne,False
TXN-000247,CLT-0056,2026-04-03 14:42:30,3638.14,EUR,Virement international,France,False
TXN-000248,CLT-0042,2026-04-03 14:42:30,1612.85,EUR,Dépôt,Espagne,False
TXN-000249,CLT-0089,2026-02-17 14:42:30,3591.14,EUR,Paiement carte,Panama,False
TXN-000250,CLT-0079,2025-11-14 14:42:30,3636.8,EUR,Paiement carte,Espagne,False
TXN-000251,CLT-0010,2026-04-14 14:42:30,3959.47,EUR,Paiement carte,Panama,False
TXN-000252,CLT-0004,2026-02-21 14:42:30,3751.99,EUR,Retrait,Russie,False
TXN-000253,CLT-0047,2025-06-17 14:42:30,13849.3,EUR,Dépôt,Îles Caïmans,True
TXN-000254,CLT-0087,2026-02-24 14:42:30,171.6,EUR,Paiement carte,Panama,False
TXN-000255,CLT-0018,2025-07-24 14:42:30,3817.79,EUR,Virement international,Panama,False
TXN-000256,CLT-0015,2026-01-06 14:42:30,3251.31,EUR,Virement,France,False
TXN-000257,CLT-0016,2025-07-30 14:42:30,1941.07,EUR,Dépôt,Espagne,False
TXN-000258,CLT-0037,2025-07-04 14:42:30,1080.71,EUR,Paiement carte,Allemagne,False
TXN-000259,CLT-0023,2025-09-24 14:42:30,82195.89,EUR,Paiement carte,France,True
TXN-000260,CLT-0086,2025-12-01 14:42:30,4838.13,EUR,Dépôt,France,False
TXN-000261,CLT-0021,2025-12-11 14:42:30,1458.91,EUR,Retrait,Panama,False
TXN-000262,CLT-0018,2026-01-31 14:42:30,615.6,EUR,Retrait,Russie,False
TXN-000263,CLT-0060,2025-11-06 14:42:30,56199.87,EUR,Virement international,France,True
TXN-000264,CLT-0051,2025-12-06 14:42:30,440.22,EUR,Paiement carte,Îles Caïmans,False
TXN-000265,CLT-0017,2026-04-06 14:42:30,4118.46,EUR,Dépôt,France,False
TXN-000266,CLT-0017,2025-11-18 14:42:30,3403.74,EUR,Virement international,France,False
TXN-000267,CLT-0008,2025-08-29 14:42:30,653.87,EUR,Virement,France,False
TXN-000268,CLT-0029,2025-05-15 14:42:30,818.22,EUR,Dépôt,Espagne,False
TXN-000269,CLT-0071,2025-06-22 14:42:30,1260.52,EUR,Dépôt,France,False
TXN-000270,CLT-0065,2026-03-27 14:42:30,3076.0,EUR,Retrait,France,False
TXN-000271,CLT-0044,2025-07-08 14:42:30,3126.15,EUR,Virement international,France,False
TXN-000272,CLT-0083,2026-04-20 14:42:30,151.58,EUR,Virement international,Espagne,False
TXN-000273,CLT-0080,2025-10-12 14:42:30,3837.13,EUR,Virement,Russie,False
TXN-000274,CLT-0039,2025-06-19 14:42:30,2732.43,EUR,Paiement carte,Allemagne,False
TXN-000275,CLT-0059,2025-12-12 14:42:30,3428.1,EUR,Virement,France,False
TXN-000276,CLT-0027,2025-09-18 14:42:30,2083.95,EUR,Dépôt,France,False
TXN-000277,CLT-0052,2025-11-18 14:42:30,3594.63,EUR,Retrait,Panama,False
TXN-000278,CLT-0060,2026-01-10 14:42:30,539.86,EUR,Virement,Espagne,False
TXN-000279,CLT-0038,2026-04-18 14:42:30,712.98,EUR,Paiement carte,Îles Caïmans,False
TXN-000280,CLT-0042,2026-02-21 14:42:30,4327.88,EUR,Virement international,Panama,False
TXN-000281,CLT-0060,2025-08-23 14:42:30,805.12,EUR,Paiement carte,Espagne,False
TXN-000282,CLT-0065,2025-10-24 14:42:30,459.34,EUR,Paiement carte,Allemagne,False
TXN-000283,CLT-0037,2026-04-18 14:42:30,1770.95,EUR,Paiement carte,Russie,False
TXN-000284,CLT-0056,2026-03-19 14:42:30,50.81,EUR,Retrait,Espagne,False
TXN-000285,CLT-0006,2025-11-07 14:42:30,3821.65,EUR,Paiement carte,France,False
TXN-000286,CLT-0037,2025-08-03 14:42:30,981.33,EUR,Virement,Îles Caïmans,False
TXN-000287,CLT-0080,2025-12-21 14:42:30,3824.38,EUR,Virement international,France,False
TXN-000288,CLT-0044,2025-11-03 14:42:30,16411.29,EUR,Virement international,Panama,True
TXN-000289,CLT-0052,2025-08-26 14:42:30,1003.3,EUR,Virement international,France,False
TXN-000290,CLT-0061,2025-11-24 14:42:30,19922.16,EUR,Virement international,Russie,True
TXN-000291,CLT-0042,2026-03-03 14:42:30,85702.46,EUR,Virement international,Panama,True
TXN-000292,CLT-0076,2025-12-11 14:42:30,4953.17,EUR,Dépôt,Russie,False
TXN-000293,CLT-0048,2026-05-05 14:42:30,1505.95,EUR,Dépôt,France,False
TXN-000294,CLT-0081,2025-05-26 14:42:30,2922.67,EUR,Virement,Russie,False
TXN-000295,CLT-0074,2025-07-21 14:42:30,3281.4,EUR,Retrait,France,False
TXN-000296,CLT-0093,2025-06-25 14:42:30,860.86,EUR,Virement international,Îles Caïmans,False
TXN-000297,CLT-0074,2026-04-27 14:42:30,67223.24,EUR,Virement,Allemagne,True
TXN-000298,CLT-0053,2026-02-25 14:42:30,35291.25,EUR,Retrait,Îles Caïmans,True
TXN-000299,CLT-0095,2025-09-14 14:42:30,3061.28,EUR,Virement,France,False
TXN-000300,CLT-0062,2025-06-08 14:42:30,2808.82,EUR,Virement international,Îles Caïmans,False
TXN-000301,CLT-0044,2025-08-14 14:42:30,874.18,EUR,Virement international,Panama,False
TXN-000302,CLT-0083,2025-05-30 14:42:30,4339.6,EUR,Dépôt,Russie,False
TXN-000303,CLT-0039,2025-08-01 14:42:30,1240.13,EUR,Retrait,Espagne,False
TXN-000304,CLT-0091,2025-05-25 14:42:30,3527.46,EUR,Paiement carte,Panama,False
TXN-000305,CLT-0037,2025-12-24 14:42:30,2806.83,EUR,Virement,Îles Caïmans,False
TXN-000306,CLT-0099,2025-11-18 14:42:30,1978.72,EUR,Retrait,Espagne,False
TXN-000307,CLT-0045,2026-04-03 14:42:30,91112.29,EUR,Paiement carte,Espagne,True
TXN-000308,CLT-0035,2025-08-11 14:42:30,1077.79,EUR,Virement international,Espagne,False
TXN-000309,CLT-0031,2025-07-17 14:42:30,61563.9,EUR,Retrait,France,True
TXN-000310,CLT-0030,2025-06-21 14:42:30,2659.9,EUR,Virement,France,False
TXN-000311,CLT-0088,2026-03-23 14:42:30,3589.62,EUR,Retrait,France,False
TXN-000312,CLT-0053,2026-02-22 14:42:30,4889.77,EUR,Paiement carte,Russie,False
TXN-000313,CLT-0042,2025-12-17 14:42:30,3782.0,EUR,Dépôt,France,False
TXN-000314,CLT-0030,2025-07-24 14:42:30,456.41,EUR,Virement international,France,False
TXN-000315,CLT-0005,2026-02-12 14:42:30,883.57,EUR,Paiement carte,Russie,False
TXN-000316,CLT-0005,2025-12-16 14:42:30,3747.53,EUR,Virement,Espagne,False
TXN-000317,CLT-0037,2025-11-23 14:42:30,545.43,EUR,Paiement carte,Russie,False
TXN-000318,CLT-0060,2025-08-28 14:42:30,679.66,EUR,Dépôt,Allemagne,False
TXN-000319,CLT-0083,2025-09-21 14:42:30,1660.11,EUR,Dépôt,France,False
TXN-000320,CLT-0073,2025-12-13 14:42:30,37328.76,EUR,Retrait,France,True
TXN-000321,CLT-0055,2025-10-18 14:42:30,3197.24,EUR,Virement international,Panama,False
TXN-000322,CLT-0018,2026-02-08 14:42:30,66225.26,EUR,Paiement carte,Panama,True
TXN-000323,CLT-0031,2025-10-29 14:42:30,44.08,EUR,Paiement carte,Espagne,False
TXN-000324,CLT-0002,2025-07-24 14:42:30,1516.71,EUR,Dépôt,Panama,False
TXN-000325,CLT-0060,2026-03-14 14:42:30,320.0,EUR,Dépôt,France,False
TXN-000326,CLT-0099,2025-05-18 14:42:30,2517.58,EUR,Dépôt,France,False
TXN-000327,CLT-0079,2025-11-06 14:42:30,4703.77,EUR,Retrait,Allemagne,False
TXN-000328,CLT-0096,2025-09-23 14:42:30,2396.13,EUR,Virement international,Panama,False
TXN-000329,CLT-0097,2025-09-14 14:42:30,2750.68,EUR,Virement international,Allemagne,False
TXN-000330,CLT-0011,2025-07-12 14:42:30,3404.91,EUR,Virement international,Russie,False
TXN-000331,CLT-0015,2025-07-29 14:42:30,1815.31,EUR,Virement,Allemagne,False
TXN-000332,CLT-0067,2025-11-27 14:42:30,757.76,EUR,Paiement carte,France,False
TXN-000333,CLT-0012,2025-09-05 14:42:30,3587.42,EUR,Virement international,Russie,False
TXN-000334,CLT-0054,2025-08-24 14:42:30,2272.63,EUR,Paiement carte,France,False
TXN-000335,CLT-0093,2025-12-07 14:42:30,3367.11,EUR,Virement,Îles Caïmans,False
TXN-000336,CLT-0075,2026-01-22 14:42:30,25.05,EUR,Virement,France,False
TXN-000337,CLT-0008,2025-08-09 14:42:30,3504.92,EUR,Virement,Russie,False
TXN-000338,CLT-0099,2026-03-05 14:42:30,43571.42,EUR,Paiement carte,Panama,True
TXN-000339,CLT-0049,2025-11-01 14:42:30,1918.57,EUR,Virement,France,False
TXN-000340,CLT-0069,2026-02-11 14:42:30,1745.37,EUR,Paiement carte,France,False
TXN-000341,CLT-0097,2026-05-12 14:42:30,1121.22,EUR,Virement,Espagne,False
TXN-000342,CLT-0069,2025-10-08 14:42:30,3598.28,EUR,Paiement carte,Allemagne,False
TXN-000343,CLT-0025,2025-12-23 14:42:30,1737.34,EUR,Virement,France,False
TXN-000344,CLT-0031,2026-05-05 14:42:30,2102.01,EUR,Retrait,France,False
TXN-000345,CLT-0087,2025-07-11 14:42:30,10921.14,EUR,Virement,Allemagne,True
TXN-000346,CLT-0070,2026-01-14 14:42:30,2017.3,EUR,Retrait,France,False
TXN-000347,CLT-0094,2026-01-14 14:42:30,94433.06,EUR,Virement international,Panama,True
TXN-000348,CLT-0031,2025-11-30 14:42:30,3864.97,EUR,Dépôt,France,False
TXN-000349,CLT-0039,2025-10-14 14:42:30,2611.04,EUR,Dépôt,France,False
TXN-000350,CLT-0081,2026-02-13 14:42:30,2962.42,EUR,Paiement carte,Russie,False
TXN-000351,CLT-0086,2025-06-18 14:42:30,37964.09,EUR,Paiement carte,Panama,True
TXN-000352,CLT-0049,2025-12-11 14:42:30,2047.21,EUR,Retrait,Russie,False
TXN-000353,CLT-0019,2025-05-16 14:42:30,1134.47,EUR,Paiement carte,France,False
TXN-000354,CLT-0068,2025-08-01 14:42:30,4839.25,EUR,Retrait,Îles Caïmans,False
TXN-000355,CLT-0011,2025-06-16 14:42:30,1024.65,EUR,Paiement carte,Panama,False
TXN-000356,CLT-0007,2026-02-05 14:42:30,71038.87,EUR,Dépôt,Îles Caïmans,True
TXN-000357,CLT-0025,2026-04-06 14:42:30,3018.58,EUR,Virement international,Allemagne,False
TXN-000358,CLT-0039,2025-11-24 14:42:30,4348.67,EUR,Virement,Allemagne,False
TXN-000359,CLT-0096,2026-03-14 14:42:30,4810.77,EUR,Paiement carte,Allemagne,False
TXN-000360,CLT-0031,2025-10-22 14:42:30,3521.81,EUR,Virement international,Panama,False
TXN-000361,CLT-0084,2025-08-13 14:42:30,1909.5,EUR,Dépôt,Espagne,False
TXN-000362,CLT-0060,2025-09-01 14:42:30,2568.95,EUR,Virement,Russie,False
TXN-000363,CLT-0048,2026-01-29 14:42:30,1607.96,EUR,Dépôt,Îles Caïmans,False
TXN-000364,CLT-0003,2026-02-28 14:42:30,83175.38,EUR,Dépôt,Îles Caïmans,True
TXN-000365,CLT-0049,2026-01-16 14:42:30,989.0,EUR,Virement international,Allemagne,False
TXN-000366,CLT-0044,2025-05-28 14:42:30,3276.49,EUR,Dépôt,Russie,False
TXN-000367,CLT-0059,2025-09-04 14:42:30,3212.06,EUR,Retrait,Panama,False
TXN-000368,CLT-0024,2025-09-05 14:42:30,3604.36,EUR,Virement international,France,False
TXN-000369,CLT-0086,2026-04-05 14:42:30,4196.95,EUR,Virement,France,False
TXN-000370,CLT-0009,2026-01-15 14:42:30,4214.3,EUR,Retrait,France,False
TXN-000371,CLT-0080,2026-04-13 14:42:30,2285.49,EUR,Virement international,Russie,False
TXN-000372,CLT-0071,2025-08-14 14:42:30,88.5,EUR,Paiement carte,France,False
TXN-000373,CLT-0037,2025-08-12 14:42:30,70830.77,EUR,Virement,Îles Caïmans,True
TXN-000374,CLT-0013,2026-03-20 14:42:30,4549.77,EUR,Virement international,France,False
TXN-000375,CLT-0046,2026-01-04 14:42:30,3102.71,EUR,Dépôt,Îles Caïmans,False
TXN-000376,CLT-0073,2025-09-20 14:42:30,91458.91,EUR,Retrait,Allemagne,True
TXN-000377,CLT-0084,2026-04-02 14:42:30,4142.03,EUR,Virement,France,False
TXN-000378,CLT-0008,2025-09-12 14:42:30,1892.08,EUR,Virement,France,False
TXN-000379,CLT-0043,2025-06-17 14:42:30,81543.69,EUR,Virement international,France,True
TXN-000380,CLT-0028,2026-01-16 14:42:30,4596.57,EUR,Virement international,Russie,False
TXN-000381,CLT-0036,2025-05-28 14:42:30,4621.55,EUR,Virement international,France,False
TXN-000382,CLT-0027,2026-05-05 14:42:30,4253.63,EUR,Virement international,France,False
TXN-000383,CLT-0010,2025-10-22 14:42:30,3566.43,EUR,Dépôt,France,False
TXN-000384,CLT-0087,2025-10-26 14:42:30,2837.81,EUR,Virement international,Panama,False
TXN-000385,CLT-0093,2025-05-26 14:42:30,3701.33,EUR,Virement,Panama,False
TXN-000386,CLT-0044,2026-04-05 14:42:30,46026.68,EUR,Virement international,Îles Caïmans,True
TXN-000387,CLT-0035,2025-06-23 14:42:30,1638.62,EUR,Paiement carte,Russie,False
TXN-000388,CLT-0056,2025-11-02 14:42:30,2769.66,EUR,Retrait,Îles Caïmans,False
TXN-000389,CLT-0092,2026-01-07 14:42:30,61819.58,EUR,Virement,France,True
TXN-000390,CLT-0020,2025-06-23 14:42:30,1906.2,EUR,Paiement carte,Panama,False
TXN-000391,CLT-0057,2025-12-07 14:42:30,466.69,EUR,Dépôt,Espagne,False
TXN-000392,CLT-0058,2025-10-05 14:42:30,15594.86,EUR,Virement international,Îles Caïmans,True
TXN-000393,CLT-0012,2025-08-03 14:42:30,15796.84,EUR,Virement international,Panama,True
TXN-000394,CLT-0050,2025-10-14 14:42:30,71.58,EUR,Virement,Allemagne,False
TXN-000395,CLT-0022,2025-10-31 14:42:30,856.22,EUR,Retrait,Espagne,False
TXN-000396,CLT-0022,2026-04-11 14:42:30,2470.69,EUR,Paiement carte,Espagne,False
TXN-000397,CLT-0047,2026-04-04 14:42:30,2426.31,EUR,Dépôt,Allemagne,False
TXN-000398,CLT-0026,2025-07-02 14:42:30,2484.05,EUR,Paiement carte,France,False
TXN-000399,CLT-0043,2025-10-23 14:42:30,8588.76,EUR,Virement international,Îles Caïmans,True
TXN-000400,CLT-0056,2025-11-23 14:42:30,1654.41,EUR,Virement international,France,False
TXN-000401,CLT-0026,2025-05-23 14:42:30,3020.02,EUR,Paiement carte,Panama,False
TXN-000402,CLT-0038,2025-12-01 14:42:30,1997.22,EUR,Paiement carte,Allemagne,False
TXN-000403,CLT-0047,2025-10-24 14:42:30,1408.7,EUR,Virement,Allemagne,False
TXN-000404,CLT-0099,2025-05-29 14:42:30,2732.69,EUR,Virement international,France,False
TXN-000405,CLT-0027,2025-05-16 14:42:30,2313.49,EUR,Paiement carte,Espagne,False
TXN-000406,CLT-0087,2025-10-16 14:42:30,355.1,EUR,Paiement carte,France,False
TXN-000407,CLT-0020,2025-06-10 14:42:30,1217.69,EUR,Paiement carte,Îles Caïmans,False
TXN-000408,CLT-0075,2025-09-10 14:42:30,94190.95,EUR,Paiement carte,Îles Caïmans,True
TXN-000409,CLT-0090,2025-11-10 14:42:30,3955.7,EUR,Virement international,France,False
TXN-000410,CLT-0046,2025-06-07 14:42:30,29596.09,EUR,Retrait,France,True
TXN-000411,CLT-0052,2025-06-16 14:42:30,3228.71,EUR,Dépôt,Îles Caïmans,False
TXN-000412,CLT-0066,2026-01-20 14:42:30,16578.77,EUR,Virement international,Allemagne,True
TXN-000413,CLT-0076,2025-05-31 14:42:30,1961.76,EUR,Virement international,France,False
TXN-000414,CLT-0038,2026-03-21 14:42:30,132.57,EUR,Paiement carte,France,False
TXN-000415,CLT-0045,2026-03-02 14:42:30,89838.83,EUR,Dépôt,Panama,True
TXN-000416,CLT-0045,2025-09-08 14:42:30,1042.27,EUR,Paiement carte,France,False
TXN-000417,CLT-0009,2025-12-01 14:42:30,3486.85,EUR,Dépôt,France,False
TXN-000418,CLT-0083,2025-11-19 14:42:30,584.28,EUR,Virement,France,False
TXN-000419,CLT-0023,2025-08-22 14:42:30,3705.04,EUR,Virement international,France,False
TXN-000420,CLT-0030,2025-09-19 14:42:30,2137.58,EUR,Paiement carte,France,False
TXN-000421,CLT-0004,2025-10-23 14:42:30,3289.97,EUR,Virement international,Allemagne,False
TXN-000422,CLT-0091,2026-05-11 14:42:30,2153.47,EUR,Retrait,Allemagne,False
TXN-000423,CLT-0074,2026-04-11 14:42:30,3521.76,EUR,Virement,France,False
TXN-000424,CLT-0034,2026-03-16 14:42:30,993.4,EUR,Paiement carte,Panama,False
TXN-000425,CLT-0015,2025-07-17 14:42:30,3060.43,EUR,Dépôt,Panama,False
TXN-000426,CLT-0091,2025-06-03 14:42:30,3090.64,EUR,Dépôt,France,False
TXN-000427,CLT-0040,2026-01-11 14:42:30,1572.8,EUR,Virement,France,False
TXN-000428,CLT-0054,2025-10-27 14:42:30,715.38,EUR,Virement international,France,False
TXN-000429,CLT-0082,2025-09-06 14:42:30,2120.96,EUR,Virement international,France,False
TXN-000430,CLT-0024,2026-03-03 14:42:30,2453.31,EUR,Dépôt,Russie,False
TXN-000431,CLT-0063,2026-05-09 14:42:30,4328.96,EUR,Retrait,Allemagne,False
TXN-000432,CLT-0084,2025-08-28 14:42:30,4819.51,EUR,Paiement carte,Îles Caïmans,False
TXN-000433,CLT-0063,2025-09-28 14:42:30,2084.0,EUR,Retrait,France,False
TXN-000434,CLT-0038,2026-01-21 14:42:30,3981.45,EUR,Virement,Espagne,False
TXN-000435,CLT-0073,2025-09-21 14:42:30,1450.46,EUR,Paiement carte,France,False
TXN-000436,CLT-0047,2025-08-08 14:42:30,1346.77,EUR,Virement international,France,False
TXN-000437,CLT-0055,2026-01-22 14:42:30,2212.42,EUR,Virement,Allemagne,False
TXN-000438,CLT-0034,2025-09-25 14:42:30,4996.57,EUR,Dépôt,France,False
TXN-000439,CLT-0027,2026-01-12 14:42:30,4969.85,EUR,Virement international,Panama,False
TXN-000440,CLT-0022,2025-10-06 14:42:30,3055.21,EUR,Virement international,France,False
TXN-000441,CLT-0073,2026-04-13 14:42:30,4069.51,EUR,Dépôt,Espagne,False
TXN-000442,CLT-0038,2025-05-18 14:42:30,850.2,EUR,Dépôt,Espagne,False
TXN-000443,CLT-0013,2025-05-31 14:42:30,2576.93,EUR,Retrait,Îles Caïmans,False
TXN-000444,CLT-0017,2025-06-12 14:42:30,4962.51,EUR,Retrait,Allemagne,False
TXN-000445,CLT-0098,2026-01-07 14:42:30,36022.41,EUR,Paiement carte,Russie,True
TXN-000446,CLT-0054,2025-06-26 14:42:30,63018.97,EUR,Paiement carte,Russie,True
TXN-000447,CLT-0052,2026-03-27 14:42:30,77130.08,EUR,Virement international,Espagne,True
TXN-000448,CLT-0063,2025-09-23 14:42:30,4387.81,EUR,Dépôt,France,False
TXN-000449,CLT-0094,2026-03-27 14:42:30,4237.36,EUR,Paiement carte,Panama,False
TXN-000450,CLT-0028,2025-10-22 14:42:30,3980.43,EUR,Paiement carte,Allemagne,False
TXN-000451,CLT-0044,2025-12-19 14:42:30,1621.1,EUR,Virement international,France,False
TXN-000452,CLT-0088,2025-11-19 14:42:30,2431.84,EUR,Virement,France,False
TXN-000453,CLT-0003,2025-09-20 14:42:30,76198.41,EUR,Virement,France,True
TXN-000454,CLT-0026,2025-10-06 14:42:30,13.37,EUR,Retrait,Espagne,False
TXN-000455,CLT-0012,2025-12-24 14:42:30,4664.3,EUR,Dépôt,Espagne,False
TXN-000456,CLT-0022,2025-06-15 14:42:30,65812.27,EUR,Virement,Îles Caïmans,True
TXN-000457,CLT-0055,2026-01-14 14:42:30,3632.68,EUR,Virement,France,False
TXN-000458,CLT-0076,2026-03-07 14:42:30,49482.18,EUR,Retrait,Russie,True
TXN-000459,CLT-0055,2026-03-13 14:42:30,68516.95,EUR,Retrait,Russie,True
TXN-000460,CLT-0014,2026-03-22 14:42:30,41327.08,EUR,Dépôt,Panama,True
TXN-000461,CLT-0083,2026-03-06 14:42:30,694.28,EUR,Retrait,France,False
TXN-000462,CLT-0022,2025-06-15 14:42:30,52.29,EUR,Paiement carte,Panama,False
TXN-000463,CLT-0053,2026-02-25 14:42:30,3144.12,EUR,Virement international,Russie,False
TXN-000464,CLT-0018,2026-03-23 14:42:30,442.57,EUR,Virement,Îles Caïmans,False
TXN-000465,CLT-0032,2026-03-03 14:42:30,2152.65,EUR,Dépôt,France,False
TXN-000466,CLT-0037,2025-07-06 14:42:30,3008.99,EUR,Virement,Espagne,False
TXN-000467,CLT-0096,2026-02-06 14:42:30,3038.57,EUR,Paiement carte,Espagne,False
TXN-000468,CLT-0064,2026-01-11 14:42:30,3921.17,EUR,Paiement carte,France,False
TXN-000469,CLT-0068,2026-04-07 14:42:30,3194.03,EUR,Virement,Panama,False
TXN-000470,CLT-0054,2025-07-26 14:42:30,668.59,EUR,Dépôt,France,False
TXN-000471,CLT-0003,2026-04-06 14:42:30,4772.72,EUR,Virement international,France,False
TXN-000472,CLT-0051,2026-04-13 14:42:30,26769.64,EUR,Virement international,Espagne,True
TXN-000473,CLT-0055,2025-10-13 14:42:30,2510.23,EUR,Paiement carte,France,False
TXN-000474,CLT-0036,2026-02-24 14:42:30,2692.9,EUR,Virement,Espagne,False
TXN-000475,CLT-0069,2026-02-23 14:42:30,88120.46,EUR,Dépôt,Îles Caïmans,True
TXN-000476,CLT-0088,2025-06-15 14:42:30,3818.49,EUR,Virement,Espagne,False
TXN-000477,CLT-0008,2026-01-11 14:42:30,3652.49,EUR,Retrait,France,False
TXN-000478,CLT-0078,2025-07-04 14:42:30,588.77,EUR,Virement,Espagne,False
TXN-000479,CLT-0016,2026-02-13 14:42:30,3293.68,EUR,Virement,France,False
TXN-000480,CLT-0067,2025-11-17 14:42:30,827.52,EUR,Virement international,Espagne,False
TXN-000481,CLT-0094,2025-12-27 14:42:30,643.38,EUR,Virement,France,False
TXN-000482,CLT-0009,2025-08-18 14:42:30,2152.33,EUR,Dépôt,France,False
TXN-000483,CLT-0064,2026-04-15 14:42:30,2558.8,EUR,Virement international,France,False
TXN-000484,CLT-0074,2026-03-22 14:42:30,1283.03,EUR,Virement,Allemagne,False
TXN-000485,CLT-0032,2026-05-07 14:42:30,22.82,EUR,Virement,Russie,False
TXN-000486,CLT-0005,2026-02-11 14:42:30,4601.93,EUR,Virement international,Îles Caïmans,False
TXN-000487,CLT-0035,2025-12-01 14:42:30,1248.83,EUR,Virement,Panama,False
TXN-000488,CLT-0023,2026-04-17 14:42:30,66579.34,EUR,Retrait,France,True
TXN-000489,CLT-0037,2025-09-17 14:42:30,353.94,EUR,Dépôt,Panama,False
TXN-000490,CLT-0026,2025-11-06 14:42:30,47736.92,EUR,Dépôt,Espagne,True
TXN-000491,CLT-0076,2025-11-06 14:42:30,1220.49,EUR,Paiement carte,Allemagne,False
TXN-000492,CLT-0020,2026-01-08 14:42:30,2737.33,EUR,Virement,Îles Caïmans,False
TXN-000493,CLT-0089,2025-06-22 14:42:30,55114.43,EUR,Virement,Panama,True
TXN-000494,CLT-0014,2025-12-07 14:42:30,65185.43,EUR,Retrait,Allemagne,True
TXN-000495,CLT-0092,2026-03-02 14:42:30,4806.31,EUR,Dépôt,France,False
TXN-000496,CLT-0053,2025-08-20 14:42:30,28138.11,EUR,Dépôt,Russie,True
TXN-000497,CLT-0065,2026-03-26 14:42:30,433.66,EUR,Retrait,Îles Caïmans,False
TXN-000498,CLT-0085,2025-10-03 14:42:30,57400.4,EUR,Retrait,Allemagne,True
TXN-000499,CLT-0090,2025-10-24 14:42:30,4256.06,EUR,Dépôt,Panama,False
TXN-000500,CLT-0018,2026-01-30 14:42:30,1175.72,EUR,Virement international,France,False
TXN-000501,CLT-0041,2025-09-17 14:42:30,830.23,EUR,Paiement carte,France,False
TXN-000502,CLT-0058,2026-01-27 14:42:30,4823.53,EUR,Dépôt,Russie,False
TXN-000503,CLT-0088,2026-02-22 14:42:30,608.37,EUR,Dépôt,France,False
TXN-000504,CLT-0012,2026-02-27 14:42:30,4284.3,EUR,Retrait,Panama,False
TXN-000505,CLT-0034,2025-12-11 14:42:30,254.26,EUR,Retrait,France,False
TXN-000506,CLT-0096,2025-08-02 14:42:30,4274.46,EUR,Virement international,Allemagne,False
TXN-000507,CLT-0016,2026-03-03 14:42:30,16865.94,EUR,Virement,France,True
TXN-000508,CLT-0026,2026-03-08 14:42:30,4913.01,EUR,Paiement carte,Panama,False
TXN-000509,CLT-0075,2026-03-31 14:42:30,4688.5,EUR,Virement international,Espagne,False
TXN-000510,CLT-0026,2026-04-10 14:42:30,384.19,EUR,Paiement carte,France,False
TXN-000511,CLT-0016,2025-11-25 14:42:30,81712.96,EUR,Virement,Russie,True
TXN-000512,CLT-0093,2025-10-04 14:42:30,88399.46,EUR,Paiement carte,Russie,True
TXN-000513,CLT-0046,2026-02-14 14:42:30,67439.52,EUR,Retrait,France,True
TXN-000514,CLT-0005,2026-02-26 14:42:30,2235.6,EUR,Virement international,Allemagne,False
TXN-000515,CLT-0062,2025-08-05 14:42:30,2499.47,EUR,Virement,France,False
TXN-000516,CLT-0083,2026-01-31 14:42:30,694.81,EUR,Virement international,Allemagne,False
TXN-000517,CLT-0049,2026-05-04 14:42:30,4012.82,EUR,Dépôt,Russie,False
TXN-000518,CLT-0065,2025-07-28 14:42:30,2428.55,EUR,Dépôt,Îles Caïmans,False
TXN-000519,CLT-0029,2025-07-12 14:42:30,140.05,EUR,Virement,Espagne,False
TXN-000520,CLT-0046,2025-08-15 14:42:30,94263.23,EUR,Virement international,Allemagne,True
TXN-000521,CLT-0031,2025-06-11 14:42:30,509.67,EUR,Dépôt,France,False
TXN-000522,CLT-0050,2025-07-23 14:42:30,4739.53,EUR,Dépôt,France,False
TXN-000523,CLT-0046,2025-05-21 14:42:30,2966.67,EUR,Virement international,France,False
TXN-000524,CLT-0073,2025-07-27 14:42:30,1764.89,EUR,Retrait,Allemagne,False
TXN-000525,CLT-0070,2025-09-03 14:42:30,4053.9,EUR,Dépôt,France,False
TXN-000526,CLT-0078,2026-01-14 14:42:30,460.38,EUR,Retrait,France,False
TXN-000527,CLT-0026,2025-07-03 14:42:30,13.41,EUR,Retrait,Panama,False
TXN-000528,CLT-0008,2025-11-29 14:42:30,4594.72,EUR,Virement,France,False
TXN-000529,CLT-0068,2026-03-18 14:42:30,4586.95,EUR,Dépôt,France,False
TXN-000530,CLT-0076,2025-10-23 14:42:30,4710.2,EUR,Virement,Panama,False
TXN-000531,CLT-0094,2026-02-22 14:42:30,690.89,EUR,Paiement carte,Russie,False
TXN-000532,CLT-0089,2025-07-30 14:42:30,879.27,EUR,Virement international,Panama,False
TXN-000533,CLT-0049,2026-02-13 14:42:30,2948.86,EUR,Dépôt,Espagne,False
TXN-000534,CLT-0074,2025-05-19 14:42:30,71408.29,EUR,Paiement carte,France,True
TXN-000535,CLT-0029,2025-07-04 14:42:30,1597.9,EUR,Virement international,France,False
TXN-000536,CLT-0031,2026-04-04 14:42:30,711.81,EUR,Dépôt,Panama,False
TXN-000537,CLT-0091,2026-03-29 14:42:30,4427.75,EUR,Dépôt,Russie,False
TXN-000538,CLT-0009,2025-05-24 14:42:30,26242.53,EUR,Dépôt,Espagne,True
TXN-000539,CLT-0050,2026-04-19 14:42:30,3604.86,EUR,Paiement carte,Îles Caïmans,False
TXN-000540,CLT-0049,2025-09-03 14:42:30,4423.91,EUR,Dépôt,Îles Caïmans,False
TXN-000541,CLT-0084,2025-07-22 14:42:30,49715.56,EUR,Retrait,France,True
TXN-000542,CLT-0038,2026-04-26 14:42:30,3997.98,EUR,Virement,Panama,False
TXN-000543,CLT-0022,2025-11-19 14:42:30,532.58,EUR,Paiement carte,France,False
TXN-000544,CLT-0044,2026-03-27 14:42:30,2739.76,EUR,Virement international,Russie,False
TXN-000545,CLT-0022,2025-06-13 14:42:30,2162.3,EUR,Virement international,Îles Caïmans,False
TXN-000546,CLT-0025,2026-01-28 14:42:30,515.28,EUR,Paiement carte,Espagne,False
TXN-000547,CLT-0007,2026-03-25 14:42:30,1494.03,EUR,Paiement carte,Russie,False
TXN-000548,CLT-0012,2025-10-07 14:42:30,1810.54,EUR,Dépôt,Russie,False
TXN-000549,CLT-0082,2026-02-15 14:42:30,138.42,EUR,Dépôt,France,False
TXN-000550,CLT-0061,2025-10-22 14:42:30,586.39,EUR,Paiement carte,Espagne,False
TXN-000551,CLT-0048,2026-02-08 14:42:30,55338.96,EUR,Paiement carte,Panama,True
TXN-000552,CLT-0060,2025-09-30 14:42:30,232.64,EUR,Dépôt,Allemagne,False
TXN-000553,CLT-0097,2026-02-25 14:42:30,2825.59,EUR,Virement,France,False
TXN-000554,CLT-0097,2025-10-14 14:42:30,4042.82,EUR,Virement international,Allemagne,False
TXN-000555,CLT-0054,2025-08-19 14:42:30,4205.58,EUR,Virement international,Russie,False
TXN-000556,CLT-0011,2025-12-11 14:42:30,1185.85,EUR,Paiement carte,France,False
TXN-000557,CLT-0087,2025-07-25 14:42:30,4503.27,EUR,Virement international,France,False
TXN-000558,CLT-0022,2026-02-14 14:42:30,73875.42,EUR,Retrait,Allemagne,True
TXN-000559,CLT-0056,2025-05-29 14:42:30,44833.62,EUR,Retrait,France,True
TXN-000560,CLT-0012,2026-04-09 14:42:30,1296.85,EUR,Paiement carte,Îles Caïmans,False
TXN-000561,CLT-0059,2025-08-20 14:42:30,4284.55,EUR,Virement,Îles Caïmans,False
TXN-000562,CLT-0076,2025-07-27 14:42:30,21018.88,EUR,Virement international,France,True
TXN-000563,CLT-0037,2026-03-23 14:42:30,2817.79,EUR,Virement international,Panama,False
TXN-000564,CLT-0063,2025-06-12 14:42:30,1328.04,EUR,Virement international,Russie,False
TXN-000565,CLT-0080,2026-03-01 14:42:30,31961.03,EUR,Virement international,Îles Caïmans,True
TXN-000566,CLT-0089,2025-11-25 14:42:30,85392.96,EUR,Retrait,France,True
TXN-000567,CLT-0003,2025-11-04 14:42:30,4604.97,EUR,Dépôt,Espagne,False
TXN-000568,CLT-0088,2025-05-22 14:42:30,4215.8,EUR,Virement,Allemagne,False
TXN-000569,CLT-0100,2025-09-29 14:42:30,92757.09,EUR,Dépôt,Espagne,True
TXN-000570,CLT-0025,2026-03-29 14:42:30,3028.85,EUR,Paiement carte,Allemagne,False
TXN-000571,CLT-0098,2025-09-07 14:42:30,2041.78,EUR,Virement international,Panama,False
TXN-000572,CLT-0009,2026-02-21 14:42:30,2581.2,EUR,Dépôt,Îles Caïmans,False
TXN-000573,CLT-0004,2025-07-26 14:42:30,82062.69,EUR,Retrait,Allemagne,True
TXN-000574,CLT-0032,2026-04-14 14:42:30,1011.63,EUR,Virement,Russie,False
TXN-000575,CLT-0036,2026-02-01 14:42:30,39352.63,EUR,Dépôt,Russie,True
TXN-000576,CLT-0088,2026-03-11 14:42:30,3180.69,EUR,Virement,Allemagne,False
TXN-000577,CLT-0061,2026-02-12 14:42:30,2974.28,EUR,Virement international,Panama,False
TXN-000578,CLT-0096,2026-01-01 14:42:30,4189.89,EUR,Virement,Espagne,False
TXN-000579,CLT-0100,2025-07-25 14:42:30,12319.64,EUR,Retrait,Allemagne,True
TXN-000580,CLT-0084,2025-12-27 14:42:30,3391.7,EUR,Paiement carte,France,False
TXN-000581,CLT-0002,2025-05-29 14:42:30,4836.02,EUR,Paiement carte,France,False
TXN-000582,CLT-0029,2026-05-09 14:42:30,3009.7,EUR,Dépôt,Espagne,False
TXN-000583,CLT-0055,2025-12-24 14:42:30,3549.75,EUR,Paiement carte,Panama,False
TXN-000584,CLT-0087,2025-12-10 14:42:30,1098.86,EUR,Virement international,Îles Caïmans,False
TXN-000585,CLT-0048,2025-06-08 14:42:30,46.66,EUR,Virement international,Espagne,False
TXN-000586,CLT-0044,2026-04-11 14:42:30,549.44,EUR,Dépôt,Panama,False
TXN-000587,CLT-0084,2025-05-14 14:42:30,1313.12,EUR,Dépôt,Allemagne,False
TXN-000588,CLT-0077,2026-04-14 14:42:30,74596.27,EUR,Paiement carte,Panama,True
TXN-000589,CLT-0064,2025-06-12 14:42:30,3609.2,EUR,Dépôt,Espagne,False
TXN-000590,CLT-0075,2026-04-25 14:42:30,2028.95,EUR,Virement international,Allemagne,False
TXN-000591,CLT-0069,2025-05-27 14:42:30,3569.71,EUR,Paiement carte,Panama,False
TXN-000592,CLT-0072,2025-06-11 14:42:30,4228.64,EUR,Retrait,Espagne,False
TXN-000593,CLT-0093,2026-01-01 14:42:30,19131.14,EUR,Virement international,France,True
TXN-000594,CLT-0012,2025-06-12 14:42:30,4498.96,EUR,Retrait,Panama,False
TXN-000595,CLT-0043,2025-10-10 14:42:30,4358.45,EUR,Dépôt,Espagne,False
TXN-000596,CLT-0061,2026-03-14 14:42:30,2324.17,EUR,Virement,France,False
TXN-000597,CLT-0088,2026-03-13 14:42:30,980.77,EUR,Paiement carte,Espagne,False
TXN-000598,CLT-0018,2026-02-25 14:42:30,4355.54,EUR,Retrait,Panama,False
TXN-000599,CLT-0019,2025-09-21 14:42:30,2851.32,EUR,Dépôt,France,False
TXN-000600,CLT-0023,2025-06-24 14:42:30,2443.03,EUR,Dépôt,France,False
TXN-000601,CLT-0074,2026-02-16 14:42:30,31796.92,EUR,Retrait,Russie,True
TXN-000602,CLT-0079,2026-03-08 14:42:30,3900.96,EUR,Paiement carte,Îles Caïmans,False
TXN-000603,CLT-0001,2025-10-29 14:42:30,4826.99,EUR,Virement,Allemagne,False
TXN-000604,CLT-0097,2025-11-30 14:42:30,4750.84,EUR,Virement international,Allemagne,False
TXN-000605,CLT-0029,2026-01-06 14:42:30,8358.77,EUR,Dépôt,Espagne,True
TXN-000606,CLT-0040,2025-07-16 14:42:30,41368.89,EUR,Retrait,France,True
TXN-000607,CLT-0059,2025-12-16 14:42:30,1498.03,EUR,Virement international,Panama,False
TXN-000608,CLT-0044,2026-03-06 14:42:30,3437.03,EUR,Paiement carte,Panama,False
TXN-000609,CLT-0003,2025-10-19 14:42:30,832.77,EUR,Retrait,Allemagne,False
TXN-000610,CLT-0076,2026-05-02 14:42:30,664.72,EUR,Virement international,France,False
TXN-000611,CLT-0049,2026-04-24 14:42:30,69866.58,EUR,Dépôt,France,True
TXN-000612,CLT-0084,2026-03-19 14:42:30,249.32,EUR,Virement,France,False
TXN-000613,CLT-0016,2025-10-31 14:42:30,2089.71,EUR,Virement international,Espagne,False
TXN-000614,CLT-0088,2025-05-23 14:42:30,774.1,EUR,Virement,Espagne,False
TXN-000615,CLT-0035,2025-08-20 14:42:30,513.89,EUR,Virement international,France,False
TXN-000616,CLT-0093,2025-08-25 14:42:30,4494.12,EUR,Virement international,France,False
TXN-000617,CLT-0026,2025-09-01 14:42:30,3925.95,EUR,Virement international,Allemagne,False
TXN-000618,CLT-0046,2026-01-30 14:42:30,4159.18,EUR,Paiement carte,Espagne,False
TXN-000619,CLT-0089,2026-01-27 14:42:30,2745.21,EUR,Paiement carte,Panama,False
TXN-000620,CLT-0015,2026-03-29 14:42:30,73.62,EUR,Virement international,Russie,False
TXN-000621,CLT-0010,2025-08-25 14:42:30,15837.19,EUR,Virement,Espagne,True
TXN-000622,CLT-0034,2025-12-13 14:42:30,2289.19,EUR,Paiement carte,France,False
TXN-000623,CLT-0038,2026-04-23 14:42:30,23199.06,EUR,Dépôt,Panama,True
TXN-000624,CLT-0002,2026-04-20 14:42:30,588.35,EUR,Retrait,France,False
TXN-000625,CLT-0035,2025-06-29 14:42:30,4473.69,EUR,Virement,Panama,False
TXN-000626,CLT-0052,2025-10-20 14:42:30,922.52,EUR,Paiement carte,Espagne,False
TXN-000627,CLT-0054,2025-09-11 14:42:30,3452.61,EUR,Retrait,France,False
TXN-000628,CLT-0014,2026-02-21 14:42:30,71197.77,EUR,Paiement carte,Russie,True
TXN-000629,CLT-0079,2026-02-10 14:42:30,3395.18,EUR,Paiement carte,Panama,False
TXN-000630,CLT-0062,2026-03-08 14:42:30,4314.25,EUR,Paiement carte,France,False
TXN-000631,CLT-0034,2026-04-11 14:42:30,2209.03,EUR,Dépôt,France,False
TXN-000632,CLT-0093,2025-07-22 14:42:30,3392.87,EUR,Virement international,Allemagne,False
TXN-000633,CLT-0067,2025-11-21 14:42:30,3352.52,EUR,Virement international,France,False
TXN-000634,CLT-0045,2025-09-09 14:42:30,3635.99,EUR,Paiement carte,France,False
TXN-000635,CLT-0007,2025-07-04 14:42:30,2796.14,EUR,Virement,France,False
TXN-000636,CLT-0022,2025-09-02 14:42:30,2351.75,EUR,Virement,Russie,False
TXN-000637,CLT-0007,2025-12-22 14:42:30,1661.17,EUR,Virement international,Allemagne,False
TXN-000638,CLT-0011,2026-01-13 14:42:30,1899.4,EUR,Paiement carte,Russie,False
TXN-000639,CLT-0058,2025-08-31 14:42:30,2246.01,EUR,Dépôt,France,False
TXN-000640,CLT-0014,2026-05-04 14:42:30,3728.74,EUR,Paiement carte,Îles Caïmans,False
TXN-000641,CLT-0078,2026-03-28 14:42:30,55771.59,EUR,Virement international,Espagne,True
TXN-000642,CLT-0086,2025-06-12 14:42:30,2816.04,EUR,Paiement carte,Panama,False
TXN-000643,CLT-0059,2026-01-19 14:42:30,280.83,EUR,Dépôt,Russie,False
TXN-000644,CLT-0015,2025-09-24 14:42:30,1822.84,EUR,Virement,Allemagne,False
TXN-000645,CLT-0038,2025-06-23 14:42:30,38897.09,EUR,Virement international,Panama,True
TXN-000646,CLT-0064,2026-02-18 14:42:30,238.43,EUR,Retrait,Îles Caïmans,False
TXN-000647,CLT-0016,2026-02-06 14:42:30,61144.1,EUR,Paiement carte,Allemagne,True
TXN-000648,CLT-0014,2025-11-21 14:42:30,3909.29,EUR,Paiement carte,France,False
TXN-000649,CLT-0016,2025-07-16 14:42:30,4188.96,EUR,Paiement carte,Russie,False
TXN-000650,CLT-0064,2026-03-06 14:42:30,4781.39,EUR,Virement,France,False
TXN-000651,CLT-0062,2025-07-18 14:42:30,2169.72,EUR,Virement international,France,False
TXN-000652,CLT-0014,2026-03-09 14:42:30,876.51,EUR,Paiement carte,Panama,False
TXN-000653,CLT-0089,2025-07-06 14:42:30,1929.47,EUR,Retrait,Espagne,False
TXN-000654,CLT-0058,2025-12-14 14:42:30,1720.87,EUR,Retrait,France,False
TXN-000655,CLT-0039,2025-08-24 14:42:30,3503.07,EUR,Virement international,Panama,False
TXN-000656,CLT-0028,2025-06-24 14:42:30,4678.21,EUR,Retrait,Allemagne,False
TXN-000657,CLT-0087,2025-11-18 14:42:30,1459.99,EUR,Retrait,France,False
TXN-000658,CLT-0091,2025-11-29 14:42:30,3474.62,EUR,Virement,Panama,False
TXN-000659,CLT-0091,2025-06-06 14:42:30,2918.2,EUR,Paiement carte,Espagne,False
TXN-000660,CLT-0067,2026-05-07 14:42:30,2117.71,EUR,Virement,France,False
TXN-000661,CLT-0026,2026-04-15 14:42:30,274.79,EUR,Dépôt,France,False
TXN-000662,CLT-0008,2026-02-28 14:42:30,3420.12,EUR,Dépôt,Allemagne,False
TXN-000663,CLT-0014,2025-09-24 14:42:30,171.21,EUR,Virement international,Allemagne,False
TXN-000664,CLT-0066,2026-01-12 14:42:30,2810.74,EUR,Dépôt,France,False
TXN-000665,CLT-0041,2025-05-28 14:42:30,1943.9,EUR,Virement international,France,False
TXN-000666,CLT-0100,2025-06-30 14:42:30,29866.68,EUR,Paiement carte,Allemagne,True
TXN-000667,CLT-0048,2025-06-16 14:42:30,3526.1,EUR,Virement international,Allemagne,False
TXN-000668,CLT-0058,2025-12-14 14:42:30,4821.81,EUR,Retrait,France,False
TXN-000669,CLT-0016,2025-08-23 14:42:30,877.24,EUR,Paiement carte,France,False
TXN-000670,CLT-0021,2026-03-08 14:42:30,2787.43,EUR,Virement international,Espagne,False
TXN-000671,CLT-0006,2026-02-23 14:42:30,48570.83,EUR,Retrait,Panama,True
TXN-000672,CLT-0079,2025-06-27 14:42:30,3870.57,EUR,Dépôt,Russie,False
TXN-000673,CLT-0091,2026-04-06 14:42:30,2755.3,EUR,Dépôt,Allemagne,False
TXN-000674,CLT-0021,2025-08-28 14:42:30,2607.83,EUR,Paiement carte,Îles Caïmans,False
TXN-000675,CLT-0085,2026-01-24 14:42:30,27244.23,EUR,Dépôt,Panama,True
TXN-000676,CLT-0068,2025-07-01 14:42:30,1100.04,EUR,Paiement carte,France,False
TXN-000677,CLT-0083,2026-01-10 14:42:30,38102.63,EUR,Virement international,Allemagne,True
TXN-000678,CLT-0049,2025-11-30 14:42:30,3415.93,EUR,Virement,Îles Caïmans,False
TXN-000679,CLT-0067,2026-05-01 14:42:30,3622.64,EUR,Dépôt,Russie,False
TXN-000680,CLT-0025,2025-06-14 14:42:30,1489.21,EUR,Dépôt,France,False
TXN-000681,CLT-0069,2025-08-11 14:42:30,845.3,EUR,Virement,France,False
TXN-000682,CLT-0088,2026-01-24 14:42:30,3151.28,EUR,Paiement carte,France,False
TXN-000683,CLT-0083,2025-10-03 14:42:30,4145.46,EUR,Virement,France,False
TXN-000684,CLT-0012,2026-04-24 14:42:30,70367.54,EUR,Virement,France,True
TXN-000685,CLT-0074,2026-04-07 14:42:30,1267.02,EUR,Retrait,Espagne,False
TXN-000686,CLT-0056,2025-10-18 14:42:30,2261.12,EUR,Dépôt,France,False
TXN-000687,CLT-0083,2026-05-10 14:42:30,600.35,EUR,Virement international,France,False
TXN-000688,CLT-0010,2025-05-20 14:42:30,2932.18,EUR,Dépôt,France,False
TXN-000689,CLT-0012,2025-07-07 14:42:30,3432.53,EUR,Dépôt,Russie,False
TXN-000690,CLT-0061,2026-04-28 14:42:30,4112.39,EUR,Retrait,Allemagne,False
TXN-000691,CLT-0038,2025-08-07 14:42:30,42016.35,EUR,Retrait,Espagne,True
TXN-000692,CLT-0048,2025-06-16 14:42:30,4571.7,EUR,Virement,France,False
TXN-000693,CLT-0051,2025-07-12 14:42:30,8437.6,EUR,Virement international,France,True
TXN-000694,CLT-0028,2025-11-18 14:42:30,3744.0,EUR,Paiement carte,France,False
TXN-000695,CLT-0025,2026-01-04 14:42:30,1111.73,EUR,Virement,France,False
TXN-000696,CLT-0097,2026-04-16 14:42:30,2840.79,EUR,Virement international,Russie,False
TXN-000697,CLT-0009,2025-06-04 14:42:30,374.99,EUR,Dépôt,France,False
TXN-000698,CLT-0046,2025-11-25 14:42:30,2907.17,EUR,Retrait,Allemagne,False
TXN-000699,CLT-0041,2026-02-03 14:42:30,61897.87,EUR,Paiement carte,Russie,True
TXN-000700,CLT-0075,2025-05-23 14:42:30,3300.52,EUR,Retrait,Panama,False
TXN-000701,CLT-0001,2026-02-16 14:42:30,4793.71,EUR,Dépôt,Allemagne,False
TXN-000702,CLT-0056,2025-06-19 14:42:30,3563.87,EUR,Dépôt,Panama,False
TXN-000703,CLT-0060,2025-09-10 14:42:30,71768.63,EUR,Paiement carte,Panama,True
TXN-000704,CLT-0023,2026-03-19 14:42:30,2439.99,EUR,Virement international,France,False
TXN-000705,CLT-0069,2026-03-03 14:42:30,4294.98,EUR,Retrait,Espagne,False
TXN-000706,CLT-0003,2026-04-05 14:42:30,3136.83,EUR,Virement international,France,False
TXN-000707,CLT-0028,2025-07-15 14:42:30,2898.71,EUR,Virement,Espagne,False
TXN-000708,CLT-0084,2025-09-14 14:42:30,4993.65,EUR,Retrait,Panama,False
TXN-000709,CLT-0094,2025-07-16 14:42:30,4458.27,EUR,Dépôt,France,False
TXN-000710,CLT-0047,2025-10-22 14:42:30,2556.96,EUR,Virement international,France,False
TXN-000711,CLT-0088,2025-07-03 14:42:30,4241.43,EUR,Retrait,France,False
TXN-000712,CLT-0085,2025-07-28 14:42:30,903.93,EUR,Retrait,Russie,False
TXN-000713,CLT-0030,2025-09-06 14:42:30,211.69,EUR,Virement,Espagne,False
TXN-000714,CLT-0067,2026-01-28 14:42:30,223.61,EUR,Dépôt,Îles Caïmans,False
TXN-000715,CLT-0006,2026-04-20 14:42:30,2278.67,EUR,Dépôt,France,False
TXN-000716,CLT-0095,2025-12-24 14:42:30,2611.65,EUR,Dépôt,France,False
TXN-000717,CLT-0084,2025-07-17 14:42:30,1898.81,EUR,Virement,Espagne,False
TXN-000718,CLT-0052,2025-08-22 14:42:30,4537.14,EUR,Dépôt,Panama,False
TXN-000719,CLT-0001,2025-07-08 14:42:30,2415.73,EUR,Virement international,France,False
TXN-000720,CLT-0083,2025-08-23 14:42:30,1157.65,EUR,Dépôt,Allemagne,False
TXN-000721,CLT-0092,2025-07-09 14:42:30,795.21,EUR,Virement,Allemagne,False
TXN-000722,CLT-0062,2026-03-16 14:42:30,1657.82,EUR,Paiement carte,Russie,False
TXN-000723,CLT-0003,2025-10-15 14:42:30,814.62,EUR,Retrait,France,False
TXN-000724,CLT-0081,2026-03-06 14:42:30,59534.25,EUR,Virement international,France,True
TXN-000725,CLT-0034,2026-02-17 14:42:30,742.86,EUR,Retrait,Îles Caïmans,False
TXN-000726,CLT-0093,2026-05-04 14:42:30,2822.39,EUR,Dépôt,France,False
TXN-000727,CLT-0062,2025-09-14 14:42:30,3036.56,EUR,Retrait,Allemagne,False
TXN-000728,CLT-0099,2025-07-19 14:42:30,3008.19,EUR,Retrait,Espagne,False
TXN-000729,CLT-0077,2025-09-23 14:42:30,3431.1,EUR,Virement international,France,False
TXN-000730,CLT-0003,2026-03-19 14:42:30,1933.45,EUR,Retrait,Îles Caïmans,False
TXN-000731,CLT-0061,2026-02-12 14:42:30,3031.5,EUR,Virement international,France,False
TXN-000732,CLT-0012,2026-03-14 14:42:30,2661.84,EUR,Paiement carte,France,False
TXN-000733,CLT-0100,2026-05-13 14:42:30,2701.04,EUR,Paiement carte,Îles Caïmans,False
TXN-000734,CLT-0055,2025-08-15 14:42:30,226.76,EUR,Retrait,Russie,False
TXN-000735,CLT-0095,2025-07-16 14:42:30,1912.37,EUR,Virement international,France,False
TXN-000736,CLT-0011,2026-01-14 14:42:30,1280.04,EUR,Dépôt,Îles Caïmans,False
TXN-000737,CLT-0074,2026-05-10 14:42:30,37.29,EUR,Virement international,France,False
TXN-000738,CLT-0089,2026-01-28 14:42:30,1881.4,EUR,Dépôt,Îles Caïmans,False
TXN-000739,CLT-0075,2025-06-14 14:42:30,782.35,EUR,Dépôt,Espagne,False
TXN-000740,CLT-0079,2025-11-07 14:42:30,2123.57,EUR,Dépôt,Îles Caïmans,False
TXN-000741,CLT-0062,2025-08-01 14:42:30,2072.01,EUR,Retrait,Panama,False
TXN-000742,CLT-0074,2025-12-07 14:42:30,2423.96,EUR,Dépôt,Îles Caïmans,False
TXN-000743,CLT-0016,2025-06-10 14:42:30,4276.44,EUR,Retrait,Russie,False
TXN-000744,CLT-0028,2026-03-23 14:42:30,4746.73,EUR,Virement international,Îles Caïmans,False
TXN-000745,CLT-0090,2025-07-03 14:42:30,4006.26,EUR,Virement,France,False
TXN-000746,CLT-0019,2026-03-28 14:42:30,3183.02,EUR,Paiement carte,Îles Caïmans,False
TXN-000747,CLT-0011,2025-11-05 14:42:30,30889.0,EUR,Virement international,France,True
TXN-000748,CLT-0079,2025-10-20 14:42:30,4654.12,EUR,Virement international,Espagne,False
TXN-000749,CLT-0082,2026-02-13 14:42:30,2991.39,EUR,Paiement carte,Russie,False
TXN-000750,CLT-0037,2025-08-21 14:42:30,81999.38,EUR,Retrait,France,True
TXN-000751,CLT-0030,2025-05-21 14:42:30,2557.63,EUR,Virement international,France,False
TXN-000752,CLT-0001,2025-06-12 14:42:30,1805.1,EUR,Retrait,France,False
TXN-000753,CLT-0086,2025-11-14 14:42:30,3900.57,EUR,Paiement carte,Îles Caïmans,False
TXN-000754,CLT-0009,2025-05-18 14:42:30,2593.54,EUR,Virement,Espagne,False
TXN-000755,CLT-0045,2025-07-19 14:42:30,2799.98,EUR,Dépôt,Espagne,False
TXN-000756,CLT-0052,2025-09-23 14:42:30,4815.66,EUR,Virement international,France,False
TXN-000757,CLT-0072,2026-03-20 14:42:30,2041.6,EUR,Virement,Espagne,False
TXN-000758,CLT-0033,2025-08-24 14:42:30,593.87,EUR,Virement international,Espagne,False
TXN-000759,CLT-0062,2025-07-29 14:42:30,4830.62,EUR,Retrait,Panama,False
TXN-000760,CLT-0076,2025-09-20 14:42:30,2299.65,EUR,Virement,Russie,False
TXN-000761,CLT-0029,2025-06-23 14:42:30,13877.22,EUR,Retrait,Panama,True
TXN-000762,CLT-0002,2025-08-12 14:42:30,1771.95,EUR,Dépôt,Allemagne,False
TXN-000763,CLT-0010,2025-11-19 14:42:30,2000.66,EUR,Virement international,France,False
TXN-000764,CLT-0035,2025-07-24 14:42:30,1774.15,EUR,Retrait,Allemagne,False
TXN-000765,CLT-0034,2026-01-10 14:42:30,1006.34,EUR,Retrait,Allemagne,False
TXN-000766,CLT-0046,2025-07-01 14:42:30,1255.98,EUR,Retrait,France,False
TXN-000767,CLT-0064,2025-06-08 14:42:30,14828.42,EUR,Virement international,France,True
TXN-000768,CLT-0062,2026-04-22 14:42:30,2711.96,EUR,Dépôt,Panama,False
TXN-000769,CLT-0036,2025-07-23 14:42:30,4926.95,EUR,Paiement carte,France,False
TXN-000770,CLT-0051,2025-12-21 14:42:30,4580.87,EUR,Retrait,France,False
TXN-000771,CLT-0070,2025-09-11 14:42:30,77536.48,EUR,Virement,Panama,True
TXN-000772,CLT-0059,2026-02-13 14:42:30,3434.83,EUR,Virement,Russie,False
TXN-000773,CLT-0027,2025-06-02 14:42:30,52.01,EUR,Paiement carte,France,False
TXN-000774,CLT-0024,2026-01-01 14:42:30,3067.76,EUR,Virement international,Espagne,False
TXN-000775,CLT-0044,2025-07-04 14:42:30,2362.01,EUR,Dépôt,France,False
TXN-000776,CLT-0097,2025-05-20 14:42:30,1060.56,EUR,Dépôt,Panama,False
TXN-000777,CLT-0074,2026-02-10 14:42:30,1405.35,EUR,Retrait,Allemagne,False
TXN-000778,CLT-0072,2026-01-13 14:42:30,3606.87,EUR,Paiement carte,Îles Caïmans,False
TXN-000779,CLT-0061,2026-02-26 14:42:30,4002.19,EUR,Virement,France,False
TXN-000780,CLT-0067,2025-06-25 14:42:30,681.01,EUR,Virement international,Panama,False
TXN-000781,CLT-0073,2025-07-30 14:42:30,1507.17,EUR,Virement,Îles Caïmans,False
TXN-000782,CLT-0033,2026-01-23 14:42:30,22210.74,EUR,Paiement carte,France,True
TXN-000783,CLT-0047,2025-11-10 14:42:30,1679.94,EUR,Virement international,Espagne,False
TXN-000784,CLT-0087,2025-11-15 14:42:30,2064.69,EUR,Virement international,Allemagne,False
TXN-000785,CLT-0023,2025-08-11 14:42:30,3252.83,EUR,Dépôt,Panama,False
TXN-000786,CLT-0011,2025-09-27 14:42:30,2557.12,EUR,Paiement carte,Espagne,False
TXN-000787,CLT-0082,2026-02-17 14:42:30,4783.41,EUR,Dépôt,Îles Caïmans,False
TXN-000788,CLT-0011,2026-04-07 14:42:30,2862.47,EUR,Retrait,Panama,False
TXN-000789,CLT-0091,2025-12-15 14:42:30,1591.22,EUR,Dépôt,Îles Caïmans,False
TXN-000790,CLT-0096,2025-11-09 14:42:30,2230.04,EUR,Virement international,Russie,False
TXN-000791,CLT-0017,2026-05-02 14:42:30,927.59,EUR,Retrait,Espagne,False
TXN-000792,CLT-0027,2026-04-03 14:42:30,3506.48,EUR,Retrait,Îles Caïmans,False
TXN-000793,CLT-0071,2025-09-13 14:42:30,13549.94,EUR,Virement,France,True
TXN-000794,CLT-0014,2026-04-01 14:42:30,2624.67,EUR,Dépôt,France,False
TXN-000795,CLT-0040,2025-10-26 14:42:30,89048.29,EUR,Retrait,Allemagne,True
TXN-000796,CLT-0017,2026-03-10 14:42:30,2221.37,EUR,Virement international,France,False
TXN-000797,CLT-0061,2025-11-28 14:42:30,65728.77,EUR,Paiement carte,Espagne,True
TXN-000798,CLT-0070,2025-05-21 14:42:30,684.22,EUR,Retrait,Russie,False
TXN-000799,CLT-0056,2025-07-29 14:42:30,3182.9,EUR,Virement international,Espagne,False
TXN-000800,CLT-0012,2026-01-17 14:42:30,2413.44,EUR,Paiement carte,Espagne,False
TXN-000801,CLT-0002,2025-12-09 14:42:30,1306.44,EUR,Virement,France,False
TXN-000802,CLT-0089,2026-05-09 14:42:30,2351.3,EUR,Paiement carte,Russie,False
TXN-000803,CLT-0077,2025-12-15 14:42:30,3831.69,EUR,Retrait,France,False
TXN-000804,CLT-0056,2025-07-30 14:42:30,950.97,EUR,Paiement carte,Allemagne,False
TXN-000805,CLT-0049,2025-10-26 14:42:30,3688.22,EUR,Retrait,Espagne,False
TXN-000806,CLT-0098,2025-08-22 14:42:30,62403.1,EUR,Virement international,Espagne,True
TXN-000807,CLT-0053,2025-12-27 14:42:30,3717.21,EUR,Retrait,France,False
TXN-000808,CLT-0059,2025-06-21 14:42:30,1455.08,EUR,Virement international,Russie,False
TXN-000809,CLT-0042,2026-02-06 14:42:30,3117.54,EUR,Virement,France,False
TXN-000810,CLT-0014,2026-02-07 14:42:30,54542.46,EUR,Dépôt,Espagne,True
TXN-000811,CLT-0030,2026-05-09 14:42:30,46142.25,EUR,Virement,France,True
TXN-000812,CLT-0040,2025-10-10 14:42:30,26895.36,EUR,Paiement carte,Panama,True
TXN-000813,CLT-0011,2025-11-25 14:42:30,3959.21,EUR,Retrait,France,False
TXN-000814,CLT-0061,2025-08-08 14:42:30,1968.18,EUR,Retrait,Allemagne,False
TXN-000815,CLT-0002,2025-10-30 14:42:30,1257.9,EUR,Virement,Allemagne,False
TXN-000816,CLT-0095,2026-01-07 14:42:30,4875.11,EUR,Virement,Allemagne,False
TXN-000817,CLT-0086,2025-08-20 14:42:30,3857.27,EUR,Retrait,Russie,False
TXN-000818,CLT-0021,2025-11-29 14:42:30,4806.46,EUR,Virement,France,False
TXN-000819,CLT-0047,2026-02-01 14:42:30,3196.21,EUR,Virement,Allemagne,False
TXN-000820,CLT-0042,2025-10-03 14:42:30,1187.47,EUR,Virement,France,False
TXN-000821,CLT-0032,2025-10-23 14:42:30,2927.64,EUR,Virement,France,False
TXN-000822,CLT-0077,2025-05-26 14:42:30,3456.85,EUR,Retrait,Panama,False
TXN-000823,CLT-0012,2025-08-31 14:42:30,1251.12,EUR,Virement international,Panama,False
TXN-000824,CLT-0008,2025-06-27 14:42:30,4984.9,EUR,Virement,Panama,False
TXN-000825,CLT-0017,2026-03-20 14:42:30,3509.63,EUR,Paiement carte,Allemagne,False
TXN-000826,CLT-0097,2025-06-17 14:42:30,2796.17,EUR,Dépôt,Russie,False
TXN-000827,CLT-0046,2025-11-01 14:42:30,116.55,EUR,Retrait,Espagne,False
TXN-000828,CLT-0072,2025-10-01 14:42:30,2431.66,EUR,Dépôt,Russie,False
TXN-000829,CLT-0042,2025-11-16 14:42:30,941.27,EUR,Paiement carte,Espagne,False
TXN-000830,CLT-0021,2025-08-03 14:42:30,2997.41,EUR,Virement,France,False
TXN-000831,CLT-0047,2025-08-09 14:42:30,4098.9,EUR,Paiement carte,France,False
TXN-000832,CLT-0003,2026-02-08 14:42:30,2534.73,EUR,Virement international,Panama,False
TXN-000833,CLT-0085,2026-04-11 14:42:30,1201.54,EUR,Virement international,Îles Caïmans,False
TXN-000834,CLT-0020,2025-08-04 14:42:30,3419.29,EUR,Virement international,Espagne,False
TXN-000835,CLT-0013,2026-03-18 14:42:30,3208.11,EUR,Virement international,France,False
TXN-000836,CLT-0005,2026-02-11 14:42:30,89588.56,EUR,Retrait,France,True
TXN-000837,CLT-0083,2025-07-25 14:42:30,502.78,EUR,Paiement carte,Russie,False
TXN-000838,CLT-0007,2026-01-02 14:42:30,3509.56,EUR,Dépôt,Allemagne,False
TXN-000839,CLT-0084,2026-01-27 14:42:30,363.66,EUR,Paiement carte,France,False
TXN-000840,CLT-0072,2025-11-10 14:42:30,3198.19,EUR,Paiement carte,Panama,False
TXN-000841,CLT-0035,2025-07-02 14:42:30,300.92,EUR,Virement international,France,False
TXN-000842,CLT-0028,2026-04-04 14:42:30,4173.94,EUR,Virement international,France,False
TXN-000843,CLT-0025,2025-10-28 14:42:30,28098.57,EUR,Retrait,Allemagne,True
TXN-000844,CLT-0096,2025-08-01 14:42:30,4738.04,EUR,Virement international,Îles Caïmans,False
TXN-000845,CLT-0046,2025-07-22 14:42:30,3833.75,EUR,Paiement carte,Îles Caïmans,False
TXN-000846,CLT-0071,2026-02-10 14:42:30,842.38,EUR,Paiement carte,Panama,False
TXN-000847,CLT-0057,2025-07-10 14:42:30,2674.16,EUR,Dépôt,Panama,False
TXN-000848,CLT-0053,2025-11-04 14:42:30,4984.28,EUR,Paiement carte,Panama,False
TXN-000849,CLT-0049,2026-01-24 14:42:30,2820.09,EUR,Virement international,Espagne,False
TXN-000850,CLT-0001,2025-10-22 14:42:30,2267.49,EUR,Virement,Espagne,False
TXN-000851,CLT-0001,2025-12-10 14:42:30,2592.87,EUR,Dépôt,Allemagne,False
TXN-000852,CLT-0036,2025-05-25 14:42:30,1581.37,EUR,Virement international,France,False
TXN-000853,CLT-0018,2026-02-23 14:42:30,48052.17,EUR,Dépôt,Panama,True
TXN-000854,CLT-0039,2026-01-02 14:42:30,1256.79,EUR,Virement,Îles Caïmans,False
TXN-000855,CLT-0093,2026-04-04 14:42:30,1095.01,EUR,Dépôt,Russie,False
TXN-000856,CLT-0090,2025-05-25 14:42:30,4130.27,EUR,Virement international,France,False
TXN-000857,CLT-0049,2025-07-22 14:42:30,1508.96,EUR,Virement,France,False
TXN-000858,CLT-0054,2025-10-03 14:42:30,1678.6,EUR,Virement,Allemagne,False
TXN-000859,CLT-0082,2026-05-08 14:42:30,4248.9,EUR,Paiement carte,France,False
TXN-000860,CLT-0073,2025-08-10 14:42:30,215.5,EUR,Retrait,Panama,False
TXN-000861,CLT-0087,2026-04-18 14:42:30,1111.78,EUR,Paiement carte,Russie,False
TXN-000862,CLT-0029,2026-03-28 14:42:30,2880.52,EUR,Paiement carte,Espagne,False
TXN-000863,CLT-0011,2025-11-22 14:42:30,748.58,EUR,Paiement carte,France,False
TXN-000864,CLT-0065,2025-10-21 14:42:30,1320.16,EUR,Paiement carte,France,False
TXN-000865,CLT-0063,2026-02-01 14:42:30,2409.8,EUR,Paiement carte,Allemagne,False
TXN-000866,CLT-0032,2025-08-18 14:42:30,4985.42,EUR,Retrait,France,False
TXN-000867,CLT-0074,2025-05-28 14:42:30,2156.03,EUR,Virement,France,False
TXN-000868,CLT-0025,2025-11-16 14:42:30,2123.47,EUR,Dépôt,Panama,False
TXN-000869,CLT-0022,2025-12-08 14:42:30,130.79,EUR,Dépôt,Russie,False
TXN-000870,CLT-0026,2026-01-14 14:42:30,2207.91,EUR,Dépôt,France,False
TXN-000871,CLT-0095,2026-03-17 14:42:30,4265.29,EUR,Virement,Allemagne,False
TXN-000872,CLT-0002,2025-12-17 14:42:30,4634.38,EUR,Dépôt,France,False
TXN-000873,CLT-0027,2025-11-25 14:42:30,2361.24,EUR,Virement international,Allemagne,False
TXN-000874,CLT-0071,2026-01-01 14:42:30,2621.1,EUR,Paiement carte,France,False
TXN-000875,CLT-0075,2025-11-02 14:42:30,3344.62,EUR,Virement international,France,False
TXN-000876,CLT-0090,2026-01-31 14:42:30,309.95,EUR,Virement international,Espagne,False
TXN-000877,CLT-0009,2026-05-09 14:42:30,64963.93,EUR,Paiement carte,Espagne,True
TXN-000878,CLT-0014,2025-11-10 14:42:30,4565.22,EUR,Virement,Espagne,False
TXN-000879,CLT-0049,2026-01-15 14:42:30,3250.56,EUR,Virement international,France,False
TXN-000880,CLT-0069,2025-07-12 14:42:30,2428.46,EUR,Virement,France,False
TXN-000881,CLT-0092,2025-07-30 14:42:30,4834.29,EUR,Virement,France,False
TXN-000882,CLT-0063,2025-11-24 14:42:30,2651.78,EUR,Paiement carte,France,False
TXN-000883,CLT-0081,2025-11-13 14:42:30,67535.09,EUR,Dépôt,Allemagne,True
TXN-000884,CLT-0008,2025-12-23 14:42:30,4893.15,EUR,Dépôt,Îles Caïmans,False
TXN-000885,CLT-0072,2026-04-28 14:42:30,4076.14,EUR,Dépôt,Allemagne,False
TXN-000886,CLT-0018,2025-06-11 14:42:30,4486.9,EUR,Virement,Îles Caïmans,False
TXN-000887,CLT-0088,2025-06-27 14:42:30,3393.19,EUR,Retrait,Îles Caïmans,False
TXN-000888,CLT-0078,2025-12-05 14:42:30,772.22,EUR,Dépôt,Russie,False
TXN-000889,CLT-0075,2026-03-04 14:42:30,1041.72,EUR,Virement international,Allemagne,False
TXN-000890,CLT-0068,2025-05-17 14:42:30,1551.9,EUR,Retrait,Îles Caïmans,False
TXN-000891,CLT-0084,2026-02-28 14:42:30,4879.13,EUR,Virement international,France,False
TXN-000892,CLT-0024,2026-03-14 14:42:30,2791.13,EUR,Dépôt,France,False
TXN-000893,CLT-0053,2025-10-14 14:42:30,3829.52,EUR,Dépôt,Russie,False
TXN-000894,CLT-0095,2025-06-21 14:42:30,4110.28,EUR,Dépôt,France,False
TXN-000895,CLT-0004,2026-02-08 14:42:30,542.79,EUR,Virement international,Espagne,False
TXN-000896,CLT-0030,2025-07-12 14:42:30,3065.69,EUR,Retrait,France,False
TXN-000897,CLT-0018,2025-09-11 14:42:30,3443.83,EUR,Virement international,Russie,False
TXN-000898,CLT-0063,2025-10-27 14:42:30,1876.06,EUR,Paiement carte,France,False
TXN-000899,CLT-0098,2025-10-16 14:42:30,1139.1,EUR,Virement,Espagne,False
TXN-000900,CLT-0026,2025-06-04 14:42:30,1120.55,EUR,Retrait,France,False
TXN-000901,CLT-0079,2025-10-01 14:42:30,4773.95,EUR,Paiement carte,Panama,False
TXN-000902,CLT-0052,2025-10-07 14:42:30,4439.06,EUR,Virement,Îles Caïmans,False
TXN-000903,CLT-0077,2025-07-25 14:42:30,1976.81,EUR,Virement international,France,False
TXN-000904,CLT-0032,2026-04-22 14:42:30,2263.53,EUR,Virement international,Îles Caïmans,False
TXN-000905,CLT-0067,2025-10-27 14:42:30,205.87,EUR,Virement,Allemagne,False
TXN-000906,CLT-0100,2025-12-09 14:42:30,1996.22,EUR,Dépôt,Russie,False
TXN-000907,CLT-0089,2026-04-16 14:42:30,1479.15,EUR,Virement international,France,False
TXN-000908,CLT-0093,2026-03-28 14:42:30,3234.05,EUR,Virement international,France,False
TXN-000909,CLT-0070,2025-05-22 14:42:30,2931.38,EUR,Retrait,Îles Caïmans,False
TXN-000910,CLT-0059,2026-02-11 14:42:30,2259.92,EUR,Virement international,Allemagne,False
TXN-000911,CLT-0089,2025-11-29 14:42:30,460.0,EUR,Retrait,France,False
TXN-000912,CLT-0047,2025-06-23 14:42:30,69441.72,EUR,Virement,Îles Caïmans,True
TXN-000913,CLT-0021,2025-07-04 14:42:30,4876.21,EUR,Paiement carte,Îles Caïmans,False
TXN-000914,CLT-0073,2025-11-23 14:42:30,22866.99,EUR,Retrait,France,True
TXN-000915,CLT-0007,2025-05-14 14:42:30,902.55,EUR,Paiement carte,Espagne,False
TXN-000916,CLT-0037,2025-09-27 14:42:30,3845.47,EUR,Retrait,France,False
TXN-000917,CLT-0080,2026-05-12 14:42:30,4802.57,EUR,Dépôt,France,False
TXN-000918,CLT-0001,2025-08-08 14:42:30,4278.5,EUR,Virement international,Russie,False
TXN-000919,CLT-0059,2025-09-12 14:42:30,2948.42,EUR,Paiement carte,Russie,False
TXN-000920,CLT-0071,2026-01-08 14:42:30,60208.88,EUR,Dépôt,Allemagne,True
TXN-000921,CLT-0045,2025-06-13 14:42:30,20898.29,EUR,Virement,France,True
TXN-000922,CLT-0039,2025-07-09 14:42:30,3338.31,EUR,Dépôt,France,False
TXN-000923,CLT-0021,2026-02-11 14:42:30,44275.25,EUR,Dépôt,France,True
TXN-000924,CLT-0005,2025-11-10 14:42:30,3749.18,EUR,Virement,Espagne,False
TXN-000925,CLT-0098,2026-04-09 14:42:30,4488.67,EUR,Paiement carte,France,False
TXN-000926,CLT-0036,2025-05-23 14:42:30,681.38,EUR,Dépôt,Îles Caïmans,False
TXN-000927,CLT-0008,2025-07-04 14:42:30,3482.19,EUR,Virement,France,False
TXN-000928,CLT-0037,2025-05-17 14:42:30,3446.38,EUR,Paiement carte,Panama,False
TXN-000929,CLT-0046,2025-06-28 14:42:30,2879.96,EUR,Retrait,Russie,False
TXN-000930,CLT-0024,2025-09-03 14:42:30,3162.97,EUR,Virement international,Allemagne,False
TXN-000931,CLT-0016,2026-05-13 14:42:30,4896.5,EUR,Virement,Russie,False
TXN-000932,CLT-0079,2026-01-27 14:42:30,598.45,EUR,Paiement carte,Îles Caïmans,False
TXN-000933,CLT-0028,2025-06-21 14:42:30,38419.55,EUR,Virement,Allemagne,True
TXN-000934,CLT-0040,2026-04-09 14:42:30,1279.54,EUR,Dépôt,Panama,False
TXN-000935,CLT-0044,2025-11-24 14:42:30,578.05,EUR,Paiement carte,France,False
TXN-000936,CLT-0087,2025-11-21 14:42:30,978.14,EUR,Paiement carte,Russie,False
TXN-000937,CLT-0020,2025-09-09 14:42:30,3231.8,EUR,Paiement carte,Panama,False
TXN-000938,CLT-0067,2026-04-15 14:42:30,4072.69,EUR,Dépôt,Panama,False
TXN-000939,CLT-0088,2025-07-22 14:42:30,103.4,EUR,Dépôt,Panama,False
TXN-000940,CLT-0044,2026-04-28 14:42:30,20989.53,EUR,Paiement carte,France,True
TXN-000941,CLT-0015,2025-07-13 14:42:30,1953.94,EUR,Dépôt,Panama,False
TXN-000942,CLT-0064,2026-03-30 14:42:30,1364.77,EUR,Retrait,Panama,False
TXN-000943,CLT-0068,2026-01-23 14:42:30,4754.13,EUR,Dépôt,France,False
TXN-000944,CLT-0012,2026-01-30 14:42:30,76290.13,EUR,Paiement carte,France,True
TXN-000945,CLT-0025,2026-02-24 14:42:30,4525.73,EUR,Dépôt,Russie,False
TXN-000946,CLT-0019,2025-11-27 14:42:30,2622.9,EUR,Virement,France,False
TXN-000947,CLT-0092,2025-10-27 14:42:30,192.4,EUR,Virement international,France,False
TXN-000948,CLT-0077,2025-05-27 14:42:30,89113.35,EUR,Virement,Panama,True
TXN-000949,CLT-0099,2025-08-20 14:42:30,240.24,EUR,Dépôt,France,False
TXN-000950,CLT-0042,2026-01-26 14:42:30,1567.59,EUR,Retrait,Allemagne,False
TXN-000951,CLT-0086,2025-09-30 14:42:30,2666.06,EUR,Virement,Espagne,False
TXN-000952,CLT-0080,2026-05-06 14:42:30,31806.41,EUR,Virement international,France,True
TXN-000953,CLT-0035,2025-12-01 14:42:30,1758.09,EUR,Retrait,Espagne,False
TXN-000954,CLT-0079,2025-12-05 14:42:30,864.66,EUR,Dépôt,Russie,False
TXN-000955,CLT-0007,2025-06-02 14:42:30,10522.36,EUR,Virement,Îles Caïmans,True
TXN-000956,CLT-0091,2026-02-11 14:42:30,45102.52,EUR,Virement international,Russie,True
TXN-000957,CLT-0092,2026-02-01 14:42:30,1569.08,EUR,Virement international,France,False
TXN-000958,CLT-0073,2025-09-17 14:42:30,3781.16,EUR,Retrait,France,False
TXN-000959,CLT-0013,2025-09-16 14:42:30,4599.25,EUR,Paiement carte,Espagne,False
TXN-000960,CLT-0061,2025-09-17 14:42:30,3553.98,EUR,Retrait,Allemagne,False
TXN-000961,CLT-0047,2026-01-01 14:42:30,85925.97,EUR,Paiement carte,France,True
TXN-000962,CLT-0059,2025-11-28 14:42:30,3329.25,EUR,Paiement carte,France,False
TXN-000963,CLT-0060,2025-09-10 14:42:30,17821.17,EUR,Retrait,Espagne,True
TXN-000964,CLT-0066,2026-03-09 14:42:30,3026.16,EUR,Virement,Îles Caïmans,False
TXN-000965,CLT-0072,2025-11-28 14:42:30,3985.82,EUR,Virement,Espagne,False
TXN-000966,CLT-0031,2025-10-14 14:42:30,2010.07,EUR,Virement international,Allemagne,False
TXN-000967,CLT-0009,2025-10-29 14:42:30,4869.72,EUR,Dépôt,Allemagne,False
TXN-000968,CLT-0073,2025-10-03 14:42:30,2958.94,EUR,Dépôt,Allemagne,False
TXN-000969,CLT-0074,2025-05-14 14:42:30,3351.33,EUR,Paiement carte,France,False
TXN-000970,CLT-0013,2025-08-02 14:42:30,2319.91,EUR,Paiement carte,France,False
TXN-000971,CLT-0014,2025-07-11 14:42:30,2034.91,EUR,Virement international,Îles Caïmans,False
TXN-000972,CLT-0012,2026-04-12 14:42:30,3228.5,EUR,Retrait,France,False
TXN-000973,CLT-0001,2025-06-22 14:42:30,4517.25,EUR,Retrait,France,False
TXN-000974,CLT-0074,2025-07-02 14:42:30,1464.6,EUR,Paiement carte,Allemagne,False
TXN-000975,CLT-0073,2025-12-11 14:42:30,4388.35,EUR,Dépôt,Îles Caïmans,False
TXN-000976,CLT-0075,2026-03-29 14:42:30,4576.44,EUR,Virement,Îles Caïmans,False
TXN-000977,CLT-0048,2026-04-12 14:42:30,4264.0,EUR,Virement international,France,False
TXN-000978,CLT-0015,2025-11-11 14:42:30,56722.63,EUR,Dépôt,France,True
TXN-000979,CLT-0081,2025-10-24 14:42:30,3514.09,EUR,Dépôt,Îles Caïmans,False
TXN-000980,CLT-0085,2026-01-25 14:42:30,2181.6,EUR,Retrait,Russie,False
TXN-000981,CLT-0054,2025-11-10 14:42:30,56321.68,EUR,Retrait,Espagne,True
TXN-000982,CLT-0002,2026-03-06 14:42:30,3353.63,EUR,Virement,France,False
TXN-000983,CLT-0056,2025-06-11 14:42:30,84985.32,EUR,Retrait,France,True
TXN-000984,CLT-0090,2025-09-22 14:42:30,78116.92,EUR,Virement international,Îles Caïmans,True
TXN-000985,CLT-0071,2025-10-08 14:42:30,2277.43,EUR,Paiement carte,Îles Caïmans,False
TXN-000986,CLT-0001,2025-07-08 14:42:30,937.1,EUR,Virement international,Russie,False
TXN-000987,CLT-0035,2025-08-30 14:42:30,1191.38,EUR,Paiement carte,Panama,False
TXN-000988,CLT-0091,2025-09-08 14:42:30,11294.26,EUR,Dépôt,France,True
TXN-000989,CLT-0019,2026-04-03 14:42:30,4809.07,EUR,Virement international,Espagne,False
TXN-000990,CLT-0012,2025-07-05 14:42:30,400.39,EUR,Retrait,Russie,False
TXN-000991,CLT-0010,2025-06-05 14:42:30,3322.05,EUR,Virement international,Espagne,False
TXN-000992,CLT-0100,2025-08-13 14:42:30,4518.89,EUR,Virement,Russie,False
TXN-000993,CLT-0094,2025-07-24 14:42:30,4531.21,EUR,Dépôt,Îles Caïmans,False
TXN-000994,CLT-0038,2025-12-14 14:42:30,4889.02,EUR,Retrait,France,False
TXN-000995,CLT-0094,2025-12-09 14:42:30,2992.21,EUR,Virement international,Espagne,False
TXN-000996,CLT-0074,2026-02-16 14:42:30,49164.97,EUR,Virement,Espagne,True
TXN-000997,CLT-0063,2025-12-18 14:42:30,3125.34,EUR,Virement,France,False
TXN-000998,CLT-0033,2025-12-22 14:42:30,4258.71,EUR,Retrait,Espagne,False
TXN-000999,CLT-0078,2026-03-17 14:42:30,1292.21,EUR,Retrait,France,False
TXN-001000,CLT-0034,2026-02-13 14:42:30,1855.14,EUR,Retrait,Russie,False
TXN-001001,CLT-0044,2026-04-27 14:42:30,2641.67,EUR,Virement,France,False
TXN-001002,CLT-0097,2025-09-02 14:42:30,4110.4,EUR,Paiement carte,Îles Caïmans,False
TXN-001003,CLT-0022,2025-06-21 14:42:30,2206.52,EUR,Retrait,Panama,False
TXN-001004,CLT-0007,2026-03-15 14:42:30,31002.41,EUR,Retrait,Russie,True
TXN-001005,CLT-0030,2025-08-14 14:42:30,1513.82,EUR,Paiement carte,Îles Caïmans,False
TXN-001006,CLT-0002,2025-10-03 14:42:30,734.3,EUR,Dépôt,Russie,False
TXN-001007,CLT-0088,2025-08-15 14:42:30,1585.29,EUR,Virement,France,False
TXN-001008,CLT-0079,2025-10-04 14:42:30,3190.75,EUR,Dépôt,Panama,False
TXN-001009,CLT-0084,2026-01-03 14:42:30,4013.56,EUR,Virement international,Îles Caïmans,False
TXN-001010,CLT-0094,2026-01-10 14:42:30,3379.7,EUR,Virement international,Allemagne,False
TXN-001011,CLT-0041,2026-02-10 14:42:30,3391.81,EUR,Virement international,France,False
TXN-001012,CLT-0053,2026-05-07 14:42:30,4160.13,EUR,Virement,France,False
TXN-001013,CLT-0033,2025-12-19 14:42:30,1764.07,EUR,Retrait,France,False
TXN-001014,CLT-0085,2025-07-13 14:42:30,15998.89,EUR,Retrait,France,True
TXN-001015,CLT-0017,2025-07-08 14:42:30,608.69,EUR,Paiement carte,France,False
TXN-001016,CLT-0038,2026-01-04 14:42:30,3481.31,EUR,Paiement carte,France,False
TXN-001017,CLT-0099,2025-12-23 14:42:30,4614.25,EUR,Paiement carte,Panama,False
TXN-001018,CLT-0100,2025-12-23 14:42:30,3905.85,EUR,Virement,Îles Caïmans,False
TXN-001019,CLT-0034,2026-01-01 14:42:30,4979.83,EUR,Retrait,Russie,False
TXN-001020,CLT-0079,2026-01-31 14:42:30,93209.71,EUR,Paiement carte,France,True
TXN-001021,CLT-0099,2025-08-10 14:42:30,551.07,EUR,Paiement carte,Allemagne,False
TXN-001022,CLT-0092,2025-09-29 14:42:30,540.19,EUR,Dépôt,France,False
TXN-001023,CLT-0100,2026-01-05 14:42:30,14125.87,EUR,Paiement carte,France,True
TXN-001024,CLT-0001,2025-06-20 14:42:30,752.78,EUR,Virement,Îles Caïmans,False
TXN-001025,CLT-0074,2025-10-25 14:42:30,3503.28,EUR,Virement,Russie,False
TXN-001026,CLT-0070,2026-04-08 14:42:30,2025.52,EUR,Retrait,France,False
TXN-001027,CLT-0016,2025-09-09 14:42:30,3449.41,EUR,Virement international,Panama,False
TXN-001028,CLT-0081,2026-04-15 14:42:30,1521.11,EUR,Virement,Panama,False
TXN-001029,CLT-0059,2026-04-02 14:42:30,4805.02,EUR,Dépôt,Allemagne,False
TXN-001030,CLT-0085,2025-10-29 14:42:30,206.26,EUR,Retrait,Espagne,False
TXN-001031,CLT-0089,2025-06-25 14:42:30,4483.34,EUR,Dépôt,Russie,False
TXN-001032,CLT-0018,2026-02-05 14:42:30,63052.84,EUR,Virement,Allemagne,True
TXN-001033,CLT-0063,2026-01-11 14:42:30,94685.37,EUR,Paiement carte,France,True
TXN-001034,CLT-0069,2025-08-31 14:42:30,3220.6,EUR,Paiement carte,France,False
TXN-001035,CLT-0052,2026-04-22 14:42:30,12876.74,EUR,Virement,Allemagne,True
TXN-001036,CLT-0087,2025-09-21 14:42:30,3339.91,EUR,Virement international,France,False
TXN-001037,CLT-0005,2026-04-07 14:42:30,1172.6,EUR,Retrait,Russie,False
TXN-001038,CLT-0006,2025-07-01 14:42:30,2361.39,EUR,Retrait,France,False
TXN-001039,CLT-0013,2025-12-07 14:42:30,63041.55,EUR,Paiement carte,France,True
TXN-001040,CLT-0015,2026-03-20 14:42:30,329.15,EUR,Paiement carte,Allemagne,False
TXN-001041,CLT-0095,2025-11-22 14:42:30,25629.78,EUR,Paiement carte,Panama,True
TXN-001042,CLT-0018,2025-08-07 14:42:30,67515.69,EUR,Dépôt,Allemagne,True
TXN-001043,CLT-0009,2025-11-23 14:42:30,2969.5,EUR,Virement,Espagne,False
TXN-001044,CLT-0048,2025-05-22 14:42:30,44118.43,EUR,Virement international,France,True
TXN-001045,CLT-0018,2026-04-23 14:42:30,4629.12,EUR,Virement,Îles Caïmans,False
TXN-001046,CLT-0011,2025-09-06 14:42:30,88.0,EUR,Virement,France,False
TXN-001047,CLT-0076,2025-06-14 14:42:30,454.81,EUR,Dépôt,Îles Caïmans,False
TXN-001048,CLT-0089,2025-09-12 14:42:30,3963.28,EUR,Retrait,Allemagne,False
TXN-001049,CLT-0053,2025-09-25 14:42:30,31572.63,EUR,Retrait,France,True
TXN-001050,CLT-0092,2026-02-10 14:42:30,197.73,EUR,Paiement carte,France,False
TXN-001051,CLT-0054,2025-11-16 14:42:30,3915.09,EUR,Virement,Allemagne,False
TXN-001052,CLT-0080,2026-03-26 14:42:30,4933.15,EUR,Dépôt,Allemagne,False
TXN-001053,CLT-0036,2026-01-27 14:42:30,3136.06,EUR,Virement,Allemagne,False
TXN-001054,CLT-0064,2025-09-13 14:42:30,20981.92,EUR,Retrait,France,True
TXN-001055,CLT-0047,2025-06-17 14:42:30,225.15,EUR,Dépôt,Allemagne,False
TXN-001056,CLT-0006,2025-09-23 14:42:30,1678.13,EUR,Virement,France,False
TXN-001057,CLT-0063,2026-04-29 14:42:30,887.68,EUR,Virement international,France,False
TXN-001058,CLT-0076,2025-09-28 14:42:30,28471.09,EUR,Virement international,Panama,True
TXN-001059,CLT-0030,2025-11-28 14:42:30,3737.96,EUR,Virement,Panama,False
TXN-001060,CLT-0026,2025-10-14 14:42:30,1193.22,EUR,Paiement carte,Allemagne,False
TXN-001061,CLT-0056,2026-04-16 14:42:30,58903.03,EUR,Retrait,Allemagne,True
TXN-001062,CLT-0048,2025-10-27 14:42:30,2280.4,EUR,Retrait,Russie,False
TXN-001063,CLT-0026,2025-12-26 14:42:30,3163.79,EUR,Dépôt,France,False
TXN-001064,CLT-0018,2025-12-21 14:42:30,57473.93,EUR,Virement,Russie,True
TXN-001065,CLT-0029,2025-11-19 14:42:30,864.29,EUR,Dépôt,France,False
TXN-001066,CLT-0022,2025-07-04 14:42:30,3193.62,EUR,Virement international,Allemagne,False
TXN-001067,CLT-0028,2025-09-05 14:42:30,82556.72,EUR,Virement international,Russie,True
TXN-001068,CLT-0095,2025-10-06 14:42:30,1403.06,EUR,Retrait,Allemagne,False
TXN-001069,CLT-0020,2025-07-15 14:42:30,2901.54,EUR,Virement international,France,False
TXN-001070,CLT-0094,2025-09-15 14:42:30,230.68,EUR,Virement international,France,False
TXN-001071,CLT-0013,2025-05-22 14:42:30,1977.66,EUR,Paiement carte,Russie,False
TXN-001072,CLT-0089,2026-05-07 14:42:30,2796.85,EUR,Paiement carte,Allemagne,False
TXN-001073,CLT-0012,2025-06-16 14:42:30,33733.77,EUR,Virement,Russie,True
TXN-001074,CLT-0074,2025-09-20 14:42:30,817.4,EUR,Virement international,France,False
TXN-001075,CLT-0091,2026-03-04 14:42:30,2324.17,EUR,Paiement carte,France,False
TXN-001076,CLT-0091,2025-09-18 14:42:30,1858.4,EUR,Virement,France,False
TXN-001077,CLT-0005,2025-08-15 14:42:30,3456.85,EUR,Dépôt,Îles Caïmans,False
TXN-001078,CLT-0070,2025-07-04 14:42:30,3493.29,EUR,Virement international,Allemagne,False
TXN-001079,CLT-0095,2025-11-23 14:42:30,413.99,EUR,Virement,Panama,False
TXN-001080,CLT-0060,2025-11-07 14:42:30,563.72,EUR,Virement international,France,False
TXN-001081,CLT-0091,2025-07-31 14:42:30,884.58,EUR,Virement,Allemagne,False
TXN-001082,CLT-0015,2025-08-10 14:42:30,37138.88,EUR,Paiement carte,Allemagne,True
TXN-001083,CLT-0046,2025-11-30 14:42:30,3806.82,EUR,Dépôt,Îles Caïmans,False
TXN-001084,CLT-0058,2025-11-18 14:42:30,326.21,EUR,Paiement carte,France,False
TXN-001085,CLT-0038,2025-08-14 14:42:30,2664.2,EUR,Paiement carte,Panama,False
TXN-001086,CLT-0025,2026-04-10 14:42:30,4727.37,EUR,Paiement carte,France,False
TXN-001087,CLT-0010,2025-12-17 14:42:30,86121.29,EUR,Virement,France,True
TXN-001088,CLT-0020,2025-09-01 14:42:30,3488.44,EUR,Retrait,France,False
TXN-001089,CLT-0017,2025-08-09 14:42:30,4848.18,EUR,Paiement carte,Panama,False
TXN-001090,CLT-0038,2026-05-03 14:42:30,3691.17,EUR,Retrait,France,False
TXN-001091,CLT-0083,2025-08-20 14:42:30,77773.05,EUR,Dépôt,Îles Caïmans,True
TXN-001092,CLT-0063,2025-11-27 14:42:30,3282.24,EUR,Virement international,Russie,False
TXN-001093,CLT-0022,2025-12-08 14:42:30,2840.59,EUR,Dépôt,Allemagne,False
TXN-001094,CLT-0019,2026-04-19 14:42:30,4853.91,EUR,Dépôt,Espagne,False
TXN-001095,CLT-0092,2026-02-20 14:42:30,840.15,EUR,Virement international,Espagne,False
TXN-001096,CLT-0089,2025-05-16 14:42:30,885.04,EUR,Retrait,France,False
TXN-001097,CLT-0074,2025-12-02 14:42:30,215.35,EUR,Retrait,Russie,False
TXN-001098,CLT-0091,2025-07-30 14:42:30,930.64,EUR,Virement,Panama,False
TXN-001099,CLT-0070,2025-09-26 14:42:30,748.24,EUR,Retrait,Espagne,False
TXN-001100,CLT-0099,2025-08-31 14:42:30,10168.49,EUR,Retrait,Russie,True
TXN-001101,CLT-0065,2025-08-07 14:42:30,788.71,EUR,Dépôt,Espagne,False
TXN-001102,CLT-0086,2025-07-24 14:42:30,1456.24,EUR,Retrait,Russie,False
TXN-001103,CLT-0006,2025-09-10 14:42:30,570.45,EUR,Retrait,France,False
TXN-001104,CLT-0058,2026-01-21 14:42:30,2014.13,EUR,Dépôt,France,False
TXN-001105,CLT-0075,2026-02-03 14:42:30,3044.67,EUR,Virement international,Allemagne,False
TXN-001106,CLT-0003,2026-02-02 14:42:30,3837.8,EUR,Virement,Russie,False
TXN-001107,CLT-0051,2025-08-24 14:42:30,4788.54,EUR,Retrait,Russie,False
TXN-001108,CLT-0086,2026-04-15 14:42:30,3029.34,EUR,Dépôt,Îles Caïmans,False
TXN-001109,CLT-0050,2025-11-05 14:42:30,82280.95,EUR,Dépôt,France,True
TXN-001110,CLT-0072,2025-09-27 14:42:30,1763.26,EUR,Virement,Allemagne,False
TXN-001111,CLT-0057,2025-10-13 14:42:30,2226.66,EUR,Dépôt,France,False
TXN-001112,CLT-0094,2025-10-08 14:42:30,4852.1,EUR,Paiement carte,France,False
TXN-001113,CLT-0027,2026-03-01 14:42:30,2993.7,EUR,Dépôt,Russie,False
TXN-001114,CLT-0009,2025-11-23 14:42:30,2631.25,EUR,Virement international,Îles Caïmans,False
TXN-001115,CLT-0054,2025-12-25 14:42:30,43623.08,EUR,Retrait,Russie,True
TXN-001116,CLT-0026,2026-03-04 14:42:30,3778.67,EUR,Retrait,Îles Caïmans,False
TXN-001117,CLT-0075,2025-12-10 14:42:30,2458.02,EUR,Dépôt,Russie,False
TXN-001118,CLT-0001,2026-04-30 14:42:30,2322.62,EUR,Retrait,Espagne,False
TXN-001119,CLT-0061,2025-06-22 14:42:30,3206.37,EUR,Virement,Espagne,False
TXN-001120,CLT-0083,2025-05-26 14:42:30,2464.51,EUR,Retrait,France,False
TXN-001121,CLT-0077,2026-04-09 14:42:30,32117.88,EUR,Dépôt,Russie,True
TXN-001122,CLT-0088,2025-06-26 14:42:30,4343.05,EUR,Paiement carte,France,False
TXN-001123,CLT-0034,2026-05-05 14:42:30,3667.46,EUR,Retrait,France,False
TXN-001124,CLT-0018,2025-05-24 14:42:30,48110.83,EUR,Dépôt,France,True
TXN-001125,CLT-0046,2025-06-22 14:42:30,39421.22,EUR,Virement,Espagne,True
TXN-001126,CLT-0066,2026-04-04 14:42:30,3198.34,EUR,Retrait,France,False
TXN-001127,CLT-0070,2026-02-17 14:42:30,2997.82,EUR,Dépôt,Panama,False
TXN-001128,CLT-0035,2025-12-10 14:42:30,3427.99,EUR,Dépôt,France,False
TXN-001129,CLT-0002,2026-03-01 14:42:30,1764.63,EUR,Retrait,Espagne,False
TXN-001130,CLT-0021,2025-11-20 14:42:30,2429.65,EUR,Virement,Allemagne,False
TXN-001131,CLT-0072,2026-02-06 14:42:30,1113.36,EUR,Virement international,France,False
TXN-001132,CLT-0017,2026-03-15 14:42:30,4581.0,EUR,Virement,Russie,False
TXN-001133,CLT-0057,2026-03-03 14:42:30,3458.34,EUR,Virement international,Panama,False
TXN-001134,CLT-0029,2026-03-14 14:42:30,1530.37,EUR,Retrait,France,False
TXN-001135,CLT-0017,2026-01-26 14:42:30,1544.07,EUR,Virement,Îles Caïmans,False
TXN-001136,CLT-0003,2026-04-04 14:42:30,3922.31,EUR,Paiement carte,Îles Caïmans,False
TXN-001137,CLT-0066,2025-06-10 14:42:30,17380.11,EUR,Virement international,France,True
TXN-001138,CLT-0009,2026-04-21 14:42:30,4543.56,EUR,Dépôt,France,False
TXN-001139,CLT-0027,2025-07-09 14:42:30,3914.03,EUR,Virement international,Allemagne,False
TXN-001140,CLT-0019,2026-03-28 14:42:30,1764.15,EUR,Dépôt,Panama,False
TXN-001141,CLT-0031,2025-07-04 14:42:30,4277.14,EUR,Virement international,France,False
TXN-001142,CLT-0068,2026-05-06 14:42:30,58297.63,EUR,Retrait,Allemagne,True
TXN-001143,CLT-0001,2025-08-11 14:42:30,867.15,EUR,Virement,Allemagne,False
TXN-001144,CLT-0047,2025-09-12 14:42:30,4257.97,EUR,Virement international,France,False
TXN-001145,CLT-0046,2026-02-10 14:42:30,4789.16,EUR,Paiement carte,Îles Caïmans,False
TXN-001146,CLT-0098,2026-03-17 14:42:30,1145.5,EUR,Dépôt,France,False
TXN-001147,CLT-0098,2025-09-02 14:42:30,2603.44,EUR,Dépôt,Espagne,False
TXN-001148,CLT-0064,2025-11-27 14:42:30,212.64,EUR,Virement,Îles Caïmans,False
TXN-001149,CLT-0088,2025-12-05 14:42:30,3005.94,EUR,Paiement carte,Allemagne,False
TXN-001150,CLT-0025,2025-10-06 14:42:30,1460.04,EUR,Virement,Russie,False
TXN-001151,CLT-0087,2026-05-07 14:42:30,1843.53,EUR,Paiement carte,France,False
TXN-001152,CLT-0011,2025-06-01 14:42:30,2618.09,EUR,Virement,France,False
TXN-001153,CLT-0095,2026-03-22 14:42:30,3478.24,EUR,Retrait,France,False
TXN-001154,CLT-0077,2026-01-31 14:42:30,1003.44,EUR,Paiement carte,France,False
TXN-001155,CLT-0036,2025-08-31 14:42:30,2129.27,EUR,Virement international,Espagne,False
TXN-001156,CLT-0046,2025-10-21 14:42:30,4006.91,EUR,Paiement carte,Îles Caïmans,False
TXN-001157,CLT-0099,2026-02-27 14:42:30,2561.96,EUR,Paiement carte,France,False
TXN-001158,CLT-0081,2026-01-15 14:42:30,50572.7,EUR,Retrait,France,True
TXN-001159,CLT-0064,2026-04-09 14:42:30,12598.16,EUR,Virement,France,True
TXN-001160,CLT-0039,2026-02-24 14:42:30,3399.23,EUR,Virement international,France,False
TXN-001161,CLT-0099,2025-08-20 14:42:30,3308.79,EUR,Paiement carte,Russie,False
TXN-001162,CLT-0065,2025-09-04 14:42:30,3313.85,EUR,Dépôt,Panama,False
TXN-001163,CLT-0098,2026-05-04 14:42:30,2707.24,EUR,Virement,Îles Caïmans,False
TXN-001164,CLT-0041,2025-09-25 14:42:30,604.48,EUR,Paiement carte,Russie,False
TXN-001165,CLT-0085,2025-08-01 14:42:30,173.97,EUR,Dépôt,France,False
TXN-001166,CLT-0063,2025-10-26 14:42:30,681.1,EUR,Virement,Russie,False
TXN-001167,CLT-0061,2025-07-25 14:42:30,3430.02,EUR,Paiement carte,France,False
TXN-001168,CLT-0076,2025-09-02 14:42:30,1963.01,EUR,Paiement carte,Panama,False
TXN-001169,CLT-0004,2026-04-12 14:42:30,1429.34,EUR,Virement international,France,False
TXN-001170,CLT-0004,2025-07-19 14:42:30,39877.68,EUR,Dépôt,Îles Caïmans,True
TXN-001171,CLT-0053,2025-11-12 14:42:30,38027.44,EUR,Dépôt,France,True
TXN-001172,CLT-0040,2025-06-16 14:42:30,1245.59,EUR,Virement international,France,False
TXN-001173,CLT-0015,2025-12-08 14:42:30,336.85,EUR,Dépôt,France,False
TXN-001174,CLT-0085,2025-09-20 14:42:30,36372.16,EUR,Paiement carte,Îles Caïmans,True
TXN-001175,CLT-0003,2025-07-16 14:42:30,3482.83,EUR,Dépôt,Îles Caïmans,False
TXN-001176,CLT-0063,2026-03-24 14:42:30,1618.88,EUR,Virement,Allemagne,False
TXN-001177,CLT-0044,2025-06-06 14:42:30,2518.81,EUR,Retrait,Espagne,False
TXN-001178,CLT-0082,2025-09-01 14:42:30,2185.6,EUR,Virement,Allemagne,False
TXN-001179,CLT-0052,2025-07-24 14:42:30,247.18,EUR,Retrait,France,False
TXN-001180,CLT-0044,2025-07-14 14:42:30,2895.18,EUR,Dépôt,France,False
TXN-001181,CLT-0027,2025-10-07 14:42:30,2660.01,EUR,Dépôt,France,False
TXN-001182,CLT-0056,2025-12-11 14:42:30,1516.22,EUR,Virement international,Panama,False
TXN-001183,CLT-0066,2025-06-28 14:42:30,2017.48,EUR,Paiement carte,France,False
TXN-001184,CLT-0024,2025-08-22 14:42:30,3142.94,EUR,Virement international,Russie,False
TXN-001185,CLT-0035,2025-09-16 14:42:30,4810.96,EUR,Virement international,Îles Caïmans,False
TXN-001186,CLT-0067,2026-04-13 14:42:30,3635.81,EUR,Retrait,Panama,False
TXN-001187,CLT-0098,2025-05-28 14:42:30,1209.47,EUR,Dépôt,Îles Caïmans,False
TXN-001188,CLT-0082,2026-04-11 14:42:30,4302.33,EUR,Retrait,Îles Caïmans,False
TXN-001189,CLT-0033,2026-02-20 14:42:30,1442.35,EUR,Virement international,Allemagne,False
TXN-001190,CLT-0004,2026-02-04 14:42:30,576.66,EUR,Retrait,Espagne,False
TXN-001191,CLT-0055,2025-10-02 14:42:30,2803.53,EUR,Virement,Allemagne,False
TXN-001192,CLT-0036,2026-01-01 14:42:30,690.79,EUR,Virement international,France,False
TXN-001193,CLT-0003,2025-09-07 14:42:30,220.74,EUR,Virement,France,False
TXN-001194,CLT-0053,2026-04-11 14:42:30,1496.92,EUR,Dépôt,France,False
TXN-001195,CLT-0031,2026-03-03 14:42:30,4200.65,EUR,Virement,France,False
TXN-001196,CLT-0033,2025-08-18 14:42:30,4146.62,EUR,Paiement carte,France,False
TXN-001197,CLT-0043,2025-12-04 14:42:30,620.16,EUR,Virement international,Îles Caïmans,False
TXN-001198,CLT-0028,2025-10-09 14:42:30,3722.36,EUR,Retrait,France,False
TXN-001199,CLT-0053,2025-09-30 14:42:30,4849.92,EUR,Dépôt,France,False
TXN-001200,CLT-0041,2026-03-17 14:42:30,1879.78,EUR,Virement international,Îles Caïmans,False
TXN-001201,CLT-0019,2025-12-22 14:42:30,1239.27,EUR,Dépôt,Russie,False
TXN-001202,CLT-0083,2026-05-03 14:42:30,4108.61,EUR,Virement international,France,False
TXN-001203,CLT-0089,2026-04-16 14:42:30,3314.49,EUR,Retrait,Espagne,False
TXN-001204,CLT-0047,2025-05-20 14:42:30,1553.25,EUR,Virement,Allemagne,False
TXN-001205,CLT-0033,2025-10-24 14:42:30,1948.47,EUR,Dépôt,France,False
TXN-001206,CLT-0027,2025-12-12 14:42:30,3785.77,EUR,Retrait,Russie,False
TXN-001207,CLT-0053,2025-06-18 14:42:30,4398.54,EUR,Virement,Espagne,False
TXN-001208,CLT-0061,2025-09-04 14:42:30,4117.76,EUR,Paiement carte,Panama,False
TXN-001209,CLT-0021,2026-03-23 14:42:30,4385.04,EUR,Dépôt,France,False
TXN-001210,CLT-0095,2025-08-06 14:42:30,3014.56,EUR,Dépôt,Russie,False
TXN-001211,CLT-0083,2025-06-19 14:42:30,3812.26,EUR,Retrait,Russie,False
TXN-001212,CLT-0026,2025-10-20 14:42:30,689.1,EUR,Dépôt,Panama,False
TXN-001213,CLT-0067,2026-01-06 14:42:30,563.03,EUR,Retrait,Îles Caïmans,False
TXN-001214,CLT-0095,2025-09-11 14:42:30,1603.8,EUR,Retrait,Espagne,False
TXN-001215,CLT-0037,2025-11-27 14:42:30,2969.17,EUR,Retrait,France,False
TXN-001216,CLT-0074,2025-11-01 14:42:30,917.63,EUR,Retrait,France,False
TXN-001217,CLT-0079,2025-06-16 14:42:30,4616.33,EUR,Retrait,France,False
TXN-001218,CLT-0022,2025-05-19 14:42:30,999.35,EUR,Virement,Îles Caïmans,False
TXN-001219,CLT-0012,2026-02-26 14:42:30,3005.96,EUR,Dépôt,France,False
TXN-001220,CLT-0056,2025-08-17 14:42:30,595.58,EUR,Paiement carte,Russie,False
TXN-001221,CLT-0035,2026-02-05 14:42:30,70080.04,EUR,Dépôt,Russie,True
TXN-001222,CLT-0077,2026-01-28 14:42:30,2162.23,EUR,Retrait,Espagne,False
TXN-001223,CLT-0053,2026-02-10 14:42:30,954.92,EUR,Retrait,France,False
TXN-001224,CLT-0058,2025-07-01 14:42:30,1316.38,EUR,Retrait,Panama,False
TXN-001225,CLT-0002,2026-03-31 14:42:30,3239.71,EUR,Paiement carte,France,False
TXN-001226,CLT-0088,2025-10-22 14:42:30,4872.25,EUR,Retrait,Îles Caïmans,False
TXN-001227,CLT-0010,2026-01-02 14:42:30,3683.16,EUR,Virement,France,False
TXN-001228,CLT-0046,2025-09-14 14:42:30,89002.62,EUR,Virement international,France,True
TXN-001229,CLT-0039,2025-10-30 14:42:30,51895.15,EUR,Paiement carte,Panama,True
TXN-001230,CLT-0075,2026-04-22 14:42:30,85623.66,EUR,Retrait,Espagne,True
TXN-001231,CLT-0060,2025-11-21 14:42:30,2469.27,EUR,Retrait,France,False
TXN-001232,CLT-0034,2026-03-02 14:42:30,2656.81,EUR,Virement,Panama,False
TXN-001233,CLT-0096,2025-12-21 14:42:30,19124.82,EUR,Dépôt,Îles Caïmans,True
TXN-001234,CLT-0098,2025-07-04 14:42:30,4385.91,EUR,Dépôt,Panama,False
TXN-001235,CLT-0098,2025-09-04 14:42:30,833.27,EUR,Retrait,Russie,False
TXN-001236,CLT-0024,2026-01-16 14:42:30,20930.01,EUR,Virement,Russie,True
TXN-001237,CLT-0015,2025-10-02 14:42:30,3532.75,EUR,Paiement carte,France,False
TXN-001238,CLT-0063,2025-07-30 14:42:30,4944.2,EUR,Paiement carte,Russie,False
TXN-001239,CLT-0016,2026-02-27 14:42:30,70619.46,EUR,Dépôt,France,True
TXN-001240,CLT-0096,2026-02-16 14:42:30,1427.74,EUR,Virement international,Espagne,False
TXN-001241,CLT-0075,2026-01-25 14:42:30,3319.06,EUR,Virement,France,False
TXN-001242,CLT-0087,2025-08-31 14:42:30,393.41,EUR,Virement,Panama,False
TXN-001243,CLT-0016,2025-05-30 14:42:30,67274.17,EUR,Paiement carte,Panama,True
TXN-001244,CLT-0020,2025-11-29 14:42:30,4756.59,EUR,Virement,France,False
TXN-001245,CLT-0059,2025-09-10 14:42:30,3541.46,EUR,Dépôt,France,False
TXN-001246,CLT-0058,2025-06-29 14:42:30,228.8,EUR,Dépôt,France,False
TXN-001247,CLT-0037,2025-06-18 14:42:30,252.92,EUR,Dépôt,France,False
TXN-001248,CLT-0049,2025-07-09 14:42:30,2740.31,EUR,Virement,Îles Caïmans,False
TXN-001249,CLT-0012,2025-10-21 14:42:30,1208.0,EUR,Virement,Allemagne,False
TXN-001250,CLT-0083,2025-12-19 14:42:30,3899.67,EUR,Retrait,France,False
TXN-001251,CLT-0088,2025-12-06 14:42:30,4007.49,EUR,Virement international,France,False
TXN-001252,CLT-0066,2025-11-06 14:42:30,489.6,EUR,Retrait,Russie,False
TXN-001253,CLT-0073,2025-12-27 14:42:30,1946.57,EUR,Virement international,Îles Caïmans,False
TXN-001254,CLT-0079,2025-11-06 14:42:30,44760.66,EUR,Retrait,Îles Caïmans,True
TXN-001255,CLT-0044,2025-08-24 14:42:30,473.81,EUR,Paiement carte,Allemagne,False
TXN-001256,CLT-0068,2025-09-02 14:42:30,3571.04,EUR,Virement international,France,False
TXN-001257,CLT-0039,2025-09-11 14:42:30,2192.4,EUR,Retrait,France,False
TXN-001258,CLT-0067,2026-01-06 14:42:30,1509.04,EUR,Paiement carte,Espagne,False
TXN-001259,CLT-0066,2026-04-20 14:42:30,2759.46,EUR,Virement,Îles Caïmans,False
TXN-001260,CLT-0033,2025-07-26 14:42:30,2328.64,EUR,Dépôt,Espagne,False
TXN-001261,CLT-0015,2026-05-05 14:42:30,3845.55,EUR,Paiement carte,France,False
TXN-001262,CLT-0011,2026-04-20 14:42:30,4216.12,EUR,Paiement carte,Espagne,False
TXN-001263,CLT-0058,2025-06-04 14:42:30,3623.23,EUR,Virement international,Espagne,False
TXN-001264,CLT-0028,2026-02-07 14:42:30,4591.38,EUR,Retrait,France,False
TXN-001265,CLT-0014,2025-06-03 14:42:30,3024.22,EUR,Paiement carte,France,False
TXN-001266,CLT-0084,2026-02-15 14:42:30,18151.01,EUR,Paiement carte,Russie,True
TXN-001267,CLT-0093,2025-07-09 14:42:30,4345.21,EUR,Paiement carte,Espagne,False
TXN-001268,CLT-0089,2025-11-10 14:42:30,4869.87,EUR,Paiement carte,Espagne,False
TXN-001269,CLT-0015,2026-02-05 14:42:30,19754.91,EUR,Virement,Allemagne,True
TXN-001270,CLT-0019,2025-06-15 14:42:30,1054.06,EUR,Retrait,Îles Caïmans,False
TXN-001271,CLT-0025,2025-08-11 14:42:30,4292.36,EUR,Virement,Espagne,False
TXN-001272,CLT-0003,2025-10-09 14:42:30,749.35,EUR,Virement,France,False
TXN-001273,CLT-0063,2025-09-28 14:42:30,3696.52,EUR,Paiement carte,France,False
TXN-001274,CLT-0038,2026-01-30 14:42:30,2930.28,EUR,Virement international,Îles Caïmans,False
TXN-001275,CLT-0092,2025-06-25 14:42:30,8685.06,EUR,Paiement carte,Îles Caïmans,True
TXN-001276,CLT-0094,2025-07-12 14:42:30,3688.02,EUR,Virement international,Espagne,False
TXN-001277,CLT-0076,2025-08-24 14:42:30,42772.19,EUR,Virement international,Russie,True
TXN-001278,CLT-0055,2026-05-04 14:42:30,312.92,EUR,Virement international,Panama,False
TXN-001279,CLT-0054,2025-06-16 14:42:30,1346.57,EUR,Paiement carte,France,False
TXN-001280,CLT-0058,2025-11-17 14:42:30,4695.43,EUR,Paiement carte,France,False
TXN-001281,CLT-0045,2025-09-15 14:42:30,3633.78,EUR,Paiement carte,Allemagne,False
TXN-001282,CLT-0044,2025-05-28 14:42:30,2942.42,EUR,Virement international,Russie,False
TXN-001283,CLT-0050,2025-05-14 14:42:30,33525.28,EUR,Paiement carte,Panama,True
TXN-001284,CLT-0080,2026-02-20 14:42:30,4000.78,EUR,Retrait,Espagne,False
TXN-001285,CLT-0017,2025-09-08 14:42:30,440.1,EUR,Retrait,Allemagne,False
TXN-001286,CLT-0064,2025-10-13 14:42:30,2466.01,EUR,Dépôt,Allemagne,False
TXN-001287,CLT-0046,2026-05-04 14:42:30,244.78,EUR,Dépôt,Panama,False
TXN-001288,CLT-0005,2025-08-29 14:42:30,881.83,EUR,Virement,Panama,False
TXN-001289,CLT-0072,2026-03-13 14:42:30,3091.64,EUR,Retrait,Russie,False
TXN-001290,CLT-0099,2025-11-13 14:42:30,1708.22,EUR,Virement,Espagne,False
TXN-001291,CLT-0078,2025-08-23 14:42:30,4268.51,EUR,Virement,France,False
TXN-001292,CLT-0097,2025-09-21 14:42:30,2194.76,EUR,Virement,France,False
TXN-001293,CLT-0072,2026-03-22 14:42:30,3052.18,EUR,Virement,France,False
TXN-001294,CLT-0047,2026-01-28 14:42:30,599.12,EUR,Retrait,Espagne,False
TXN-001295,CLT-0094,2025-08-31 14:42:30,3812.2,EUR,Virement,France,False
TXN-001296,CLT-0016,2026-03-04 14:42:30,1679.69,EUR,Retrait,Russie,False
TXN-001297,CLT-0032,2026-05-10 14:42:30,3848.4,EUR,Paiement carte,Panama,False
TXN-001298,CLT-0048,2025-12-28 14:42:30,864.6,EUR,Paiement carte,Panama,False
TXN-001299,CLT-0054,2025-08-15 14:42:30,1234.8,EUR,Retrait,France,False
TXN-001300,CLT-0059,2025-10-16 14:42:30,2072.91,EUR,Virement international,Panama,False
TXN-001301,CLT-0092,2026-05-08 14:42:30,2218.47,EUR,Virement international,France,False
TXN-001302,CLT-0056,2026-02-18 14:42:30,35388.0,EUR,Virement,Îles Caïmans,True
TXN-001303,CLT-0020,2025-06-19 14:42:30,3304.28,EUR,Virement international,France,False
TXN-001304,CLT-0067,2025-06-09 14:42:30,4900.43,EUR,Dépôt,Îles Caïmans,False
TXN-001305,CLT-0039,2025-08-03 14:42:30,3407.54,EUR,Dépôt,Panama,False
TXN-001306,CLT-0079,2025-08-16 14:42:30,32340.92,EUR,Retrait,Îles Caïmans,True
TXN-001307,CLT-0080,2025-08-08 14:42:30,1033.62,EUR,Virement international,Russie,False
TXN-001308,CLT-0052,2025-06-15 14:42:30,4439.5,EUR,Retrait,Espagne,False
TXN-001309,CLT-0093,2025-10-26 14:42:30,54756.71,EUR,Retrait,Espagne,True
TXN-001310,CLT-0067,2025-12-05 14:42:30,2563.24,EUR,Dépôt,France,False
TXN-001311,CLT-0076,2025-08-10 14:42:30,85457.78,EUR,Dépôt,Allemagne,True
TXN-001312,CLT-0065,2025-10-09 14:42:30,1526.67,EUR,Virement,France,False
TXN-001313,CLT-0046,2025-08-27 14:42:30,1306.18,EUR,Virement,France,False
TXN-001314,CLT-0039,2025-09-26 14:42:30,4707.3,EUR,Virement international,France,False
TXN-001315,CLT-0073,2025-07-20 14:42:30,4914.92,EUR,Virement international,Allemagne,False
TXN-001316,CLT-0087,2025-07-24 14:42:30,1429.83,EUR,Retrait,Îles Caïmans,False
TXN-001317,CLT-0067,2025-11-27 14:42:30,1245.69,EUR,Virement international,Allemagne,False
TXN-001318,CLT-0019,2026-03-24 14:42:30,1812.72,EUR,Paiement carte,Îles Caïmans,False
TXN-001319,CLT-0061,2026-03-08 14:42:30,13410.85,EUR,Retrait,Russie,True
TXN-001320,CLT-0076,2025-10-19 14:42:30,66883.55,EUR,Virement international,Îles Caïmans,True
TXN-001321,CLT-0055,2025-06-22 14:42:30,2925.68,EUR,Paiement carte,Russie,False
TXN-001322,CLT-0019,2026-02-19 14:42:30,2090.44,EUR,Virement international,France,False
TXN-001323,CLT-0066,2025-05-18 14:42:30,2293.99,EUR,Virement international,France,False
TXN-001324,CLT-0096,2026-04-27 14:42:30,2282.61,EUR,Retrait,Panama,False
TXN-001325,CLT-0015,2025-10-16 14:42:30,602.64,EUR,Virement,Panama,False
TXN-001326,CLT-0016,2026-02-24 14:42:30,211.01,EUR,Dépôt,Espagne,False
TXN-001327,CLT-0004,2025-09-07 14:42:30,1523.27,EUR,Retrait,France,False
TXN-001328,CLT-0037,2025-12-08 14:42:30,2114.57,EUR,Retrait,France,False
TXN-001329,CLT-0071,2026-03-12 14:42:30,2449.08,EUR,Dépôt,France,False
TXN-001330,CLT-0040,2025-07-24 14:42:30,2093.7,EUR,Virement international,Russie,False
TXN-001331,CLT-0093,2025-09-12 14:42:30,3908.93,EUR,Virement international,France,False
TXN-001332,CLT-0098,2025-09-20 14:42:30,2528.77,EUR,Paiement carte,Russie,False
TXN-001333,CLT-0080,2026-03-29 14:42:30,71324.18,EUR,Virement international,Îles Caïmans,True
TXN-001334,CLT-0070,2025-11-21 14:42:30,4502.22,EUR,Virement,Russie,False
TXN-001335,CLT-0091,2026-02-18 14:42:30,3233.12,EUR,Virement,Espagne,False
TXN-001336,CLT-0011,2025-07-31 14:42:30,627.67,EUR,Retrait,France,False
TXN-001337,CLT-0065,2025-09-12 14:42:30,2613.55,EUR,Virement,France,False
TXN-001338,CLT-0036,2026-05-04 14:42:30,2663.98,EUR,Retrait,Allemagne,False
TXN-001339,CLT-0057,2025-07-21 14:42:30,4196.2,EUR,Virement,Panama,False
TXN-001340,CLT-0044,2026-05-02 14:42:30,234.47,EUR,Paiement carte,France,False
TXN-001341,CLT-0049,2025-12-02 14:42:30,4299.65,EUR,Dépôt,France,False
TXN-001342,CLT-0037,2026-02-16 14:42:30,16642.03,EUR,Retrait,France,True
TXN-001343,CLT-0053,2025-12-07 14:42:30,457.25,EUR,Retrait,France,False
TXN-001344,CLT-0092,2026-04-30 14:42:30,1633.2,EUR,Virement,Espagne,False
TXN-001345,CLT-0042,2025-10-14 14:42:30,1607.01,EUR,Dépôt,Îles Caïmans,False
TXN-001346,CLT-0026,2026-04-17 14:42:30,4498.51,EUR,Retrait,Allemagne,False
TXN-001347,CLT-0015,2025-10-28 14:42:30,3764.43,EUR,Dépôt,France,False
TXN-001348,CLT-0062,2026-04-10 14:42:30,2770.07,EUR,Virement,Îles Caïmans,False
TXN-001349,CLT-0035,2026-05-04 14:42:30,4569.54,EUR,Virement international,France,False
TXN-001350,CLT-0039,2026-03-10 14:42:30,2777.99,EUR,Virement international,Îles Caïmans,False
TXN-001351,CLT-0027,2025-08-30 14:42:30,4232.93,EUR,Retrait,Panama,False
TXN-001352,CLT-0069,2026-01-08 14:42:30,849.26,EUR,Paiement carte,Russie,False
TXN-001353,CLT-0038,2025-06-30 14:42:30,78700.0,EUR,Retrait,France,True
TXN-001354,CLT-0077,2025-12-25 14:42:30,88197.53,EUR,Dépôt,Îles Caïmans,True
TXN-001355,CLT-0075,2026-01-25 14:42:30,4213.77,EUR,Virement international,Espagne,False
TXN-001356,CLT-0009,2025-07-29 14:42:30,72308.92,EUR,Dépôt,France,True
TXN-001357,CLT-0093,2026-03-03 14:42:30,623.66,EUR,Virement international,Espagne,False
TXN-001358,CLT-0041,2025-08-28 14:42:30,1062.14,EUR,Dépôt,Espagne,False
TXN-001359,CLT-0032,2025-12-25 14:42:30,3541.69,EUR,Dépôt,Panama,False
TXN-001360,CLT-0003,2025-11-26 14:42:30,4795.37,EUR,Retrait,France,False
TXN-001361,CLT-0087,2026-05-09 14:42:30,31.35,EUR,Retrait,Îles Caïmans,False
TXN-001362,CLT-0098,2025-09-05 14:42:30,3485.48,EUR,Paiement carte,France,False
TXN-001363,CLT-0069,2026-04-04 14:42:30,3249.0,EUR,Virement,Russie,False
TXN-001364,CLT-0077,2025-11-02 14:42:30,1771.44,EUR,Dépôt,Îles Caïmans,False
TXN-001365,CLT-0002,2025-05-22 14:42:30,3842.15,EUR,Virement,Russie,False
TXN-001366,CLT-0029,2026-05-09 14:42:30,973.02,EUR,Virement,Espagne,False
TXN-001367,CLT-0012,2026-02-04 14:42:30,3548.9,EUR,Virement international,Espagne,False
TXN-001368,CLT-0047,2025-09-03 14:42:30,1113.53,EUR,Virement,Espagne,False
TXN-001369,CLT-0027,2025-07-07 14:42:30,3523.2,EUR,Virement,Allemagne,False
TXN-001370,CLT-0036,2026-03-18 14:42:30,3195.8,EUR,Virement international,Russie,False
TXN-001371,CLT-0087,2025-07-28 14:42:30,976.91,EUR,Virement international,France,False
TXN-001372,CLT-0017,2026-04-10 14:42:30,19157.44,EUR,Dépôt,Allemagne,True
TXN-001373,CLT-0025,2025-12-24 14:42:30,3647.21,EUR,Virement,Espagne,False
TXN-001374,CLT-0055,2026-05-12 14:42:30,4416.68,EUR,Virement,Panama,False
TXN-001375,CLT-0016,2025-12-24 14:42:30,4975.58,EUR,Virement international,Russie,False
TXN-001376,CLT-0093,2026-04-21 14:42:30,2591.11,EUR,Retrait,France,False
TXN-001377,CLT-0041,2025-09-26 14:42:30,2106.11,EUR,Virement,Îles Caïmans,False
TXN-001378,CLT-0004,2025-07-25 14:42:30,418.23,EUR,Retrait,Îles Caïmans,False
TXN-001379,CLT-0022,2026-02-02 14:42:30,4585.81,EUR,Dépôt,Espagne,False
TXN-001380,CLT-0062,2026-04-29 14:42:30,62400.64,EUR,Paiement carte,France,True
TXN-001381,CLT-0033,2025-11-23 14:42:30,3135.22,EUR,Retrait,France,False
TXN-001382,CLT-0043,2026-04-16 14:42:30,4794.43,EUR,Virement international,Allemagne,False
TXN-001383,CLT-0057,2025-06-30 14:42:30,3880.99,EUR,Virement,Russie,False
TXN-001384,CLT-0005,2026-04-12 14:42:30,436.82,EUR,Paiement carte,Panama,False
TXN-001385,CLT-0008,2026-03-09 14:42:30,3469.88,EUR,Paiement carte,France,False
TXN-001386,CLT-0014,2026-04-10 14:42:30,3134.66,EUR,Virement,France,False
TXN-001387,CLT-0080,2026-03-25 14:42:30,1913.46,EUR,Paiement carte,Allemagne,False
TXN-001388,CLT-0002,2025-06-28 14:42:30,3939.5,EUR,Paiement carte,Îles Caïmans,False
TXN-001389,CLT-0080,2025-06-30 14:42:30,2146.25,EUR,Virement,Panama,False
TXN-001390,CLT-0059,2026-04-30 14:42:30,3382.12,EUR,Virement international,Panama,False
TXN-001391,CLT-0077,2026-05-07 14:42:30,548.95,EUR,Virement,Allemagne,False
TXN-001392,CLT-0033,2025-08-26 14:42:30,638.65,EUR,Dépôt,Îles Caïmans,False
TXN-001393,CLT-0032,2026-02-07 14:42:30,3108.05,EUR,Retrait,France,False
TXN-001394,CLT-0066,2025-10-02 14:42:30,35115.02,EUR,Dépôt,Espagne,True
TXN-001395,CLT-0019,2026-02-28 14:42:30,2710.31,EUR,Paiement carte,Espagne,False
TXN-001396,CLT-0067,2026-05-09 14:42:30,1462.41,EUR,Virement international,France,False
TXN-001397,CLT-0007,2025-07-31 14:42:30,52118.38,EUR,Paiement carte,Panama,True
TXN-001398,CLT-0009,2026-01-30 14:42:30,1009.86,EUR,Dépôt,Allemagne,False
TXN-001399,CLT-0077,2025-09-16 14:42:30,3476.96,EUR,Dépôt,Panama,False
TXN-001400,CLT-0014,2026-02-19 14:42:30,2099.29,EUR,Paiement carte,France,False
TXN-001401,CLT-0029,2025-06-20 14:42:30,4600.57,EUR,Retrait,Russie,False
TXN-001402,CLT-0095,2025-11-25 14:42:30,1202.71,EUR,Paiement carte,Allemagne,False
TXN-001403,CLT-0047,2026-05-10 14:42:30,4132.16,EUR,Virement,France,False
TXN-001404,CLT-0038,2026-03-02 14:42:30,2777.91,EUR,Paiement carte,Allemagne,False
TXN-001405,CLT-0006,2025-11-10 14:42:30,4564.42,EUR,Virement,Allemagne,False
TXN-001406,CLT-0093,2025-12-30 14:42:30,878.99,EUR,Retrait,Panama,False
TXN-001407,CLT-0003,2026-02-02 14:42:30,1237.36,EUR,Retrait,Espagne,False
TXN-001408,CLT-0018,2025-06-01 14:42:30,114.76,EUR,Paiement carte,France,False
TXN-001409,CLT-0031,2025-09-22 14:42:30,1059.08,EUR,Dépôt,Panama,False
TXN-001410,CLT-0056,2025-06-28 14:42:30,4706.4,EUR,Virement,France,False
TXN-001411,CLT-0025,2026-02-05 14:42:30,88401.53,EUR,Virement international,Îles Caïmans,True
TXN-001412,CLT-0082,2025-10-06 14:42:30,1596.58,EUR,Retrait,France,False
TXN-001413,CLT-0038,2025-08-12 14:42:30,2940.76,EUR,Retrait,Panama,False
TXN-001414,CLT-0017,2025-12-21 14:42:30,3151.0,EUR,Virement international,Russie,False
TXN-001415,CLT-0085,2025-09-15 14:42:30,416.22,EUR,Virement international,France,False
TXN-001416,CLT-0097,2025-06-17 14:42:30,1946.7,EUR,Virement international,Panama,False
TXN-001417,CLT-0092,2025-11-30 14:42:30,2326.69,EUR,Dépôt,Russie,False
TXN-001418,CLT-0075,2025-12-27 14:42:30,2479.01,EUR,Paiement carte,France,False
TXN-001419,CLT-0031,2025-09-24 14:42:30,4475.47,EUR,Paiement carte,Allemagne,False
TXN-001420,CLT-0021,2025-07-25 14:42:30,4444.66,EUR,Dépôt,Espagne,False
TXN-001421,CLT-0038,2026-03-31 14:42:30,680.31,EUR,Paiement carte,Panama,False
TXN-001422,CLT-0080,2025-08-24 14:42:30,215.3,EUR,Dépôt,Îles Caïmans,False
TXN-001423,CLT-0064,2025-11-06 14:42:30,2168.2,EUR,Dépôt,Espagne,False
TXN-001424,CLT-0034,2026-01-14 14:42:30,906.03,EUR,Virement,Panama,False
TXN-001425,CLT-0066,2025-08-30 14:42:30,1479.64,EUR,Virement international,France,False
TXN-001426,CLT-0016,2026-03-24 14:42:30,4633.76,EUR,Virement,Panama,False
TXN-001427,CLT-0087,2026-02-02 14:42:30,25426.67,EUR,Dépôt,Espagne,True
TXN-001428,CLT-0036,2025-05-29 14:42:30,4079.67,EUR,Retrait,France,False
TXN-001429,CLT-0034,2025-08-08 14:42:30,3764.39,EUR,Virement,Espagne,False
TXN-001430,CLT-0052,2025-10-19 14:42:30,1739.7,EUR,Virement international,France,False
TXN-001431,CLT-0051,2026-02-26 14:42:30,2568.11,EUR,Retrait,Allemagne,False
TXN-001432,CLT-0067,2026-01-14 14:42:30,1057.28,EUR,Virement international,Russie,False
TXN-001433,CLT-0041,2026-03-31 14:42:30,2312.39,EUR,Retrait,Îles Caïmans,False
TXN-001434,CLT-0057,2026-01-26 14:42:30,3492.73,EUR,Paiement carte,France,False
TXN-001435,CLT-0040,2026-03-09 14:42:30,2891.77,EUR,Virement,Russie,False
TXN-001436,CLT-0029,2025-11-21 14:42:30,4173.15,EUR,Paiement carte,Îles Caïmans,False
TXN-001437,CLT-0069,2025-05-25 14:42:30,2022.81,EUR,Dépôt,Panama,False
TXN-001438,CLT-0018,2026-04-27 14:42:30,2842.21,EUR,Retrait,Panama,False
TXN-001439,CLT-0074,2025-07-06 14:42:30,3997.74,EUR,Paiement carte,Îles Caïmans,False
TXN-001440,CLT-0050,2025-08-13 14:42:30,1959.27,EUR,Retrait,Russie,False
TXN-001441,CLT-0082,2025-09-24 14:42:30,57547.81,EUR,Dépôt,France,True
TXN-001442,CLT-0005,2026-02-12 14:42:30,3377.68,EUR,Virement international,Russie,False
TXN-001443,CLT-0037,2025-10-28 14:42:30,25312.89,EUR,Retrait,Allemagne,True
TXN-001444,CLT-0008,2025-09-23 14:42:30,2626.73,EUR,Dépôt,France,False
TXN-001445,CLT-0051,2025-10-15 14:42:30,4299.94,EUR,Retrait,France,False
TXN-001446,CLT-0050,2026-04-08 14:42:30,44401.95,EUR,Retrait,France,True
TXN-001447,CLT-0086,2025-05-15 14:42:30,1555.69,EUR,Paiement carte,France,False
TXN-001448,CLT-0026,2025-07-17 14:42:30,4696.38,EUR,Virement international,Russie,False
TXN-001449,CLT-0058,2026-03-01 14:42:30,47.14,EUR,Virement,Îles Caïmans,False
TXN-001450,CLT-0073,2025-11-26 14:42:30,1241.73,EUR,Paiement carte,Russie,False
TXN-001451,CLT-0037,2026-03-28 14:42:30,205.03,EUR,Paiement carte,Panama,False
TXN-001452,CLT-0051,2025-12-12 14:42:30,3561.12,EUR,Virement international,France,False
TXN-001453,CLT-0094,2025-07-01 14:42:30,906.09,EUR,Paiement carte,Russie,False
TXN-001454,CLT-0073,2025-05-21 14:42:30,3298.81,EUR,Virement,Îles Caïmans,False
TXN-001455,CLT-0036,2026-02-22 14:42:30,227.89,EUR,Virement international,Espagne,False
TXN-001456,CLT-0064,2026-01-22 14:42:30,343.05,EUR,Paiement carte,France,False
TXN-001457,CLT-0065,2026-03-21 14:42:30,391.9,EUR,Dépôt,Îles Caïmans,False
TXN-001458,CLT-0006,2025-08-27 14:42:30,1271.31,EUR,Paiement carte,France,False
TXN-001459,CLT-0049,2025-09-19 14:42:30,68420.26,EUR,Dépôt,Îles Caïmans,True
TXN-001460,CLT-0033,2026-05-08 14:42:30,1989.4,EUR,Virement,France,False
TXN-001461,CLT-0060,2025-09-07 14:42:30,3745.89,EUR,Virement,France,False
TXN-001462,CLT-0018,2025-10-01 14:42:30,1219.05,EUR,Paiement carte,Espagne,False
TXN-001463,CLT-0078,2026-05-04 14:42:30,861.24,EUR,Virement,France,False
TXN-001464,CLT-0022,2025-10-25 14:42:30,2677.92,EUR,Virement,France,False
TXN-001465,CLT-0023,2025-11-11 14:42:30,775.95,EUR,Retrait,France,False
TXN-001466,CLT-0090,2025-09-29 14:42:30,2666.17,EUR,Virement,France,False
TXN-001467,CLT-0077,2026-04-17 14:42:30,1548.54,EUR,Virement,France,False
TXN-001468,CLT-0048,2026-01-06 14:42:30,3837.9,EUR,Retrait,Allemagne,False
TXN-001469,CLT-0044,2026-05-06 14:42:30,44686.4,EUR,Retrait,France,True
TXN-001470,CLT-0022,2025-06-07 14:42:30,4412.61,EUR,Retrait,France,False
TXN-001471,CLT-0042,2025-11-27 14:42:30,547.34,EUR,Virement international,Allemagne,False
TXN-001472,CLT-0055,2025-10-23 14:42:30,4672.29,EUR,Virement,Allemagne,False
TXN-001473,CLT-0002,2026-02-14 14:42:30,1789.32,EUR,Paiement carte,Panama,False
TXN-001474,CLT-0009,2026-01-21 14:42:30,26510.81,EUR,Dépôt,Panama,True
TXN-001475,CLT-0039,2025-10-15 14:42:30,85035.02,EUR,Virement international,Russie,True
TXN-001476,CLT-0073,2025-08-12 14:42:30,518.05,EUR,Retrait,Espagne,False
TXN-001477,CLT-0090,2025-06-24 14:42:30,3003.34,EUR,Paiement carte,France,False
TXN-001478,CLT-0041,2025-05-26 14:42:30,3180.41,EUR,Paiement carte,France,False
TXN-001479,CLT-0058,2025-07-18 14:42:30,3046.58,EUR,Paiement carte,Allemagne,False
TXN-001480,CLT-0030,2026-05-07 14:42:30,3526.1,EUR,Virement,France,False
TXN-001481,CLT-0080,2026-01-09 14:42:30,3692.19,EUR,Virement,France,False
TXN-001482,CLT-0020,2026-01-30 14:42:30,51389.2,EUR,Paiement carte,Allemagne,True
TXN-001483,CLT-0057,2025-07-11 14:42:30,1197.94,EUR,Dépôt,France,False
TXN-001484,CLT-0067,2026-04-23 14:42:30,3221.57,EUR,Paiement carte,Espagne,False
TXN-001485,CLT-0044,2025-11-25 14:42:30,1152.76,EUR,Retrait,Allemagne,False
TXN-001486,CLT-0032,2025-06-07 14:42:30,4534.09,EUR,Retrait,Îles Caïmans,False
TXN-001487,CLT-0001,2025-06-25 14:42:30,925.89,EUR,Virement,Russie,False
TXN-001488,CLT-0019,2025-06-23 14:42:30,24744.49,EUR,Retrait,France,True
TXN-001489,CLT-0031,2026-01-29 14:42:30,59558.87,EUR,Virement international,France,True
TXN-001490,CLT-0093,2026-02-18 14:42:30,2340.7,EUR,Retrait,Allemagne,False
TXN-001491,CLT-0037,2025-12-09 14:42:30,3033.2,EUR,Virement international,Russie,False
TXN-001492,CLT-0011,2025-09-09 14:42:30,1014.99,EUR,Dépôt,Îles Caïmans,False
TXN-001493,CLT-0065,2025-10-09 14:42:30,2358.86,EUR,Virement international,Îles Caïmans,False
TXN-001494,CLT-0003,2025-09-09 14:42:30,4099.82,EUR,Paiement carte,Îles Caïmans,False
TXN-001495,CLT-0077,2025-12-11 14:42:30,3796.7,EUR,Virement international,France,False
TXN-001496,CLT-0060,2025-10-31 14:42:30,886.74,EUR,Dépôt,Russie,False
TXN-001497,CLT-0010,2025-09-09 14:42:30,2815.09,EUR,Dépôt,France,False
TXN-001498,CLT-0001,2026-02-05 14:42:30,986.62,EUR,Virement,Panama,False
TXN-001499,CLT-0096,2025-10-23 14:42:30,4629.2,EUR,Dépôt,Îles Caïmans,False
TXN-001500,CLT-0010,2025-07-16 14:42:30,3208.83,EUR,Paiement carte,France,False
TXN-001501,CLT-0021,2025-07-28 14:42:30,631.14,EUR,Retrait,Îles Caïmans,False
TXN-001502,CLT-0066,2025-11-16 14:42:30,3858.64,EUR,Paiement carte,Panama,False
TXN-001503,CLT-0095,2025-10-08 14:42:30,3258.02,EUR,Retrait,Allemagne,False
TXN-001504,CLT-0081,2025-11-09 14:42:30,4608.13,EUR,Virement,France,False
TXN-001505,CLT-0019,2025-05-30 14:42:30,2282.8,EUR,Dépôt,Allemagne,False
TXN-001506,CLT-0002,2026-02-20 14:42:30,4759.37,EUR,Virement,France,False
TXN-001507,CLT-0091,2025-10-22 14:42:30,4585.25,EUR,Virement international,France,False
TXN-001508,CLT-0022,2025-10-09 14:42:30,952.23,EUR,Paiement carte,Espagne,False
TXN-001509,CLT-0085,2025-08-14 14:42:30,2508.23,EUR,Paiement carte,Espagne,False
TXN-001510,CLT-0014,2026-03-29 14:42:30,3764.79,EUR,Virement international,Panama,False
TXN-001511,CLT-0096,2026-01-26 14:42:30,1352.42,EUR,Paiement carte,Espagne,False
TXN-001512,CLT-0001,2025-09-04 14:42:30,22650.69,EUR,Virement,France,True
TXN-001513,CLT-0084,2025-10-12 14:42:30,2095.02,EUR,Dépôt,Îles Caïmans,False
TXN-001514,CLT-0018,2025-05-18 14:42:30,1879.51,EUR,Retrait,Russie,False
TXN-001515,CLT-0073,2025-09-25 14:42:30,4742.93,EUR,Retrait,France,False
TXN-001516,CLT-0034,2026-02-04 14:42:30,3752.08,EUR,Paiement carte,Russie,False
TXN-001517,CLT-0022,2025-06-22 14:42:30,3125.86,EUR,Virement,Espagne,False
TXN-001518,CLT-0044,2026-04-11 14:42:30,18847.3,EUR,Virement,Allemagne,True
TXN-001519,CLT-0002,2026-03-23 14:42:30,3367.29,EUR,Virement,Espagne,False
TXN-001520,CLT-0006,2025-07-19 14:42:30,46.06,EUR,Virement,Allemagne,False
TXN-001521,CLT-0067,2025-07-09 14:42:30,46.24,EUR,Dépôt,Russie,False
TXN-001522,CLT-0044,2025-10-06 14:42:30,1691.78,EUR,Dépôt,Panama,False
TXN-001523,CLT-0086,2025-11-10 14:42:30,4086.07,EUR,Paiement carte,Îles Caïmans,False
TXN-001524,CLT-0013,2025-11-25 14:42:30,4876.77,EUR,Virement,Russie,False
TXN-001525,CLT-0004,2026-03-03 14:42:30,2015.02,EUR,Virement international,France,False
TXN-001526,CLT-0097,2025-05-20 14:42:30,1404.54,EUR,Retrait,Panama,False
TXN-001527,CLT-0066,2025-09-12 14:42:30,3434.06,EUR,Paiement carte,Allemagne,False
TXN-001528,CLT-0003,2025-11-30 14:42:30,63512.37,EUR,Dépôt,France,True
TXN-001529,CLT-0057,2025-05-31 14:42:30,3681.71,EUR,Retrait,Russie,False
TXN-001530,CLT-0045,2026-04-02 14:42:30,3066.84,EUR,Paiement carte,Russie,False
TXN-001531,CLT-0094,2026-03-23 14:42:30,4286.93,EUR,Paiement carte,Espagne,False
TXN-001532,CLT-0074,2025-08-20 14:42:30,3562.59,EUR,Virement international,France,False
TXN-001533,CLT-0087,2025-12-10 14:42:30,77323.41,EUR,Virement international,Russie,True
TXN-001534,CLT-0062,2026-03-15 14:42:30,2236.97,EUR,Virement international,Allemagne,False
TXN-001535,CLT-0090,2025-06-10 14:42:30,860.46,EUR,Virement,France,False
TXN-001536,CLT-0042,2026-02-20 14:42:30,3581.67,EUR,Paiement carte,Espagne,False
TXN-001537,CLT-0086,2025-09-12 14:42:30,1295.57,EUR,Virement,France,False
TXN-001538,CLT-0012,2025-09-04 14:42:30,3171.41,EUR,Dépôt,Allemagne,False
TXN-001539,CLT-0009,2025-07-10 14:42:30,3834.02,EUR,Dépôt,Îles Caïmans,False
TXN-001540,CLT-0084,2025-10-30 14:42:30,3717.41,EUR,Virement international,Îles Caïmans,False
TXN-001541,CLT-0038,2026-03-15 14:42:30,1125.52,EUR,Virement,France,False
TXN-001542,CLT-0096,2026-02-06 14:42:30,72430.57,EUR,Virement,Panama,True
TXN-001543,CLT-0074,2025-10-31 14:42:30,35263.39,EUR,Virement,Espagne,True
TXN-001544,CLT-0055,2025-10-27 14:42:30,54597.46,EUR,Dépôt,Panama,True
TXN-001545,CLT-0067,2026-03-10 14:42:30,4670.29,EUR,Virement international,Allemagne,False
TXN-001546,CLT-0041,2025-09-20 14:42:30,8799.4,EUR,Retrait,Espagne,True
TXN-001547,CLT-0019,2025-09-22 14:42:30,2504.16,EUR,Virement international,Espagne,False
TXN-001548,CLT-0005,2025-05-19 14:42:30,65885.51,EUR,Virement international,Panama,True
TXN-001549,CLT-0036,2026-03-11 14:42:30,4951.77,EUR,Virement international,Russie,False
TXN-001550,CLT-0091,2025-12-15 14:42:30,1086.37,EUR,Paiement carte,France,False
TXN-001551,CLT-0094,2026-01-26 14:42:30,1672.39,EUR,Retrait,France,False
TXN-001552,CLT-0094,2025-09-06 14:42:30,3882.43,EUR,Paiement carte,Espagne,False
TXN-001553,CLT-0003,2026-02-21 14:42:30,3299.66,EUR,Virement international,Îles Caïmans,False
TXN-001554,CLT-0097,2025-11-16 14:42:30,3392.71,EUR,Paiement carte,Îles Caïmans,False
TXN-001555,CLT-0090,2025-12-20 14:42:30,71227.65,EUR,Retrait,Îles Caïmans,True
TXN-001556,CLT-0007,2025-07-20 14:42:30,36137.42,EUR,Dépôt,Russie,True
TXN-001557,CLT-0090,2025-09-29 14:42:30,2890.02,EUR,Paiement carte,Espagne,False
TXN-001558,CLT-0095,2026-02-02 14:42:30,1056.73,EUR,Virement,Panama,False
TXN-001559,CLT-0019,2025-05-31 14:42:30,2882.65,EUR,Paiement carte,Îles Caïmans,False
TXN-001560,CLT-0013,2026-04-15 14:42:30,849.43,EUR,Dépôt,Russie,False
TXN-001561,CLT-0084,2025-08-23 14:42:30,271.84,EUR,Dépôt,Îles Caïmans,False
TXN-001562,CLT-0032,2025-10-19 14:42:30,3138.59,EUR,Virement,France,False
TXN-001563,CLT-0077,2025-05-26 14:42:30,2448.24,EUR,Retrait,Îles Caïmans,False
TXN-001564,CLT-0085,2025-06-04 14:42:30,4955.91,EUR,Virement,Russie,False
TXN-001565,CLT-0081,2025-12-24 14:42:30,3255.05,EUR,Paiement carte,Panama,False
TXN-001566,CLT-0063,2026-03-12 14:42:30,18146.6,EUR,Virement international,Allemagne,True
TXN-001567,CLT-0062,2025-07-24 14:42:30,57849.43,EUR,Dépôt,France,True
TXN-001568,CLT-0083,2025-09-08 14:42:30,913.67,EUR,Paiement carte,Espagne,False
TXN-001569,CLT-0092,2026-04-11 14:42:30,506.21,EUR,Virement international,France,False
TXN-001570,CLT-0072,2025-10-24 14:42:30,3506.7,EUR,Virement international,Russie,False
TXN-001571,CLT-0092,2025-08-11 14:42:30,80831.52,EUR,Virement,Allemagne,True
TXN-001572,CLT-0077,2026-02-10 14:42:30,4489.04,EUR,Retrait,France,False
TXN-001573,CLT-0006,2026-03-12 14:42:30,4004.56,EUR,Retrait,Allemagne,False
TXN-001574,CLT-0097,2026-01-02 14:42:30,448.23,EUR,Virement,France,False
TXN-001575,CLT-0070,2025-11-08 14:42:30,2535.68,EUR,Retrait,Îles Caïmans,False
TXN-001576,CLT-0039,2026-01-06 14:42:30,3294.22,EUR,Virement,Espagne,False
TXN-001577,CLT-0063,2025-07-22 14:42:30,2230.15,EUR,Dépôt,Panama,False
TXN-001578,CLT-0013,2025-05-26 14:42:30,2557.85,EUR,Virement,Allemagne,False
TXN-001579,CLT-0018,2026-01-23 14:42:30,20325.06,EUR,Virement international,Allemagne,True
TXN-001580,CLT-0055,2025-06-29 14:42:30,1394.2,EUR,Virement,Espagne,False
TXN-001581,CLT-0052,2026-02-19 14:42:30,3252.35,EUR,Paiement carte,France,False
TXN-001582,CLT-0019,2025-05-23 14:42:30,3385.86,EUR,Virement international,Allemagne,False
TXN-001583,CLT-0090,2025-06-23 14:42:30,71742.72,EUR,Retrait,Panama,True
TXN-001584,CLT-0078,2025-08-25 14:42:30,3242.38,EUR,Retrait,Îles Caïmans,False
TXN-001585,CLT-0049,2025-10-03 14:42:30,1588.64,EUR,Virement,Allemagne,False
TXN-001586,CLT-0088,2026-03-18 14:42:30,18842.05,EUR,Virement international,Îles Caïmans,True
TXN-001587,CLT-0043,2025-11-09 14:42:30,63695.44,EUR,Dépôt,France,True
TXN-001588,CLT-0013,2026-05-08 14:42:30,1136.57,EUR,Paiement carte,Allemagne,False
TXN-001589,CLT-0023,2026-03-11 14:42:30,533.96,EUR,Virement international,Espagne,False
TXN-001590,CLT-0068,2026-03-26 14:42:30,4035.92,EUR,Dépôt,Espagne,False
TXN-001591,CLT-0022,2026-04-19 14:42:30,3041.26,EUR,Dépôt,Îles Caïmans,False
TXN-001592,CLT-0069,2025-05-31 14:42:30,4032.36,EUR,Virement international,Îles Caïmans,False
TXN-001593,CLT-0088,2026-05-09 14:42:30,646.59,EUR,Virement international,France,False
TXN-001594,CLT-0095,2025-07-27 14:42:30,721.92,EUR,Dépôt,France,False
TXN-001595,CLT-0091,2025-11-05 14:42:30,3199.58,EUR,Retrait,Îles Caïmans,False
TXN-001596,CLT-0060,2025-11-13 14:42:30,923.69,EUR,Virement international,Espagne,False
TXN-001597,CLT-0040,2026-01-16 14:42:30,2144.55,EUR,Virement,Espagne,False
TXN-001598,CLT-0082,2026-03-28 14:42:30,1570.56,EUR,Virement,France,False
TXN-001599,CLT-0074,2026-02-18 14:42:30,4724.89,EUR,Virement,France,False
TXN-001600,CLT-0002,2025-09-03 14:42:30,2775.26,EUR,Paiement carte,France,False
TXN-001601,CLT-0069,2025-06-01 14:42:30,2579.91,EUR,Virement,Îles Caïmans,False
TXN-001602,CLT-0092,2026-05-10 14:42:30,24546.01,EUR,Paiement carte,Panama,True
TXN-001603,CLT-0088,2025-08-16 14:42:30,3697.53,EUR,Virement international,France,False
TXN-001604,CLT-0098,2025-06-02 14:42:30,4823.59,EUR,Virement international,Allemagne,False
TXN-001605,CLT-0066,2026-03-06 14:42:30,1841.58,EUR,Dépôt,France,False
TXN-001606,CLT-0015,2025-11-03 14:42:30,1901.68,EUR,Dépôt,Allemagne,False
TXN-001607,CLT-0038,2026-03-14 14:42:30,4255.38,EUR,Dépôt,Russie,False
TXN-001608,CLT-0073,2025-06-24 14:42:30,1073.2,EUR,Paiement carte,Allemagne,False
TXN-001609,CLT-0066,2025-06-18 14:42:30,4646.25,EUR,Virement,Russie,False
TXN-001610,CLT-0046,2026-04-14 14:42:30,4243.28,EUR,Virement,Russie,False
TXN-001611,CLT-0045,2026-05-11 14:42:30,1775.92,EUR,Retrait,Îles Caïmans,False
TXN-001612,CLT-0026,2025-09-04 14:42:30,515.68,EUR,Virement,France,False
TXN-001613,CLT-0020,2026-05-10 14:42:30,4566.41,EUR,Dépôt,Allemagne,False
TXN-001614,CLT-0055,2025-11-08 14:42:30,1877.8,EUR,Retrait,Espagne,False
TXN-001615,CLT-0021,2025-10-01 14:42:30,46155.77,EUR,Retrait,Panama,True
TXN-001616,CLT-0026,2025-05-15 14:42:30,38.99,EUR,Virement,Allemagne,False
TXN-001617,CLT-0096,2025-10-10 14:42:30,677.06,EUR,Dépôt,France,False
TXN-001618,CLT-0086,2025-09-10 14:42:30,1002.97,EUR,Dépôt,France,False
TXN-001619,CLT-0092,2025-05-29 14:42:30,2755.12,EUR,Retrait,Panama,False
TXN-001620,CLT-0065,2025-10-21 14:42:30,3903.88,EUR,Paiement carte,France,False
TXN-001621,CLT-0017,2026-05-03 14:42:30,17385.52,EUR,Retrait,Panama,True
TXN-001622,CLT-0007,2026-01-12 14:42:30,3839.25,EUR,Dépôt,Îles Caïmans,False
TXN-001623,CLT-0062,2025-10-03 14:42:30,3689.78,EUR,Dépôt,Espagne,False
TXN-001624,CLT-0080,2026-01-07 14:42:30,3806.89,EUR,Retrait,France,False
TXN-001625,CLT-0090,2025-12-30 14:42:30,3835.97,EUR,Retrait,Îles Caïmans,False
TXN-001626,CLT-0090,2026-03-22 14:42:30,3535.24,EUR,Virement international,France,False
TXN-001627,CLT-0082,2025-06-25 14:42:30,4275.81,EUR,Retrait,Allemagne,False
TXN-001628,CLT-0025,2025-12-24 14:42:30,42911.63,EUR,Retrait,Îles Caïmans,True
TXN-001629,CLT-0049,2026-04-17 14:42:30,25368.98,EUR,Paiement carte,Espagne,True
TXN-001630,CLT-0044,2026-01-20 14:42:30,4900.82,EUR,Paiement carte,Russie,False
TXN-001631,CLT-0039,2026-04-17 14:42:30,45155.34,EUR,Virement,Espagne,True
TXN-001632,CLT-0054,2025-05-14 14:42:30,4715.56,EUR,Retrait,Panama,False
TXN-001633,CLT-0007,2026-05-13 14:42:30,916.94,EUR,Dépôt,Allemagne,False
TXN-001634,CLT-0013,2025-07-07 14:42:30,1408.0,EUR,Paiement carte,France,False
TXN-001635,CLT-0039,2025-11-23 14:42:30,2461.52,EUR,Virement,France,False
TXN-001636,CLT-0043,2026-03-08 14:42:30,3417.98,EUR,Dépôt,Panama,False
TXN-001637,CLT-0048,2025-07-08 14:42:30,2948.67,EUR,Retrait,Espagne,False
TXN-001638,CLT-0017,2026-03-20 14:42:30,1926.41,EUR,Virement international,France,False
TXN-001639,CLT-0025,2025-06-12 14:42:30,92244.73,EUR,Retrait,Russie,True
TXN-001640,CLT-0080,2025-08-07 14:42:30,383.65,EUR,Dépôt,Espagne,False
TXN-001641,CLT-0069,2026-01-30 14:42:30,4948.33,EUR,Retrait,France,False
TXN-001642,CLT-0033,2025-05-14 14:42:30,44384.49,EUR,Virement international,Panama,True
TXN-001643,CLT-0056,2026-03-14 14:42:30,2247.93,EUR,Virement,Russie,False
TXN-001644,CLT-0003,2025-08-29 14:42:30,4657.35,EUR,Retrait,Espagne,False
TXN-001645,CLT-0073,2026-04-20 14:42:30,653.38,EUR,Virement,Allemagne,False
TXN-001646,CLT-0069,2025-05-28 14:42:30,1993.49,EUR,Virement international,France,False
TXN-001647,CLT-0072,2025-10-29 14:42:30,3756.13,EUR,Paiement carte,Îles Caïmans,False
TXN-001648,CLT-0021,2026-05-12 14:42:30,1042.55,EUR,Virement international,Allemagne,False
TXN-001649,CLT-0059,2025-08-24 14:42:30,54.22,EUR,Virement international,Espagne,False
TXN-001650,CLT-0035,2025-05-16 14:42:30,1109.48,EUR,Virement international,France,False
TXN-001651,CLT-0038,2026-01-12 14:42:30,237.61,EUR,Virement,France,False
TXN-001652,CLT-0035,2026-03-06 14:42:30,1396.0,EUR,Virement,Allemagne,False
TXN-001653,CLT-0001,2026-03-15 14:42:30,1057.76,EUR,Dépôt,Panama,False
TXN-001654,CLT-0034,2025-08-05 14:42:30,4732.67,EUR,Retrait,Îles Caïmans,False
TXN-001655,CLT-0081,2026-04-14 14:42:30,1481.53,EUR,Virement,Panama,False
TXN-001656,CLT-0033,2026-02-12 14:42:30,4826.49,EUR,Virement,France,False
TXN-001657,CLT-0033,2025-06-13 14:42:30,3443.7,EUR,Virement international,Allemagne,False
TXN-001658,CLT-0027,2025-12-27 14:42:30,1110.99,EUR,Virement international,Îles Caïmans,False
TXN-001659,CLT-0048,2025-10-03 14:42:30,1166.3,EUR,Retrait,Russie,False
TXN-001660,CLT-0023,2026-02-08 14:42:30,23791.68,EUR,Retrait,Russie,True
TXN-001661,CLT-0003,2025-12-20 14:42:30,910.23,EUR,Dépôt,France,False
TXN-001662,CLT-0078,2025-05-27 14:42:30,4089.32,EUR,Retrait,France,False
TXN-001663,CLT-0083,2025-09-23 14:42:30,45096.37,EUR,Paiement carte,France,True
TXN-001664,CLT-0078,2026-05-07 14:42:30,695.08,EUR,Virement,Îles Caïmans,False
TXN-001665,CLT-0098,2026-05-07 14:42:30,559.08,EUR,Virement,France,False
TXN-001666,CLT-0081,2026-03-01 14:42:30,427.14,EUR,Virement international,France,False
TXN-001667,CLT-0070,2026-03-20 14:42:30,56.89,EUR,Dépôt,France,False
TXN-001668,CLT-0057,2025-07-29 14:42:30,2407.32,EUR,Retrait,Espagne,False
TXN-001669,CLT-0070,2026-04-15 14:42:30,781.02,EUR,Dépôt,France,False
TXN-001670,CLT-0038,2025-08-08 14:42:30,11873.75,EUR,Virement,Îles Caïmans,True
TXN-001671,CLT-0030,2026-05-01 14:42:30,87358.53,EUR,Paiement carte,Îles Caïmans,True
TXN-001672,CLT-0088,2026-01-18 14:42:30,65016.72,EUR,Paiement carte,France,True
TXN-001673,CLT-0014,2026-01-19 14:42:30,4953.93,EUR,Dépôt,Panama,False
TXN-001674,CLT-0011,2025-11-10 14:42:30,37034.06,EUR,Virement,France,True
TXN-001675,CLT-0024,2025-07-10 14:42:30,2657.1,EUR,Paiement carte,France,False
TXN-001676,CLT-0037,2025-06-28 14:42:30,3438.93,EUR,Dépôt,France,False
TXN-001677,CLT-0034,2025-11-06 14:42:30,2501.26,EUR,Virement,France,False
TXN-001678,CLT-0019,2025-06-12 14:42:30,4890.47,EUR,Dépôt,France,False
TXN-001679,CLT-0009,2025-09-11 14:42:30,3609.5,EUR,Virement,Îles Caïmans,False
TXN-001680,CLT-0042,2026-03-28 14:42:30,1399.6,EUR,Retrait,France,False
TXN-001681,CLT-0055,2025-09-02 14:42:30,1769.52,EUR,Paiement carte,Îles Caïmans,False
TXN-001682,CLT-0084,2026-03-04 14:42:30,3186.65,EUR,Retrait,Îles Caïmans,False
TXN-001683,CLT-0064,2025-08-13 14:42:30,2490.54,EUR,Virement international,Allemagne,False
TXN-001684,CLT-0068,2025-10-10 14:42:30,2909.01,EUR,Virement international,Allemagne,False
TXN-001685,CLT-0027,2026-05-12 14:42:30,1183.61,EUR,Virement,Panama,False
TXN-001686,CLT-0008,2026-03-18 14:42:30,4788.5,EUR,Dépôt,Panama,False
TXN-001687,CLT-0038,2026-03-03 14:42:30,4335.19,EUR,Paiement carte,France,False
TXN-001688,CLT-0032,2025-10-10 14:42:30,2761.99,EUR,Retrait,Allemagne,False
TXN-001689,CLT-0091,2025-05-22 14:42:30,19988.71,EUR,Retrait,Îles Caïmans,True
TXN-001690,CLT-0048,2025-10-08 14:42:30,3483.65,EUR,Virement,France,False
TXN-001691,CLT-0021,2025-07-13 14:42:30,378.11,EUR,Virement,France,False
TXN-001692,CLT-0002,2026-04-04 14:42:30,404.18,EUR,Virement international,Îles Caïmans,False
TXN-001693,CLT-0096,2026-03-03 14:42:30,23870.93,EUR,Virement international,Espagne,True
TXN-001694,CLT-0083,2025-09-28 14:42:30,3615.56,EUR,Virement,Espagne,False
TXN-001695,CLT-0005,2025-06-19 14:42:30,13220.07,EUR,Virement international,France,True
TXN-001696,CLT-0088,2025-10-09 14:42:30,64.23,EUR,Paiement carte,Espagne,False
TXN-001697,CLT-0030,2025-05-15 14:42:30,2514.34,EUR,Paiement carte,France,False
TXN-001698,CLT-0017,2025-11-01 14:42:30,468.76,EUR,Retrait,Îles Caïmans,False
TXN-001699,CLT-0096,2026-02-08 14:42:30,1102.34,EUR,Virement international,France,False
TXN-001700,CLT-0084,2025-12-04 14:42:30,2347.5,EUR,Paiement carte,Îles Caïmans,False
TXN-001701,CLT-0055,2025-06-16 14:42:30,4018.66,EUR,Retrait,Espagne,False
TXN-001702,CLT-0100,2025-07-09 14:42:30,14769.35,EUR,Dépôt,France,True
TXN-001703,CLT-0009,2026-03-20 14:42:30,822.17,EUR,Retrait,France,False
TXN-001704,CLT-0026,2025-08-04 14:42:30,1552.51,EUR,Virement,Allemagne,False
TXN-001705,CLT-0006,2025-07-28 14:42:30,4883.55,EUR,Virement international,Russie,False
TXN-001706,CLT-0002,2025-12-06 14:42:30,35368.49,EUR,Dépôt,Espagne,True
TXN-001707,CLT-0097,2025-12-03 14:42:30,2506.08,EUR,Paiement carte,Panama,False
TXN-001708,CLT-0043,2026-03-25 14:42:30,3516.26,EUR,Paiement carte,France,False
TXN-001709,CLT-0076,2026-05-01 14:42:30,3877.55,EUR,Paiement carte,Russie,False
TXN-001710,CLT-0021,2025-12-16 14:42:30,4261.62,EUR,Retrait,Russie,False
TXN-001711,CLT-0028,2026-01-15 14:42:30,62457.89,EUR,Retrait,France,True
TXN-001712,CLT-0084,2025-07-06 14:42:30,2513.08,EUR,Virement international,Panama,False
TXN-001713,CLT-0047,2025-12-16 14:42:30,664.68,EUR,Virement international,Îles Caïmans,False
TXN-001714,CLT-0050,2025-05-29 14:42:30,70010.34,EUR,Retrait,Allemagne,True
TXN-001715,CLT-0073,2026-02-24 14:42:30,3038.32,EUR,Paiement carte,France,False
TXN-001716,CLT-0071,2025-12-06 14:42:30,721.69,EUR,Virement,Russie,False
TXN-001717,CLT-0021,2025-12-13 14:42:30,35293.53,EUR,Virement,Espagne,True
TXN-001718,CLT-0023,2026-04-07 14:42:30,1773.31,EUR,Paiement carte,Espagne,False
TXN-001719,CLT-0084,2025-09-29 14:42:30,4892.63,EUR,Retrait,France,False
TXN-001720,CLT-0037,2025-11-08 14:42:30,2446.41,EUR,Paiement carte,Îles Caïmans,False
TXN-001721,CLT-0057,2026-03-08 14:42:30,4586.53,EUR,Dépôt,Panama,False
TXN-001722,CLT-0058,2025-08-27 14:42:30,3414.18,EUR,Dépôt,France,False
TXN-001723,CLT-0090,2026-01-08 14:42:30,3222.9,EUR,Virement international,France,False
TXN-001724,CLT-0021,2025-11-02 14:42:30,535.44,EUR,Virement international,Îles Caïmans,False
TXN-001725,CLT-0086,2025-09-19 14:42:30,1123.03,EUR,Virement,Panama,False
TXN-001726,CLT-0014,2025-09-17 14:42:30,3216.0,EUR,Virement,France,False
TXN-001727,CLT-0099,2025-10-22 14:42:30,4588.13,EUR,Paiement carte,Allemagne,False
TXN-001728,CLT-0078,2025-11-19 14:42:30,331.71,EUR,Paiement carte,Allemagne,False
TXN-001729,CLT-0059,2025-12-22 14:42:30,2386.34,EUR,Virement,France,False
TXN-001730,CLT-0041,2026-01-24 14:42:30,736.11,EUR,Virement international,France,False
TXN-001731,CLT-0047,2026-04-12 14:42:30,3873.29,EUR,Paiement carte,Russie,False
TXN-001732,CLT-0098,2026-05-02 14:42:30,1065.35,EUR,Paiement carte,Espagne,False
TXN-001733,CLT-0009,2026-03-02 14:42:30,888.77,EUR,Dépôt,Îles Caïmans,False
TXN-001734,CLT-0054,2025-09-24 14:42:30,84018.5,EUR,Virement international,Allemagne,True
TXN-001735,CLT-0012,2026-04-16 14:42:30,1304.64,EUR,Paiement carte,Panama,False
TXN-001736,CLT-0045,2026-02-01 14:42:30,1491.56,EUR,Paiement carte,Russie,False
TXN-001737,CLT-0090,2026-02-20 14:42:30,3447.26,EUR,Paiement carte,Panama,False
TXN-001738,CLT-0072,2026-05-08 14:42:30,2855.88,EUR,Virement international,Allemagne,False
TXN-001739,CLT-0019,2025-07-02 14:42:30,66112.74,EUR,Dépôt,Panama,True
TXN-001740,CLT-0064,2026-02-27 14:42:30,85995.6,EUR,Dépôt,France,True
TXN-001741,CLT-0067,2025-12-30 14:42:30,3372.99,EUR,Virement,Russie,False
TXN-001742,CLT-0058,2025-06-23 14:42:30,4287.76,EUR,Virement international,France,False
TXN-001743,CLT-0054,2026-02-06 14:42:30,72876.56,EUR,Virement international,France,True
TXN-001744,CLT-0025,2026-01-26 14:42:30,1088.53,EUR,Virement international,France,False
TXN-001745,CLT-0040,2025-12-10 14:42:30,1825.33,EUR,Virement international,France,False
TXN-001746,CLT-0053,2025-09-22 14:42:30,3248.07,EUR,Paiement carte,Panama,False
TXN-001747,CLT-0098,2025-08-19 14:42:30,2716.91,EUR,Dépôt,France,False
TXN-001748,CLT-0023,2025-11-03 14:42:30,2299.53,EUR,Virement international,France,False
TXN-001749,CLT-0089,2025-06-10 14:42:30,1914.0,EUR,Paiement carte,Espagne,False
TXN-001750,CLT-0012,2026-03-24 14:42:30,4690.13,EUR,Virement,France,False
TXN-001751,CLT-0014,2025-10-15 14:42:30,3085.14,EUR,Paiement carte,France,False
TXN-001752,CLT-0086,2026-04-27 14:42:30,2521.77,EUR,Dépôt,Îles Caïmans,False
TXN-001753,CLT-0049,2025-08-04 14:42:30,3886.63,EUR,Virement,Allemagne,False
TXN-001754,CLT-0060,2025-11-15 14:42:30,4753.25,EUR,Paiement carte,Îles Caïmans,False
TXN-001755,CLT-0065,2026-01-19 14:42:30,40594.01,EUR,Dépôt,Espagne,True
TXN-001756,CLT-0087,2025-10-13 14:42:30,1329.85,EUR,Retrait,France,False
TXN-001757,CLT-0004,2026-05-06 14:42:30,2078.64,EUR,Retrait,Panama,False
TXN-001758,CLT-0041,2025-07-10 14:42:30,2599.63,EUR,Dépôt,France,False
TXN-001759,CLT-0072,2026-01-10 14:42:30,4964.22,EUR,Paiement carte,Allemagne,False
TXN-001760,CLT-0074,2026-04-17 14:42:30,1972.66,EUR,Paiement carte,France,False
TXN-001761,CLT-0052,2026-02-14 14:42:30,1958.15,EUR,Dépôt,France,False
TXN-001762,CLT-0065,2026-03-10 14:42:30,506.89,EUR,Virement,Îles Caïmans,False
TXN-001763,CLT-0071,2025-12-31 14:42:30,3140.32,EUR,Retrait,Panama,False
TXN-001764,CLT-0002,2025-10-02 14:42:30,475.39,EUR,Virement international,France,False
TXN-001765,CLT-0074,2026-04-03 14:42:30,69559.1,EUR,Paiement carte,France,True
TXN-001766,CLT-0082,2025-09-23 14:42:30,661.43,EUR,Dépôt,France,False
TXN-001767,CLT-0025,2025-12-12 14:42:30,4490.57,EUR,Virement international,Allemagne,False
TXN-001768,CLT-0099,2025-11-01 14:42:30,4037.42,EUR,Dépôt,France,False
TXN-001769,CLT-0003,2025-06-26 14:42:30,4675.53,EUR,Virement international,France,False
TXN-001770,CLT-0014,2026-03-12 14:42:30,88666.32,EUR,Retrait,Espagne,True
TXN-001771,CLT-0064,2026-04-04 14:42:30,911.33,EUR,Dépôt,Allemagne,False
TXN-001772,CLT-0053,2026-05-02 14:42:30,2460.27,EUR,Virement,Russie,False
TXN-001773,CLT-0054,2025-05-27 14:42:30,390.8,EUR,Paiement carte,Panama,False
TXN-001774,CLT-0024,2026-02-20 14:42:30,2259.88,EUR,Dépôt,France,False
TXN-001775,CLT-0078,2025-06-24 14:42:30,3301.74,EUR,Virement,France,False
TXN-001776,CLT-0079,2025-09-08 14:42:30,4968.76,EUR,Virement international,France,False
TXN-001777,CLT-0025,2026-03-12 14:42:30,3711.07,EUR,Virement international,France,False
TXN-001778,CLT-0028,2026-02-24 14:42:30,2594.79,EUR,Dépôt,France,False
TXN-001779,CLT-0029,2026-03-04 14:42:30,157.19,EUR,Virement,France,False
TXN-001780,CLT-0045,2026-03-27 14:42:30,2413.06,EUR,Virement international,Espagne,False
TXN-001781,CLT-0066,2025-10-02 14:42:30,4046.97,EUR,Paiement carte,Allemagne,False
TXN-001782,CLT-0051,2025-12-21 14:42:30,997.4,EUR,Virement,Espagne,False
TXN-001783,CLT-0056,2025-09-06 14:42:30,1037.1,EUR,Paiement carte,Îles Caïmans,False
TXN-001784,CLT-0080,2025-12-01 14:42:30,1365.65,EUR,Virement,Îles Caïmans,False
TXN-001785,CLT-0081,2025-11-03 14:42:30,2840.04,EUR,Virement,Russie,False
TXN-001786,CLT-0033,2025-08-25 14:42:30,178.46,EUR,Virement international,Îles Caïmans,False
TXN-001787,CLT-0068,2025-06-17 14:42:30,4135.17,EUR,Dépôt,Îles Caïmans,False
TXN-001788,CLT-0055,2025-11-29 14:42:30,23651.67,EUR,Retrait,Panama,True
TXN-001789,CLT-0048,2025-11-04 14:42:30,1083.77,EUR,Retrait,Panama,False
TXN-001790,CLT-0092,2026-05-08 14:42:30,35717.26,EUR,Dépôt,Allemagne,True
TXN-001791,CLT-0072,2026-01-14 14:42:30,3978.24,EUR,Virement,Îles Caïmans,False
TXN-001792,CLT-0014,2026-01-22 14:42:30,1068.75,EUR,Virement international,Espagne,False
TXN-001793,CLT-0010,2025-06-04 14:42:30,4731.89,EUR,Virement international,Îles Caïmans,False
TXN-001794,CLT-0026,2025-12-01 14:42:30,2181.68,EUR,Retrait,France,False
TXN-001795,CLT-0054,2025-12-24 14:42:30,2498.27,EUR,Virement,France,False
TXN-001796,CLT-0050,2025-07-15 14:42:30,3011.14,EUR,Retrait,France,False
TXN-001797,CLT-0001,2025-07-23 14:42:30,3221.9,EUR,Paiement carte,Espagne,False
TXN-001798,CLT-0069,2026-04-25 14:42:30,92116.26,EUR,Virement international,France,True
TXN-001799,CLT-0013,2025-09-15 14:42:30,91.2,EUR,Paiement carte,Espagne,False
TXN-001800,CLT-0011,2025-10-21 14:42:30,3770.92,EUR,Virement international,Panama,False
TXN-001801,CLT-0090,2025-12-12 14:42:30,244.89,EUR,Paiement carte,Russie,False
TXN-001802,CLT-0048,2026-03-12 14:42:30,4836.09,EUR,Virement international,France,False
TXN-001803,CLT-0018,2026-05-08 14:42:30,12161.58,EUR,Virement,Panama,True
TXN-001804,CLT-0022,2026-01-18 14:42:30,3624.02,EUR,Virement,Allemagne,False
TXN-001805,CLT-0001,2025-08-11 14:42:30,4063.29,EUR,Virement,Espagne,False
TXN-001806,CLT-0039,2026-04-19 14:42:30,224.95,EUR,Virement,Espagne,False
TXN-001807,CLT-0035,2025-10-31 14:42:30,3067.63,EUR,Retrait,France,False
TXN-001808,CLT-0019,2025-12-01 14:42:30,608.31,EUR,Virement international,Îles Caïmans,False
TXN-001809,CLT-0068,2025-08-19 14:42:30,3344.49,EUR,Retrait,Russie,False
TXN-001810,CLT-0099,2025-11-30 14:42:30,4881.98,EUR,Paiement carte,Allemagne,False
TXN-001811,CLT-0011,2025-05-14 14:42:30,74659.57,EUR,Dépôt,Allemagne,True
TXN-001812,CLT-0089,2026-01-28 14:42:30,3678.99,EUR,Virement,France,False
TXN-001813,CLT-0086,2026-05-07 14:42:30,310.73,EUR,Retrait,Russie,False
TXN-001814,CLT-0044,2026-03-21 14:42:30,947.71,EUR,Retrait,Panama,False
TXN-001815,CLT-0084,2025-09-23 14:42:30,1566.01,EUR,Retrait,France,False
TXN-001816,CLT-0050,2025-11-08 14:42:30,1101.74,EUR,Paiement carte,Allemagne,False
TXN-001817,CLT-0055,2025-12-22 14:42:30,947.89,EUR,Retrait,Espagne,False
TXN-001818,CLT-0019,2026-03-22 14:42:30,2890.44,EUR,Paiement carte,France,False
TXN-001819,CLT-0024,2025-09-20 14:42:30,1210.41,EUR,Dépôt,France,False
TXN-001820,CLT-0034,2025-11-14 14:42:30,2659.12,EUR,Virement,France,False
TXN-001821,CLT-0065,2025-10-22 14:42:30,1068.21,EUR,Paiement carte,Panama,False
TXN-001822,CLT-0007,2026-03-24 14:42:30,31715.23,EUR,Paiement carte,Îles Caïmans,True
TXN-001823,CLT-0077,2026-02-12 14:42:30,955.35,EUR,Dépôt,Russie,False
TXN-001824,CLT-0083,2026-04-18 14:42:30,554.83,EUR,Retrait,France,False
TXN-001825,CLT-0074,2026-04-25 14:42:30,275.16,EUR,Dépôt,Allemagne,False
TXN-001826,CLT-0080,2026-01-18 14:42:30,16789.78,EUR,Paiement carte,Îles Caïmans,True
TXN-001827,CLT-0035,2025-05-24 14:42:30,1107.24,EUR,Paiement carte,Allemagne,False
TXN-001828,CLT-0037,2025-06-21 14:42:30,1025.84,EUR,Virement international,Espagne,False
TXN-001829,CLT-0090,2025-08-29 14:42:30,480.27,EUR,Virement international,Russie,False
TXN-001830,CLT-0031,2025-05-26 14:42:30,4264.29,EUR,Retrait,Panama,False
TXN-001831,CLT-0059,2025-11-24 14:42:30,841.56,EUR,Retrait,France,False
TXN-001832,CLT-0023,2026-05-03 14:42:30,2145.33,EUR,Dépôt,France,False
TXN-001833,CLT-0077,2026-05-09 14:42:30,3803.7,EUR,Dépôt,Russie,False
TXN-001834,CLT-0061,2026-01-07 14:42:30,2446.65,EUR,Virement,France,False
TXN-001835,CLT-0030,2025-12-16 14:42:30,2840.66,EUR,Virement international,France,False
TXN-001836,CLT-0039,2026-03-23 14:42:30,3878.53,EUR,Dépôt,Russie,False
TXN-001837,CLT-0033,2025-08-07 14:42:30,1760.4,EUR,Paiement carte,Espagne,False
TXN-001838,CLT-0039,2025-11-14 14:42:30,77.67,EUR,Dépôt,Russie,False
TXN-001839,CLT-0003,2025-06-20 14:42:30,67663.22,EUR,Retrait,Îles Caïmans,True
TXN-001840,CLT-0046,2026-03-02 14:42:30,3300.24,EUR,Paiement carte,France,False
TXN-001841,CLT-0047,2025-10-05 14:42:30,3707.65,EUR,Retrait,France,False
TXN-001842,CLT-0014,2025-06-20 14:42:30,4774.52,EUR,Dépôt,Russie,False
TXN-001843,CLT-0034,2026-02-13 14:42:30,4381.7,EUR,Dépôt,Panama,False
TXN-001844,CLT-0040,2025-12-23 14:42:30,2092.3,EUR,Retrait,France,False
TXN-001845,CLT-0016,2025-07-04 14:42:30,3512.16,EUR,Paiement carte,Russie,False
TXN-001846,CLT-0037,2025-11-17 14:42:30,3964.7,EUR,Virement,France,False
TXN-001847,CLT-0088,2025-09-17 14:42:30,3430.78,EUR,Retrait,Espagne,False
TXN-001848,CLT-0063,2025-12-09 14:42:30,3324.96,EUR,Dépôt,France,False
TXN-001849,CLT-0028,2026-04-23 14:42:30,87.81,EUR,Dépôt,France,False
TXN-001850,CLT-0046,2025-10-05 14:42:30,34606.47,EUR,Virement,France,True
TXN-001851,CLT-0065,2025-12-19 14:42:30,1757.59,EUR,Virement international,France,False
TXN-001852,CLT-0094,2026-03-01 14:42:30,3568.85,EUR,Retrait,Îles Caïmans,False
TXN-001853,CLT-0005,2026-01-21 14:42:30,412.78,EUR,Paiement carte,Panama,False
TXN-001854,CLT-0055,2025-10-28 14:42:30,3395.72,EUR,Paiement carte,France,False
TXN-001855,CLT-0040,2025-07-12 14:42:30,4601.77,EUR,Retrait,Îles Caïmans,False
TXN-001856,CLT-0018,2025-07-21 14:42:30,1619.17,EUR,Retrait,Espagne,False
TXN-001857,CLT-0040,2025-12-10 14:42:30,56222.69,EUR,Virement,Espagne,True
TXN-001858,CLT-0024,2025-08-07 14:42:30,3145.31,EUR,Paiement carte,Îles Caïmans,False
TXN-001859,CLT-0041,2025-05-23 14:42:30,53811.71,EUR,Virement international,Panama,True
TXN-001860,CLT-0053,2025-10-10 14:42:30,2144.07,EUR,Paiement carte,France,False
TXN-001861,CLT-0012,2025-10-10 14:42:30,141.85,EUR,Retrait,Espagne,False
TXN-001862,CLT-0017,2025-11-03 14:42:30,2905.81,EUR,Virement international,Espagne,False
TXN-001863,CLT-0052,2026-03-10 14:42:30,81524.34,EUR,Virement,Russie,True
TXN-001864,CLT-0007,2025-09-20 14:42:30,4375.81,EUR,Virement,France,False
TXN-001865,CLT-0043,2026-03-20 14:42:30,4931.01,EUR,Virement international,France,False
TXN-001866,CLT-0043,2025-05-25 14:42:30,2831.56,EUR,Virement,France,False
TXN-001867,CLT-0090,2026-04-16 14:42:30,3375.32,EUR,Retrait,France,False
TXN-001868,CLT-0029,2026-03-05 14:42:30,4836.72,EUR,Retrait,Espagne,False
TXN-001869,CLT-0063,2026-05-10 14:42:30,3598.52,EUR,Virement international,Allemagne,False
TXN-001870,CLT-0016,2025-07-08 14:42:30,8003.11,EUR,Virement international,France,True
TXN-001871,CLT-0065,2026-05-01 14:42:30,527.0,EUR,Paiement carte,Îles Caïmans,False
TXN-001872,CLT-0062,2025-10-18 14:42:30,18597.59,EUR,Retrait,Allemagne,True
TXN-001873,CLT-0088,2025-07-04 14:42:30,2738.13,EUR,Paiement carte,France,False
TXN-001874,CLT-0019,2026-02-08 14:42:30,3184.62,EUR,Retrait,France,False
TXN-001875,CLT-0061,2026-01-31 14:42:30,3501.15,EUR,Paiement carte,Espagne,False
TXN-001876,CLT-0064,2025-07-16 14:42:30,509.1,EUR,Dépôt,Espagne,False
TXN-001877,CLT-0060,2026-03-20 14:42:30,3491.29,EUR,Paiement carte,Îles Caïmans,False
TXN-001878,CLT-0073,2026-03-13 14:42:30,32657.73,EUR,Paiement carte,France,True
TXN-001879,CLT-0085,2025-06-14 14:42:30,180.08,EUR,Virement international,Russie,False
TXN-001880,CLT-0060,2026-03-03 14:42:30,86914.08,EUR,Paiement carte,Espagne,True
TXN-001881,CLT-0065,2025-08-30 14:42:30,21773.36,EUR,Retrait,Panama,True
TXN-001882,CLT-0009,2025-08-24 14:42:30,2630.03,EUR,Retrait,France,False
TXN-001883,CLT-0059,2025-11-21 14:42:30,3598.85,EUR,Retrait,Espagne,False
TXN-001884,CLT-0009,2025-10-24 14:42:30,3295.64,EUR,Paiement carte,Îles Caïmans,False
TXN-001885,CLT-0074,2026-02-10 14:42:30,3033.15,EUR,Virement international,Espagne,False
TXN-001886,CLT-0045,2025-07-20 14:42:30,36194.67,EUR,Virement international,Îles Caïmans,True
TXN-001887,CLT-0030,2026-02-21 14:42:30,10568.4,EUR,Virement,France,True
TXN-001888,CLT-0098,2025-11-29 14:42:30,3399.82,EUR,Retrait,Allemagne,False
TXN-001889,CLT-0097,2025-10-29 14:42:30,84625.72,EUR,Paiement carte,France,True
TXN-001890,CLT-0096,2026-04-24 14:42:30,29792.09,EUR,Virement,Russie,True
TXN-001891,CLT-0023,2026-04-28 14:42:30,3036.6,EUR,Dépôt,France,False
TXN-001892,CLT-0074,2025-06-21 14:42:30,1894.37,EUR,Virement international,Allemagne,False
TXN-001893,CLT-0037,2025-05-31 14:42:30,2460.6,EUR,Retrait,Allemagne,False
TXN-001894,CLT-0025,2025-08-16 14:42:30,2175.97,EUR,Virement,France,False
TXN-001895,CLT-0005,2026-01-29 14:42:30,3346.6,EUR,Retrait,France,False
TXN-001896,CLT-0010,2025-08-07 14:42:30,2046.06,EUR,Dépôt,France,False
TXN-001897,CLT-0068,2025-06-19 14:42:30,4789.14,EUR,Paiement carte,Allemagne,False
TXN-001898,CLT-0065,2025-09-13 14:42:30,2856.15,EUR,Dépôt,Panama,False
TXN-001899,CLT-0009,2026-03-04 14:42:30,2797.9,EUR,Paiement carte,Îles Caïmans,False
TXN-001900,CLT-0011,2025-07-26 14:42:30,4371.14,EUR,Retrait,Espagne,False
TXN-001901,CLT-0077,2026-04-17 14:42:30,51387.97,EUR,Virement international,Panama,True
TXN-001902,CLT-0033,2025-12-16 14:42:30,79455.52,EUR,Paiement carte,Panama,True
TXN-001903,CLT-0010,2025-12-17 14:42:30,83818.18,EUR,Virement international,Allemagne,True
TXN-001904,CLT-0040,2025-08-30 14:42:30,4659.73,EUR,Paiement carte,France,False
TXN-001905,CLT-0061,2025-07-19 14:42:30,4460.12,EUR,Dépôt,France,False
TXN-001906,CLT-0043,2026-01-31 14:42:30,44662.3,EUR,Virement,France,True
TXN-001907,CLT-0097,2025-11-26 14:42:30,4085.64,EUR,Virement,Allemagne,False
TXN-001908,CLT-0079,2025-07-29 14:42:30,4030.25,EUR,Virement,Panama,False
TXN-001909,CLT-0095,2025-07-11 14:42:30,4750.04,EUR,Virement international,France,False
TXN-001910,CLT-0035,2026-03-08 14:42:30,2399.07,EUR,Virement,France,False
TXN-001911,CLT-0045,2025-06-15 14:42:30,52161.57,EUR,Paiement carte,Russie,True
TXN-001912,CLT-0003,2026-01-17 14:42:30,4250.67,EUR,Virement,France,False
TXN-001913,CLT-0078,2025-08-13 14:42:30,4058.7,EUR,Paiement carte,France,False
TXN-001914,CLT-0090,2025-11-01 14:42:30,270.18,EUR,Retrait,Îles Caïmans,False
TXN-001915,CLT-0057,2026-03-15 14:42:30,2752.23,EUR,Virement,Panama,False
TXN-001916,CLT-0031,2026-04-14 14:42:30,1722.2,EUR,Retrait,France,False
TXN-001917,CLT-0073,2025-08-12 14:42:30,1143.36,EUR,Virement,France,False
TXN-001918,CLT-0010,2026-04-14 14:42:30,1257.11,EUR,Virement,France,False
TXN-001919,CLT-0045,2025-12-04 14:42:30,1420.15,EUR,Virement international,Allemagne,False
TXN-001920,CLT-0062,2025-10-22 14:42:30,657.28,EUR,Virement,France,False
TXN-001921,CLT-0064,2026-01-28 14:42:30,89638.2,EUR,Dépôt,Allemagne,True
TXN-001922,CLT-0100,2025-11-07 14:42:30,1520.57,EUR,Virement international,Espagne,False
TXN-001923,CLT-0041,2025-12-28 14:42:30,1228.59,EUR,Virement international,France,False
TXN-001924,CLT-0080,2025-05-17 14:42:30,86337.01,EUR,Paiement carte,Espagne,True
TXN-001925,CLT-0030,2025-08-20 14:42:30,87348.28,EUR,Dépôt,Allemagne,True
TXN-001926,CLT-0005,2026-03-02 14:42:30,71067.24,EUR,Retrait,Russie,True
TXN-001927,CLT-0003,2026-03-16 14:42:30,2274.28,EUR,Paiement carte,France,False
TXN-001928,CLT-0011,2025-12-11 14:42:30,2945.32,EUR,Virement,Espagne,False
TXN-001929,CLT-0049,2026-05-04 14:42:30,1925.84,EUR,Paiement carte,Russie,False
TXN-001930,CLT-0085,2026-02-08 14:42:30,25898.52,EUR,Paiement carte,France,True
TXN-001931,CLT-0004,2025-11-16 14:42:30,166.22,EUR,Virement international,Panama,False
TXN-001932,CLT-0028,2025-07-15 14:42:30,4538.17,EUR,Virement,Panama,False
TXN-001933,CLT-0094,2025-10-07 14:42:30,3111.44,EUR,Virement,France,False
TXN-001934,CLT-0037,2025-05-31 14:42:30,4762.84,EUR,Virement international,Russie,False
TXN-001935,CLT-0034,2025-08-21 14:42:30,3598.91,EUR,Retrait,Îles Caïmans,False
TXN-001936,CLT-0017,2026-01-12 14:42:30,4963.14,EUR,Virement,Espagne,False
TXN-001937,CLT-0032,2026-03-31 14:42:30,4755.33,EUR,Virement international,Espagne,False
TXN-001938,CLT-0036,2025-07-02 14:42:30,1979.06,EUR,Dépôt,Espagne,False
TXN-001939,CLT-0002,2025-07-06 14:42:30,3914.31,EUR,Virement,Espagne,False
TXN-001940,CLT-0023,2025-12-29 14:42:30,1611.74,EUR,Paiement carte,Russie,False
TXN-001941,CLT-0046,2026-04-25 14:42:30,8771.75,EUR,Paiement carte,Allemagne,True
TXN-001942,CLT-0036,2026-04-03 14:42:30,2902.06,EUR,Virement international,Panama,False
TXN-001943,CLT-0099,2026-01-01 14:42:30,2207.79,EUR,Dépôt,Espagne,False
TXN-001944,CLT-0023,2025-06-25 14:42:30,644.84,EUR,Retrait,France,False
TXN-001945,CLT-0088,2026-02-08 14:42:30,3276.46,EUR,Virement international,Russie,False
TXN-001946,CLT-0008,2026-01-17 14:42:30,219.36,EUR,Dépôt,Espagne,False
TXN-001947,CLT-0070,2025-11-14 14:42:30,81508.99,EUR,Virement,Allemagne,True
TXN-001948,CLT-0015,2025-09-28 14:42:30,396.62,EUR,Virement international,France,False
TXN-001949,CLT-0088,2025-11-04 14:42:30,1635.69,EUR,Paiement carte,France,False
TXN-001950,CLT-0004,2026-03-01 14:42:30,4380.51,EUR,Dépôt,Panama,False
TXN-001951,CLT-0048,2025-06-14 14:42:30,2046.61,EUR,Paiement carte,Espagne,False
TXN-001952,CLT-0038,2026-04-21 14:42:30,809.96,EUR,Retrait,France,False
TXN-001953,CLT-0066,2025-12-04 14:42:30,26398.73,EUR,Virement international,Panama,True
TXN-001954,CLT-0005,2025-07-19 14:42:30,1900.41,EUR,Retrait,Îles Caïmans,False
TXN-001955,CLT-0029,2026-04-04 14:42:30,3249.57,EUR,Virement international,Îles Caïmans,False
TXN-001956,CLT-0007,2025-08-16 14:42:30,615.0,EUR,Virement international,Russie,False
TXN-001957,CLT-0035,2025-12-02 14:42:30,2606.48,EUR,Retrait,Espagne,False
TXN-001958,CLT-0030,2025-11-09 14:42:30,1650.14,EUR,Paiement carte,Panama,False
TXN-001959,CLT-0057,2026-01-10 14:42:30,585.93,EUR,Paiement carte,Panama,False
TXN-001960,CLT-0047,2026-04-04 14:42:30,56759.77,EUR,Paiement carte,Allemagne,True
TXN-001961,CLT-0017,2025-07-26 14:42:30,2100.06,EUR,Virement international,Allemagne,False
TXN-001962,CLT-0086,2025-07-18 14:42:30,2044.01,EUR,Retrait,Espagne,False
TXN-001963,CLT-0011,2026-03-14 14:42:30,1714.44,EUR,Paiement carte,Îles Caïmans,False
TXN-001964,CLT-0081,2025-09-02 14:42:30,750.51,EUR,Retrait,France,False
TXN-001965,CLT-0054,2026-03-13 14:42:30,87.41,EUR,Dépôt,Russie,False
TXN-001966,CLT-0056,2026-04-26 14:42:30,640.73,EUR,Virement,France,False
TXN-001967,CLT-0050,2025-08-15 14:42:30,670.56,EUR,Paiement carte,Panama,False
TXN-001968,CLT-0092,2026-01-10 14:42:30,68632.8,EUR,Dépôt,France,True
TXN-001969,CLT-0076,2025-11-22 14:42:30,4125.33,EUR,Virement international,France,False
TXN-001970,CLT-0058,2025-11-13 14:42:30,235.74,EUR,Paiement carte,Russie,False
TXN-001971,CLT-0090,2025-09-11 14:42:30,2184.09,EUR,Retrait,France,False
TXN-001972,CLT-0011,2025-08-26 14:42:30,2951.9,EUR,Retrait,France,False
TXN-001973,CLT-0059,2025-06-15 14:42:30,1855.67,EUR,Paiement carte,Panama,False
TXN-001974,CLT-0036,2025-07-16 14:42:30,2548.25,EUR,Virement,Allemagne,False
TXN-001975,CLT-0067,2025-07-29 14:42:30,1712.17,EUR,Virement international,Îles Caïmans,False
TXN-001976,CLT-0019,2026-02-11 14:42:30,1926.5,EUR,Virement,Allemagne,False
TXN-001977,CLT-0041,2025-07-02 14:42:30,1398.5,EUR,Virement,Panama,False
TXN-001978,CLT-0063,2025-12-24 14:42:30,601.57,EUR,Paiement carte,Allemagne,False
TXN-001979,CLT-0078,2026-01-01 14:42:30,1449.51,EUR,Virement,Allemagne,False
TXN-001980,CLT-0071,2026-01-28 14:42:30,713.61,EUR,Virement international,France,False
TXN-001981,CLT-0069,2025-08-10 14:42:30,86521.09,EUR,Retrait,France,True
TXN-001982,CLT-0027,2025-11-05 14:42:30,4113.77,EUR,Dépôt,Îles Caïmans,False
TXN-001983,CLT-0038,2025-09-23 14:42:30,2609.26,EUR,Virement,France,False
TXN-001984,CLT-0012,2025-12-30 14:42:30,2167.01,EUR,Retrait,Espagne,False
TXN-001985,CLT-0011,2025-11-13 14:42:30,591.15,EUR,Retrait,France,False
TXN-001986,CLT-0059,2025-12-23 14:42:30,2540.23,EUR,Virement international,France,False
TXN-001987,CLT-0056,2026-04-24 14:42:30,1580.9,EUR,Virement,Panama,False
TXN-001988,CLT-0005,2025-06-27 14:42:30,2795.27,EUR,Virement,Allemagne,False
TXN-001989,CLT-0087,2026-01-21 14:42:30,40730.19,EUR,Retrait,Espagne,True
TXN-001990,CLT-0094,2026-02-07 14:42:30,2427.69,EUR,Paiement carte,Espagne,False
TXN-001991,CLT-0067,2026-03-29 14:42:30,63225.23,EUR,Retrait,France,True
TXN-001992,CLT-0027,2025-07-05 14:42:30,2458.55,EUR,Retrait,France,False
TXN-001993,CLT-0081,2025-10-31 14:42:30,1322.74,EUR,Virement international,Allemagne,False
TXN-001994,CLT-0024,2025-06-11 14:42:30,2426.32,EUR,Dépôt,Allemagne,False
TXN-001995,CLT-0081,2025-09-05 14:42:30,3343.2,EUR,Paiement carte,Panama,False
TXN-001996,CLT-0015,2026-01-21 14:42:30,1484.13,EUR,Dépôt,Îles Caïmans,False
TXN-001997,CLT-0055,2025-06-08 14:42:30,1633.73,EUR,Virement,France,False
TXN-001998,CLT-0045,2026-03-16 14:42:30,1601.34,EUR,Paiement carte,France,False
TXN-001999,CLT-0077,2025-09-05 14:42:30,2423.86,EUR,Paiement carte,Allemagne,False
TXN-002000,CLT-0053,2026-01-23 14:42:30,31309.38,EUR,Virement,Panama,True
TXN-002001,CLT-0057,2025-10-25 14:42:30,1594.92,EUR,Paiement carte,Îles Caïmans,False
TXN-002002,CLT-0094,2025-09-07 14:42:30,282.62,EUR,Retrait,Panama,False
TXN-002003,CLT-0053,2025-09-26 14:42:30,237.69,EUR,Retrait,France,False
TXN-002004,CLT-0079,2026-03-18 14:42:30,3899.96,EUR,Virement international,Panama,False
TXN-002005,CLT-0049,2026-05-03 14:42:30,54959.76,EUR,Virement,Panama,True
TXN-002006,CLT-0009,2025-08-03 14:42:30,3836.54,EUR,Virement,Allemagne,False
TXN-002007,CLT-0069,2026-02-22 14:42:30,1000.21,EUR,Paiement carte,Allemagne,False
TXN-002008,CLT-0043,2025-11-03 14:42:30,815.41,EUR,Paiement carte,Allemagne,False
TXN-002009,CLT-0005,2026-05-07 14:42:30,1251.03,EUR,Virement,France,False
TXN-002010,CLT-0021,2026-04-22 14:42:30,3958.8,EUR,Dépôt,Espagne,False
TXN-002011,CLT-0032,2025-05-26 14:42:30,62945.33,EUR,Virement,Espagne,True
TXN-002012,CLT-0084,2025-11-01 14:42:30,4066.85,EUR,Paiement carte,France,False
TXN-002013,CLT-0010,2026-03-31 14:42:30,4384.34,EUR,Virement,Îles Caïmans,False
TXN-002014,CLT-0078,2025-08-09 14:42:30,72610.72,EUR,Retrait,France,True
TXN-002015,CLT-0078,2026-02-03 14:42:30,3965.17,EUR,Dépôt,Panama,False
TXN-002016,CLT-0036,2025-12-10 14:42:30,3719.98,EUR,Paiement carte,Allemagne,False
TXN-002017,CLT-0061,2025-07-22 14:42:30,92325.83,EUR,Paiement carte,Espagne,True
TXN-002018,CLT-0072,2025-10-17 14:42:30,1119.04,EUR,Dépôt,Russie,False
TXN-002019,CLT-0032,2025-08-27 14:42:30,3517.37,EUR,Paiement carte,France,False
TXN-002020,CLT-0098,2025-11-04 14:42:30,3640.51,EUR,Virement international,France,False
TXN-002021,CLT-0051,2026-05-01 14:42:30,2893.62,EUR,Retrait,Russie,False
TXN-002022,CLT-0040,2025-06-18 14:42:30,2820.13,EUR,Dépôt,France,False
TXN-002023,CLT-0072,2026-03-26 14:42:30,4879.33,EUR,Retrait,Allemagne,False
TXN-002024,CLT-0011,2026-01-06 14:42:30,2454.16,EUR,Retrait,Îles Caïmans,False
TXN-002025,CLT-0098,2025-07-27 14:42:30,2372.84,EUR,Retrait,France,False
TXN-002026,CLT-0095,2025-12-05 14:42:30,1267.6,EUR,Dépôt,France,False
TXN-002027,CLT-0053,2025-07-11 14:42:30,67942.79,EUR,Virement,Espagne,True
TXN-002028,CLT-0070,2025-09-05 14:42:30,3777.64,EUR,Paiement carte,Panama,False
TXN-002029,CLT-0091,2025-09-19 14:42:30,1186.34,EUR,Paiement carte,France,False
TXN-002030,CLT-0049,2026-04-04 14:42:30,2134.25,EUR,Retrait,France,False
TXN-002031,CLT-0026,2026-02-17 14:42:30,3743.26,EUR,Paiement carte,France,False
TXN-002032,CLT-0081,2026-02-15 14:42:30,44903.85,EUR,Virement international,Russie,True
TXN-002033,CLT-0052,2025-10-11 14:42:30,84056.71,EUR,Virement,Espagne,True
TXN-002034,CLT-0035,2025-06-01 14:42:30,94629.76,EUR,Virement international,Panama,True
TXN-002035,CLT-0022,2025-06-15 14:42:30,1864.44,EUR,Retrait,Espagne,False
TXN-002036,CLT-0092,2025-07-03 14:42:30,1030.26,EUR,Dépôt,Espagne,False
TXN-002037,CLT-0096,2025-11-25 14:42:30,1060.98,EUR,Retrait,France,False
TXN-002038,CLT-0041,2026-05-08 14:42:30,4148.75,EUR,Paiement carte,France,False
TXN-002039,CLT-0040,2026-05-11 14:42:30,344.57,EUR,Retrait,Allemagne,False
TXN-002040,CLT-0013,2025-11-25 14:42:30,2693.28,EUR,Virement,Russie,False
TXN-002041,CLT-0072,2025-06-22 14:42:30,343.19,EUR,Retrait,Panama,False
TXN-002042,CLT-0037,2025-12-24 14:42:30,4640.12,EUR,Paiement carte,Espagne,False
TXN-002043,CLT-0072,2026-01-03 14:42:30,3837.27,EUR,Virement international,Allemagne,False
TXN-002044,CLT-0036,2026-01-23 14:42:30,21260.7,EUR,Retrait,Espagne,True
TXN-002045,CLT-0076,2025-08-19 14:42:30,642.25,EUR,Paiement carte,Panama,False
TXN-002046,CLT-0036,2025-07-08 14:42:30,4268.47,EUR,Virement international,Russie,False
TXN-002047,CLT-0028,2026-01-15 14:42:30,23.33,EUR,Virement,France,False
TXN-002048,CLT-0042,2026-05-13 14:42:30,49365.37,EUR,Virement,France,True
TXN-002049,CLT-0086,2025-10-08 14:42:30,78229.39,EUR,Paiement carte,Panama,True
TXN-002050,CLT-0072,2026-01-10 14:42:30,3802.44,EUR,Paiement carte,Îles Caïmans,False
TXN-002051,CLT-0040,2025-11-13 14:42:30,3534.16,EUR,Virement international,Panama,False
TXN-002052,CLT-0022,2026-01-24 14:42:30,4417.6,EUR,Dépôt,France,False
TXN-002053,CLT-0089,2025-09-05 14:42:30,2806.82,EUR,Dépôt,France,False
TXN-002054,CLT-0023,2025-11-16 14:42:30,2182.71,EUR,Virement,Panama,False
TXN-002055,CLT-0094,2025-11-17 14:42:30,3856.02,EUR,Paiement carte,Allemagne,False
TXN-002056,CLT-0049,2026-02-05 14:42:30,4382.71,EUR,Dépôt,France,False
TXN-002057,CLT-0057,2026-02-02 14:42:30,4977.24,EUR,Dépôt,Allemagne,False
TXN-002058,CLT-0048,2026-03-26 14:42:30,35003.99,EUR,Dépôt,France,True
TXN-002059,CLT-0083,2025-12-24 14:42:30,177.31,EUR,Paiement carte,Îles Caïmans,False
TXN-002060,CLT-0036,2026-01-04 14:42:30,68508.42,EUR,Virement,France,True
TXN-002061,CLT-0081,2025-07-06 14:42:30,4638.6,EUR,Paiement carte,Russie,False
TXN-002062,CLT-0097,2025-06-16 14:42:30,3752.18,EUR,Virement international,France,False
TXN-002063,CLT-0020,2025-05-13 14:42:30,10508.82,EUR,Retrait,France,True
TXN-002064,CLT-0008,2026-03-13 14:42:30,80563.61,EUR,Paiement carte,France,True
TXN-002065,CLT-0025,2025-12-22 14:42:30,4290.87,EUR,Virement international,France,False
TXN-002066,CLT-0091,2025-12-02 14:42:30,3363.23,EUR,Retrait,Panama,False
TXN-002067,CLT-0054,2025-10-19 14:42:30,4703.32,EUR,Virement,France,False
TXN-002068,CLT-0094,2026-02-27 14:42:30,3808.85,EUR,Dépôt,France,False
TXN-002069,CLT-0026,2025-07-06 14:42:30,232.1,EUR,Virement international,Îles Caïmans,False
TXN-002070,CLT-0040,2026-05-12 14:42:30,3736.67,EUR,Dépôt,Panama,False
TXN-002071,CLT-0012,2025-05-22 14:42:30,48563.95,EUR,Virement international,Russie,True
TXN-002072,CLT-0094,2026-02-09 14:42:30,87866.97,EUR,Virement,France,True
TXN-002073,CLT-0099,2026-05-03 14:42:30,3136.86,EUR,Retrait,France,False
TXN-002074,CLT-0093,2026-04-02 14:42:30,1878.9,EUR,Retrait,Espagne,False
TXN-002075,CLT-0096,2026-02-05 14:42:30,3215.16,EUR,Retrait,Espagne,False
TXN-002076,CLT-0036,2026-02-11 14:42:30,69414.51,EUR,Retrait,Panama,True
TXN-002077,CLT-0026,2025-12-25 14:42:30,4178.02,EUR,Retrait,Espagne,False
TXN-002078,CLT-0063,2026-03-27 14:42:30,2203.6,EUR,Dépôt,Panama,False
TXN-002079,CLT-0081,2025-09-25 14:42:30,3212.71,EUR,Retrait,France,False
TXN-002080,CLT-0069,2026-02-23 14:42:30,2930.26,EUR,Virement international,Allemagne,False
TXN-002081,CLT-0088,2025-06-17 14:42:30,2174.93,EUR,Dépôt,Allemagne,False
TXN-002082,CLT-0096,2025-08-04 14:42:30,4842.77,EUR,Dépôt,France,False
TXN-002083,CLT-0060,2026-01-22 14:42:30,1061.5,EUR,Dépôt,France,False
TXN-002084,CLT-0024,2025-06-24 14:42:30,2589.98,EUR,Paiement carte,France,False
TXN-002085,CLT-0049,2025-07-29 14:42:30,1621.72,EUR,Virement international,France,False
TXN-002086,CLT-0002,2025-11-11 14:42:30,532.02,EUR,Retrait,Îles Caïmans,False
TXN-002087,CLT-0024,2026-03-23 14:42:30,1689.99,EUR,Dépôt,Espagne,False
TXN-002088,CLT-0057,2026-05-02 14:42:30,2738.42,EUR,Virement international,Russie,False
TXN-002089,CLT-0061,2025-10-21 14:42:30,3475.55,EUR,Retrait,Espagne,False
TXN-002090,CLT-0087,2025-09-08 14:42:30,3008.7,EUR,Paiement carte,Espagne,False
TXN-002091,CLT-0098,2026-01-14 14:42:30,88822.09,EUR,Virement international,France,True
TXN-002092,CLT-0052,2025-07-22 14:42:30,3872.62,EUR,Virement international,France,False
TXN-002093,CLT-0077,2025-12-11 14:42:30,840.26,EUR,Virement international,Allemagne,False
TXN-002094,CLT-0017,2026-03-03 14:42:30,2844.26,EUR,Dépôt,France,False
TXN-002095,CLT-0045,2026-03-02 14:42:30,1553.27,EUR,Paiement carte,Îles Caïmans,False
TXN-002096,CLT-0026,2026-02-27 14:42:30,14.21,EUR,Retrait,Espagne,False
TXN-002097,CLT-0056,2026-01-29 14:42:30,931.12,EUR,Virement,Allemagne,False
TXN-002098,CLT-0001,2025-11-03 14:42:30,2781.19,EUR,Paiement carte,France,False
TXN-002099,CLT-0051,2025-05-27 14:42:30,2359.3,EUR,Retrait,Russie,False
TXN-002100,CLT-0032,2025-05-17 14:42:30,4158.42,EUR,Virement,Îles Caïmans,False
TXN-002101,CLT-0052,2026-03-06 14:42:30,74384.85,EUR,Dépôt,Espagne,True
TXN-002102,CLT-0077,2025-10-08 14:42:30,3654.56,EUR,Paiement carte,France,False
TXN-002103,CLT-0004,2025-07-17 14:42:30,3352.68,EUR,Retrait,France,False
TXN-002104,CLT-0065,2025-11-20 14:42:30,1851.97,EUR,Virement,Îles Caïmans,False
TXN-002105,CLT-0064,2026-03-04 14:42:30,3231.43,EUR,Retrait,France,False
TXN-002106,CLT-0050,2025-11-21 14:42:30,2182.65,EUR,Retrait,Îles Caïmans,False
TXN-002107,CLT-0062,2025-06-02 14:42:30,1562.35,EUR,Virement,Espagne,False
TXN-002108,CLT-0051,2026-02-19 14:42:30,2114.47,EUR,Virement international,France,False
TXN-002109,CLT-0094,2025-05-27 14:42:30,422.38,EUR,Virement,Îles Caïmans,False
TXN-002110,CLT-0017,2025-12-01 14:42:30,71.0,EUR,Virement international,Îles Caïmans,False
TXN-002111,CLT-0086,2025-06-13 14:42:30,67.83,EUR,Paiement carte,Îles Caïmans,False
TXN-002112,CLT-0095,2026-01-01 14:42:30,1521.74,EUR,Virement,Russie,False
TXN-002113,CLT-0043,2025-05-14 14:42:30,3907.21,EUR,Virement international,Panama,False
TXN-002114,CLT-0069,2025-10-08 14:42:30,23559.04,EUR,Paiement carte,France,True
TXN-002115,CLT-0076,2025-05-16 14:42:30,1692.21,EUR,Dépôt,Allemagne,False
TXN-002116,CLT-0056,2025-09-23 14:42:30,3076.46,EUR,Virement,Russie,False
TXN-002117,CLT-0059,2025-09-05 14:42:30,616.54,EUR,Dépôt,France,False
TXN-002118,CLT-0055,2026-01-04 14:42:30,3435.07,EUR,Dépôt,Espagne,False
TXN-002119,CLT-0023,2025-12-28 14:42:30,127.42,EUR,Dépôt,Panama,False
TXN-002120,CLT-0082,2025-12-12 14:42:30,2239.38,EUR,Virement,France,False
TXN-002121,CLT-0032,2025-10-23 14:42:30,192.7,EUR,Retrait,France,False
TXN-002122,CLT-0082,2026-02-28 14:42:30,639.01,EUR,Paiement carte,Îles Caïmans,False
TXN-002123,CLT-0089,2025-09-21 14:42:30,1733.48,EUR,Virement international,Allemagne,False
TXN-002124,CLT-0073,2025-08-18 14:42:30,4518.87,EUR,Paiement carte,France,False
TXN-002125,CLT-0078,2026-02-27 14:42:30,40433.19,EUR,Virement,Îles Caïmans,True
TXN-002126,CLT-0082,2025-11-22 14:42:30,3629.74,EUR,Dépôt,Îles Caïmans,False
TXN-002127,CLT-0093,2026-01-02 14:42:30,927.81,EUR,Virement,Îles Caïmans,False
TXN-002128,CLT-0034,2025-07-25 14:42:30,3970.29,EUR,Dépôt,Allemagne,False
TXN-002129,CLT-0061,2025-07-24 14:42:30,253.67,EUR,Retrait,Îles Caïmans,False
TXN-002130,CLT-0036,2026-02-07 14:42:30,3447.43,EUR,Virement international,France,False
TXN-002131,CLT-0037,2025-05-31 14:42:30,4549.63,EUR,Dépôt,France,False
TXN-002132,CLT-0085,2025-10-13 14:42:30,103.41,EUR,Retrait,Espagne,False
TXN-002133,CLT-0041,2025-06-22 14:42:30,2999.41,EUR,Virement,Allemagne,False
TXN-002134,CLT-0009,2026-01-20 14:42:30,3547.95,EUR,Virement international,Espagne,False
TXN-002135,CLT-0076,2025-09-20 14:42:30,3050.49,EUR,Paiement carte,Panama,False
TXN-002136,CLT-0002,2025-08-01 14:42:30,2383.26,EUR,Dépôt,Panama,False
TXN-002137,CLT-0060,2026-02-25 14:42:30,4114.92,EUR,Paiement carte,Allemagne,False
TXN-002138,CLT-0033,2025-10-26 14:42:30,858.37,EUR,Paiement carte,France,False
TXN-002139,CLT-0081,2026-04-03 14:42:30,2860.85,EUR,Paiement carte,Panama,False
TXN-002140,CLT-0048,2025-08-15 14:42:30,73076.95,EUR,Dépôt,Espagne,True
TXN-002141,CLT-0004,2025-09-16 14:42:30,2262.98,EUR,Retrait,France,False
TXN-002142,CLT-0098,2025-10-13 14:42:30,2828.81,EUR,Virement,Espagne,False
TXN-002143,CLT-0049,2026-01-13 14:42:30,2458.88,EUR,Virement international,France,False
TXN-002144,CLT-0013,2026-03-11 14:42:30,4744.61,EUR,Paiement carte,Allemagne,False
TXN-002145,CLT-0023,2025-12-16 14:42:30,562.06,EUR,Retrait,Îles Caïmans,False
TXN-002146,CLT-0054,2026-01-22 14:42:30,1766.6,EUR,Virement international,Espagne,False
TXN-002147,CLT-0086,2026-03-20 14:42:30,1822.24,EUR,Dépôt,Îles Caïmans,False
TXN-002148,CLT-0037,2025-09-18 14:42:30,2025.79,EUR,Paiement carte,France,False
TXN-002149,CLT-0001,2025-12-17 14:42:30,896.36,EUR,Virement international,Panama,False
TXN-002150,CLT-0013,2025-05-29 14:42:30,3284.39,EUR,Paiement carte,Îles Caïmans,False
TXN-002151,CLT-0004,2025-06-22 14:42:30,2057.37,EUR,Virement international,Allemagne,False
TXN-002152,CLT-0077,2026-04-02 14:42:30,61933.07,EUR,Virement international,Îles Caïmans,True
TXN-002153,CLT-0022,2026-01-06 14:42:30,1631.85,EUR,Virement international,Russie,False
TXN-002154,CLT-0096,2026-05-02 14:42:30,4759.71,EUR,Virement international,Îles Caïmans,False
TXN-002155,CLT-0059,2026-02-20 14:42:30,4318.56,EUR,Dépôt,Allemagne,False
TXN-002156,CLT-0042,2026-01-31 14:42:30,4686.33,EUR,Retrait,Espagne,False
TXN-002157,CLT-0060,2025-07-22 14:42:30,10687.41,EUR,Paiement carte,Allemagne,True
TXN-002158,CLT-0023,2026-01-10 14:42:30,2223.83,EUR,Paiement carte,France,False
TXN-002159,CLT-0032,2026-02-21 14:42:30,4191.0,EUR,Paiement carte,France,False
TXN-002160,CLT-0053,2025-06-01 14:42:30,10812.06,EUR,Virement international,Russie,True
TXN-002161,CLT-0034,2025-10-12 14:42:30,361.12,EUR,Virement international,France,False
TXN-002162,CLT-0092,2025-08-13 14:42:30,3038.81,EUR,Virement,Russie,False
TXN-002163,CLT-0051,2025-12-15 14:42:30,3632.9,EUR,Virement,Panama,False
TXN-002164,CLT-0084,2025-06-25 14:42:30,4637.68,EUR,Paiement carte,Îles Caïmans,False
TXN-002165,CLT-0098,2025-12-30 14:42:30,527.08,EUR,Virement international,France,False
TXN-002166,CLT-0044,2025-06-11 14:42:30,1838.66,EUR,Retrait,Allemagne,False
TXN-002167,CLT-0043,2026-03-25 14:42:30,1058.32,EUR,Virement,Russie,False
TXN-002168,CLT-0097,2026-01-08 14:42:30,2462.97,EUR,Dépôt,Panama,False
TXN-002169,CLT-0090,2025-09-25 14:42:30,2228.91,EUR,Dépôt,Espagne,False
TXN-002170,CLT-0067,2026-02-27 14:42:30,3809.0,EUR,Dépôt,France,False
TXN-002171,CLT-0092,2025-11-09 14:42:30,1860.55,EUR,Dépôt,Espagne,False
TXN-002172,CLT-0040,2025-06-23 14:42:30,799.93,EUR,Paiement carte,Russie,False
TXN-002173,CLT-0017,2025-05-23 14:42:30,780.66,EUR,Retrait,Espagne,False
TXN-002174,CLT-0004,2026-01-17 14:42:30,1293.96,EUR,Retrait,Espagne,False
TXN-002175,CLT-0093,2025-11-08 14:42:30,9049.8,EUR,Virement international,Îles Caïmans,True
TXN-002176,CLT-0083,2025-11-18 14:42:30,4501.02,EUR,Retrait,Panama,False
TXN-002177,CLT-0083,2025-09-07 14:42:30,1896.11,EUR,Retrait,Russie,False
TXN-002178,CLT-0086,2026-05-06 14:42:30,4486.7,EUR,Virement,Panama,False
TXN-002179,CLT-0036,2026-02-26 14:42:30,1040.08,EUR,Virement international,France,False
TXN-002180,CLT-0073,2025-09-20 14:42:30,1788.94,EUR,Virement,Allemagne,False
TXN-002181,CLT-0052,2026-04-27 14:42:30,1824.17,EUR,Virement,Panama,False
TXN-002182,CLT-0095,2025-08-13 14:42:30,1364.65,EUR,Virement international,France,False
TXN-002183,CLT-0067,2025-07-27 14:42:30,289.31,EUR,Retrait,Allemagne,False
TXN-002184,CLT-0084,2025-05-25 14:42:30,3699.78,EUR,Retrait,Allemagne,False
TXN-002185,CLT-0078,2026-04-23 14:42:30,2285.77,EUR,Dépôt,Espagne,False
TXN-002186,CLT-0017,2026-04-11 14:42:30,24531.23,EUR,Virement international,Espagne,True
TXN-002187,CLT-0098,2025-07-18 14:42:30,27800.0,EUR,Virement international,Russie,True
TXN-002188,CLT-0041,2026-04-17 14:42:30,2689.3,EUR,Virement,Allemagne,False
TXN-002189,CLT-0026,2025-09-12 14:42:30,2215.07,EUR,Virement,Allemagne,False
TXN-002190,CLT-0075,2026-05-09 14:42:30,1506.81,EUR,Paiement carte,France,False
TXN-002191,CLT-0025,2025-06-18 14:42:30,2218.78,EUR,Virement international,Russie,False
TXN-002192,CLT-0077,2025-10-17 14:42:30,1266.22,EUR,Dépôt,Russie,False
TXN-002193,CLT-0066,2025-09-08 14:42:30,1649.91,EUR,Dépôt,Espagne,False
TXN-002194,CLT-0036,2025-11-20 14:42:30,2665.63,EUR,Virement international,Espagne,False
TXN-002195,CLT-0063,2026-02-09 14:42:30,566.24,EUR,Virement,Panama,False
TXN-002196,CLT-0021,2025-09-02 14:42:30,2552.64,EUR,Retrait,France,False
TXN-002197,CLT-0057,2026-03-26 14:42:30,3368.15,EUR,Dépôt,France,False
TXN-002198,CLT-0028,2026-01-15 14:42:30,552.47,EUR,Dépôt,Espagne,False
TXN-002199,CLT-0088,2026-03-22 14:42:30,2656.69,EUR,Dépôt,Allemagne,False
TXN-002200,CLT-0025,2026-02-22 14:42:30,781.44,EUR,Paiement carte,France,False
TXN-002201,CLT-0042,2026-02-22 14:42:30,3054.51,EUR,Virement international,Russie,False
TXN-002202,CLT-0030,2025-12-27 14:42:30,3945.86,EUR,Dépôt,Russie,False
TXN-002203,CLT-0019,2025-11-05 14:42:30,4173.85,EUR,Dépôt,Panama,False
TXN-002204,CLT-0058,2025-12-03 14:42:30,4147.86,EUR,Dépôt,Îles Caïmans,False
TXN-002205,CLT-0098,2026-05-11 14:42:30,3815.85,EUR,Paiement carte,France,False
TXN-002206,CLT-0059,2026-03-03 14:42:30,1774.52,EUR,Dépôt,France,False
TXN-002207,CLT-0092,2025-06-09 14:42:30,1019.04,EUR,Dépôt,Espagne,False
TXN-002208,CLT-0049,2025-10-07 14:42:30,128.16,EUR,Dépôt,Allemagne,False
TXN-002209,CLT-0036,2025-09-30 14:42:30,3091.6,EUR,Virement,France,False
TXN-002210,CLT-0093,2025-09-10 14:42:30,1634.16,EUR,Virement international,Russie,False
TXN-002211,CLT-0050,2025-06-10 14:42:30,4734.07,EUR,Paiement carte,Allemagne,False
TXN-002212,CLT-0008,2025-11-02 14:42:30,3037.46,EUR,Virement,France,False
TXN-002213,CLT-0057,2025-11-05 14:42:30,1387.47,EUR,Dépôt,France,False
TXN-002214,CLT-0042,2026-04-06 14:42:30,4405.44,EUR,Paiement carte,France,False
TXN-002215,CLT-0026,2025-07-24 14:42:30,2953.14,EUR,Virement international,France,False
TXN-002216,CLT-0098,2025-08-07 14:42:30,1645.93,EUR,Dépôt,Espagne,False
TXN-002217,CLT-0090,2026-04-09 14:42:30,710.93,EUR,Dépôt,Panama,False
TXN-002218,CLT-0024,2026-01-24 14:42:30,2234.74,EUR,Dépôt,Russie,False
TXN-002219,CLT-0087,2026-02-01 14:42:30,1817.4,EUR,Dépôt,Espagne,False
TXN-002220,CLT-0016,2026-03-03 14:42:30,4664.08,EUR,Paiement carte,Îles Caïmans,False
TXN-002221,CLT-0068,2026-04-19 14:42:30,2436.92,EUR,Virement,Panama,False
TXN-002222,CLT-0065,2026-04-27 14:42:30,46037.0,EUR,Dépôt,Russie,True
TXN-002223,CLT-0095,2026-04-09 14:42:30,1675.43,EUR,Virement,France,False
TXN-002224,CLT-0021,2025-08-14 14:42:30,3905.14,EUR,Virement international,France,False
TXN-002225,CLT-0025,2025-06-15 14:42:30,2347.55,EUR,Virement,Îles Caïmans,False
TXN-002226,CLT-0084,2026-02-25 14:42:30,2333.92,EUR,Dépôt,France,False
TXN-002227,CLT-0068,2025-09-23 14:42:30,2880.37,EUR,Paiement carte,France,False
TXN-002228,CLT-0050,2025-06-28 14:42:30,1476.13,EUR,Virement,France,False
TXN-002229,CLT-0029,2026-01-01 14:42:30,2141.48,EUR,Virement international,Panama,False
TXN-002230,CLT-0099,2026-01-31 14:42:30,3271.53,EUR,Virement international,Panama,False
TXN-002231,CLT-0020,2025-07-22 14:42:30,3577.37,EUR,Retrait,France,False
TXN-002232,CLT-0069,2026-04-30 14:42:30,916.12,EUR,Virement international,France,False
TXN-002233,CLT-0042,2026-04-08 14:42:30,2704.98,EUR,Dépôt,Allemagne,False
TXN-002234,CLT-0055,2026-02-19 14:42:30,1016.49,EUR,Dépôt,Allemagne,False
TXN-002235,CLT-0004,2025-11-13 14:42:30,1094.01,EUR,Retrait,Russie,False
TXN-002236,CLT-0057,2026-04-30 14:42:30,90477.19,EUR,Retrait,Îles Caïmans,True
TXN-002237,CLT-0027,2026-02-01 14:42:30,46153.58,EUR,Paiement carte,France,True
TXN-002238,CLT-0093,2025-07-21 14:42:30,23233.42,EUR,Virement international,France,True
TXN-002239,CLT-0095,2025-09-05 14:42:30,1056.09,EUR,Virement international,Panama,False
TXN-002240,CLT-0027,2026-02-05 14:42:30,1591.23,EUR,Virement,Panama,False
TXN-002241,CLT-0003,2025-09-22 14:42:30,2548.59,EUR,Virement,Îles Caïmans,False
TXN-002242,CLT-0046,2026-03-23 14:42:30,2007.54,EUR,Dépôt,Espagne,False
TXN-002243,CLT-0039,2025-06-14 14:42:30,2176.4,EUR,Retrait,France,False
TXN-002244,CLT-0003,2025-09-14 14:42:30,4052.75,EUR,Dépôt,Panama,False
TXN-002245,CLT-0073,2026-02-12 14:42:30,81725.09,EUR,Virement,France,True
TXN-002246,CLT-0098,2025-09-15 14:42:30,709.7,EUR,Virement,France,False
TXN-002247,CLT-0038,2025-06-09 14:42:30,1057.03,EUR,Dépôt,Îles Caïmans,False
TXN-002248,CLT-0067,2026-02-13 14:42:30,2102.0,EUR,Retrait,France,False
TXN-002249,CLT-0004,2026-02-19 14:42:30,4625.52,EUR,Paiement carte,Allemagne,False
TXN-002250,CLT-0080,2025-12-29 14:42:30,3130.31,EUR,Dépôt,France,False
TXN-002251,CLT-0005,2025-09-15 14:42:30,1664.59,EUR,Retrait,Îles Caïmans,False
TXN-002252,CLT-0093,2025-07-11 14:42:30,40802.2,EUR,Virement international,France,True
TXN-002253,CLT-0012,2026-01-19 14:42:30,84.54,EUR,Paiement carte,France,False
TXN-002254,CLT-0069,2025-10-13 14:42:30,49384.98,EUR,Paiement carte,France,True
TXN-002255,CLT-0040,2026-05-13 14:42:30,4049.03,EUR,Paiement carte,Russie,False
TXN-002256,CLT-0085,2025-11-29 14:42:30,1291.74,EUR,Virement international,Panama,False
TXN-002257,CLT-0062,2026-03-25 14:42:30,3345.48,EUR,Paiement carte,Allemagne,False
TXN-002258,CLT-0029,2026-03-01 14:42:30,52781.86,EUR,Virement,France,True
TXN-002259,CLT-0014,2025-07-03 14:42:30,1418.68,EUR,Retrait,Allemagne,False
TXN-002260,CLT-0043,2025-12-10 14:42:30,3652.85,EUR,Paiement carte,Espagne,False
TXN-002261,CLT-0048,2025-10-09 14:42:30,667.22,EUR,Retrait,France,False
TXN-002262,CLT-0007,2025-06-24 14:42:30,4000.86,EUR,Retrait,France,False
TXN-002263,CLT-0021,2026-01-12 14:42:30,63212.87,EUR,Paiement carte,Panama,True
TXN-002264,CLT-0025,2025-11-18 14:42:30,49827.54,EUR,Virement international,Îles Caïmans,True
TXN-002265,CLT-0034,2025-06-29 14:42:30,1082.03,EUR,Virement international,Russie,False
TXN-002266,CLT-0044,2025-08-23 14:42:30,32299.55,EUR,Dépôt,France,True
TXN-002267,CLT-0099,2025-09-06 14:42:30,4036.87,EUR,Virement international,Russie,False
TXN-002268,CLT-0098,2025-11-19 14:42:30,3343.38,EUR,Virement international,Espagne,False
TXN-002269,CLT-0004,2025-06-19 14:42:30,39791.74,EUR,Virement international,France,True
TXN-002270,CLT-0016,2026-03-18 14:42:30,92832.65,EUR,Virement international,Espagne,True
TXN-002271,CLT-0056,2025-09-24 14:42:30,38243.31,EUR,Virement international,France,True
TXN-002272,CLT-0051,2026-02-09 14:42:30,4858.68,EUR,Virement international,Allemagne,False
TXN-002273,CLT-0026,2026-05-05 14:42:30,67209.97,EUR,Dépôt,France,True
TXN-002274,CLT-0069,2026-04-19 14:42:30,2657.5,EUR,Dépôt,Allemagne,False
TXN-002275,CLT-0048,2026-02-17 14:42:30,4985.9,EUR,Retrait,France,False
TXN-002276,CLT-0029,2025-07-01 14:42:30,3178.19,EUR,Retrait,Îles Caïmans,False
TXN-002277,CLT-0038,2025-10-20 14:42:30,1399.32,EUR,Paiement carte,Îles Caïmans,False
TXN-002278,CLT-0093,2026-03-05 14:42:30,2345.34,EUR,Dépôt,France,False
TXN-002279,CLT-0040,2025-06-05 14:42:30,69625.67,EUR,Retrait,France,True
TXN-002280,CLT-0062,2026-03-01 14:42:30,43702.67,EUR,Retrait,Allemagne,True
TXN-002281,CLT-0051,2025-10-11 14:42:30,805.62,EUR,Virement international,Allemagne,False
TXN-002282,CLT-0036,2026-01-18 14:42:30,1758.53,EUR,Retrait,Îles Caïmans,False
TXN-002283,CLT-0020,2025-06-03 14:42:30,72349.98,EUR,Retrait,Russie,True
TXN-002284,CLT-0002,2025-11-27 14:42:30,31965.92,EUR,Virement,Espagne,True
TXN-002285,CLT-0061,2025-07-11 14:42:30,3860.57,EUR,Retrait,Russie,False
TXN-002286,CLT-0059,2025-07-05 14:42:30,633.07,EUR,Retrait,France,False
TXN-002287,CLT-0035,2025-11-20 14:42:30,3773.71,EUR,Virement,Îles Caïmans,False
TXN-002288,CLT-0060,2025-06-27 14:42:30,1284.71,EUR,Paiement carte,France,False
TXN-002289,CLT-0098,2025-09-06 14:42:30,3460.27,EUR,Dépôt,Allemagne,False
TXN-002290,CLT-0077,2025-07-09 14:42:30,451.98,EUR,Dépôt,Allemagne,False
TXN-002291,CLT-0056,2025-05-19 14:42:30,3327.9,EUR,Paiement carte,France,False
TXN-002292,CLT-0093,2025-12-21 14:42:30,4327.18,EUR,Dépôt,Espagne,False
TXN-002293,CLT-0033,2025-06-06 14:42:30,1650.86,EUR,Dépôt,France,False
TXN-002294,CLT-0032,2025-09-07 14:42:30,70039.32,EUR,Virement international,Russie,True
TXN-002295,CLT-0014,2025-12-28 14:42:30,2174.5,EUR,Paiement carte,Îles Caïmans,False
TXN-002296,CLT-0049,2025-06-06 14:42:30,4353.26,EUR,Virement,France,False
TXN-002297,CLT-0074,2026-03-24 14:42:30,3970.06,EUR,Virement,France,False
TXN-002298,CLT-0087,2025-07-20 14:42:30,1200.69,EUR,Virement international,Îles Caïmans,False
TXN-002299,CLT-0045,2026-04-23 14:42:30,3594.26,EUR,Paiement carte,Russie,False
TXN-002300,CLT-0081,2025-10-21 14:42:30,2618.6,EUR,Paiement carte,France,False
TXN-002301,CLT-0043,2025-06-25 14:42:30,911.88,EUR,Virement,Espagne,False
TXN-002302,CLT-0033,2025-09-22 14:42:30,4011.46,EUR,Dépôt,Panama,False
TXN-002303,CLT-0058,2025-12-23 14:42:30,4828.29,EUR,Virement,Panama,False
TXN-002304,CLT-0099,2025-12-30 14:42:30,4954.97,EUR,Retrait,Allemagne,False
TXN-002305,CLT-0042,2025-06-16 14:42:30,4318.78,EUR,Paiement carte,Panama,False
TXN-002306,CLT-0012,2025-08-31 14:42:30,868.57,EUR,Dépôt,Panama,False
TXN-002307,CLT-0041,2026-01-17 14:42:30,3701.9,EUR,Dépôt,France,False
TXN-002308,CLT-0041,2025-10-18 14:42:30,461.26,EUR,Virement international,Russie,False
TXN-002309,CLT-0034,2026-01-30 14:42:30,3785.26,EUR,Paiement carte,Panama,False
TXN-002310,CLT-0097,2025-11-09 14:42:30,2194.47,EUR,Retrait,France,False
TXN-002311,CLT-0040,2025-07-20 14:42:30,566.29,EUR,Virement international,Espagne,False
TXN-002312,CLT-0080,2025-10-22 14:42:30,2695.89,EUR,Virement,Allemagne,False
TXN-002313,CLT-0052,2025-06-08 14:42:30,69914.9,EUR,Dépôt,France,True
TXN-002314,CLT-0018,2025-10-22 14:42:30,2668.81,EUR,Paiement carte,France,False
TXN-002315,CLT-0079,2025-12-14 14:42:30,3684.05,EUR,Virement international,France,False
TXN-002316,CLT-0032,2026-04-23 14:42:30,1131.88,EUR,Virement international,France,False
TXN-002317,CLT-0029,2025-09-02 14:42:30,1376.2,EUR,Retrait,Allemagne,False
TXN-002318,CLT-0019,2026-01-23 14:42:30,2207.38,EUR,Virement,Espagne,False
TXN-002319,CLT-0062,2025-07-04 14:42:30,113.66,EUR,Paiement carte,Îles Caïmans,False
TXN-002320,CLT-0053,2026-02-04 14:42:30,4991.88,EUR,Retrait,Îles Caïmans,False
TXN-002321,CLT-0096,2025-10-27 14:42:30,4444.13,EUR,Dépôt,Panama,False
TXN-002322,CLT-0047,2025-11-05 14:42:30,1325.15,EUR,Retrait,Panama,False
TXN-002323,CLT-0018,2025-05-24 14:42:30,394.43,EUR,Dépôt,Allemagne,False
TXN-002324,CLT-0065,2026-03-25 14:42:30,2899.0,EUR,Paiement carte,Panama,False
TXN-002325,CLT-0093,2026-01-17 14:42:30,79887.56,EUR,Dépôt,Allemagne,True
TXN-002326,CLT-0059,2026-04-16 14:42:30,2875.55,EUR,Virement international,Russie,False
TXN-002327,CLT-0003,2026-02-15 14:42:30,2186.56,EUR,Virement international,Russie,False
TXN-002328,CLT-0062,2025-11-17 14:42:30,297.15,EUR,Retrait,France,False
TXN-002329,CLT-0073,2025-12-23 14:42:30,336.41,EUR,Dépôt,France,False
TXN-002330,CLT-0098,2025-05-18 14:42:30,2459.14,EUR,Retrait,Îles Caïmans,False
TXN-002331,CLT-0090,2025-08-11 14:42:30,2266.04,EUR,Dépôt,Panama,False
TXN-002332,CLT-0053,2025-08-26 14:42:30,3994.1,EUR,Retrait,Panama,False
TXN-002333,CLT-0092,2026-04-16 14:42:30,4854.73,EUR,Dépôt,France,False
TXN-002334,CLT-0068,2026-04-11 14:42:30,364.36,EUR,Paiement carte,France,False
TXN-002335,CLT-0100,2025-07-10 14:42:30,1251.51,EUR,Retrait,France,False
TXN-002336,CLT-0043,2026-03-13 14:42:30,88807.88,EUR,Virement,France,True
TXN-002337,CLT-0050,2025-05-28 14:42:30,2874.27,EUR,Paiement carte,Îles Caïmans,False
TXN-002338,CLT-0024,2025-11-19 14:42:30,701.16,EUR,Virement,Espagne,False
TXN-002339,CLT-0064,2026-01-04 14:42:30,3539.24,EUR,Virement,France,False
TXN-002340,CLT-0083,2025-11-15 14:42:30,1011.03,EUR,Virement,Panama,False
TXN-002341,CLT-0003,2026-01-02 14:42:30,479.2,EUR,Virement international,France,False
TXN-002342,CLT-0013,2025-11-03 14:42:30,305.14,EUR,Retrait,France,False
TXN-002343,CLT-0042,2026-05-11 14:42:30,2650.31,EUR,Paiement carte,Espagne,False
TXN-002344,CLT-0048,2025-07-29 14:42:30,86747.62,EUR,Virement,France,True
TXN-002345,CLT-0069,2026-02-09 14:42:30,3108.15,EUR,Retrait,Panama,False
TXN-002346,CLT-0077,2026-02-23 14:42:30,67436.75,EUR,Dépôt,France,True
TXN-002347,CLT-0065,2026-02-12 14:42:30,3534.77,EUR,Retrait,Russie,False
TXN-002348,CLT-0016,2025-08-11 14:42:30,11373.36,EUR,Dépôt,Espagne,True
TXN-002349,CLT-0067,2025-07-15 14:42:30,67423.79,EUR,Retrait,France,True
TXN-002350,CLT-0044,2025-07-04 14:42:30,3021.48,EUR,Paiement carte,Îles Caïmans,False
TXN-002351,CLT-0071,2025-06-05 14:42:30,4720.62,EUR,Virement,Panama,False
TXN-002352,CLT-0025,2025-09-04 14:42:30,715.49,EUR,Paiement carte,France,False
TXN-002353,CLT-0085,2025-09-10 14:42:30,4583.89,EUR,Virement international,France,False
TXN-002354,CLT-0042,2025-06-12 14:42:30,463.86,EUR,Virement international,Îles Caïmans,False
TXN-002355,CLT-0042,2025-12-20 14:42:30,3219.56,EUR,Retrait,Russie,False
TXN-002356,CLT-0055,2025-06-27 14:42:30,1471.87,EUR,Paiement carte,Îles Caïmans,False
TXN-002357,CLT-0014,2025-09-04 14:42:30,2457.42,EUR,Dépôt,Russie,False
TXN-002358,CLT-0099,2025-12-17 14:42:30,1536.43,EUR,Virement,France,False
TXN-002359,CLT-0096,2025-07-17 14:42:30,455.05,EUR,Virement international,France,False
TXN-002360,CLT-0004,2025-08-13 14:42:30,3698.89,EUR,Virement,Espagne,False
TXN-002361,CLT-0007,2025-08-11 14:42:30,1765.31,EUR,Paiement carte,France,False
TXN-002362,CLT-0028,2026-04-21 14:42:30,3408.86,EUR,Virement,Russie,False
TXN-002363,CLT-0041,2025-05-14 14:42:30,4462.86,EUR,Virement,Allemagne,False
TXN-002364,CLT-0002,2025-07-04 14:42:30,2860.02,EUR,Virement,Îles Caïmans,False
TXN-002365,CLT-0001,2025-12-16 14:42:30,3450.05,EUR,Retrait,Panama,False
TXN-002366,CLT-0048,2026-01-17 14:42:30,4935.56,EUR,Paiement carte,France,False
TXN-002367,CLT-0086,2025-06-29 14:42:30,2997.77,EUR,Dépôt,Îles Caïmans,False
TXN-002368,CLT-0040,2025-06-27 14:42:30,3553.76,EUR,Retrait,Espagne,False
TXN-002369,CLT-0049,2025-10-14 14:42:30,61.03,EUR,Dépôt,Allemagne,False
TXN-002370,CLT-0002,2025-07-10 14:42:30,2446.2,EUR,Paiement carte,France,False
TXN-002371,CLT-0089,2025-06-08 14:42:30,2251.15,EUR,Retrait,France,False
TXN-002372,CLT-0009,2025-09-05 14:42:30,585.24,EUR,Retrait,Panama,False
TXN-002373,CLT-0092,2025-05-30 14:42:30,3703.06,EUR,Paiement carte,Espagne,False
TXN-002374,CLT-0034,2025-07-26 14:42:30,1430.68,EUR,Virement,France,False
TXN-002375,CLT-0012,2026-01-30 14:42:30,4429.14,EUR,Virement international,Russie,False
TXN-002376,CLT-0061,2026-04-25 14:42:30,2595.95,EUR,Paiement carte,France,False
TXN-002377,CLT-0024,2025-10-27 14:42:30,11308.72,EUR,Virement,France,True
TXN-002378,CLT-0095,2025-10-01 14:42:30,3080.45,EUR,Retrait,Russie,False
TXN-002379,CLT-0099,2025-08-29 14:42:30,214.85,EUR,Retrait,Allemagne,False
TXN-002380,CLT-0020,2026-05-06 14:42:30,228.35,EUR,Dépôt,Espagne,False
TXN-002381,CLT-0083,2026-01-31 14:42:30,1757.08,EUR,Virement,Îles Caïmans,False
TXN-002382,CLT-0009,2025-08-28 14:42:30,4734.64,EUR,Retrait,France,False
TXN-002383,CLT-0004,2025-10-01 14:42:30,1686.08,EUR,Paiement carte,France,False
TXN-002384,CLT-0072,2025-12-17 14:42:30,3012.28,EUR,Retrait,France,False
TXN-002385,CLT-0088,2026-03-17 14:42:30,1594.59,EUR,Virement,Îles Caïmans,False
TXN-002386,CLT-0093,2026-02-16 14:42:30,97.13,EUR,Dépôt,Panama,False
TXN-002387,CLT-0030,2025-05-28 14:42:30,86432.21,EUR,Virement,Îles Caïmans,True
TXN-002388,CLT-0099,2025-10-27 14:42:30,13082.33,EUR,Virement international,France,True
TXN-002389,CLT-0073,2026-04-25 14:42:30,3813.26,EUR,Virement international,France,False
TXN-002390,CLT-0074,2025-09-12 14:42:30,79687.86,EUR,Paiement carte,Espagne,True
TXN-002391,CLT-0088,2026-01-12 14:42:30,1939.97,EUR,Paiement carte,Espagne,False
TXN-002392,CLT-0062,2025-09-23 14:42:30,4940.01,EUR,Retrait,Russie,False
TXN-002393,CLT-0037,2026-03-01 14:42:30,1807.07,EUR,Retrait,Îles Caïmans,False
TXN-002394,CLT-0095,2025-11-06 14:42:30,4410.87,EUR,Virement,Îles Caïmans,False
TXN-002395,CLT-0053,2025-09-20 14:42:30,728.48,EUR,Virement international,Allemagne,False
TXN-002396,CLT-0046,2025-06-27 14:42:30,633.87,EUR,Retrait,Îles Caïmans,False
TXN-002397,CLT-0057,2025-09-24 14:42:30,2094.45,EUR,Paiement carte,Russie,False
TXN-002398,CLT-0018,2025-10-21 14:42:30,1636.79,EUR,Virement international,Allemagne,False
TXN-002399,CLT-0025,2025-07-26 14:42:30,3565.82,EUR,Virement international,Panama,False
TXN-002400,CLT-0048,2025-10-16 14:42:30,2745.55,EUR,Dépôt,Allemagne,False
TXN-002401,CLT-0084,2025-08-09 14:42:30,2356.46,EUR,Paiement carte,Espagne,False
TXN-002402,CLT-0053,2025-06-28 14:42:30,4779.11,EUR,Virement,Allemagne,False
TXN-002403,CLT-0085,2026-02-22 14:42:30,2762.95,EUR,Paiement carte,Îles Caïmans,False
TXN-002404,CLT-0027,2025-05-23 14:42:30,2220.47,EUR,Paiement carte,France,False
TXN-002405,CLT-0099,2025-07-29 14:42:30,3732.4,EUR,Retrait,Îles Caïmans,False
TXN-002406,CLT-0053,2026-02-25 14:42:30,4006.18,EUR,Dépôt,Russie,False
TXN-002407,CLT-0041,2025-09-06 14:42:30,3694.94,EUR,Virement international,France,False
TXN-002408,CLT-0003,2026-03-31 14:42:30,3936.94,EUR,Virement,France,False
TXN-002409,CLT-0026,2025-11-12 14:42:30,458.84,EUR,Retrait,Allemagne,False
TXN-002410,CLT-0041,2025-06-28 14:42:30,339.46,EUR,Virement international,Russie,False
TXN-002411,CLT-0039,2025-12-16 14:42:30,3520.98,EUR,Virement,France,False
TXN-002412,CLT-0016,2025-10-13 14:42:30,768.56,EUR,Virement international,Îles Caïmans,False
TXN-002413,CLT-0090,2025-09-15 14:42:30,2766.08,EUR,Dépôt,Allemagne,False
TXN-002414,CLT-0057,2026-02-27 14:42:30,3322.71,EUR,Virement,France,False
TXN-002415,CLT-0062,2025-10-31 14:42:30,41142.58,EUR,Retrait,France,True
TXN-002416,CLT-0057,2025-11-09 14:42:30,4938.99,EUR,Virement international,France,False
TXN-002417,CLT-0086,2025-09-04 14:42:30,109.08,EUR,Virement international,Panama,False
TXN-002418,CLT-0009,2025-11-05 14:42:30,4939.2,EUR,Retrait,France,False
TXN-002419,CLT-0015,2026-02-26 14:42:30,3390.09,EUR,Retrait,Panama,False
TXN-002420,CLT-0046,2026-04-01 14:42:30,3965.98,EUR,Virement international,Russie,False
TXN-002421,CLT-0022,2025-10-12 14:42:30,85521.15,EUR,Dépôt,Espagne,True
TXN-002422,CLT-0004,2025-08-20 14:42:30,1408.43,EUR,Paiement carte,Panama,False
TXN-002423,CLT-0090,2026-01-11 14:42:30,269.54,EUR,Dépôt,Espagne,False
TXN-002424,CLT-0035,2026-04-23 14:42:30,2170.42,EUR,Paiement carte,France,False
TXN-002425,CLT-0002,2025-06-28 14:42:30,166.56,EUR,Virement international,France,False
TXN-002426,CLT-0049,2025-09-15 14:42:30,1006.22,EUR,Paiement carte,France,False
TXN-002427,CLT-0043,2025-11-02 14:42:30,1358.72,EUR,Dépôt,Îles Caïmans,False
TXN-002428,CLT-0093,2025-11-17 14:42:30,1717.22,EUR,Dépôt,Allemagne,False
TXN-002429,CLT-0086,2025-09-25 14:42:30,1340.7,EUR,Virement,Panama,False
TXN-002430,CLT-0017,2026-05-02 14:42:30,4480.14,EUR,Virement,Allemagne,False
TXN-002431,CLT-0074,2026-02-24 14:42:30,40484.78,EUR,Retrait,France,True
TXN-002432,CLT-0095,2026-05-07 14:42:30,58.13,EUR,Dépôt,France,False
TXN-002433,CLT-0081,2025-09-20 14:42:30,3134.37,EUR,Dépôt,France,False
TXN-002434,CLT-0026,2026-03-03 14:42:30,290.27,EUR,Virement,France,False
TXN-002435,CLT-0056,2026-05-12 14:42:30,90771.1,EUR,Retrait,Allemagne,True
TXN-002436,CLT-0081,2025-11-30 14:42:30,14908.84,EUR,Virement international,Allemagne,True
TXN-002437,CLT-0078,2025-09-02 14:42:30,994.53,EUR,Retrait,Russie,False
TXN-002438,CLT-0057,2026-04-12 14:42:30,3384.04,EUR,Retrait,France,False
TXN-002439,CLT-0019,2025-12-30 14:42:30,92754.56,EUR,Virement international,Allemagne,True
TXN-002440,CLT-0025,2026-04-05 14:42:30,3517.31,EUR,Retrait,Panama,False
TXN-002441,CLT-0082,2025-10-23 14:42:30,1146.3,EUR,Virement international,Espagne,False
TXN-002442,CLT-0028,2025-12-18 14:42:30,2538.21,EUR,Paiement carte,Espagne,False
TXN-002443,CLT-0001,2025-08-15 14:42:30,3679.86,EUR,Dépôt,Espagne,False
TXN-002444,CLT-0064,2026-04-11 14:42:30,332.62,EUR,Dépôt,France,False
TXN-002445,CLT-0087,2026-04-03 14:42:30,4090.34,EUR,Paiement carte,France,False
TXN-002446,CLT-0076,2025-12-01 14:42:30,3375.76,EUR,Dépôt,France,False
TXN-002447,CLT-0058,2025-12-01 14:42:30,3638.47,EUR,Dépôt,Russie,False
TXN-002448,CLT-0041,2025-09-05 14:42:30,1508.23,EUR,Virement international,Allemagne,False
TXN-002449,CLT-0046,2025-05-25 14:42:30,861.06,EUR,Paiement carte,Russie,False
TXN-002450,CLT-0060,2025-10-19 14:42:30,1628.6,EUR,Paiement carte,Russie,False
TXN-002451,CLT-0054,2025-10-28 14:42:30,3691.92,EUR,Virement,France,False
TXN-002452,CLT-0020,2025-06-24 14:42:30,1913.47,EUR,Paiement carte,Panama,False
TXN-002453,CLT-0023,2025-06-09 14:42:30,76849.63,EUR,Retrait,France,True
TXN-002454,CLT-0020,2025-09-14 14:42:30,91.78,EUR,Dépôt,Panama,False
TXN-002455,CLT-0039,2026-02-21 14:42:30,2491.64,EUR,Virement international,Espagne,False
TXN-002456,CLT-0056,2025-08-31 14:42:30,2437.81,EUR,Paiement carte,France,False
TXN-002457,CLT-0014,2025-11-14 14:42:30,3332.29,EUR,Virement,Panama,False
TXN-002458,CLT-0031,2026-03-02 14:42:30,3043.01,EUR,Virement international,Russie,False
TXN-002459,CLT-0040,2026-05-07 14:42:30,2087.56,EUR,Retrait,Panama,False
TXN-002460,CLT-0079,2025-10-06 14:42:30,3423.45,EUR,Virement,France,False
TXN-002461,CLT-0089,2025-11-03 14:42:30,1712.08,EUR,Retrait,Panama,False
TXN-002462,CLT-0058,2026-05-04 14:42:30,2372.88,EUR,Dépôt,Îles Caïmans,False
TXN-002463,CLT-0030,2025-05-26 14:42:30,4723.44,EUR,Dépôt,Russie,False
TXN-002464,CLT-0043,2025-07-22 14:42:30,2779.43,EUR,Retrait,France,False
TXN-002465,CLT-0030,2025-07-24 14:42:30,3910.16,EUR,Virement international,Allemagne,False
TXN-002466,CLT-0061,2025-07-29 14:42:30,1253.0,EUR,Virement,Panama,False
TXN-002467,CLT-0080,2026-02-27 14:42:30,486.96,EUR,Dépôt,France,False
TXN-002468,CLT-0009,2025-12-28 14:42:30,2318.82,EUR,Paiement carte,Îles Caïmans,False
TXN-002469,CLT-0092,2025-12-23 14:42:30,3958.5,EUR,Retrait,Panama,False
TXN-002470,CLT-0029,2026-01-07 14:42:30,304.52,EUR,Virement,Panama,False
TXN-002471,CLT-0019,2025-07-30 14:42:30,3107.06,EUR,Dépôt,Panama,False
TXN-002472,CLT-0026,2025-08-12 14:42:30,1577.7,EUR,Retrait,France,False
TXN-002473,CLT-0068,2026-02-03 14:42:30,312.21,EUR,Virement international,Espagne,False
TXN-002474,CLT-0002,2025-05-20 14:42:30,1886.28,EUR,Dépôt,Espagne,False
TXN-002475,CLT-0084,2026-04-29 14:42:30,1487.56,EUR,Paiement carte,France,False
TXN-002476,CLT-0058,2026-02-27 14:42:30,3881.23,EUR,Paiement carte,France,False
TXN-002477,CLT-0036,2026-03-19 14:42:30,3794.72,EUR,Paiement carte,Espagne,False
TXN-002478,CLT-0021,2025-12-19 14:42:30,3036.65,EUR,Virement international,France,False
TXN-002479,CLT-0042,2026-04-17 14:42:30,94.61,EUR,Virement international,Russie,False
TXN-002480,CLT-0071,2025-11-02 14:42:30,1583.19,EUR,Virement,Îles Caïmans,False
TXN-002481,CLT-0079,2025-11-27 14:42:30,1983.73,EUR,Virement,Espagne,False
TXN-002482,CLT-0066,2026-04-23 14:42:30,3784.89,EUR,Virement,France,False
TXN-002483,CLT-0020,2026-03-03 14:42:30,4635.47,EUR,Virement,France,False
TXN-002484,CLT-0046,2025-11-10 14:42:30,1182.72,EUR,Dépôt,France,False
TXN-002485,CLT-0052,2025-09-03 14:42:30,3756.74,EUR,Virement international,France,False
TXN-002486,CLT-0089,2025-10-23 14:42:30,3212.68,EUR,Retrait,France,False
TXN-002487,CLT-0098,2026-03-15 14:42:30,2248.01,EUR,Dépôt,Allemagne,False
TXN-002488,CLT-0004,2025-08-01 14:42:30,3227.35,EUR,Virement,Allemagne,False
TXN-002489,CLT-0020,2026-01-14 14:42:30,220.46,EUR,Retrait,Panama,False
TXN-002490,CLT-0051,2025-06-04 14:42:30,3782.26,EUR,Virement,Espagne,False
TXN-002491,CLT-0054,2025-05-22 14:42:30,3351.51,EUR,Virement international,France,False
TXN-002492,CLT-0030,2026-01-27 14:42:30,59301.17,EUR,Virement international,Russie,True
TXN-002493,CLT-0048,2025-07-20 14:42:30,69058.71,EUR,Virement international,France,True
TXN-002494,CLT-0081,2026-05-10 14:42:30,769.76,EUR,Virement international,Espagne,False
TXN-002495,CLT-0021,2025-10-27 14:42:30,1877.76,EUR,Retrait,Espagne,False
TXN-002496,CLT-0051,2025-12-31 14:42:30,1642.02,EUR,Virement,Espagne,False
TXN-002497,CLT-0086,2025-06-14 14:42:30,2233.26,EUR,Virement international,Îles Caïmans,False
TXN-002498,CLT-0014,2025-10-27 14:42:30,572.34,EUR,Retrait,Allemagne,False
TXN-002499,CLT-0089,2025-12-12 14:42:30,3681.16,EUR,Retrait,Espagne,False
TXN-002500,CLT-0030,2025-06-27 14:42:30,281.29,EUR,Virement international,Espagne,False
TXN-002501,CLT-0028,2026-05-07 14:42:30,128.82,EUR,Retrait,Panama,False
TXN-002502,CLT-0093,2025-10-27 14:42:30,4734.51,EUR,Dépôt,Russie,False
TXN-002503,CLT-0063,2026-02-18 14:42:30,3013.05,EUR,Paiement carte,Espagne,False
TXN-002504,CLT-0010,2026-01-06 14:42:30,3338.45,EUR,Virement international,France,False
TXN-002505,CLT-0007,2025-06-30 14:42:30,4264.88,EUR,Virement,Espagne,False
TXN-002506,CLT-0094,2025-10-30 14:42:30,1524.2,EUR,Virement international,France,False
TXN-002507,CLT-0025,2025-06-17 14:42:30,40020.33,EUR,Paiement carte,Panama,True
TXN-002508,CLT-0039,2026-05-02 14:42:30,44321.37,EUR,Virement,France,True
TXN-002509,CLT-0016,2026-01-29 14:42:30,1321.0,EUR,Virement,Russie,False
TXN-002510,CLT-0059,2026-01-13 14:42:30,571.81,EUR,Virement international,Espagne,False
TXN-002511,CLT-0009,2025-09-10 14:42:30,3517.35,EUR,Retrait,Allemagne,False
TXN-002512,CLT-0005,2026-04-28 14:42:30,66987.68,EUR,Paiement carte,Îles Caïmans,True
TXN-002513,CLT-0074,2026-05-07 14:42:30,2068.0,EUR,Virement,France,False
TXN-002514,CLT-0037,2025-05-15 14:42:30,4383.12,EUR,Paiement carte,Allemagne,False
TXN-002515,CLT-0025,2025-12-25 14:42:30,131.82,EUR,Retrait,Russie,False
TXN-002516,CLT-0073,2026-04-21 14:42:30,4979.23,EUR,Paiement carte,Russie,False
TXN-002517,CLT-0037,2026-04-19 14:42:30,3580.69,EUR,Dépôt,France,False
TXN-002518,CLT-0070,2025-09-14 14:42:30,2286.72,EUR,Retrait,Panama,False
TXN-002519,CLT-0070,2025-08-04 14:42:30,1862.65,EUR,Retrait,Panama,False
TXN-002520,CLT-0075,2026-02-13 14:42:30,1740.47,EUR,Paiement carte,Panama,False
TXN-002521,CLT-0019,2025-12-15 14:42:30,1743.71,EUR,Paiement carte,Îles Caïmans,False
TXN-002522,CLT-0033,2025-07-09 14:42:30,2164.24,EUR,Retrait,Panama,False
TXN-002523,CLT-0097,2025-09-25 14:42:30,3230.87,EUR,Virement international,France,False
TXN-002524,CLT-0019,2025-06-27 14:42:30,1723.83,EUR,Virement international,Panama,False
TXN-002525,CLT-0074,2026-02-21 14:42:30,4161.75,EUR,Retrait,Allemagne,False
TXN-002526,CLT-0015,2025-10-11 14:42:30,1987.79,EUR,Virement international,France,False
TXN-002527,CLT-0071,2026-01-03 14:42:30,2881.57,EUR,Retrait,Allemagne,False
TXN-002528,CLT-0015,2025-09-05 14:42:30,3940.74,EUR,Dépôt,Panama,False
TXN-002529,CLT-0051,2025-06-11 14:42:30,1980.85,EUR,Retrait,Panama,False
TXN-002530,CLT-0029,2026-03-20 14:42:30,3442.13,EUR,Paiement carte,France,False
TXN-002531,CLT-0092,2026-02-06 14:42:30,4477.22,EUR,Virement,France,False
TXN-002532,CLT-0040,2025-05-23 14:42:30,4580.06,EUR,Retrait,Îles Caïmans,False
TXN-002533,CLT-0013,2025-06-21 14:42:30,1054.13,EUR,Retrait,France,False
TXN-002534,CLT-0024,2026-01-27 14:42:30,33733.21,EUR,Virement,France,True
TXN-002535,CLT-0046,2025-10-09 14:42:30,4755.55,EUR,Paiement carte,France,False
TXN-002536,CLT-0048,2025-10-27 14:42:30,1508.08,EUR,Retrait,Espagne,False
TXN-002537,CLT-0082,2025-09-11 14:42:30,2952.56,EUR,Virement international,France,False
TXN-002538,CLT-0041,2025-08-31 14:42:30,4885.3,EUR,Dépôt,France,False
TXN-002539,CLT-0097,2025-10-29 14:42:30,2373.25,EUR,Virement international,France,False
TXN-002540,CLT-0088,2025-11-15 14:42:30,2939.75,EUR,Paiement carte,France,False
TXN-002541,CLT-0061,2026-03-30 14:42:30,4814.21,EUR,Dépôt,France,False
TXN-002542,CLT-0013,2025-06-24 14:42:30,71012.24,EUR,Paiement carte,Îles Caïmans,True
TXN-002543,CLT-0005,2025-09-15 14:42:30,1214.48,EUR,Dépôt,Espagne,False
TXN-002544,CLT-0028,2025-09-24 14:42:30,3523.16,EUR,Virement international,Îles Caïmans,False
TXN-002545,CLT-0087,2025-07-14 14:42:30,67492.67,EUR,Virement,Russie,True
TXN-002546,CLT-0090,2025-12-24 14:42:30,23767.29,EUR,Virement international,Îles Caïmans,True
TXN-002547,CLT-0033,2026-04-19 14:42:30,2682.96,EUR,Virement international,France,False
TXN-002548,CLT-0038,2025-09-24 14:42:30,2460.58,EUR,Retrait,France,False
TXN-002549,CLT-0088,2026-03-18 14:42:30,1663.76,EUR,Retrait,France,False
TXN-002550,CLT-0050,2026-05-11 14:42:30,2436.37,EUR,Retrait,Îles Caïmans,False
TXN-002551,CLT-0088,2025-11-20 14:42:30,23892.97,EUR,Virement international,Russie,True
TXN-002552,CLT-0015,2025-05-20 14:42:30,2228.89,EUR,Virement,France,False
TXN-002553,CLT-0073,2025-07-08 14:42:30,72411.01,EUR,Virement,Russie,True
TXN-002554,CLT-0003,2025-10-05 14:42:30,3973.74,EUR,Virement international,Panama,False
TXN-002555,CLT-0005,2025-09-13 14:42:30,540.58,EUR,Dépôt,Îles Caïmans,False
TXN-002556,CLT-0012,2026-04-10 14:42:30,2117.05,EUR,Dépôt,Panama,False
TXN-002557,CLT-0018,2026-01-09 14:42:30,2540.5,EUR,Virement,France,False
TXN-002558,CLT-0026,2025-06-07 14:42:30,2856.4,EUR,Paiement carte,Panama,False
TXN-002559,CLT-0024,2025-06-11 14:42:30,2394.62,EUR,Virement international,Îles Caïmans,False
TXN-002560,CLT-0019,2026-01-30 14:42:30,11458.75,EUR,Dépôt,France,True
TXN-002561,CLT-0008,2025-11-04 14:42:30,1959.64,EUR,Virement international,France,False
TXN-002562,CLT-0068,2025-07-18 14:42:30,65934.27,EUR,Virement,Espagne,True
TXN-002563,CLT-0062,2026-01-09 14:42:30,693.94,EUR,Retrait,Allemagne,False
TXN-002564,CLT-0013,2026-01-24 14:42:30,2396.59,EUR,Retrait,Îles Caïmans,False
TXN-002565,CLT-0019,2026-04-07 14:42:30,3138.88,EUR,Retrait,France,False
TXN-002566,CLT-0010,2025-08-24 14:42:30,349.29,EUR,Virement international,France,False
TXN-002567,CLT-0047,2025-06-27 14:42:30,3769.53,EUR,Retrait,Espagne,False
TXN-002568,CLT-0042,2026-04-22 14:42:30,3764.33,EUR,Paiement carte,France,False
TXN-002569,CLT-0051,2025-11-03 14:42:30,3635.21,EUR,Paiement carte,Allemagne,False
TXN-002570,CLT-0066,2025-07-03 14:42:30,645.36,EUR,Paiement carte,France,False
TXN-002571,CLT-0099,2025-09-01 14:42:30,2611.08,EUR,Virement,Îles Caïmans,False
TXN-002572,CLT-0011,2025-07-30 14:42:30,2092.41,EUR,Retrait,France,False
TXN-002573,CLT-0084,2025-09-18 14:42:30,1972.4,EUR,Dépôt,Espagne,False
TXN-002574,CLT-0061,2025-12-07 14:42:30,3030.43,EUR,Virement international,Russie,False
TXN-002575,CLT-0076,2025-05-26 14:42:30,4357.08,EUR,Virement international,France,False
TXN-002576,CLT-0044,2025-09-05 14:42:30,464.03,EUR,Virement international,France,False
TXN-002577,CLT-0037,2025-12-26 14:42:30,1348.38,EUR,Virement international,Allemagne,False
TXN-002578,CLT-0073,2026-01-11 14:42:30,4530.0,EUR,Retrait,Panama,False
TXN-002579,CLT-0067,2025-11-23 14:42:30,967.31,EUR,Paiement carte,Espagne,False
TXN-002580,CLT-0025,2025-06-10 14:42:30,2125.0,EUR,Virement international,France,False
TXN-002581,CLT-0088,2026-02-05 14:42:30,3444.78,EUR,Dépôt,Panama,False
TXN-002582,CLT-0023,2025-08-20 14:42:30,2318.83,EUR,Virement,Espagne,False
TXN-002583,CLT-0044,2025-06-23 14:42:30,1036.61,EUR,Retrait,Russie,False
TXN-002584,CLT-0073,2025-12-26 14:42:30,1964.23,EUR,Paiement carte,Panama,False
TXN-002585,CLT-0016,2026-01-04 14:42:30,60720.59,EUR,Paiement carte,Îles Caïmans,True
TXN-002586,CLT-0064,2026-01-03 14:42:30,24436.74,EUR,Paiement carte,Espagne,True
TXN-002587,CLT-0007,2025-12-28 14:42:30,2108.26,EUR,Paiement carte,Russie,False
TXN-002588,CLT-0041,2025-10-27 14:42:30,2387.08,EUR,Virement,France,False
TXN-002589,CLT-0006,2026-04-16 14:42:30,1813.06,EUR,Virement,Espagne,False
TXN-002590,CLT-0013,2026-03-09 14:42:30,54564.37,EUR,Paiement carte,Allemagne,True
TXN-002591,CLT-0002,2026-04-13 14:42:30,65445.83,EUR,Virement,Panama,True
TXN-002592,CLT-0056,2025-12-19 14:42:30,3600.66,EUR,Retrait,Allemagne,False
TXN-002593,CLT-0071,2025-12-28 14:42:30,3022.27,EUR,Dépôt,Allemagne,False
TXN-002594,CLT-0098,2025-12-02 14:42:30,2773.01,EUR,Retrait,France,False
TXN-002595,CLT-0070,2026-01-29 14:42:30,4127.35,EUR,Virement international,France,False
TXN-002596,CLT-0035,2025-07-03 14:42:30,464.98,EUR,Paiement carte,France,False
TXN-002597,CLT-0031,2026-01-20 14:42:30,81548.26,EUR,Paiement carte,France,True
TXN-002598,CLT-0014,2025-12-21 14:42:30,4588.95,EUR,Virement,Allemagne,False
TXN-002599,CLT-0050,2025-07-10 14:42:30,2181.61,EUR,Paiement carte,Allemagne,False
TXN-002600,CLT-0092,2025-10-16 14:42:30,4237.94,EUR,Paiement carte,Russie,False
TXN-002601,CLT-0097,2025-07-03 14:42:30,4441.71,EUR,Paiement carte,France,False
TXN-002602,CLT-0063,2025-06-03 14:42:30,1365.9,EUR,Paiement carte,Panama,False
TXN-002603,CLT-0050,2025-07-02 14:42:30,2500.17,EUR,Paiement carte,Allemagne,False
TXN-002604,CLT-0090,2025-07-10 14:42:30,3520.25,EUR,Paiement carte,France,False
TXN-002605,CLT-0046,2025-12-04 14:42:30,1043.58,EUR,Paiement carte,Espagne,False
TXN-002606,CLT-0049,2026-01-15 14:42:30,1460.49,EUR,Virement international,Russie,False
TXN-002607,CLT-0032,2025-07-29 14:42:30,3435.6,EUR,Virement,Russie,False
TXN-002608,CLT-0045,2025-07-25 14:42:30,119.18,EUR,Dépôt,Îles Caïmans,False
TXN-002609,CLT-0055,2025-09-27 14:42:30,45957.39,EUR,Virement,Îles Caïmans,True
TXN-002610,CLT-0034,2025-11-07 14:42:30,1150.5,EUR,Paiement carte,France,False
TXN-002611,CLT-0067,2025-06-17 14:42:30,4269.7,EUR,Virement international,Allemagne,False
TXN-002612,CLT-0007,2025-11-08 14:42:30,4896.02,EUR,Retrait,France,False
TXN-002613,CLT-0090,2025-07-02 14:42:30,802.18,EUR,Virement international,France,False
TXN-002614,CLT-0058,2026-01-03 14:42:30,2631.02,EUR,Retrait,Espagne,False
TXN-002615,CLT-0030,2026-02-07 14:42:30,45922.76,EUR,Paiement carte,Espagne,True
TXN-002616,CLT-0080,2026-03-27 14:42:30,343.23,EUR,Virement,France,False
TXN-002617,CLT-0022,2025-10-09 14:42:30,2356.54,EUR,Retrait,France,False
TXN-002618,CLT-0010,2025-05-14 14:42:30,984.97,EUR,Virement,France,False
TXN-002619,CLT-0016,2025-08-13 14:42:30,3917.89,EUR,Paiement carte,Panama,False
TXN-002620,CLT-0032,2026-02-07 14:42:30,772.07,EUR,Virement,Panama,False
TXN-002621,CLT-0003,2025-08-24 14:42:30,3834.08,EUR,Virement international,France,False
TXN-002622,CLT-0020,2025-09-15 14:42:30,843.34,EUR,Retrait,Allemagne,False
TXN-002623,CLT-0036,2025-07-24 14:42:30,4173.06,EUR,Paiement carte,Allemagne,False
TXN-002624,CLT-0032,2025-05-13 14:42:30,3553.94,EUR,Retrait,France,False
TXN-002625,CLT-0037,2026-05-13 14:42:30,40835.98,EUR,Paiement carte,Russie,True
TXN-002626,CLT-0093,2025-08-09 14:42:30,1981.13,EUR,Paiement carte,Russie,False
TXN-002627,CLT-0078,2025-11-13 14:42:30,4716.99,EUR,Virement international,Îles Caïmans,False
TXN-002628,CLT-0022,2025-10-17 14:42:30,2622.12,EUR,Virement international,Russie,False
TXN-002629,CLT-0077,2026-04-06 14:42:30,11168.25,EUR,Dépôt,Espagne,True
TXN-002630,CLT-0049,2025-10-30 14:42:30,86662.37,EUR,Dépôt,Panama,True
TXN-002631,CLT-0028,2026-05-05 14:42:30,50388.28,EUR,Paiement carte,France,True
TXN-002632,CLT-0084,2026-03-03 14:42:30,2956.25,EUR,Dépôt,Îles Caïmans,False
TXN-002633,CLT-0057,2026-01-17 14:42:30,91.73,EUR,Dépôt,Russie,False
TXN-002634,CLT-0027,2025-11-04 14:42:30,3567.32,EUR,Paiement carte,France,False
TXN-002635,CLT-0082,2026-02-28 14:42:30,266.22,EUR,Virement,Espagne,False
TXN-002636,CLT-0084,2025-10-28 14:42:30,1759.27,EUR,Paiement carte,France,False
TXN-002637,CLT-0071,2025-08-24 14:42:30,1780.32,EUR,Paiement carte,France,False
TXN-002638,CLT-0009,2025-09-10 14:42:30,4344.46,EUR,Dépôt,Panama,False
TXN-002639,CLT-0002,2026-02-18 14:42:30,4610.71,EUR,Virement,France,False
TXN-002640,CLT-0004,2026-04-13 14:42:30,2812.33,EUR,Virement international,Allemagne,False
TXN-002641,CLT-0052,2025-09-26 14:42:30,1862.62,EUR,Dépôt,Russie,False
TXN-002642,CLT-0007,2025-11-06 14:42:30,1639.46,EUR,Virement international,France,False
TXN-002643,CLT-0098,2025-10-04 14:42:30,3794.88,EUR,Virement international,France,False
TXN-002644,CLT-0065,2025-07-28 14:42:30,2744.47,EUR,Virement,France,False
TXN-002645,CLT-0092,2025-06-09 14:42:30,1895.85,EUR,Paiement carte,Espagne,False
TXN-002646,CLT-0012,2026-02-02 14:42:30,74303.46,EUR,Virement international,Îles Caïmans,True
TXN-002647,CLT-0039,2026-04-21 14:42:30,1108.99,EUR,Virement,France,False
TXN-002648,CLT-0020,2025-10-12 14:42:30,2850.78,EUR,Paiement carte,Espagne,False
TXN-002649,CLT-0021,2026-04-10 14:42:30,1060.97,EUR,Virement,Espagne,False
TXN-002650,CLT-0060,2026-01-21 14:42:30,3937.19,EUR,Retrait,Russie,False
TXN-002651,CLT-0079,2025-11-19 14:42:30,66239.29,EUR,Dépôt,Russie,True
TXN-002652,CLT-0071,2025-08-01 14:42:30,1297.84,EUR,Dépôt,Panama,False
TXN-002653,CLT-0067,2025-07-16 14:42:30,3342.08,EUR,Dépôt,Allemagne,False
TXN-002654,CLT-0035,2025-09-08 14:42:30,120.9,EUR,Dépôt,Espagne,False
TXN-002655,CLT-0007,2025-10-18 14:42:30,3624.14,EUR,Virement international,Espagne,False
TXN-002656,CLT-0072,2026-02-27 14:42:30,1295.63,EUR,Retrait,Allemagne,False
TXN-002657,CLT-0013,2026-02-24 14:42:30,1251.2,EUR,Virement international,Panama,False
TXN-002658,CLT-0043,2025-07-27 14:42:30,2005.26,EUR,Dépôt,France,False
TXN-002659,CLT-0009,2025-06-08 14:42:30,3119.06,EUR,Dépôt,France,False
TXN-002660,CLT-0054,2026-02-24 14:42:30,4077.15,EUR,Paiement carte,France,False
TXN-002661,CLT-0031,2025-12-07 14:42:30,1858.2,EUR,Paiement carte,Russie,False
TXN-002662,CLT-0052,2026-01-24 14:42:30,1987.76,EUR,Paiement carte,Allemagne,False
TXN-002663,CLT-0044,2026-02-18 14:42:30,3056.76,EUR,Retrait,Panama,False
TXN-002664,CLT-0011,2026-03-23 14:42:30,4267.46,EUR,Virement,France,False
TXN-002665,CLT-0090,2026-03-27 14:42:30,2148.43,EUR,Retrait,France,False
TXN-002666,CLT-0038,2026-03-06 14:42:30,23448.86,EUR,Dépôt,Panama,True
TXN-002667,CLT-0040,2026-02-18 14:42:30,446.73,EUR,Dépôt,France,False
TXN-002668,CLT-0079,2026-04-23 14:42:30,58709.12,EUR,Virement,Allemagne,True
TXN-002669,CLT-0014,2025-09-04 14:42:30,4486.31,EUR,Dépôt,Espagne,False
TXN-002670,CLT-0037,2025-07-04 14:42:30,2635.18,EUR,Retrait,France,False
TXN-002671,CLT-0083,2026-02-22 14:42:30,4263.45,EUR,Virement international,France,False
TXN-002672,CLT-0005,2025-12-19 14:42:30,1126.72,EUR,Paiement carte,Panama,False
TXN-002673,CLT-0046,2025-09-24 14:42:30,3477.59,EUR,Virement international,Espagne,False
TXN-002674,CLT-0054,2025-10-20 14:42:30,3531.23,EUR,Retrait,Espagne,False
TXN-002675,CLT-0020,2025-09-19 14:42:30,1060.63,EUR,Retrait,France,False
TXN-002676,CLT-0019,2026-03-14 14:42:30,59128.43,EUR,Virement,Russie,True
TXN-002677,CLT-0099,2025-12-20 14:42:30,70880.97,EUR,Dépôt,Panama,True
TXN-002678,CLT-0053,2025-10-03 14:42:30,3596.02,EUR,Virement,Espagne,False
TXN-002679,CLT-0084,2025-09-13 14:42:30,1056.76,EUR,Virement,Panama,False
TXN-002680,CLT-0007,2026-04-10 14:42:30,965.53,EUR,Virement,Espagne,False
TXN-002681,CLT-0085,2025-09-18 14:42:30,4064.47,EUR,Paiement carte,Panama,False
TXN-002682,CLT-0055,2025-05-16 14:42:30,4080.75,EUR,Dépôt,France,False
TXN-002683,CLT-0054,2026-01-05 14:42:30,76138.98,EUR,Virement,Russie,True
TXN-002684,CLT-0018,2026-04-22 14:42:30,1679.44,EUR,Retrait,Russie,False
TXN-002685,CLT-0054,2026-02-10 14:42:30,4537.46,EUR,Virement,France,False
TXN-002686,CLT-0048,2025-07-03 14:42:30,3559.71,EUR,Dépôt,France,False
TXN-002687,CLT-0026,2025-08-30 14:42:30,75126.42,EUR,Retrait,France,True
TXN-002688,CLT-0036,2025-08-28 14:42:30,3296.74,EUR,Virement international,Îles Caïmans,False
TXN-002689,CLT-0079,2025-07-04 14:42:30,4968.22,EUR,Retrait,Îles Caïmans,False
TXN-002690,CLT-0059,2026-04-23 14:42:30,3659.04,EUR,Virement international,Espagne,False
TXN-002691,CLT-0037,2026-04-21 14:42:30,3781.31,EUR,Dépôt,France,False
TXN-002692,CLT-0061,2026-04-11 14:42:30,3138.94,EUR,Paiement carte,Russie,False
TXN-002693,CLT-0041,2026-01-15 14:42:30,3047.71,EUR,Virement international,Allemagne,False
TXN-002694,CLT-0005,2025-06-14 14:42:30,1508.41,EUR,Retrait,Espagne,False
TXN-002695,CLT-0006,2026-01-16 14:42:30,31.38,EUR,Retrait,Russie,False
TXN-002696,CLT-0010,2026-04-19 14:42:30,21.23,EUR,Dépôt,Îles Caïmans,False
TXN-002697,CLT-0040,2025-06-20 14:42:30,83563.5,EUR,Virement international,France,True
TXN-002698,CLT-0085,2025-08-13 14:42:30,2905.08,EUR,Virement international,Espagne,False
TXN-002699,CLT-0072,2025-10-26 14:42:30,4277.62,EUR,Dépôt,France,False
TXN-002700,CLT-0055,2025-05-28 14:42:30,1009.28,EUR,Virement,Panama,False
TXN-002701,CLT-0013,2026-05-03 14:42:30,4733.43,EUR,Retrait,Espagne,False
TXN-002702,CLT-0054,2026-01-02 14:42:30,1468.66,EUR,Retrait,Îles Caïmans,False
TXN-002703,CLT-0098,2026-03-25 14:42:30,827.9,EUR,Dépôt,Espagne,False
TXN-002704,CLT-0009,2025-06-20 14:42:30,3460.87,EUR,Virement,France,False
TXN-002705,CLT-0031,2026-05-12 14:42:30,4266.62,EUR,Virement,Espagne,False
TXN-002706,CLT-0044,2025-09-24 14:42:30,575.72,EUR,Virement,Russie,False
TXN-002707,CLT-0036,2025-07-03 14:42:30,2411.4,EUR,Virement,Panama,False
TXN-002708,CLT-0025,2025-10-27 14:42:30,1772.67,EUR,Virement international,Espagne,False
TXN-002709,CLT-0099,2025-06-30 14:42:30,4555.49,EUR,Virement,France,False
TXN-002710,CLT-0089,2025-08-19 14:42:30,1717.08,EUR,Virement international,Allemagne,False
TXN-002711,CLT-0045,2025-06-24 14:42:30,4624.32,EUR,Virement,Panama,False
TXN-002712,CLT-0014,2025-10-04 14:42:30,3965.4,EUR,Virement international,Îles Caïmans,False
TXN-002713,CLT-0062,2025-06-21 14:42:30,958.82,EUR,Virement international,France,False
TXN-002714,CLT-0100,2025-06-11 14:42:30,3725.81,EUR,Paiement carte,Russie,False
TXN-002715,CLT-0006,2026-02-01 14:42:30,3216.21,EUR,Virement,Russie,False
TXN-002716,CLT-0086,2026-05-05 14:42:30,2858.99,EUR,Dépôt,Panama,False
TXN-002717,CLT-0060,2025-12-03 14:42:30,4189.22,EUR,Virement,France,False
TXN-002718,CLT-0099,2025-07-30 14:42:30,2977.3,EUR,Virement,France,False
TXN-002719,CLT-0093,2025-08-04 14:42:30,2772.39,EUR,Dépôt,France,False
TXN-002720,CLT-0041,2025-06-21 14:42:30,172.08,EUR,Retrait,Espagne,False
TXN-002721,CLT-0014,2026-04-24 14:42:30,2133.95,EUR,Virement,Espagne,False
TXN-002722,CLT-0034,2025-05-22 14:42:30,4992.03,EUR,Paiement carte,France,False
TXN-002723,CLT-0068,2026-04-05 14:42:30,4250.19,EUR,Dépôt,France,False
TXN-002724,CLT-0003,2025-10-17 14:42:30,3695.76,EUR,Virement,Espagne,False
TXN-002725,CLT-0068,2026-03-04 14:42:30,3561.88,EUR,Virement international,France,False
TXN-002726,CLT-0099,2025-12-29 14:42:30,484.83,EUR,Dépôt,Panama,False
TXN-002727,CLT-0075,2026-01-25 14:42:30,921.27,EUR,Virement,Allemagne,False
TXN-002728,CLT-0097,2025-08-05 14:42:30,35099.5,EUR,Virement international,France,True
TXN-002729,CLT-0089,2025-07-22 14:42:30,2749.19,EUR,Virement international,Espagne,False
TXN-002730,CLT-0052,2026-03-23 14:42:30,3292.92,EUR,Virement,Espagne,False
TXN-002731,CLT-0043,2025-06-11 14:42:30,2106.65,EUR,Dépôt,France,False
TXN-002732,CLT-0001,2025-07-16 14:42:30,16205.4,EUR,Virement,Russie,True
TXN-002733,CLT-0070,2025-10-18 14:42:30,78426.55,EUR,Virement,Espagne,True
TXN-002734,CLT-0011,2026-01-07 14:42:30,4698.89,EUR,Dépôt,France,False
TXN-002735,CLT-0014,2025-05-20 14:42:30,4591.63,EUR,Virement,Russie,False
TXN-002736,CLT-0095,2026-02-16 14:42:30,3543.73,EUR,Virement international,Allemagne,False
TXN-002737,CLT-0035,2025-08-19 14:42:30,36.38,EUR,Virement international,Allemagne,False
TXN-002738,CLT-0028,2025-10-05 14:42:30,1197.18,EUR,Virement international,Îles Caïmans,False
TXN-002739,CLT-0018,2025-11-18 14:42:30,2643.63,EUR,Paiement carte,Îles Caïmans,False
TXN-002740,CLT-0079,2026-01-06 14:42:30,1445.44,EUR,Virement,Îles Caïmans,False
TXN-002741,CLT-0015,2026-05-13 14:42:30,3030.23,EUR,Paiement carte,Allemagne,False
TXN-002742,CLT-0024,2025-07-22 14:42:30,3459.59,EUR,Virement international,France,False
TXN-002743,CLT-0006,2025-05-14 14:42:30,1251.41,EUR,Retrait,Allemagne,False
TXN-002744,CLT-0051,2025-05-28 14:42:30,3658.95,EUR,Retrait,Allemagne,False
TXN-002745,CLT-0084,2026-05-12 14:42:30,571.94,EUR,Retrait,France,False
TXN-002746,CLT-0044,2026-03-20 14:42:30,78.66,EUR,Retrait,Russie,False
TXN-002747,CLT-0048,2026-03-11 14:42:30,71015.34,EUR,Dépôt,Îles Caïmans,True
TXN-002748,CLT-0057,2025-12-24 14:42:30,2599.14,EUR,Retrait,France,False
TXN-002749,CLT-0085,2025-06-07 14:42:30,1772.36,EUR,Retrait,Russie,False
TXN-002750,CLT-0033,2026-04-18 14:42:30,1376.75,EUR,Virement,Îles Caïmans,False
TXN-002751,CLT-0096,2026-04-13 14:42:30,316.41,EUR,Paiement carte,Espagne,False
TXN-002752,CLT-0019,2025-12-17 14:42:30,560.98,EUR,Dépôt,Espagne,False
TXN-002753,CLT-0098,2025-09-13 14:42:30,3847.58,EUR,Virement international,France,False
TXN-002754,CLT-0029,2025-06-18 14:42:30,1745.74,EUR,Paiement carte,Allemagne,False
TXN-002755,CLT-0050,2025-09-11 14:42:30,1385.32,EUR,Dépôt,France,False
TXN-002756,CLT-0003,2026-03-06 14:42:30,2196.27,EUR,Retrait,Russie,False
TXN-002757,CLT-0066,2025-08-04 14:42:30,4932.6,EUR,Retrait,France,False
TXN-002758,CLT-0089,2026-01-03 14:42:30,1860.46,EUR,Virement,Espagne,False
TXN-002759,CLT-0096,2025-12-06 14:42:30,2587.24,EUR,Paiement carte,France,False
TXN-002760,CLT-0031,2026-03-20 14:42:30,91272.41,EUR,Dépôt,Espagne,True
TXN-002761,CLT-0072,2025-06-05 14:42:30,3791.11,EUR,Virement international,France,False
TXN-002762,CLT-0020,2026-05-12 14:42:30,4887.48,EUR,Virement,Panama,False
TXN-002763,CLT-0073,2025-10-11 14:42:30,3850.74,EUR,Dépôt,France,False
TXN-002764,CLT-0093,2025-12-08 14:42:30,944.99,EUR,Paiement carte,Espagne,False
TXN-002765,CLT-0081,2026-01-31 14:42:30,1366.99,EUR,Paiement carte,Panama,False
TXN-002766,CLT-0032,2026-02-02 14:42:30,49051.34,EUR,Dépôt,France,True
TXN-002767,CLT-0069,2026-01-10 14:42:30,1790.83,EUR,Dépôt,Russie,False
TXN-002768,CLT-0089,2026-05-05 14:42:30,4787.93,EUR,Virement,France,False
TXN-002769,CLT-0006,2025-10-15 14:42:30,693.61,EUR,Retrait,Russie,False
TXN-002770,CLT-0014,2026-04-06 14:42:30,4979.82,EUR,Virement international,Russie,False
TXN-002771,CLT-0028,2026-01-24 14:42:30,1111.45,EUR,Dépôt,France,False
TXN-002772,CLT-0053,2025-07-17 14:42:30,9017.71,EUR,Virement,Espagne,True
TXN-002773,CLT-0012,2026-01-26 14:42:30,4450.11,EUR,Dépôt,Allemagne,False
TXN-002774,CLT-0077,2026-01-05 14:42:30,476.62,EUR,Virement international,Allemagne,False
TXN-002775,CLT-0022,2025-08-09 14:42:30,67942.71,EUR,Virement,Russie,True
TXN-002776,CLT-0043,2025-10-15 14:42:30,1089.63,EUR,Virement,France,False
TXN-002777,CLT-0036,2025-07-23 14:42:30,1154.35,EUR,Virement,Îles Caïmans,False
TXN-002778,CLT-0072,2025-09-24 14:42:30,4673.93,EUR,Retrait,France,False
TXN-002779,CLT-0003,2025-07-25 14:42:30,4903.72,EUR,Dépôt,Allemagne,False
TXN-002780,CLT-0094,2026-04-20 14:42:30,793.2,EUR,Retrait,Allemagne,False
TXN-002781,CLT-0059,2025-12-13 14:42:30,996.25,EUR,Virement,Russie,False
TXN-002782,CLT-0093,2026-03-14 14:42:30,681.23,EUR,Retrait,Panama,False
TXN-002783,CLT-0088,2025-12-11 14:42:30,4402.03,EUR,Paiement carte,France,False
TXN-002784,CLT-0061,2026-02-21 14:42:30,4169.76,EUR,Paiement carte,France,False
TXN-002785,CLT-0088,2026-02-13 14:42:30,185.3,EUR,Paiement carte,France,False
TXN-002786,CLT-0020,2026-04-06 14:42:30,21705.49,EUR,Paiement carte,France,True
TXN-002787,CLT-0035,2026-02-17 14:42:30,3501.44,EUR,Virement international,Panama,False
TXN-002788,CLT-0069,2025-07-13 14:42:30,795.41,EUR,Virement international,Allemagne,False
TXN-002789,CLT-0057,2025-07-05 14:42:30,2130.18,EUR,Dépôt,Panama,False
TXN-002790,CLT-0026,2026-05-03 14:42:30,1078.59,EUR,Paiement carte,Espagne,False
TXN-002791,CLT-0075,2026-03-28 14:42:30,2681.88,EUR,Virement,France,False
TXN-002792,CLT-0069,2025-05-20 14:42:30,1156.39,EUR,Virement,Russie,False
TXN-002793,CLT-0095,2025-05-14 14:42:30,3251.78,EUR,Retrait,France,False
TXN-002794,CLT-0017,2026-01-15 14:42:30,2699.74,EUR,Retrait,France,False
TXN-002795,CLT-0031,2026-04-06 14:42:30,3038.44,EUR,Virement international,France,False
TXN-002796,CLT-0034,2026-01-01 14:42:30,2692.46,EUR,Dépôt,France,False
TXN-002797,CLT-0027,2025-09-04 14:42:30,229.65,EUR,Retrait,Allemagne,False
TXN-002798,CLT-0080,2026-02-27 14:42:30,456.02,EUR,Paiement carte,France,False
TXN-002799,CLT-0095,2026-04-02 14:42:30,3172.93,EUR,Dépôt,Russie,False
TXN-002800,CLT-0004,2025-11-22 14:42:30,1388.79,EUR,Virement,France,False
TXN-002801,CLT-0004,2025-05-25 14:42:30,3878.77,EUR,Virement,France,False
TXN-002802,CLT-0075,2025-06-21 14:42:30,3790.22,EUR,Virement,France,False
TXN-002803,CLT-0057,2026-03-24 14:42:30,2409.09,EUR,Virement international,Panama,False
TXN-002804,CLT-0004,2025-07-08 14:42:30,62883.6,EUR,Retrait,Panama,True
TXN-002805,CLT-0083,2025-08-28 14:42:30,3364.17,EUR,Dépôt,Espagne,False
TXN-002806,CLT-0077,2026-02-27 14:42:30,434.35,EUR,Virement international,Russie,False
TXN-002807,CLT-0020,2026-04-04 14:42:30,2615.89,EUR,Retrait,Espagne,False
TXN-002808,CLT-0049,2025-12-04 14:42:30,3943.67,EUR,Paiement carte,France,False
TXN-002809,CLT-0077,2026-04-21 14:42:30,2341.89,EUR,Virement,France,False
TXN-002810,CLT-0045,2025-11-01 14:42:30,4430.11,EUR,Dépôt,France,False
TXN-002811,CLT-0020,2025-08-15 14:42:30,2584.29,EUR,Paiement carte,Îles Caïmans,False
TXN-002812,CLT-0035,2026-02-26 14:42:30,1186.65,EUR,Virement international,Allemagne,False
TXN-002813,CLT-0047,2026-04-18 14:42:30,1854.14,EUR,Dépôt,France,False
TXN-002814,CLT-0071,2026-04-22 14:42:30,1882.87,EUR,Virement,Russie,False
TXN-002815,CLT-0078,2025-10-15 14:42:30,26088.74,EUR,Virement international,Russie,True
TXN-002816,CLT-0099,2026-05-05 14:42:30,3934.75,EUR,Virement international,France,False
TXN-002817,CLT-0016,2026-04-19 14:42:30,13281.92,EUR,Paiement carte,Espagne,True
TXN-002818,CLT-0068,2025-08-02 14:42:30,630.08,EUR,Virement,Espagne,False
TXN-002819,CLT-0023,2025-06-18 14:42:30,1300.72,EUR,Virement international,Russie,False
TXN-002820,CLT-0025,2025-08-22 14:42:30,4655.19,EUR,Paiement carte,Allemagne,False
TXN-002821,CLT-0032,2025-12-27 14:42:30,330.19,EUR,Retrait,France,False
TXN-002822,CLT-0038,2025-05-31 14:42:30,42807.19,EUR,Retrait,Espagne,True
TXN-002823,CLT-0054,2026-01-09 14:42:30,801.38,EUR,Retrait,Panama,False
TXN-002824,CLT-0028,2025-10-05 14:42:30,4226.75,EUR,Virement,Espagne,False
TXN-002825,CLT-0006,2025-09-19 14:42:30,1266.73,EUR,Paiement carte,Espagne,False
TXN-002826,CLT-0046,2026-02-22 14:42:30,3161.85,EUR,Dépôt,Espagne,False
TXN-002827,CLT-0030,2025-10-19 14:42:30,221.17,EUR,Dépôt,Panama,False
TXN-002828,CLT-0094,2026-02-04 14:42:30,942.91,EUR,Virement,France,False
TXN-002829,CLT-0038,2025-12-21 14:42:30,1545.57,EUR,Virement international,France,False
TXN-002830,CLT-0031,2025-11-06 14:42:30,3656.59,EUR,Virement international,France,False
TXN-002831,CLT-0060,2026-03-06 14:42:30,1384.41,EUR,Virement international,France,False
TXN-002832,CLT-0088,2025-12-16 14:42:30,1706.25,EUR,Virement,Espagne,False
TXN-002833,CLT-0098,2026-01-27 14:42:30,4583.26,EUR,Dépôt,Allemagne,False
TXN-002834,CLT-0091,2025-12-03 14:42:30,1296.01,EUR,Virement,Îles Caïmans,False
TXN-002835,CLT-0012,2026-03-22 14:42:30,4035.46,EUR,Virement,Russie,False
TXN-002836,CLT-0070,2026-03-11 14:42:30,3609.05,EUR,Virement,Allemagne,False
TXN-002837,CLT-0026,2025-05-31 14:42:30,466.18,EUR,Paiement carte,Allemagne,False
TXN-002838,CLT-0006,2026-01-18 14:42:30,64030.46,EUR,Paiement carte,France,True
TXN-002839,CLT-0098,2025-07-04 14:42:30,4781.49,EUR,Virement international,Russie,False
TXN-002840,CLT-0013,2025-10-26 14:42:30,1643.93,EUR,Paiement carte,Îles Caïmans,False
TXN-002841,CLT-0002,2025-08-18 14:42:30,3604.23,EUR,Virement,France,False
TXN-002842,CLT-0076,2026-04-28 14:42:30,142.58,EUR,Virement,Panama,False
TXN-002843,CLT-0077,2026-03-09 14:42:30,568.95,EUR,Virement international,France,False
TXN-002844,CLT-0082,2025-09-14 14:42:30,1892.68,EUR,Paiement carte,Espagne,False
TXN-002845,CLT-0016,2025-07-12 14:42:30,4116.97,EUR,Paiement carte,France,False
TXN-002846,CLT-0048,2025-10-25 14:42:30,3403.8,EUR,Virement international,Panama,False
TXN-002847,CLT-0078,2025-12-05 14:42:30,13041.22,EUR,Virement,France,True
TXN-002848,CLT-0037,2025-07-23 14:42:30,3200.05,EUR,Virement,Espagne,False
TXN-002849,CLT-0044,2025-09-11 14:42:30,1991.04,EUR,Virement,France,False
TXN-002850,CLT-0093,2026-02-15 14:42:30,2042.32,EUR,Retrait,Allemagne,False
TXN-002851,CLT-0031,2026-04-06 14:42:30,2534.2,EUR,Paiement carte,Espagne,False
TXN-002852,CLT-0033,2026-03-27 14:42:30,2097.16,EUR,Virement,Espagne,False
TXN-002853,CLT-0047,2026-04-22 14:42:30,54641.14,EUR,Virement,Panama,True
TXN-002854,CLT-0056,2025-10-06 14:42:30,4678.61,EUR,Virement,France,False
TXN-002855,CLT-0006,2026-05-04 14:42:30,19204.42,EUR,Retrait,France,True
TXN-002856,CLT-0051,2025-10-26 14:42:30,1023.88,EUR,Virement international,France,False
TXN-002857,CLT-0020,2025-10-28 14:42:30,3816.05,EUR,Paiement carte,France,False
TXN-002858,CLT-0023,2026-03-23 14:42:30,3728.35,EUR,Retrait,Espagne,False
TXN-002859,CLT-0066,2025-10-05 14:42:30,1785.42,EUR,Virement international,France,False
TXN-002860,CLT-0063,2025-06-27 14:42:30,552.78,EUR,Paiement carte,France,False
TXN-002861,CLT-0038,2025-12-29 14:42:30,4919.76,EUR,Virement,France,False
TXN-002862,CLT-0068,2026-05-11 14:42:30,4482.84,EUR,Paiement carte,Allemagne,False
TXN-002863,CLT-0071,2025-06-06 14:42:30,1194.75,EUR,Virement international,France,False
TXN-002864,CLT-0048,2025-06-17 14:42:30,1067.68,EUR,Virement international,France,False
TXN-002865,CLT-0089,2025-09-24 14:42:30,66031.24,EUR,Virement,France,True
TXN-002866,CLT-0091,2025-07-20 14:42:30,4966.02,EUR,Virement,Espagne,False
TXN-002867,CLT-0092,2026-05-05 14:42:30,917.07,EUR,Paiement carte,Espagne,False
TXN-002868,CLT-0091,2025-07-11 14:42:30,836.35,EUR,Virement international,Îles Caïmans,False
TXN-002869,CLT-0100,2025-11-02 14:42:30,2867.85,EUR,Dépôt,Russie,False
TXN-002870,CLT-0069,2026-02-28 14:42:30,53432.48,EUR,Dépôt,Îles Caïmans,True
TXN-002871,CLT-0043,2026-02-27 14:42:30,2848.12,EUR,Virement international,France,False
TXN-002872,CLT-0073,2025-12-06 14:42:30,3863.77,EUR,Virement international,Allemagne,False
TXN-002873,CLT-0024,2026-03-19 14:42:30,4453.79,EUR,Retrait,Espagne,False
TXN-002874,CLT-0052,2025-10-05 14:42:30,3883.58,EUR,Virement international,France,False
TXN-002875,CLT-0061,2025-08-01 14:42:30,3501.39,EUR,Retrait,Îles Caïmans,False
TXN-002876,CLT-0004,2025-10-12 14:42:30,2291.34,EUR,Paiement carte,France,False
TXN-002877,CLT-0067,2026-01-17 14:42:30,1554.41,EUR,Virement international,Allemagne,False
TXN-002878,CLT-0084,2025-11-09 14:42:30,3316.09,EUR,Retrait,France,False
TXN-002879,CLT-0037,2026-05-05 14:42:30,2810.15,EUR,Virement,Panama,False
TXN-002880,CLT-0019,2026-03-14 14:42:30,4437.54,EUR,Virement international,Îles Caïmans,False
TXN-002881,CLT-0052,2026-02-27 14:42:30,2750.77,EUR,Virement international,Panama,False
TXN-002882,CLT-0035,2025-06-09 14:42:30,741.6,EUR,Virement,Îles Caïmans,False
TXN-002883,CLT-0010,2025-06-25 14:42:30,1730.14,EUR,Retrait,France,False
TXN-002884,CLT-0087,2026-03-24 14:42:30,4045.62,EUR,Retrait,Allemagne,False
TXN-002885,CLT-0097,2025-11-22 14:42:30,1575.34,EUR,Virement,Espagne,False
TXN-002886,CLT-0070,2025-10-21 14:42:30,3888.32,EUR,Retrait,Allemagne,False
TXN-002887,CLT-0035,2025-08-26 14:42:30,3867.99,EUR,Virement,France,False
TXN-002888,CLT-0001,2026-01-19 14:42:30,829.58,EUR,Virement,Îles Caïmans,False
TXN-002889,CLT-0009,2025-10-26 14:42:30,4537.62,EUR,Virement,France,False
TXN-002890,CLT-0026,2025-08-29 14:42:30,3818.64,EUR,Virement,France,False
TXN-002891,CLT-0004,2025-11-23 14:42:30,4073.43,EUR,Virement,France,False
TXN-002892,CLT-0036,2025-06-16 14:42:30,289.37,EUR,Virement,Espagne,False
TXN-002893,CLT-0007,2025-11-30 14:42:30,375.08,EUR,Paiement carte,Îles Caïmans,False
TXN-002894,CLT-0026,2025-08-19 14:42:30,4315.86,EUR,Virement international,Russie,False
TXN-002895,CLT-0094,2026-04-18 14:42:30,3138.62,EUR,Dépôt,Allemagne,False
TXN-002896,CLT-0057,2025-09-02 14:42:30,1357.91,EUR,Paiement carte,Espagne,False
TXN-002897,CLT-0018,2025-09-26 14:42:30,300.33,EUR,Paiement carte,Îles Caïmans,False
TXN-002898,CLT-0003,2025-11-18 14:42:30,2985.6,EUR,Virement international,France,False
TXN-002899,CLT-0061,2025-06-27 14:42:30,2465.55,EUR,Paiement carte,France,False
TXN-002900,CLT-0009,2025-07-09 14:42:30,2831.45,EUR,Dépôt,France,False
TXN-002901,CLT-0034,2025-08-13 14:42:30,2624.67,EUR,Virement,Allemagne,False
TXN-002902,CLT-0017,2026-03-29 14:42:30,2274.79,EUR,Dépôt,Panama,False
TXN-002903,CLT-0052,2025-11-18 14:42:30,864.53,EUR,Virement,Russie,False
TXN-002904,CLT-0027,2026-05-08 14:42:30,404.96,EUR,Retrait,France,False
TXN-002905,CLT-0015,2025-10-31 14:42:30,22214.3,EUR,Retrait,Îles Caïmans,True
TXN-002906,CLT-0041,2025-06-05 14:42:30,2571.34,EUR,Retrait,Russie,False
TXN-002907,CLT-0049,2025-11-18 14:42:30,2871.44,EUR,Virement,Allemagne,False
TXN-002908,CLT-0070,2025-06-06 14:42:30,380.94,EUR,Dépôt,Espagne,False
TXN-002909,CLT-0075,2026-02-16 14:42:30,255.43,EUR,Dépôt,France,False
TXN-002910,CLT-0006,2025-08-25 14:42:30,42416.2,EUR,Virement,Îles Caïmans,True
TXN-002911,CLT-0058,2026-01-12 14:42:30,4974.69,EUR,Retrait,Espagne,False
TXN-002912,CLT-0014,2025-08-13 14:42:30,1997.81,EUR,Retrait,Russie,False
TXN-002913,CLT-0022,2025-08-24 14:42:30,2503.29,EUR,Retrait,France,False
TXN-002914,CLT-0063,2026-03-27 14:42:30,22048.49,EUR,Virement international,France,True
TXN-002915,CLT-0054,2025-08-21 14:42:30,24824.53,EUR,Retrait,Panama,True
TXN-002916,CLT-0078,2025-05-27 14:42:30,2461.62,EUR,Paiement carte,Allemagne,False
TXN-002917,CLT-0070,2026-01-15 14:42:30,4334.25,EUR,Retrait,France,False
TXN-002918,CLT-0041,2025-05-30 14:42:30,894.31,EUR,Paiement carte,France,False
TXN-002919,CLT-0095,2025-09-25 14:42:30,2866.4,EUR,Virement,Russie,False
TXN-002920,CLT-0055,2025-06-22 14:42:30,2947.17,EUR,Paiement carte,France,False
TXN-002921,CLT-0064,2025-10-19 14:42:30,3503.56,EUR,Retrait,Îles Caïmans,False
TXN-002922,CLT-0047,2026-05-06 14:42:30,4039.95,EUR,Virement,Îles Caïmans,False
TXN-002923,CLT-0024,2026-02-15 14:42:30,430.92,EUR,Retrait,Panama,False
TXN-002924,CLT-0087,2025-10-24 14:42:30,804.49,EUR,Dépôt,France,False
TXN-002925,CLT-0014,2025-09-26 14:42:30,2699.98,EUR,Dépôt,Îles Caïmans,False
TXN-002926,CLT-0084,2025-08-19 14:42:30,3665.12,EUR,Retrait,France,False
TXN-002927,CLT-0051,2025-07-27 14:42:30,702.33,EUR,Paiement carte,France,False
TXN-002928,CLT-0035,2025-05-29 14:42:30,2675.95,EUR,Retrait,Îles Caïmans,False
TXN-002929,CLT-0003,2025-08-07 14:42:30,2713.87,EUR,Retrait,France,False
TXN-002930,CLT-0005,2025-11-25 14:42:30,198.56,EUR,Virement international,Allemagne,False
TXN-002931,CLT-0092,2025-07-11 14:42:30,2715.99,EUR,Dépôt,Espagne,False
TXN-002932,CLT-0044,2025-07-07 14:42:30,1497.7,EUR,Virement international,France,False
TXN-002933,CLT-0081,2025-09-24 14:42:30,1424.99,EUR,Virement international,Russie,False
TXN-002934,CLT-0089,2026-04-25 14:42:30,3758.36,EUR,Paiement carte,France,False
TXN-002935,CLT-0052,2025-08-08 14:42:30,903.42,EUR,Paiement carte,Îles Caïmans,False
TXN-002936,CLT-0024,2025-06-11 14:42:30,2700.96,EUR,Virement,Russie,False
TXN-002937,CLT-0009,2025-07-03 14:42:30,3903.44,EUR,Paiement carte,Russie,False
TXN-002938,CLT-0020,2025-08-09 14:42:30,2467.43,EUR,Virement international,Îles Caïmans,False
TXN-002939,CLT-0017,2026-02-24 14:42:30,3595.51,EUR,Dépôt,Allemagne,False
TXN-002940,CLT-0069,2025-06-18 14:42:30,3751.32,EUR,Dépôt,France,False
TXN-002941,CLT-0031,2025-06-27 14:42:30,939.32,EUR,Dépôt,France,False
TXN-002942,CLT-0047,2025-06-08 14:42:30,4416.27,EUR,Paiement carte,Îles Caïmans,False
TXN-002943,CLT-0073,2025-09-22 14:42:30,1666.07,EUR,Virement,France,False
TXN-002944,CLT-0023,2025-08-09 14:42:30,847.92,EUR,Dépôt,Panama,False
TXN-002945,CLT-0051,2025-08-18 14:42:30,920.95,EUR,Paiement carte,Îles Caïmans,False
TXN-002946,CLT-0038,2025-07-04 14:42:30,1771.57,EUR,Retrait,Allemagne,False
TXN-002947,CLT-0095,2025-08-14 14:42:30,674.16,EUR,Virement international,Espagne,False
TXN-002948,CLT-0025,2026-01-20 14:42:30,4153.24,EUR,Virement international,France,False
TXN-002949,CLT-0088,2026-04-03 14:42:30,830.46,EUR,Dépôt,France,False
TXN-002950,CLT-0023,2025-09-08 14:42:30,1696.06,EUR,Dépôt,Îles Caïmans,False
TXN-002951,CLT-0076,2025-10-19 14:42:30,2881.46,EUR,Retrait,Allemagne,False
TXN-002952,CLT-0048,2025-05-27 14:42:30,3043.61,EUR,Virement,Allemagne,False
TXN-002953,CLT-0072,2026-03-20 14:42:30,4698.5,EUR,Paiement carte,Panama,False
TXN-002954,CLT-0067,2025-09-05 14:42:30,4758.63,EUR,Dépôt,Îles Caïmans,False
TXN-002955,CLT-0079,2026-05-05 14:42:30,2797.84,EUR,Dépôt,Russie,False
TXN-002956,CLT-0029,2025-12-31 14:42:30,1443.65,EUR,Virement,Allemagne,False
TXN-002957,CLT-0066,2025-06-02 14:42:30,3119.67,EUR,Virement international,France,False
TXN-002958,CLT-0077,2025-09-09 14:42:30,574.85,EUR,Paiement carte,France,False
TXN-002959,CLT-0043,2025-05-18 14:42:30,53374.21,EUR,Virement international,Allemagne,True
TXN-002960,CLT-0027,2025-11-08 14:42:30,198.08,EUR,Paiement carte,Espagne,False
TXN-002961,CLT-0042,2026-03-19 14:42:30,33547.55,EUR,Dépôt,Allemagne,True
TXN-002962,CLT-0080,2025-11-07 14:42:30,71417.13,EUR,Retrait,Îles Caïmans,True
TXN-002963,CLT-0013,2025-08-18 14:42:30,4230.92,EUR,Retrait,Îles Caïmans,False
TXN-002964,CLT-0080,2026-05-05 14:42:30,1593.43,EUR,Dépôt,France,False
TXN-002965,CLT-0037,2026-03-19 14:42:30,3220.13,EUR,Virement,France,False
TXN-002966,CLT-0079,2025-10-29 14:42:30,894.85,EUR,Virement international,France,False
TXN-002967,CLT-0008,2025-07-30 14:42:30,2623.37,EUR,Virement international,France,False
TXN-002968,CLT-0017,2025-11-10 14:42:30,43.57,EUR,Retrait,Panama,False
TXN-002969,CLT-0072,2025-11-25 14:42:30,4452.02,EUR,Paiement carte,Îles Caïmans,False
TXN-002970,CLT-0065,2025-07-19 14:42:30,36227.6,EUR,Paiement carte,Russie,True
TXN-002971,CLT-0018,2026-02-17 14:42:30,1404.9,EUR,Paiement carte,Panama,False
TXN-002972,CLT-0036,2025-06-05 14:42:30,4915.94,EUR,Virement international,Panama,False
TXN-002973,CLT-0041,2025-11-08 14:42:30,2115.6,EUR,Virement international,Espagne,False
TXN-002974,CLT-0016,2025-07-03 14:42:30,653.2,EUR,Virement,Îles Caïmans,False
TXN-002975,CLT-0006,2026-05-10 14:42:30,136.72,EUR,Virement,France,False
TXN-002976,CLT-0076,2026-01-16 14:42:30,1868.79,EUR,Retrait,France,False
TXN-002977,CLT-0042,2026-03-15 14:42:30,664.33,EUR,Dépôt,France,False
TXN-002978,CLT-0005,2025-09-09 14:42:30,1626.64,EUR,Virement international,Allemagne,False
TXN-002979,CLT-0088,2026-02-09 14:42:30,2134.16,EUR,Virement,Espagne,False
TXN-002980,CLT-0079,2025-08-18 14:42:30,4257.1,EUR,Paiement carte,Îles Caïmans,False
TXN-002981,CLT-0019,2025-09-04 14:42:30,4975.55,EUR,Paiement carte,Allemagne,False
TXN-002982,CLT-0093,2025-09-30 14:42:30,4495.36,EUR,Dépôt,Îles Caïmans,False
TXN-002983,CLT-0066,2025-11-07 14:42:30,8553.79,EUR,Retrait,Panama,True
TXN-002984,CLT-0068,2026-04-08 14:42:30,4749.02,EUR,Retrait,France,False
TXN-002985,CLT-0095,2026-03-20 14:42:30,4040.57,EUR,Retrait,Allemagne,False
TXN-002986,CLT-0019,2025-07-07 14:42:30,640.21,EUR,Virement,Espagne,False
TXN-002987,CLT-0012,2026-05-09 14:42:30,304.33,EUR,Virement international,Allemagne,False
TXN-002988,CLT-0092,2026-01-29 14:42:30,2452.79,EUR,Virement international,Russie,False
TXN-002989,CLT-0052,2025-09-14 14:42:30,2667.24,EUR,Virement international,France,False
TXN-002990,CLT-0045,2026-02-10 14:42:30,892.94,EUR,Paiement carte,Russie,False
TXN-002991,CLT-0072,2025-11-09 14:42:30,3736.66,EUR,Dépôt,Russie,False
TXN-002992,CLT-0005,2025-07-25 14:42:30,21463.68,EUR,Dépôt,France,True
TXN-002993,CLT-0095,2025-06-05 14:42:30,2559.53,EUR,Paiement carte,Îles Caïmans,False
TXN-002994,CLT-0051,2026-03-22 14:42:30,2773.46,EUR,Virement,France,False
TXN-002995,CLT-0061,2025-06-17 14:42:30,4802.15,EUR,Retrait,France,False
TXN-002996,CLT-0092,2025-09-29 14:42:30,1083.19,EUR,Retrait,France,False
TXN-002997,CLT-0024,2025-11-28 14:42:30,4631.17,EUR,Retrait,France,False
TXN-002998,CLT-0028,2025-07-03 14:42:30,2838.7,EUR,Paiement carte,France,False
TXN-002999,CLT-0085,2025-11-27 14:42:30,3666.7,EUR,Virement international,France,False
TXN-003000,CLT-0019,2025-08-05 14:42:30,1189.0,EUR,Retrait,France,False
TXN-003001,CLT-0074,2026-01-08 14:42:30,1824.82,EUR,Virement international,Allemagne,False
TXN-003002,CLT-0054,2025-12-28 14:42:30,4699.08,EUR,Virement,Russie,False
TXN-003003,CLT-0029,2025-09-03 14:42:30,2320.51,EUR,Retrait,Îles Caïmans,False
TXN-003004,CLT-0043,2025-07-25 14:42:30,4710.07,EUR,Dépôt,Espagne,False
TXN-003005,CLT-0079,2025-08-31 14:42:30,4765.86,EUR,Virement,France,False
TXN-003006,CLT-0057,2025-07-19 14:42:30,3022.0,EUR,Virement,France,False
TXN-003007,CLT-0008,2026-02-20 14:42:30,2206.31,EUR,Dépôt,Allemagne,False
TXN-003008,CLT-0064,2025-08-17 14:42:30,2983.52,EUR,Virement,Allemagne,False
TXN-003009,CLT-0018,2025-11-27 14:42:30,4477.96,EUR,Virement international,Allemagne,False
TXN-003010,CLT-0097,2025-06-02 14:42:30,10442.82,EUR,Virement,France,True
TXN-003011,CLT-0071,2026-04-16 14:42:30,1991.69,EUR,Retrait,France,False
TXN-003012,CLT-0063,2025-08-03 14:42:30,11868.51,EUR,Virement international,Russie,True
TXN-003013,CLT-0057,2025-07-26 14:42:30,2534.52,EUR,Dépôt,Allemagne,False
TXN-003014,CLT-0086,2025-11-04 14:42:30,3613.0,EUR,Virement international,Panama,False
TXN-003015,CLT-0008,2025-10-24 14:42:30,3190.76,EUR,Virement,Allemagne,False
TXN-003016,CLT-0050,2026-01-13 14:42:30,93085.12,EUR,Virement,Panama,True
TXN-003017,CLT-0027,2026-02-19 14:42:30,13777.53,EUR,Virement international,France,True
TXN-003018,CLT-0022,2025-07-22 14:42:30,20981.74,EUR,Virement international,Panama,True
TXN-003019,CLT-0062,2026-02-01 14:42:30,471.45,EUR,Dépôt,Allemagne,False
TXN-003020,CLT-0074,2026-05-11 14:42:30,79622.68,EUR,Paiement carte,Russie,True
TXN-003021,CLT-0012,2025-08-31 14:42:30,67749.3,EUR,Virement international,France,True
TXN-003022,CLT-0094,2026-02-25 14:42:30,12212.23,EUR,Retrait,France,True
TXN-003023,CLT-0090,2025-05-27 14:42:30,599.22,EUR,Paiement carte,Îles Caïmans,False
TXN-003024,CLT-0015,2026-04-16 14:42:30,3304.31,EUR,Virement international,France,False
TXN-003025,CLT-0017,2026-03-21 14:42:30,41284.64,EUR,Retrait,France,True
TXN-003026,CLT-0018,2025-09-27 14:42:30,70785.35,EUR,Dépôt,Russie,True
TXN-003027,CLT-0096,2025-06-29 14:42:30,997.78,EUR,Retrait,France,False
TXN-003028,CLT-0044,2025-10-31 14:42:30,970.3,EUR,Retrait,France,False
TXN-003029,CLT-0039,2025-06-07 14:42:30,2282.16,EUR,Virement international,France,False
TXN-003030,CLT-0013,2026-02-12 14:42:30,76295.09,EUR,Virement,Espagne,True
TXN-003031,CLT-0081,2025-10-23 14:42:30,56579.63,EUR,Virement international,France,True
TXN-003032,CLT-0086,2025-07-22 14:42:30,4300.62,EUR,Dépôt,France,False
TXN-003033,CLT-0003,2026-03-09 14:42:30,1440.7,EUR,Virement international,Allemagne,False
TXN-003034,CLT-0093,2025-11-15 14:42:30,1839.97,EUR,Paiement carte,France,False
TXN-003035,CLT-0028,2026-05-13 14:42:30,3682.56,EUR,Virement international,Panama,False
TXN-003036,CLT-0003,2025-09-01 14:42:30,68426.77,EUR,Virement,Allemagne,True
TXN-003037,CLT-0025,2025-12-23 14:42:30,602.07,EUR,Paiement carte,Panama,False
TXN-003038,CLT-0040,2025-10-27 14:42:30,2702.8,EUR,Retrait,Allemagne,False
TXN-003039,CLT-0096,2026-04-05 14:42:30,1304.19,EUR,Retrait,France,False
TXN-003040,CLT-0055,2026-04-16 14:42:30,49921.16,EUR,Virement,Panama,True
TXN-003041,CLT-0064,2025-08-01 14:42:30,2401.76,EUR,Dépôt,France,False
TXN-003042,CLT-0093,2025-09-29 14:42:30,3100.93,EUR,Virement,Îles Caïmans,False
TXN-003043,CLT-0030,2025-10-14 14:42:30,2958.16,EUR,Retrait,France,False
TXN-003044,CLT-0044,2026-03-20 14:42:30,2659.93,EUR,Dépôt,Espagne,False
TXN-003045,CLT-0081,2025-05-28 14:42:30,801.41,EUR,Virement,Allemagne,False
TXN-003046,CLT-0032,2026-04-27 14:42:30,4333.61,EUR,Virement,France,False
TXN-003047,CLT-0064,2025-10-18 14:42:30,39597.25,EUR,Virement international,Russie,True
TXN-003048,CLT-0080,2025-12-07 14:42:30,4466.28,EUR,Virement,Panama,False
TXN-003049,CLT-0048,2025-11-16 14:42:30,3388.57,EUR,Dépôt,Îles Caïmans,False
TXN-003050,CLT-0062,2026-01-05 14:42:30,4729.39,EUR,Virement,France,False
TXN-003051,CLT-0001,2025-10-03 14:42:30,1262.99,EUR,Virement,France,False
TXN-003052,CLT-0016,2025-08-23 14:42:30,3848.09,EUR,Virement,Allemagne,False
TXN-003053,CLT-0071,2025-10-14 14:42:30,87297.71,EUR,Retrait,France,True
TXN-003054,CLT-0063,2026-03-28 14:42:30,1388.09,EUR,Retrait,Îles Caïmans,False
TXN-003055,CLT-0013,2025-08-22 14:42:30,2726.42,EUR,Dépôt,Russie,False
TXN-003056,CLT-0044,2026-03-19 14:42:30,59569.02,EUR,Virement,Russie,True
TXN-003057,CLT-0058,2025-10-16 14:42:30,52227.59,EUR,Virement,Allemagne,True
TXN-003058,CLT-0011,2025-11-24 14:42:30,69998.05,EUR,Virement,Espagne,True
TXN-003059,CLT-0063,2025-12-23 14:42:30,2658.16,EUR,Dépôt,Allemagne,False
TXN-003060,CLT-0026,2025-05-18 14:42:30,883.15,EUR,Virement,France,False
TXN-003061,CLT-0068,2025-08-14 14:42:30,916.81,EUR,Dépôt,Russie,False
TXN-003062,CLT-0064,2026-01-04 14:42:30,2153.13,EUR,Virement,Allemagne,False
TXN-003063,CLT-0086,2026-02-01 14:42:30,8475.6,EUR,Retrait,Îles Caïmans,True
TXN-003064,CLT-0033,2025-09-30 14:42:30,4051.23,EUR,Paiement carte,Îles Caïmans,False
TXN-003065,CLT-0075,2025-11-14 14:42:30,753.08,EUR,Virement,Allemagne,False
TXN-003066,CLT-0003,2025-09-12 14:42:30,3500.39,EUR,Virement,France,False
TXN-003067,CLT-0013,2025-10-08 14:42:30,2020.89,EUR,Dépôt,Panama,False
TXN-003068,CLT-0015,2026-04-09 14:42:30,134.42,EUR,Virement,Russie,False
TXN-003069,CLT-0033,2026-03-11 14:42:30,3336.02,EUR,Virement,France,False
TXN-003070,CLT-0070,2026-01-13 14:42:30,1320.84,EUR,Virement international,France,False
TXN-003071,CLT-0091,2025-05-20 14:42:30,2818.97,EUR,Dépôt,France,False
TXN-003072,CLT-0009,2025-05-16 14:42:30,3341.87,EUR,Dépôt,France,False
TXN-003073,CLT-0005,2025-08-30 14:42:30,61118.58,EUR,Virement international,Espagne,True
TXN-003074,CLT-0051,2025-09-01 14:42:30,2993.69,EUR,Virement international,Russie,False
TXN-003075,CLT-0060,2026-02-01 14:42:30,3243.65,EUR,Virement international,Russie,False
TXN-003076,CLT-0078,2025-10-30 14:42:30,4070.19,EUR,Virement international,Espagne,False
TXN-003077,CLT-0020,2026-03-24 14:42:30,87002.59,EUR,Retrait,Russie,True
TXN-003078,CLT-0074,2025-09-10 14:42:30,255.03,EUR,Dépôt,Allemagne,False
TXN-003079,CLT-0056,2025-11-29 14:42:30,879.24,EUR,Retrait,Allemagne,False
TXN-003080,CLT-0076,2025-06-05 14:42:30,4835.53,EUR,Virement international,Espagne,False
TXN-003081,CLT-0058,2025-07-05 14:42:30,4560.73,EUR,Virement,France,False
TXN-003082,CLT-0056,2026-02-18 14:42:30,4556.24,EUR,Retrait,France,False
TXN-003083,CLT-0070,2025-09-20 14:42:30,264.39,EUR,Retrait,France,False
TXN-003084,CLT-0085,2026-02-21 14:42:30,12778.25,EUR,Virement,Espagne,True
TXN-003085,CLT-0011,2025-08-07 14:42:30,88987.33,EUR,Retrait,Panama,True
TXN-003086,CLT-0066,2025-07-25 14:42:30,3757.12,EUR,Virement international,Russie,False
TXN-003087,CLT-0057,2026-04-01 14:42:30,4488.26,EUR,Virement,Espagne,False
TXN-003088,CLT-0070,2026-04-07 14:42:30,2546.01,EUR,Paiement carte,Espagne,False
TXN-003089,CLT-0058,2026-03-13 14:42:30,699.82,EUR,Dépôt,Allemagne,False
TXN-003090,CLT-0048,2025-08-27 14:42:30,2207.36,EUR,Paiement carte,France,False
TXN-003091,CLT-0034,2026-04-30 14:42:30,317.96,EUR,Virement international,France,False
TXN-003092,CLT-0012,2025-06-06 14:42:30,1607.79,EUR,Retrait,Allemagne,False
TXN-003093,CLT-0052,2025-07-13 14:42:30,434.79,EUR,Virement,France,False
TXN-003094,CLT-0087,2025-08-31 14:42:30,2559.38,EUR,Virement international,Espagne,False
TXN-003095,CLT-0072,2025-10-09 14:42:30,3003.51,EUR,Virement international,France,False
TXN-003096,CLT-0086,2025-07-21 14:42:30,3763.26,EUR,Paiement carte,France,False
TXN-003097,CLT-0092,2026-01-16 14:42:30,2948.32,EUR,Virement,Espagne,False
TXN-003098,CLT-0055,2025-07-20 14:42:30,451.3,EUR,Virement,Panama,False
TXN-003099,CLT-0083,2025-08-04 14:42:30,2476.83,EUR,Retrait,France,False
TXN-003100,CLT-0071,2025-05-25 14:42:30,3374.22,EUR,Virement international,Allemagne,False
TXN-003101,CLT-0100,2026-03-20 14:42:30,1893.16,EUR,Paiement carte,Îles Caïmans,False
TXN-003102,CLT-0054,2025-07-08 14:42:30,3203.59,EUR,Dépôt,Îles Caïmans,False
TXN-003103,CLT-0079,2025-12-29 14:42:30,1250.79,EUR,Paiement carte,France,False
TXN-003104,CLT-0009,2026-02-25 14:42:30,2563.39,EUR,Paiement carte,France,False
TXN-003105,CLT-0019,2025-10-28 14:42:30,1696.71,EUR,Retrait,Panama,False
TXN-003106,CLT-0053,2025-06-25 14:42:30,1223.36,EUR,Dépôt,France,False
TXN-003107,CLT-0035,2026-01-20 14:42:30,92186.53,EUR,Virement international,Îles Caïmans,True
TXN-003108,CLT-0006,2025-07-03 14:42:30,2514.03,EUR,Paiement carte,France,False
TXN-003109,CLT-0097,2026-02-25 14:42:30,1981.99,EUR,Virement international,Russie,False
TXN-003110,CLT-0080,2026-05-02 14:42:30,350.07,EUR,Virement,France,False
TXN-003111,CLT-0076,2026-03-17 14:42:30,1080.11,EUR,Retrait,Panama,False
TXN-003112,CLT-0021,2025-06-20 14:42:30,4935.81,EUR,Retrait,Îles Caïmans,False
TXN-003113,CLT-0001,2025-10-17 14:42:30,26560.91,EUR,Dépôt,France,True
TXN-003114,CLT-0042,2026-01-03 14:42:30,228.52,EUR,Virement international,France,False
TXN-003115,CLT-0003,2025-05-20 14:42:30,3901.0,EUR,Retrait,Panama,False
TXN-003116,CLT-0064,2025-12-10 14:42:30,1399.3,EUR,Retrait,Espagne,False
TXN-003117,CLT-0084,2025-12-02 14:42:30,16470.45,EUR,Virement,Allemagne,True
TXN-003118,CLT-0054,2025-07-27 14:42:30,1375.26,EUR,Paiement carte,France,False
TXN-003119,CLT-0099,2026-04-10 14:42:30,3704.27,EUR,Virement international,France,False
TXN-003120,CLT-0097,2025-07-24 14:42:30,2976.79,EUR,Virement international,France,False
TXN-003121,CLT-0052,2026-05-12 14:42:30,4782.57,EUR,Paiement carte,France,False
TXN-003122,CLT-0053,2025-12-26 14:42:30,14926.89,EUR,Virement international,France,True
TXN-003123,CLT-0024,2025-06-29 14:42:30,4200.28,EUR,Paiement carte,Îles Caïmans,False
TXN-003124,CLT-0085,2025-07-02 14:42:30,2734.12,EUR,Virement international,Allemagne,False
TXN-003125,CLT-0080,2025-05-22 14:42:30,2913.03,EUR,Virement international,Russie,False
TXN-003126,CLT-0040,2025-07-27 14:42:30,2538.55,EUR,Virement,Panama,False
TXN-003127,CLT-0085,2025-12-04 14:42:30,1313.48,EUR,Virement,France,False
TXN-003128,CLT-0087,2025-07-11 14:42:30,19724.79,EUR,Retrait,France,True
TXN-003129,CLT-0032,2025-11-10 14:42:30,3907.42,EUR,Paiement carte,France,False
TXN-003130,CLT-0055,2026-04-03 14:42:30,361.21,EUR,Virement,Allemagne,False
TXN-003131,CLT-0051,2025-08-02 14:42:30,2693.71,EUR,Retrait,Îles Caïmans,False
TXN-003132,CLT-0083,2025-05-15 14:42:30,2059.84,EUR,Retrait,France,False
TXN-003133,CLT-0077,2025-11-04 14:42:30,1306.93,EUR,Virement,Îles Caïmans,False
TXN-003134,CLT-0084,2025-07-13 14:42:30,255.27,EUR,Virement international,Espagne,False
TXN-003135,CLT-0033,2025-07-20 14:42:30,1500.58,EUR,Retrait,France,False
TXN-003136,CLT-0088,2025-11-02 14:42:30,1887.91,EUR,Dépôt,Îles Caïmans,False
TXN-003137,CLT-0056,2025-11-27 14:42:30,2058.2,EUR,Dépôt,France,False
TXN-003138,CLT-0041,2025-12-05 14:42:30,76773.76,EUR,Paiement carte,Panama,True
TXN-003139,CLT-0004,2025-08-11 14:42:30,2221.05,EUR,Virement international,Russie,False
TXN-003140,CLT-0029,2025-12-01 14:42:30,1549.52,EUR,Retrait,France,False
TXN-003141,CLT-0034,2025-11-05 14:42:30,1220.16,EUR,Paiement carte,Îles Caïmans,False
TXN-003142,CLT-0099,2026-02-08 14:42:30,4272.9,EUR,Paiement carte,Panama,False
TXN-003143,CLT-0081,2025-10-22 14:42:30,280.42,EUR,Dépôt,Panama,False
TXN-003144,CLT-0087,2025-05-23 14:42:30,277.96,EUR,Paiement carte,France,False
TXN-003145,CLT-0038,2026-02-25 14:42:30,600.89,EUR,Retrait,Russie,False
TXN-003146,CLT-0085,2025-05-23 14:42:30,4407.96,EUR,Paiement carte,Espagne,False
TXN-003147,CLT-0009,2025-07-04 14:42:30,3821.41,EUR,Paiement carte,France,False
TXN-003148,CLT-0013,2025-05-15 14:42:30,23388.34,EUR,Virement,Panama,True
TXN-003149,CLT-0069,2026-01-05 14:42:30,4260.42,EUR,Virement international,Îles Caïmans,False
TXN-003150,CLT-0002,2025-08-12 14:42:30,40.54,EUR,Virement,Russie,False
TXN-003151,CLT-0092,2025-09-09 14:42:30,4910.07,EUR,Paiement carte,France,False
TXN-003152,CLT-0077,2025-07-22 14:42:30,404.87,EUR,Dépôt,Russie,False
TXN-003153,CLT-0058,2025-12-25 14:42:30,4487.35,EUR,Retrait,Îles Caïmans,False
TXN-003154,CLT-0055,2025-06-21 14:42:30,4265.18,EUR,Virement,France,False
TXN-003155,CLT-0027,2026-04-16 14:42:30,4598.41,EUR,Virement international,Espagne,False
TXN-003156,CLT-0044,2025-09-10 14:42:30,3801.01,EUR,Retrait,Îles Caïmans,False
TXN-003157,CLT-0097,2025-10-28 14:42:30,2947.82,EUR,Virement international,France,False
TXN-003158,CLT-0022,2025-06-22 14:42:30,1758.27,EUR,Dépôt,Espagne,False
TXN-003159,CLT-0016,2026-03-09 14:42:30,882.39,EUR,Virement international,Allemagne,False
TXN-003160,CLT-0097,2025-11-09 14:42:30,4394.46,EUR,Dépôt,France,False
TXN-003161,CLT-0040,2026-01-03 14:42:30,90177.83,EUR,Dépôt,Espagne,True
TXN-003162,CLT-0026,2026-02-28 14:42:30,1699.31,EUR,Virement,France,False
TXN-003163,CLT-0058,2025-05-13 14:42:30,24838.77,EUR,Dépôt,Russie,True
TXN-003164,CLT-0058,2026-03-31 14:42:30,3107.74,EUR,Paiement carte,Îles Caïmans,False
TXN-003165,CLT-0083,2025-12-14 14:42:30,1222.05,EUR,Retrait,Russie,False
TXN-003166,CLT-0069,2025-08-02 14:42:30,966.22,EUR,Paiement carte,France,False
TXN-003167,CLT-0092,2025-11-13 14:42:30,4489.72,EUR,Virement,France,False
TXN-003168,CLT-0032,2025-10-27 14:42:30,345.69,EUR,Virement,Espagne,False
TXN-003169,CLT-0050,2026-04-27 14:42:30,3180.35,EUR,Virement international,Allemagne,False
TXN-003170,CLT-0035,2026-02-28 14:42:30,2731.14,EUR,Virement international,Allemagne,False
TXN-003171,CLT-0002,2025-12-08 14:42:30,1155.3,EUR,Virement,France,False
TXN-003172,CLT-0057,2025-10-23 14:42:30,3578.63,EUR,Paiement carte,Espagne,False
TXN-003173,CLT-0045,2025-10-08 14:42:30,344.13,EUR,Retrait,Espagne,False
TXN-003174,CLT-0034,2025-11-10 14:42:30,4584.78,EUR,Dépôt,Îles Caïmans,False
TXN-003175,CLT-0047,2025-08-13 14:42:30,54261.12,EUR,Virement,Russie,True
TXN-003176,CLT-0071,2025-05-18 14:42:30,1095.04,EUR,Virement,France,False
TXN-003177,CLT-0042,2025-06-05 14:42:30,3258.05,EUR,Retrait,France,False
TXN-003178,CLT-0066,2025-08-29 14:42:30,47714.92,EUR,Dépôt,Îles Caïmans,True
TXN-003179,CLT-0076,2025-10-08 14:42:30,2843.81,EUR,Virement international,France,False
TXN-003180,CLT-0008,2025-07-11 14:42:30,3824.03,EUR,Dépôt,Panama,False
TXN-003181,CLT-0014,2025-09-10 14:42:30,3518.36,EUR,Dépôt,Russie,False
TXN-003182,CLT-0005,2026-01-14 14:42:30,1276.43,EUR,Virement,Îles Caïmans,False
TXN-003183,CLT-0027,2026-03-07 14:42:30,883.4,EUR,Virement international,Allemagne,False
TXN-003184,CLT-0031,2026-01-13 14:42:30,822.04,EUR,Virement international,France,False
TXN-003185,CLT-0085,2025-06-17 14:42:30,572.52,EUR,Virement international,Russie,False
TXN-003186,CLT-0073,2026-02-22 14:42:30,88035.7,EUR,Retrait,France,True
TXN-003187,CLT-0092,2026-04-18 14:42:30,2578.27,EUR,Virement international,Allemagne,False
TXN-003188,CLT-0002,2026-03-15 14:42:30,614.42,EUR,Retrait,Allemagne,False
TXN-003189,CLT-0089,2026-04-11 14:42:30,20.54,EUR,Virement international,Îles Caïmans,False
TXN-003190,CLT-0004,2026-04-20 14:42:30,1903.22,EUR,Virement international,Russie,False
TXN-003191,CLT-0011,2025-08-06 14:42:30,617.3,EUR,Dépôt,Allemagne,False
TXN-003192,CLT-0008,2025-12-17 14:42:30,3986.33,EUR,Retrait,Espagne,False
TXN-003193,CLT-0011,2025-06-19 14:42:30,3252.88,EUR,Virement international,France,False
TXN-003194,CLT-0083,2025-08-05 14:42:30,1389.05,EUR,Retrait,Allemagne,False
TXN-003195,CLT-0041,2025-07-16 14:42:30,2049.25,EUR,Virement,France,False
TXN-003196,CLT-0059,2026-05-05 14:42:30,71800.17,EUR,Paiement carte,France,True
TXN-003197,CLT-0043,2025-12-22 14:42:30,79111.17,EUR,Virement international,Îles Caïmans,True
TXN-003198,CLT-0089,2026-05-03 14:42:30,381.92,EUR,Virement,Îles Caïmans,False
TXN-003199,CLT-0055,2025-10-26 14:42:30,4485.47,EUR,Dépôt,France,False
TXN-003200,CLT-0048,2025-10-24 14:42:30,86733.88,EUR,Dépôt,France,True
TXN-003201,CLT-0037,2026-01-18 14:42:30,3523.36,EUR,Virement,Russie,False
TXN-003202,CLT-0076,2025-07-03 14:42:30,511.85,EUR,Dépôt,Russie,False
TXN-003203,CLT-0099,2025-11-06 14:42:30,61520.27,EUR,Virement international,Allemagne,True
TXN-003204,CLT-0071,2025-12-14 14:42:30,2745.69,EUR,Retrait,Îles Caïmans,False
TXN-003205,CLT-0052,2025-06-29 14:42:30,2841.67,EUR,Retrait,Îles Caïmans,False
TXN-003206,CLT-0030,2025-08-16 14:42:30,3926.71,EUR,Virement international,Îles Caïmans,False
TXN-003207,CLT-0073,2025-06-22 14:42:30,2604.99,EUR,Virement,Russie,False
TXN-003208,CLT-0063,2025-06-19 14:42:30,3413.82,EUR,Virement international,France,False
TXN-003209,CLT-0055,2025-07-15 14:42:30,1861.27,EUR,Retrait,Panama,False
TXN-003210,CLT-0049,2025-09-23 14:42:30,396.9,EUR,Virement,Allemagne,False
TXN-003211,CLT-0056,2026-03-07 14:42:30,90064.32,EUR,Dépôt,Russie,True
TXN-003212,CLT-0072,2025-07-22 14:42:30,3158.99,EUR,Retrait,Îles Caïmans,False
TXN-003213,CLT-0001,2025-08-03 14:42:30,93066.67,EUR,Virement international,Panama,True
TXN-003214,CLT-0047,2025-09-19 14:42:30,4704.32,EUR,Dépôt,Panama,False
TXN-003215,CLT-0059,2025-09-06 14:42:30,597.71,EUR,Dépôt,France,False
TXN-003216,CLT-0050,2025-12-13 14:42:30,698.47,EUR,Virement international,France,False
TXN-003217,CLT-0083,2025-06-03 14:42:30,491.89,EUR,Virement international,France,False
TXN-003218,CLT-0052,2025-07-14 14:42:30,3046.67,EUR,Retrait,Îles Caïmans,False
TXN-003219,CLT-0062,2025-07-09 14:42:30,821.97,EUR,Dépôt,France,False
TXN-003220,CLT-0093,2025-12-29 14:42:30,4057.7,EUR,Dépôt,Espagne,False
TXN-003221,CLT-0045,2025-08-03 14:42:30,535.13,EUR,Dépôt,Panama,False
TXN-003222,CLT-0056,2025-12-01 14:42:30,4176.69,EUR,Virement international,France,False
TXN-003223,CLT-0047,2026-03-10 14:42:30,58284.07,EUR,Paiement carte,France,True
TXN-003224,CLT-0009,2026-04-18 14:42:30,100.13,EUR,Paiement carte,Allemagne,False
TXN-003225,CLT-0036,2025-10-16 14:42:30,4493.4,EUR,Virement,Russie,False
TXN-003226,CLT-0061,2025-12-22 14:42:30,4138.13,EUR,Retrait,France,False
TXN-003227,CLT-0001,2025-12-21 14:42:30,3059.02,EUR,Virement,France,False
TXN-003228,CLT-0024,2025-08-22 14:42:30,3263.23,EUR,Retrait,Espagne,False
TXN-003229,CLT-0054,2026-03-05 14:42:30,1209.45,EUR,Virement,Îles Caïmans,False
TXN-003230,CLT-0001,2025-11-03 14:42:30,2715.8,EUR,Paiement carte,France,False
TXN-003231,CLT-0083,2025-07-30 14:42:30,38574.61,EUR,Virement,France,True
TXN-003232,CLT-0079,2026-05-13 14:42:30,40346.73,EUR,Retrait,Russie,True
TXN-003233,CLT-0012,2025-06-11 14:42:30,554.94,EUR,Dépôt,France,False
TXN-003234,CLT-0096,2026-04-21 14:42:30,3740.18,EUR,Dépôt,Allemagne,False
TXN-003235,CLT-0007,2025-09-30 14:42:30,4312.35,EUR,Virement international,France,False
TXN-003236,CLT-0056,2026-04-07 14:42:30,173.81,EUR,Virement international,Panama,False
TXN-003237,CLT-0033,2025-09-08 14:42:30,32.97,EUR,Virement,Espagne,False
TXN-003238,CLT-0030,2025-12-14 14:42:30,1642.87,EUR,Retrait,Russie,False
TXN-003239,CLT-0053,2026-01-24 14:42:30,2781.11,EUR,Dépôt,France,False
TXN-003240,CLT-0099,2025-09-14 14:42:30,1402.35,EUR,Virement,Îles Caïmans,False
TXN-003241,CLT-0093,2025-06-28 14:42:30,449.57,EUR,Virement international,France,False
TXN-003242,CLT-0069,2025-12-05 14:42:30,1018.9,EUR,Virement,Allemagne,False
TXN-003243,CLT-0005,2026-04-07 14:42:30,3629.51,EUR,Dépôt,Panama,False
TXN-003244,CLT-0085,2025-07-30 14:42:30,38606.17,EUR,Virement international,Îles Caïmans,True
TXN-003245,CLT-0038,2025-09-16 14:42:30,924.05,EUR,Retrait,Panama,False
TXN-003246,CLT-0044,2026-01-10 14:42:30,2624.85,EUR,Retrait,Îles Caïmans,False
TXN-003247,CLT-0070,2025-12-25 14:42:30,2034.1,EUR,Paiement carte,France,False
TXN-003248,CLT-0071,2025-07-16 14:42:30,2244.55,EUR,Retrait,Espagne,False
TXN-003249,CLT-0025,2025-08-29 14:42:30,4655.44,EUR,Virement international,Espagne,False
TXN-003250,CLT-0049,2026-01-17 14:42:30,1596.42,EUR,Dépôt,Îles Caïmans,False
TXN-003251,CLT-0043,2025-11-25 14:42:30,2705.56,EUR,Virement,Russie,False
TXN-003252,CLT-0007,2025-05-18 14:42:30,4635.79,EUR,Paiement carte,Panama,False
TXN-003253,CLT-0047,2026-04-03 14:42:30,1684.46,EUR,Paiement carte,France,False
TXN-003254,CLT-0077,2026-05-09 14:42:30,922.03,EUR,Virement,Panama,False
TXN-003255,CLT-0064,2026-04-22 14:42:30,1629.52,EUR,Dépôt,France,False
TXN-003256,CLT-0013,2026-01-14 14:42:30,3004.44,EUR,Virement,France,False
TXN-003257,CLT-0013,2025-10-27 14:42:30,2542.48,EUR,Virement international,France,False
TXN-003258,CLT-0057,2025-05-18 14:42:30,78073.39,EUR,Paiement carte,France,True
TXN-003259,CLT-0004,2025-06-23 14:42:30,893.97,EUR,Paiement carte,Panama,False
TXN-003260,CLT-0090,2025-12-27 14:42:30,1582.48,EUR,Virement,France,False
TXN-003261,CLT-0018,2025-06-06 14:42:30,4465.91,EUR,Retrait,Russie,False
TXN-003262,CLT-0046,2025-07-28 14:42:30,3926.82,EUR,Virement,France,False
TXN-003263,CLT-0007,2025-05-20 14:42:30,2094.23,EUR,Virement,Panama,False
TXN-003264,CLT-0045,2026-02-09 14:42:30,26670.09,EUR,Virement international,Espagne,True
TXN-003265,CLT-0005,2025-11-21 14:42:30,4454.08,EUR,Paiement carte,Espagne,False
TXN-003266,CLT-0098,2026-03-23 14:42:30,80623.56,EUR,Paiement carte,Allemagne,True
TXN-003267,CLT-0007,2025-08-05 14:42:30,2323.84,EUR,Dépôt,Panama,False
TXN-003268,CLT-0097,2025-06-06 14:42:30,4568.14,EUR,Virement,France,False
TXN-003269,CLT-0080,2025-06-01 14:42:30,42162.33,EUR,Retrait,Espagne,True
TXN-003270,CLT-0075,2025-05-25 14:42:30,70.9,EUR,Virement,France,False
TXN-003271,CLT-0028,2026-04-27 14:42:30,639.02,EUR,Paiement carte,France,False
TXN-003272,CLT-0009,2025-12-19 14:42:30,3496.66,EUR,Virement,Espagne,False
TXN-003273,CLT-0084,2026-01-20 14:42:30,4550.19,EUR,Dépôt,France,False
TXN-003274,CLT-0048,2026-01-09 14:42:30,1802.28,EUR,Virement international,Panama,False
TXN-003275,CLT-0005,2026-04-07 14:42:30,39437.1,EUR,Virement,Îles Caïmans,True
TXN-003276,CLT-0002,2025-07-22 14:42:30,2851.28,EUR,Virement,Îles Caïmans,False
TXN-003277,CLT-0008,2025-08-06 14:42:30,4715.09,EUR,Virement,Îles Caïmans,False
TXN-003278,CLT-0100,2026-04-21 14:42:30,2392.73,EUR,Retrait,Russie,False
TXN-003279,CLT-0092,2026-03-10 14:42:30,3475.0,EUR,Retrait,Allemagne,False
TXN-003280,CLT-0090,2025-07-20 14:42:30,1451.99,EUR,Dépôt,Allemagne,False
TXN-003281,CLT-0049,2025-09-21 14:42:30,42158.85,EUR,Retrait,Panama,True
TXN-003282,CLT-0045,2025-06-23 14:42:30,1097.65,EUR,Virement,France,False
TXN-003283,CLT-0033,2025-12-04 14:42:30,4926.99,EUR,Retrait,Îles Caïmans,False
TXN-003284,CLT-0033,2025-08-11 14:42:30,537.78,EUR,Retrait,France,False
TXN-003285,CLT-0090,2025-07-24 14:42:30,3310.84,EUR,Retrait,Allemagne,False
TXN-003286,CLT-0009,2026-03-26 14:42:30,1545.5,EUR,Virement,France,False
TXN-003287,CLT-0087,2025-10-10 14:42:30,3219.32,EUR,Virement,Panama,False
TXN-003288,CLT-0072,2025-08-10 14:42:30,3189.66,EUR,Paiement carte,Espagne,False
TXN-003289,CLT-0012,2026-03-15 14:42:30,765.82,EUR,Paiement carte,Îles Caïmans,False
TXN-003290,CLT-0001,2025-07-02 14:42:30,3974.95,EUR,Dépôt,Panama,False
TXN-003291,CLT-0043,2025-09-22 14:42:30,4618.41,EUR,Virement international,Russie,False
TXN-003292,CLT-0012,2026-02-07 14:42:30,2832.31,EUR,Retrait,Îles Caïmans,False
TXN-003293,CLT-0031,2026-01-15 14:42:30,1982.25,EUR,Paiement carte,France,False
TXN-003294,CLT-0059,2026-03-02 14:42:30,4424.87,EUR,Dépôt,Panama,False
TXN-003295,CLT-0060,2025-09-19 14:42:30,397.91,EUR,Virement,France,False
TXN-003296,CLT-0045,2026-03-28 14:42:30,46707.84,EUR,Retrait,Allemagne,True
TXN-003297,CLT-0025,2026-02-10 14:42:30,2758.15,EUR,Paiement carte,France,False
TXN-003298,CLT-0022,2025-06-09 14:42:30,77187.77,EUR,Virement,Panama,True
TXN-003299,CLT-0067,2026-03-11 14:42:30,2626.92,EUR,Virement international,Russie,False
TXN-003300,CLT-0013,2025-07-28 14:42:30,3435.11,EUR,Paiement carte,France,False
TXN-003301,CLT-0069,2026-01-25 14:42:30,2520.63,EUR,Dépôt,Panama,False
TXN-003302,CLT-0041,2025-07-16 14:42:30,416.95,EUR,Virement international,Russie,False
TXN-003303,CLT-0089,2025-05-18 14:42:30,2357.52,EUR,Virement,Îles Caïmans,False
TXN-003304,CLT-0097,2026-04-18 14:42:30,231.84,EUR,Dépôt,Allemagne,False
TXN-003305,CLT-0078,2025-05-20 14:42:30,3830.28,EUR,Retrait,France,False
TXN-003306,CLT-0066,2026-02-23 14:42:30,1883.43,EUR,Virement international,Russie,False
TXN-003307,CLT-0043,2025-12-23 14:42:30,4020.49,EUR,Dépôt,France,False
TXN-003308,CLT-0022,2026-03-04 14:42:30,4977.19,EUR,Paiement carte,France,False
TXN-003309,CLT-0079,2026-01-24 14:42:30,23454.01,EUR,Dépôt,France,True
TXN-003310,CLT-0018,2026-01-16 14:42:30,4195.03,EUR,Retrait,France,False
TXN-003311,CLT-0036,2025-09-06 14:42:30,1394.35,EUR,Retrait,France,False
TXN-003312,CLT-0009,2026-03-18 14:42:30,4302.67,EUR,Paiement carte,Panama,False
TXN-003313,CLT-0002,2025-05-20 14:42:30,3555.6,EUR,Retrait,France,False
TXN-003314,CLT-0036,2026-04-18 14:42:30,63161.82,EUR,Retrait,Allemagne,True
TXN-003315,CLT-0064,2025-10-01 14:42:30,661.62,EUR,Dépôt,France,False
TXN-003316,CLT-0092,2025-11-04 14:42:30,525.14,EUR,Retrait,France,False
TXN-003317,CLT-0012,2025-08-29 14:42:30,3798.93,EUR,Paiement carte,Panama,False
TXN-003318,CLT-0026,2025-10-23 14:42:30,2041.72,EUR,Virement,France,False
TXN-003319,CLT-0057,2026-01-15 14:42:30,3967.31,EUR,Paiement carte,Russie,False
TXN-003320,CLT-0079,2026-03-25 14:42:30,4516.44,EUR,Virement international,Allemagne,False
TXN-003321,CLT-0084,2026-05-02 14:42:30,14180.28,EUR,Retrait,France,True
TXN-003322,CLT-0096,2025-05-27 14:42:30,4418.47,EUR,Virement,Russie,False
TXN-003323,CLT-0021,2026-04-23 14:42:30,4327.29,EUR,Virement international,Allemagne,False
TXN-003324,CLT-0032,2025-12-30 14:42:30,76308.76,EUR,Virement international,Espagne,True
TXN-003325,CLT-0020,2026-02-19 14:42:30,41677.65,EUR,Virement international,France,True
TXN-003326,CLT-0054,2026-03-14 14:42:30,1023.09,EUR,Paiement carte,France,False
TXN-003327,CLT-0048,2025-08-01 14:42:30,1840.79,EUR,Paiement carte,Îles Caïmans,False
TXN-003328,CLT-0050,2026-04-23 14:42:30,3768.18,EUR,Retrait,Îles Caïmans,False
TXN-003329,CLT-0051,2025-08-24 14:42:30,429.72,EUR,Dépôt,Panama,False
TXN-003330,CLT-0039,2026-01-03 14:42:30,58565.58,EUR,Virement,Russie,True
TXN-003331,CLT-0088,2026-02-02 14:42:30,1963.67,EUR,Dépôt,Allemagne,False
TXN-003332,CLT-0002,2025-11-18 14:42:30,2842.09,EUR,Dépôt,Îles Caïmans,False
TXN-003333,CLT-0050,2026-02-16 14:42:30,956.97,EUR,Retrait,Îles Caïmans,False
TXN-003334,CLT-0019,2025-12-13 14:42:30,596.18,EUR,Dépôt,Allemagne,False
TXN-003335,CLT-0084,2025-11-19 14:42:30,3330.67,EUR,Virement international,Panama,False
TXN-003336,CLT-0066,2025-05-31 14:42:30,765.01,EUR,Virement international,France,False
TXN-003337,CLT-0088,2025-07-13 14:42:30,2470.03,EUR,Virement international,France,False
TXN-003338,CLT-0082,2026-02-27 14:42:30,4652.22,EUR,Retrait,Espagne,False
TXN-003339,CLT-0077,2025-06-11 14:42:30,3558.97,EUR,Virement international,Îles Caïmans,False
TXN-003340,CLT-0031,2025-11-21 14:42:30,1013.06,EUR,Retrait,Espagne,False
TXN-003341,CLT-0047,2026-02-07 14:42:30,4870.8,EUR,Virement,Panama,False
TXN-003342,CLT-0026,2025-12-31 14:42:30,1132.32,EUR,Virement,Allemagne,False
TXN-003343,CLT-0086,2025-11-07 14:42:30,69457.31,EUR,Virement international,Russie,True
TXN-003344,CLT-0048,2025-12-28 14:42:30,1875.57,EUR,Paiement carte,Îles Caïmans,False
TXN-003345,CLT-0064,2025-12-27 14:42:30,2822.94,EUR,Dépôt,Russie,False
TXN-003346,CLT-0093,2025-12-27 14:42:30,3563.41,EUR,Dépôt,Allemagne,False
TXN-003347,CLT-0073,2025-11-05 14:42:30,1207.25,EUR,Paiement carte,Espagne,False
TXN-003348,CLT-0100,2025-07-13 14:42:30,4656.65,EUR,Virement international,Îles Caïmans,False
TXN-003349,CLT-0036,2026-01-27 14:42:30,327.27,EUR,Retrait,France,False
TXN-003350,CLT-0069,2026-05-02 14:42:30,1434.9,EUR,Virement,Panama,False
TXN-003351,CLT-0066,2025-12-08 14:42:30,4684.86,EUR,Virement,Panama,False
TXN-003352,CLT-0042,2026-03-01 14:42:30,2001.51,EUR,Dépôt,Îles Caïmans,False
TXN-003353,CLT-0015,2026-02-09 14:42:30,4222.76,EUR,Retrait,France,False
TXN-003354,CLT-0031,2026-03-05 14:42:30,4904.38,EUR,Dépôt,France,False
TXN-003355,CLT-0007,2025-12-18 14:42:30,1930.18,EUR,Dépôt,Allemagne,False
TXN-003356,CLT-0015,2025-10-13 14:42:30,4487.33,EUR,Dépôt,Panama,False
TXN-003357,CLT-0058,2026-04-15 14:42:30,1075.32,EUR,Virement international,Îles Caïmans,False
TXN-003358,CLT-0014,2026-01-18 14:42:30,3853.9,EUR,Virement,France,False
TXN-003359,CLT-0064,2026-03-12 14:42:30,3434.43,EUR,Virement international,Panama,False
TXN-003360,CLT-0011,2026-03-13 14:42:30,719.02,EUR,Dépôt,Russie,False
TXN-003361,CLT-0041,2025-12-21 14:42:30,89130.28,EUR,Retrait,Allemagne,True
TXN-003362,CLT-0095,2025-12-21 14:42:30,4847.61,EUR,Retrait,Îles Caïmans,False
TXN-003363,CLT-0034,2025-09-20 14:42:30,2532.37,EUR,Dépôt,Russie,False
TXN-003364,CLT-0021,2025-06-18 14:42:30,51258.15,EUR,Virement,Îles Caïmans,True
TXN-003365,CLT-0029,2026-02-27 14:42:30,4377.81,EUR,Paiement carte,Russie,False
TXN-003366,CLT-0088,2025-10-21 14:42:30,2890.75,EUR,Dépôt,Îles Caïmans,False
TXN-003367,CLT-0036,2026-03-17 14:42:30,2345.47,EUR,Virement,France,False
TXN-003368,CLT-0020,2025-11-12 14:42:30,3150.21,EUR,Paiement carte,France,False
TXN-003369,CLT-0084,2025-11-28 14:42:30,89436.43,EUR,Virement international,France,True
TXN-003370,CLT-0088,2025-09-08 14:42:30,88107.41,EUR,Retrait,France,True
TXN-003371,CLT-0085,2025-09-18 14:42:30,24208.85,EUR,Retrait,France,True
TXN-003372,CLT-0074,2026-01-17 14:42:30,3025.03,EUR,Virement,Allemagne,False
TXN-003373,CLT-0089,2025-06-26 14:42:30,2650.14,EUR,Virement,Russie,False
TXN-003374,CLT-0016,2026-02-01 14:42:30,4543.08,EUR,Retrait,Îles Caïmans,False
TXN-003375,CLT-0067,2026-02-24 14:42:30,1761.81,EUR,Paiement carte,France,False
TXN-003376,CLT-0024,2025-06-17 14:42:30,143.68,EUR,Virement international,Russie,False
TXN-003377,CLT-0079,2025-11-03 14:42:30,1726.41,EUR,Dépôt,Allemagne,False
TXN-003378,CLT-0082,2026-02-25 14:42:30,750.31,EUR,Paiement carte,Allemagne,False
TXN-003379,CLT-0078,2025-08-19 14:42:30,958.62,EUR,Virement international,France,False
TXN-003380,CLT-0089,2025-09-13 14:42:30,39632.38,EUR,Retrait,Panama,True
TXN-003381,CLT-0012,2025-10-07 14:42:30,1140.92,EUR,Virement international,Panama,False
TXN-003382,CLT-0007,2026-03-28 14:42:30,2353.02,EUR,Virement international,Russie,False
TXN-003383,CLT-0064,2025-07-07 14:42:30,24307.07,EUR,Virement,France,True
TXN-003384,CLT-0013,2026-04-24 14:42:30,1007.52,EUR,Virement,Russie,False
TXN-003385,CLT-0083,2025-11-13 14:42:30,42489.04,EUR,Virement international,Allemagne,True
TXN-003386,CLT-0081,2025-07-31 14:42:30,2795.8,EUR,Retrait,France,False
TXN-003387,CLT-0056,2025-06-25 14:42:30,2470.05,EUR,Dépôt,Espagne,False
TXN-003388,CLT-0057,2025-11-28 14:42:30,2397.6,EUR,Dépôt,France,False
TXN-003389,CLT-0089,2026-01-23 14:42:30,93231.99,EUR,Retrait,France,True
TXN-003390,CLT-0003,2025-08-26 14:42:30,4599.02,EUR,Virement,Espagne,False
TXN-003391,CLT-0086,2025-07-31 14:42:30,778.3,EUR,Virement international,France,False
TXN-003392,CLT-0081,2025-05-28 14:42:30,3328.37,EUR,Retrait,France,False
TXN-003393,CLT-0049,2026-04-14 14:42:30,1775.16,EUR,Retrait,Panama,False
TXN-003394,CLT-0032,2025-10-26 14:42:30,3283.89,EUR,Paiement carte,Allemagne,False
TXN-003395,CLT-0008,2025-08-14 14:42:30,64354.62,EUR,Dépôt,Îles Caïmans,True
TXN-003396,CLT-0031,2026-03-21 14:42:30,2463.96,EUR,Virement,Russie,False
TXN-003397,CLT-0040,2025-07-31 14:42:30,1153.28,EUR,Virement,Panama,False
TXN-003398,CLT-0029,2026-04-07 14:42:30,85297.64,EUR,Paiement carte,France,True
TXN-003399,CLT-0085,2025-12-18 14:42:30,296.09,EUR,Paiement carte,Allemagne,False
TXN-003400,CLT-0047,2025-06-11 14:42:30,3603.27,EUR,Paiement carte,France,False
TXN-003401,CLT-0006,2025-09-12 14:42:30,1391.48,EUR,Dépôt,Panama,False
TXN-003402,CLT-0081,2026-02-13 14:42:30,372.88,EUR,Virement,Panama,False
TXN-003403,CLT-0010,2025-12-27 14:42:30,93029.8,EUR,Virement,Panama,True
TXN-003404,CLT-0086,2025-07-26 14:42:30,1365.38,EUR,Virement,Îles Caïmans,False
TXN-003405,CLT-0058,2025-11-30 14:42:30,1065.48,EUR,Virement international,Russie,False
TXN-003406,CLT-0001,2025-09-11 14:42:30,932.47,EUR,Retrait,France,False
TXN-003407,CLT-0086,2026-02-21 14:42:30,2178.64,EUR,Virement,France,False
TXN-003408,CLT-0018,2026-03-25 14:42:30,3263.62,EUR,Virement,France,False
TXN-003409,CLT-0032,2025-07-25 14:42:30,4704.6,EUR,Paiement carte,Îles Caïmans,False
TXN-003410,CLT-0052,2025-09-23 14:42:30,2836.98,EUR,Virement,Russie,False
TXN-003411,CLT-0062,2025-09-04 14:42:30,833.22,EUR,Retrait,France,False
TXN-003412,CLT-0017,2026-02-08 14:42:30,4925.6,EUR,Paiement carte,Îles Caïmans,False
TXN-003413,CLT-0090,2025-11-21 14:42:30,151.31,EUR,Virement international,Russie,False
TXN-003414,CLT-0082,2026-01-12 14:42:30,2107.58,EUR,Retrait,Espagne,False
TXN-003415,CLT-0099,2025-06-25 14:42:30,3017.06,EUR,Paiement carte,Panama,False
TXN-003416,CLT-0087,2025-08-24 14:42:30,164.08,EUR,Virement international,Panama,False
TXN-003417,CLT-0021,2026-04-20 14:42:30,632.2,EUR,Virement,France,False
TXN-003418,CLT-0063,2025-11-16 14:42:30,127.36,EUR,Paiement carte,Espagne,False
TXN-003419,CLT-0037,2025-09-22 14:42:30,2819.57,EUR,Paiement carte,France,False
TXN-003420,CLT-0072,2025-10-10 14:42:30,15.94,EUR,Paiement carte,Îles Caïmans,False
TXN-003421,CLT-0064,2025-10-03 14:42:30,2728.33,EUR,Paiement carte,Espagne,False
TXN-003422,CLT-0012,2025-12-06 14:42:30,2969.5,EUR,Paiement carte,Allemagne,False
TXN-003423,CLT-0005,2025-05-25 14:42:30,1744.32,EUR,Dépôt,Panama,False
TXN-003424,CLT-0041,2025-11-14 14:42:30,43383.43,EUR,Retrait,Russie,True
TXN-003425,CLT-0035,2025-10-28 14:42:30,2948.43,EUR,Virement international,Îles Caïmans,False
TXN-003426,CLT-0011,2025-09-30 14:42:30,4814.8,EUR,Virement,Panama,False
TXN-003427,CLT-0042,2026-01-19 14:42:30,68547.25,EUR,Retrait,France,True
TXN-003428,CLT-0023,2026-05-09 14:42:30,2971.89,EUR,Dépôt,Panama,False
TXN-003429,CLT-0053,2025-09-19 14:42:30,54024.41,EUR,Retrait,Îles Caïmans,True
TXN-003430,CLT-0079,2025-12-04 14:42:30,4937.37,EUR,Dépôt,Panama,False
TXN-003431,CLT-0053,2025-12-20 14:42:30,1749.92,EUR,Paiement carte,Allemagne,False
TXN-003432,CLT-0038,2025-12-30 14:42:30,1658.73,EUR,Retrait,Espagne,False
TXN-003433,CLT-0079,2025-12-08 14:42:30,3929.97,EUR,Virement,Îles Caïmans,False
TXN-003434,CLT-0097,2026-01-08 14:42:30,3021.37,EUR,Virement international,Allemagne,False
TXN-003435,CLT-0036,2026-01-01 14:42:30,4724.3,EUR,Virement international,Russie,False
TXN-003436,CLT-0053,2025-12-26 14:42:30,2878.85,EUR,Dépôt,France,False
TXN-003437,CLT-0090,2025-06-11 14:42:30,3383.35,EUR,Virement international,France,False
TXN-003438,CLT-0065,2025-11-26 14:42:30,12153.75,EUR,Paiement carte,France,True
TXN-003439,CLT-0074,2026-01-22 14:42:30,2390.37,EUR,Virement international,Espagne,False
TXN-003440,CLT-0098,2026-05-09 14:42:30,21719.32,EUR,Virement international,Russie,True
TXN-003441,CLT-0062,2026-03-16 14:42:30,68140.66,EUR,Virement,Russie,True
TXN-003442,CLT-0045,2025-08-21 14:42:30,4497.2,EUR,Retrait,Espagne,False
TXN-003443,CLT-0044,2025-11-05 14:42:30,3924.0,EUR,Paiement carte,France,False
TXN-003444,CLT-0002,2026-01-08 14:42:30,637.05,EUR,Virement,Espagne,False
TXN-003445,CLT-0049,2025-12-09 14:42:30,2169.86,EUR,Virement,France,False
TXN-003446,CLT-0004,2026-04-16 14:42:30,1125.0,EUR,Retrait,Panama,False
TXN-003447,CLT-0094,2026-01-29 14:42:30,75754.31,EUR,Paiement carte,Panama,True
TXN-003448,CLT-0091,2025-08-16 14:42:30,4322.95,EUR,Virement international,Îles Caïmans,False
TXN-003449,CLT-0087,2025-06-26 14:42:30,2915.93,EUR,Paiement carte,France,False
TXN-003450,CLT-0074,2026-04-03 14:42:30,2156.92,EUR,Virement international,Allemagne,False
TXN-003451,CLT-0071,2025-11-10 14:42:30,1312.85,EUR,Dépôt,Allemagne,False
TXN-003452,CLT-0029,2025-10-27 14:42:30,1643.01,EUR,Virement,France,False
TXN-003453,CLT-0007,2025-11-05 14:42:30,2714.78,EUR,Retrait,Espagne,False
TXN-003454,CLT-0021,2025-10-17 14:42:30,960.56,EUR,Retrait,France,False
TXN-003455,CLT-0038,2025-09-21 14:42:30,982.56,EUR,Retrait,Espagne,False
TXN-003456,CLT-0039,2026-05-04 14:42:30,3283.56,EUR,Retrait,Russie,False
TXN-003457,CLT-0087,2025-05-24 14:42:30,2084.27,EUR,Paiement carte,France,False
TXN-003458,CLT-0041,2025-06-14 14:42:30,76857.87,EUR,Retrait,Espagne,True
TXN-003459,CLT-0020,2026-04-18 14:42:30,2917.01,EUR,Virement,Russie,False
TXN-003460,CLT-0034,2025-09-17 14:42:30,1437.37,EUR,Retrait,France,False
TXN-003461,CLT-0020,2026-04-14 14:42:30,4208.95,EUR,Retrait,Panama,False
TXN-003462,CLT-0079,2025-07-31 14:42:30,825.21,EUR,Dépôt,Îles Caïmans,False
TXN-003463,CLT-0094,2025-11-22 14:42:30,914.06,EUR,Retrait,Allemagne,False
TXN-003464,CLT-0080,2026-02-24 14:42:30,2606.37,EUR,Retrait,France,False
TXN-003465,CLT-0074,2025-10-20 14:42:30,19696.46,EUR,Virement,Allemagne,True
TXN-003466,CLT-0029,2026-05-02 14:42:30,59.7,EUR,Retrait,Espagne,False
TXN-003467,CLT-0016,2025-05-24 14:42:30,2210.46,EUR,Paiement carte,Russie,False
TXN-003468,CLT-0055,2025-10-01 14:42:30,4080.77,EUR,Retrait,Russie,False
TXN-003469,CLT-0032,2025-12-03 14:42:30,1743.39,EUR,Virement,France,False
TXN-003470,CLT-0011,2026-04-15 14:42:30,1857.27,EUR,Retrait,Allemagne,False
TXN-003471,CLT-0063,2026-01-01 14:42:30,2785.08,EUR,Retrait,Allemagne,False
TXN-003472,CLT-0006,2026-03-07 14:42:30,31564.23,EUR,Retrait,Espagne,True
TXN-003473,CLT-0095,2025-07-20 14:42:30,4733.27,EUR,Virement,France,False
TXN-003474,CLT-0085,2026-02-19 14:42:30,823.59,EUR,Retrait,Espagne,False
TXN-003475,CLT-0093,2025-10-01 14:42:30,40477.09,EUR,Paiement carte,Espagne,True
TXN-003476,CLT-0061,2026-03-22 14:42:30,2736.86,EUR,Paiement carte,Panama,False
TXN-003477,CLT-0077,2025-06-29 14:42:30,2075.46,EUR,Retrait,Espagne,False
TXN-003478,CLT-0030,2025-08-09 14:42:30,39299.19,EUR,Virement international,Russie,True
TXN-003479,CLT-0019,2025-06-25 14:42:30,3391.41,EUR,Dépôt,France,False
TXN-003480,CLT-0075,2026-04-23 14:42:30,1590.12,EUR,Dépôt,Îles Caïmans,False
TXN-003481,CLT-0033,2025-05-14 14:42:30,2673.54,EUR,Virement international,France,False
TXN-003482,CLT-0025,2025-06-26 14:42:30,2432.48,EUR,Paiement carte,France,False
TXN-003483,CLT-0012,2026-03-31 14:42:30,507.65,EUR,Virement,France,False
TXN-003484,CLT-0031,2026-04-22 14:42:30,4830.39,EUR,Dépôt,Îles Caïmans,False
TXN-003485,CLT-0086,2026-04-18 14:42:30,3716.31,EUR,Virement,Russie,False
TXN-003486,CLT-0038,2025-09-07 14:42:30,4316.14,EUR,Virement,Allemagne,False
TXN-003487,CLT-0080,2025-07-17 14:42:30,1769.08,EUR,Virement international,Espagne,False
TXN-003488,CLT-0095,2025-12-02 14:42:30,899.23,EUR,Virement,Russie,False
TXN-003489,CLT-0050,2025-09-03 14:42:30,23268.75,EUR,Dépôt,Allemagne,True
TXN-003490,CLT-0003,2026-02-19 14:42:30,2277.47,EUR,Dépôt,Espagne,False
TXN-003491,CLT-0049,2026-02-12 14:42:30,17829.86,EUR,Dépôt,Espagne,True
TXN-003492,CLT-0025,2026-02-04 14:42:30,3233.78,EUR,Virement,Allemagne,False
TXN-003493,CLT-0057,2025-12-10 14:42:30,1456.58,EUR,Virement,Espagne,False
TXN-003494,CLT-0077,2025-08-26 14:42:30,2597.64,EUR,Virement international,Panama,False
TXN-003495,CLT-0002,2026-02-17 14:42:30,48422.37,EUR,Dépôt,Îles Caïmans,True
TXN-003496,CLT-0079,2026-04-07 14:42:30,3424.93,EUR,Dépôt,Allemagne,False
TXN-003497,CLT-0080,2026-01-02 14:42:30,2246.49,EUR,Retrait,Îles Caïmans,False
TXN-003498,CLT-0077,2026-02-21 14:42:30,3293.08,EUR,Dépôt,Îles Caïmans,False
TXN-003499,CLT-0061,2025-09-01 14:42:30,933.08,EUR,Dépôt,France,False
TXN-003500,CLT-0003,2026-02-24 14:42:30,1799.88,EUR,Paiement carte,France,False
TXN-003501,CLT-0019,2026-04-01 14:42:30,1752.96,EUR,Virement international,France,False
TXN-003502,CLT-0020,2026-02-22 14:42:30,40093.03,EUR,Virement international,Espagne,True
TXN-003503,CLT-0028,2025-10-15 14:42:30,36064.49,EUR,Virement,France,True
TXN-003504,CLT-0090,2025-06-07 14:42:30,1585.87,EUR,Virement international,Îles Caïmans,False
TXN-003505,CLT-0093,2025-06-05 14:42:30,1229.38,EUR,Retrait,Îles Caïmans,False
TXN-003506,CLT-0086,2025-12-13 14:42:30,3115.89,EUR,Retrait,France,False
TXN-003507,CLT-0034,2025-06-08 14:42:30,389.23,EUR,Virement international,France,False
TXN-003508,CLT-0025,2026-03-25 14:42:30,2760.61,EUR,Retrait,France,False
TXN-003509,CLT-0006,2026-04-23 14:42:30,2696.17,EUR,Dépôt,Allemagne,False
TXN-003510,CLT-0011,2025-06-19 14:42:30,793.6,EUR,Retrait,France,False
TXN-003511,CLT-0048,2026-04-04 14:42:30,80108.71,EUR,Dépôt,France,True
TXN-003512,CLT-0070,2025-10-03 14:42:30,2696.25,EUR,Paiement carte,Russie,False
TXN-003513,CLT-0014,2026-05-09 14:42:30,1496.79,EUR,Virement international,France,False
TXN-003514,CLT-0008,2025-08-11 14:42:30,1318.1,EUR,Paiement carte,Espagne,False
TXN-003515,CLT-0001,2025-06-03 14:42:30,3752.88,EUR,Virement,Îles Caïmans,False
TXN-003516,CLT-0057,2025-09-01 14:42:30,4641.06,EUR,Virement international,Russie,False
TXN-003517,CLT-0100,2025-11-27 14:42:30,1575.26,EUR,Paiement carte,Îles Caïmans,False
TXN-003518,CLT-0100,2025-12-05 14:42:30,4352.38,EUR,Virement,Îles Caïmans,False
TXN-003519,CLT-0024,2025-06-10 14:42:30,1096.38,EUR,Virement,France,False
TXN-003520,CLT-0023,2026-02-28 14:42:30,2186.23,EUR,Virement,Allemagne,False
TXN-003521,CLT-0006,2026-04-11 14:42:30,1535.13,EUR,Dépôt,France,False
TXN-003522,CLT-0037,2026-03-17 14:42:30,2664.17,EUR,Paiement carte,France,False
TXN-003523,CLT-0020,2025-09-27 14:42:30,83054.97,EUR,Paiement carte,Espagne,True
TXN-003524,CLT-0021,2025-06-14 14:42:30,2638.96,EUR,Virement international,Allemagne,False
TXN-003525,CLT-0029,2026-04-14 14:42:30,55811.09,EUR,Paiement carte,Îles Caïmans,True
TXN-003526,CLT-0091,2026-02-16 14:42:30,3690.13,EUR,Virement,France,False
TXN-003527,CLT-0070,2026-02-20 14:42:30,89453.42,EUR,Dépôt,Allemagne,True
TXN-003528,CLT-0001,2026-03-25 14:42:30,950.87,EUR,Dépôt,France,False
TXN-003529,CLT-0068,2026-01-08 14:42:30,905.51,EUR,Retrait,France,False
TXN-003530,CLT-0054,2026-02-20 14:42:30,2770.22,EUR,Virement international,France,False
TXN-003531,CLT-0008,2025-07-04 14:42:30,2827.13,EUR,Virement,Russie,False
TXN-003532,CLT-0059,2026-02-19 14:42:30,3490.56,EUR,Paiement carte,Allemagne,False
TXN-003533,CLT-0027,2025-08-02 14:42:30,894.78,EUR,Virement international,Îles Caïmans,False
TXN-003534,CLT-0028,2026-01-29 14:42:30,4414.99,EUR,Paiement carte,Îles Caïmans,False
TXN-003535,CLT-0082,2025-11-22 14:42:30,425.68,EUR,Virement,Îles Caïmans,False
TXN-003536,CLT-0056,2026-01-07 14:42:30,2279.83,EUR,Virement international,Espagne,False
TXN-003537,CLT-0025,2026-04-05 14:42:30,552.21,EUR,Retrait,France,False
TXN-003538,CLT-0020,2025-07-06 14:42:30,1135.79,EUR,Virement,Allemagne,False
TXN-003539,CLT-0094,2025-07-10 14:42:30,942.31,EUR,Virement,Russie,False
TXN-003540,CLT-0003,2025-05-20 14:42:30,4690.1,EUR,Paiement carte,Russie,False
TXN-003541,CLT-0055,2026-04-21 14:42:30,483.91,EUR,Dépôt,France,False
TXN-003542,CLT-0067,2025-08-11 14:42:30,86200.29,EUR,Virement,Espagne,True
TXN-003543,CLT-0060,2026-03-09 14:42:30,384.55,EUR,Virement international,Russie,False
TXN-003544,CLT-0089,2025-08-29 14:42:30,592.73,EUR,Virement,Panama,False
TXN-003545,CLT-0083,2025-08-13 14:42:30,2100.81,EUR,Retrait,Espagne,False
TXN-003546,CLT-0003,2025-06-02 14:42:30,2492.42,EUR,Retrait,Îles Caïmans,False
TXN-003547,CLT-0069,2025-10-21 14:42:30,3482.7,EUR,Paiement carte,France,False
TXN-003548,CLT-0018,2026-03-26 14:42:30,1775.97,EUR,Dépôt,Russie,False
TXN-003549,CLT-0073,2025-07-14 14:42:30,3087.55,EUR,Retrait,Panama,False
TXN-003550,CLT-0056,2025-06-04 14:42:30,3015.7,EUR,Virement,Russie,False
TXN-003551,CLT-0078,2025-07-21 14:42:30,4434.11,EUR,Virement,Russie,False
TXN-003552,CLT-0053,2025-07-01 14:42:30,2381.15,EUR,Paiement carte,Espagne,False
TXN-003553,CLT-0051,2025-07-01 14:42:30,46094.93,EUR,Paiement carte,France,True
TXN-003554,CLT-0059,2025-07-13 14:42:30,2770.7,EUR,Dépôt,Russie,False
TXN-003555,CLT-0074,2025-07-01 14:42:30,1766.2,EUR,Dépôt,Îles Caïmans,False
TXN-003556,CLT-0078,2026-02-03 14:42:30,4768.51,EUR,Virement international,Espagne,False
TXN-003557,CLT-0059,2025-12-17 14:42:30,48197.77,EUR,Virement international,Panama,True
TXN-003558,CLT-0069,2025-08-12 14:42:30,3668.05,EUR,Virement,Îles Caïmans,False
TXN-003559,CLT-0034,2026-04-29 14:42:30,2925.56,EUR,Dépôt,Panama,False
TXN-003560,CLT-0082,2025-06-08 14:42:30,60628.74,EUR,Virement international,Îles Caïmans,True
TXN-003561,CLT-0016,2026-02-15 14:42:30,1640.07,EUR,Virement,France,False
TXN-003562,CLT-0051,2026-04-23 14:42:30,4806.29,EUR,Paiement carte,Espagne,False
TXN-003563,CLT-0070,2026-05-04 14:42:30,4509.64,EUR,Retrait,Espagne,False
TXN-003564,CLT-0014,2025-08-20 14:42:30,1270.79,EUR,Retrait,France,False
TXN-003565,CLT-0025,2025-08-02 14:42:30,2702.72,EUR,Virement,Panama,False
TXN-003566,CLT-0071,2025-08-10 14:42:30,3337.12,EUR,Retrait,Russie,False
TXN-003567,CLT-0071,2026-03-20 14:42:30,4274.51,EUR,Dépôt,Îles Caïmans,False
TXN-003568,CLT-0058,2026-02-26 14:42:30,1190.45,EUR,Dépôt,France,False
TXN-003569,CLT-0045,2025-05-31 14:42:30,26518.3,EUR,Paiement carte,Îles Caïmans,True
TXN-003570,CLT-0046,2025-07-12 14:42:30,85308.59,EUR,Retrait,France,True
TXN-003571,CLT-0038,2025-10-27 14:42:30,4752.07,EUR,Virement,Espagne,False
TXN-003572,CLT-0070,2025-10-01 14:42:30,965.99,EUR,Dépôt,Îles Caïmans,False
TXN-003573,CLT-0093,2025-09-10 14:42:30,268.41,EUR,Virement,France,False
TXN-003574,CLT-0005,2025-06-18 14:42:30,818.36,EUR,Virement,France,False
TXN-003575,CLT-0089,2025-11-04 14:42:30,1028.18,EUR,Virement,France,False
TXN-003576,CLT-0033,2025-12-09 14:42:30,4595.48,EUR,Retrait,France,False
TXN-003577,CLT-0055,2025-11-19 14:42:30,1378.55,EUR,Virement international,Îles Caïmans,False
TXN-003578,CLT-0005,2025-12-10 14:42:30,1877.38,EUR,Paiement carte,France,False
TXN-003579,CLT-0045,2025-11-29 14:42:30,638.97,EUR,Virement international,Îles Caïmans,False
TXN-003580,CLT-0099,2025-10-08 14:42:30,693.27,EUR,Retrait,France,False
TXN-003581,CLT-0002,2025-07-06 14:42:30,912.19,EUR,Dépôt,Allemagne,False
TXN-003582,CLT-0038,2025-06-10 14:42:30,3179.66,EUR,Paiement carte,France,False
TXN-003583,CLT-0039,2025-10-26 14:42:30,1543.44,EUR,Virement international,Espagne,False
TXN-003584,CLT-0029,2025-07-12 14:42:30,1635.14,EUR,Virement international,Îles Caïmans,False
TXN-003585,CLT-0069,2026-01-15 14:42:30,490.98,EUR,Retrait,Panama,False
TXN-003586,CLT-0037,2026-03-04 14:42:30,80247.99,EUR,Dépôt,Panama,True
TXN-003587,CLT-0008,2025-07-12 14:42:30,839.46,EUR,Virement,Allemagne,False
TXN-003588,CLT-0009,2026-03-28 14:42:30,3295.48,EUR,Paiement carte,Allemagne,False
TXN-003589,CLT-0060,2025-06-23 14:42:30,3204.06,EUR,Paiement carte,France,False
TXN-003590,CLT-0070,2025-06-19 14:42:30,1360.79,EUR,Retrait,Panama,False
TXN-003591,CLT-0071,2025-11-30 14:42:30,3564.7,EUR,Dépôt,France,False
TXN-003592,CLT-0088,2026-02-15 14:42:30,3346.28,EUR,Dépôt,France,False
TXN-003593,CLT-0015,2025-10-18 14:42:30,1570.01,EUR,Virement international,Panama,False
TXN-003594,CLT-0009,2025-09-26 14:42:30,3078.59,EUR,Virement,Panama,False
TXN-003595,CLT-0007,2025-06-21 14:42:30,2650.17,EUR,Dépôt,Espagne,False
TXN-003596,CLT-0040,2025-09-23 14:42:30,1299.05,EUR,Dépôt,Russie,False
TXN-003597,CLT-0046,2026-01-24 14:42:30,1836.95,EUR,Retrait,Espagne,False
TXN-003598,CLT-0015,2025-12-13 14:42:30,2649.33,EUR,Paiement carte,France,False
TXN-003599,CLT-0059,2025-07-25 14:42:30,1508.4,EUR,Retrait,Espagne,False
TXN-003600,CLT-0005,2026-01-29 14:42:30,4507.5,EUR,Dépôt,Allemagne,False
TXN-003601,CLT-0025,2026-01-20 14:42:30,2676.23,EUR,Virement,Allemagne,False
TXN-003602,CLT-0089,2026-04-08 14:42:30,4370.5,EUR,Retrait,Allemagne,False
TXN-003603,CLT-0024,2025-07-10 14:42:30,2610.62,EUR,Paiement carte,France,False
TXN-003604,CLT-0072,2026-02-13 14:42:30,2535.08,EUR,Virement,Panama,False
TXN-003605,CLT-0026,2025-09-12 14:42:30,2404.8,EUR,Virement,Espagne,False
TXN-003606,CLT-0088,2025-12-03 14:42:30,2179.63,EUR,Virement,Panama,False
TXN-003607,CLT-0053,2025-12-08 14:42:30,2231.4,EUR,Dépôt,Allemagne,False
TXN-003608,CLT-0066,2025-09-08 14:42:30,3647.4,EUR,Virement,France,False
TXN-003609,CLT-0055,2025-11-12 14:42:30,4318.75,EUR,Paiement carte,Allemagne,False
TXN-003610,CLT-0012,2025-09-01 14:42:30,4348.09,EUR,Paiement carte,Russie,False
TXN-003611,CLT-0051,2025-07-14 14:42:30,4668.24,EUR,Virement international,France,False
TXN-003612,CLT-0018,2025-10-23 14:42:30,1130.17,EUR,Virement international,Espagne,False
TXN-003613,CLT-0034,2025-10-05 14:42:30,3149.23,EUR,Dépôt,France,False
TXN-003614,CLT-0089,2026-04-29 14:42:30,2879.83,EUR,Virement,France,False
TXN-003615,CLT-0062,2025-11-20 14:42:30,59815.23,EUR,Retrait,France,True
TXN-003616,CLT-0091,2025-05-28 14:42:30,1177.42,EUR,Dépôt,France,False
TXN-003617,CLT-0053,2025-07-13 14:42:30,15393.64,EUR,Virement international,Espagne,True
TXN-003618,CLT-0050,2025-12-14 14:42:30,859.3,EUR,Dépôt,Espagne,False
TXN-003619,CLT-0079,2025-06-04 14:42:30,4696.42,EUR,Paiement carte,Panama,False
TXN-003620,CLT-0100,2025-11-05 14:42:30,2809.59,EUR,Paiement carte,Panama,False
TXN-003621,CLT-0017,2025-08-20 14:42:30,2859.36,EUR,Virement international,France,False
TXN-003622,CLT-0010,2026-03-01 14:42:30,266.2,EUR,Paiement carte,Russie,False
TXN-003623,CLT-0081,2025-06-08 14:42:30,3049.92,EUR,Virement,France,False
TXN-003624,CLT-0078,2025-06-20 14:42:30,2706.84,EUR,Paiement carte,France,False
TXN-003625,CLT-0068,2025-07-20 14:42:30,4631.89,EUR,Dépôt,Espagne,False
TXN-003626,CLT-0027,2025-12-28 14:42:30,4056.32,EUR,Paiement carte,Russie,False
TXN-003627,CLT-0067,2025-10-25 14:42:30,807.78,EUR,Virement,France,False
TXN-003628,CLT-0027,2026-04-28 14:42:30,1096.01,EUR,Virement international,Panama,False
TXN-003629,CLT-0100,2026-03-16 14:42:30,4246.12,EUR,Virement,Allemagne,False
TXN-003630,CLT-0011,2025-08-11 14:42:30,4929.34,EUR,Dépôt,Panama,False
TXN-003631,CLT-0095,2026-05-02 14:42:30,4438.66,EUR,Virement international,France,False
TXN-003632,CLT-0007,2025-07-22 14:42:30,2232.02,EUR,Dépôt,Panama,False
TXN-003633,CLT-0075,2025-10-09 14:42:30,82945.55,EUR,Retrait,Allemagne,True
TXN-003634,CLT-0085,2025-06-26 14:42:30,1874.61,EUR,Dépôt,France,False
TXN-003635,CLT-0099,2026-05-07 14:42:30,2328.75,EUR,Dépôt,Allemagne,False
TXN-003636,CLT-0016,2026-03-12 14:42:30,42327.05,EUR,Virement international,Allemagne,True
TXN-003637,CLT-0069,2026-01-06 14:42:30,408.3,EUR,Retrait,Russie,False
TXN-003638,CLT-0045,2025-12-03 14:42:30,3235.13,EUR,Virement,Allemagne,False
TXN-003639,CLT-0089,2026-04-13 14:42:30,220.89,EUR,Virement international,Panama,False
TXN-003640,CLT-0092,2025-08-29 14:42:30,3990.03,EUR,Virement,France,False
TXN-003641,CLT-0039,2026-03-05 14:42:30,314.37,EUR,Retrait,Russie,False
TXN-003642,CLT-0090,2025-11-19 14:42:30,357.7,EUR,Virement international,Russie,False
TXN-003643,CLT-0057,2026-03-03 14:42:30,3790.05,EUR,Virement,Allemagne,False
TXN-003644,CLT-0052,2025-07-11 14:42:30,2553.19,EUR,Virement international,Allemagne,False
TXN-003645,CLT-0008,2025-07-01 14:42:30,1217.55,EUR,Virement,Panama,False
TXN-003646,CLT-0012,2025-10-05 14:42:30,4877.38,EUR,Dépôt,Espagne,False
TXN-003647,CLT-0043,2025-06-14 14:42:30,1239.09,EUR,Paiement carte,Îles Caïmans,False
TXN-003648,CLT-0046,2026-02-07 14:42:30,2441.84,EUR,Dépôt,France,False
TXN-003649,CLT-0087,2025-10-24 14:42:30,33245.43,EUR,Virement international,France,True
TXN-003650,CLT-0061,2026-01-11 14:42:30,4193.21,EUR,Paiement carte,France,False
TXN-003651,CLT-0077,2025-08-08 14:42:30,4277.75,EUR,Paiement carte,Îles Caïmans,False
TXN-003652,CLT-0038,2026-01-06 14:42:30,1722.15,EUR,Retrait,France,False
TXN-003653,CLT-0091,2026-04-08 14:42:30,1281.89,EUR,Paiement carte,France,False
TXN-003654,CLT-0060,2025-05-22 14:42:30,17121.35,EUR,Dépôt,Allemagne,True
TXN-003655,CLT-0039,2025-06-22 14:42:30,4362.24,EUR,Paiement carte,Espagne,False
TXN-003656,CLT-0005,2026-03-11 14:42:30,40477.53,EUR,Retrait,France,True
TXN-003657,CLT-0034,2026-05-09 14:42:30,93271.24,EUR,Retrait,Russie,True
TXN-003658,CLT-0014,2025-08-26 14:42:30,2116.88,EUR,Dépôt,Espagne,False
TXN-003659,CLT-0097,2025-08-16 14:42:30,2271.91,EUR,Virement international,Allemagne,False
TXN-003660,CLT-0074,2026-05-02 14:42:30,3973.29,EUR,Paiement carte,France,False
TXN-003661,CLT-0097,2025-05-23 14:42:30,2016.64,EUR,Virement international,France,False
TXN-003662,CLT-0098,2025-08-12 14:42:30,873.93,EUR,Dépôt,Russie,False
TXN-003663,CLT-0015,2025-11-15 14:42:30,4357.13,EUR,Retrait,Panama,False
TXN-003664,CLT-0063,2026-03-05 14:42:30,4464.86,EUR,Virement,Russie,False
TXN-003665,CLT-0055,2025-06-19 14:42:30,990.76,EUR,Virement international,France,False
TXN-003666,CLT-0100,2025-12-26 14:42:30,3790.22,EUR,Virement,Allemagne,False
TXN-003667,CLT-0098,2025-08-29 14:42:30,1049.24,EUR,Virement international,France,False
TXN-003668,CLT-0057,2025-09-15 14:42:30,1035.68,EUR,Dépôt,Allemagne,False
TXN-003669,CLT-0098,2025-12-19 14:42:30,1080.1,EUR,Paiement carte,Russie,False
TXN-003670,CLT-0092,2026-01-14 14:42:30,29842.99,EUR,Virement,France,True
TXN-003671,CLT-0025,2025-11-16 14:42:30,572.46,EUR,Virement international,Îles Caïmans,False
TXN-003672,CLT-0051,2026-03-09 14:42:30,939.59,EUR,Retrait,Panama,False
TXN-003673,CLT-0034,2026-04-23 14:42:30,842.63,EUR,Virement,France,False
TXN-003674,CLT-0079,2026-03-31 14:42:30,1170.89,EUR,Virement,Panama,False
TXN-003675,CLT-0098,2025-12-27 14:42:30,678.41,EUR,Dépôt,France,False
TXN-003676,CLT-0089,2025-09-02 14:42:30,69533.02,EUR,Virement international,Espagne,True
TXN-003677,CLT-0048,2025-12-26 14:42:30,26712.96,EUR,Retrait,France,True
TXN-003678,CLT-0040,2025-07-02 14:42:30,49996.74,EUR,Virement,France,True
TXN-003679,CLT-0004,2025-09-17 14:42:30,32103.16,EUR,Virement international,Russie,True
TXN-003680,CLT-0074,2026-01-03 14:42:30,1954.98,EUR,Paiement carte,Allemagne,False
TXN-003681,CLT-0039,2025-09-02 14:42:30,1872.24,EUR,Retrait,France,False
TXN-003682,CLT-0083,2025-05-23 14:42:30,1332.42,EUR,Retrait,France,False
TXN-003683,CLT-0007,2025-06-29 14:42:30,548.33,EUR,Virement,Allemagne,False
TXN-003684,CLT-0089,2026-03-24 14:42:30,2633.94,EUR,Paiement carte,Allemagne,False
TXN-003685,CLT-0052,2025-08-07 14:42:30,9043.93,EUR,Paiement carte,France,True
TXN-003686,CLT-0005,2026-04-26 14:42:30,88907.14,EUR,Virement international,Panama,True
TXN-003687,CLT-0093,2025-10-13 14:42:30,1189.86,EUR,Retrait,France,False
TXN-003688,CLT-0075,2025-08-08 14:42:30,991.0,EUR,Virement,France,False
TXN-003689,CLT-0004,2025-12-04 14:42:30,2384.22,EUR,Virement,France,False
TXN-003690,CLT-0002,2025-07-29 14:42:30,691.44,EUR,Virement,Russie,False
TXN-003691,CLT-0097,2026-02-05 14:42:30,2312.78,EUR,Virement,Russie,False
TXN-003692,CLT-0070,2026-01-29 14:42:30,476.69,EUR,Paiement carte,France,False
TXN-003693,CLT-0084,2026-04-05 14:42:30,2368.34,EUR,Paiement carte,Russie,False
TXN-003694,CLT-0041,2026-01-04 14:42:30,18435.68,EUR,Dépôt,Îles Caïmans,True
TXN-003695,CLT-0073,2026-03-18 14:42:30,4993.98,EUR,Retrait,France,False
TXN-003696,CLT-0040,2026-01-02 14:42:30,41.38,EUR,Retrait,Îles Caïmans,False
TXN-003697,CLT-0098,2026-01-18 14:42:30,93118.26,EUR,Dépôt,Espagne,True
TXN-003698,CLT-0024,2026-03-07 14:42:30,4654.06,EUR,Dépôt,France,False
TXN-003699,CLT-0044,2026-03-01 14:42:30,42566.09,EUR,Retrait,Allemagne,True
TXN-003700,CLT-0019,2026-04-01 14:42:30,1356.69,EUR,Virement,Espagne,False
TXN-003701,CLT-0024,2025-09-13 14:42:30,4118.23,EUR,Paiement carte,France,False
TXN-003702,CLT-0081,2025-06-19 14:42:30,921.33,EUR,Dépôt,Panama,False
TXN-003703,CLT-0053,2025-09-15 14:42:30,88296.59,EUR,Virement,Russie,True
TXN-003704,CLT-0004,2025-08-01 14:42:30,1507.54,EUR,Retrait,Espagne,False
TXN-003705,CLT-0075,2025-11-11 14:42:30,4137.53,EUR,Virement international,Panama,False
TXN-003706,CLT-0014,2026-03-20 14:42:30,11223.82,EUR,Virement international,France,True
TXN-003707,CLT-0012,2025-07-20 14:42:30,4651.4,EUR,Retrait,Îles Caïmans,False
TXN-003708,CLT-0037,2025-05-19 14:42:30,2028.97,EUR,Virement international,Îles Caïmans,False
TXN-003709,CLT-0087,2025-08-23 14:42:30,2784.45,EUR,Paiement carte,France,False
TXN-003710,CLT-0002,2026-04-13 14:42:30,1903.05,EUR,Virement international,Espagne,False
TXN-003711,CLT-0096,2025-08-25 14:42:30,1301.5,EUR,Retrait,Russie,False
TXN-003712,CLT-0073,2026-03-29 14:42:30,2791.88,EUR,Virement,France,False
TXN-003713,CLT-0017,2025-07-27 14:42:30,3102.36,EUR,Virement,Îles Caïmans,False
TXN-003714,CLT-0095,2025-07-25 14:42:30,261.26,EUR,Virement international,Allemagne,False
TXN-003715,CLT-0017,2025-06-27 14:42:30,4810.12,EUR,Retrait,Panama,False
TXN-003716,CLT-0066,2025-12-27 14:42:30,1400.23,EUR,Paiement carte,Espagne,False
TXN-003717,CLT-0021,2025-08-28 14:42:30,4753.41,EUR,Virement,Allemagne,False
TXN-003718,CLT-0036,2025-12-01 14:42:30,2643.64,EUR,Paiement carte,France,False
TXN-003719,CLT-0009,2026-02-16 14:42:30,82444.42,EUR,Retrait,Allemagne,True
TXN-003720,CLT-0002,2026-02-27 14:42:30,2463.42,EUR,Dépôt,Panama,False
TXN-003721,CLT-0001,2026-01-22 14:42:30,26107.95,EUR,Virement,France,True
TXN-003722,CLT-0038,2026-01-06 14:42:30,53152.75,EUR,Paiement carte,Russie,True
TXN-003723,CLT-0001,2026-05-11 14:42:30,565.04,EUR,Virement international,France,False
TXN-003724,CLT-0003,2026-05-12 14:42:30,18362.65,EUR,Virement international,France,True
TXN-003725,CLT-0020,2025-06-26 14:42:30,3767.31,EUR,Retrait,France,False
TXN-003726,CLT-0095,2025-09-22 14:42:30,1015.69,EUR,Virement international,Russie,False
TXN-003727,CLT-0002,2025-10-27 14:42:30,3092.7,EUR,Virement international,Panama,False
TXN-003728,CLT-0071,2026-04-01 14:42:30,4945.07,EUR,Paiement carte,Russie,False
TXN-003729,CLT-0007,2026-04-23 14:42:30,1948.65,EUR,Virement,Espagne,False
TXN-003730,CLT-0013,2026-03-14 14:42:30,1252.72,EUR,Retrait,Russie,False
TXN-003731,CLT-0041,2026-03-31 14:42:30,16362.55,EUR,Virement,Panama,True
TXN-003732,CLT-0098,2026-03-02 14:42:30,1655.33,EUR,Virement international,Espagne,False
TXN-003733,CLT-0034,2025-06-22 14:42:30,100.67,EUR,Virement,France,False
TXN-003734,CLT-0036,2026-01-11 14:42:30,1626.47,EUR,Paiement carte,Îles Caïmans,False
TXN-003735,CLT-0078,2025-07-23 14:42:30,35983.69,EUR,Virement international,Espagne,True
TXN-003736,CLT-0052,2025-12-25 14:42:30,4453.95,EUR,Paiement carte,Russie,False
TXN-003737,CLT-0071,2026-04-14 14:42:30,12669.16,EUR,Retrait,Espagne,True
TXN-003738,CLT-0091,2026-03-03 14:42:30,3607.88,EUR,Virement international,France,False
TXN-003739,CLT-0084,2026-03-04 14:42:30,769.52,EUR,Retrait,Russie,False
TXN-003740,CLT-0020,2026-05-13 14:42:30,3837.62,EUR,Paiement carte,France,False
TXN-003741,CLT-0064,2026-04-08 14:42:30,38158.6,EUR,Dépôt,Panama,True
TXN-003742,CLT-0082,2025-11-11 14:42:30,2343.17,EUR,Retrait,Îles Caïmans,False
TXN-003743,CLT-0045,2026-01-20 14:42:30,4755.66,EUR,Paiement carte,France,False
TXN-003744,CLT-0013,2025-06-30 14:42:30,15585.52,EUR,Virement international,France,True
TXN-003745,CLT-0015,2025-08-05 14:42:30,1666.76,EUR,Paiement carte,France,False
TXN-003746,CLT-0045,2025-11-27 14:42:30,3933.65,EUR,Virement international,France,False
TXN-003747,CLT-0015,2025-10-22 14:42:30,4332.73,EUR,Virement,France,False
TXN-003748,CLT-0034,2026-04-15 14:42:30,872.74,EUR,Paiement carte,Îles Caïmans,False
TXN-003749,CLT-0032,2025-07-30 14:42:30,15417.01,EUR,Virement international,France,True
TXN-003750,CLT-0026,2026-02-13 14:42:30,157.83,EUR,Retrait,Îles Caïmans,False
TXN-003751,CLT-0084,2026-04-28 14:42:30,15792.7,EUR,Dépôt,Panama,True
TXN-003752,CLT-0097,2025-10-03 14:42:30,71982.28,EUR,Dépôt,Allemagne,True
TXN-003753,CLT-0040,2026-01-01 14:42:30,3861.8,EUR,Paiement carte,France,False
TXN-003754,CLT-0019,2026-02-12 14:42:30,1534.25,EUR,Paiement carte,Îles Caïmans,False
TXN-003755,CLT-0050,2025-12-11 14:42:30,4262.13,EUR,Virement,France,False
TXN-003756,CLT-0047,2026-05-10 14:42:30,1671.15,EUR,Paiement carte,Allemagne,False
TXN-003757,CLT-0034,2026-02-26 14:42:30,1552.55,EUR,Retrait,Panama,False
TXN-003758,CLT-0053,2025-09-04 14:42:30,2115.06,EUR,Virement international,France,False
TXN-003759,CLT-0096,2026-03-23 14:42:30,1596.07,EUR,Retrait,Russie,False
TXN-003760,CLT-0001,2025-09-24 14:42:30,924.53,EUR,Virement international,Îles Caïmans,False
TXN-003761,CLT-0045,2025-10-27 14:42:30,3520.93,EUR,Paiement carte,France,False
TXN-003762,CLT-0080,2026-04-04 14:42:30,1387.55,EUR,Paiement carte,Îles Caïmans,False
TXN-003763,CLT-0080,2025-12-26 14:42:30,2215.57,EUR,Dépôt,Russie,False
TXN-003764,CLT-0075,2026-02-21 14:42:30,411.79,EUR,Virement,Allemagne,False
TXN-003765,CLT-0066,2026-03-19 14:42:30,192.13,EUR,Dépôt,Russie,False
TXN-003766,CLT-0031,2026-03-10 14:42:30,4868.04,EUR,Dépôt,Espagne,False
TXN-003767,CLT-0093,2025-12-07 14:42:30,1544.92,EUR,Paiement carte,Îles Caïmans,False
TXN-003768,CLT-0012,2026-02-25 14:42:30,4737.9,EUR,Dépôt,Îles Caïmans,False
TXN-003769,CLT-0021,2025-11-12 14:42:30,3026.96,EUR,Dépôt,Espagne,False
TXN-003770,CLT-0085,2025-10-21 14:42:30,868.62,EUR,Dépôt,Espagne,False
TXN-003771,CLT-0013,2026-03-11 14:42:30,448.83,EUR,Virement international,Russie,False
TXN-003772,CLT-0068,2026-04-02 14:42:30,2738.04,EUR,Retrait,Russie,False
TXN-003773,CLT-0030,2025-10-06 14:42:30,4287.3,EUR,Dépôt,Allemagne,False
TXN-003774,CLT-0065,2025-12-17 14:42:30,2937.93,EUR,Virement international,France,False
TXN-003775,CLT-0076,2025-12-23 14:42:30,2645.89,EUR,Paiement carte,France,False
TXN-003776,CLT-0045,2026-05-04 14:42:30,2031.71,EUR,Virement,France,False
TXN-003777,CLT-0048,2026-02-20 14:42:30,916.91,EUR,Dépôt,Allemagne,False
TXN-003778,CLT-0032,2026-02-07 14:42:30,1402.04,EUR,Virement,France,False
TXN-003779,CLT-0096,2025-07-05 14:42:30,264.28,EUR,Virement international,Îles Caïmans,False
TXN-003780,CLT-0019,2025-09-01 14:42:30,90299.22,EUR,Virement,Îles Caïmans,True
TXN-003781,CLT-0008,2026-02-19 14:42:30,13085.51,EUR,Retrait,France,True
TXN-003782,CLT-0080,2025-07-14 14:42:30,2758.29,EUR,Virement international,France,False
TXN-003783,CLT-0002,2026-04-27 14:42:30,78260.13,EUR,Retrait,Espagne,True
TXN-003784,CLT-0031,2026-03-15 14:42:30,2379.47,EUR,Virement,Russie,False
TXN-003785,CLT-0098,2025-09-17 14:42:30,2952.57,EUR,Virement international,Îles Caïmans,False
TXN-003786,CLT-0097,2025-06-25 14:42:30,73181.71,EUR,Paiement carte,France,True
TXN-003787,CLT-0092,2025-05-28 14:42:30,4700.13,EUR,Virement international,France,False
TXN-003788,CLT-0083,2025-07-20 14:42:30,1299.27,EUR,Dépôt,Russie,False
TXN-003789,CLT-0002,2025-11-08 14:42:30,1650.0,EUR,Virement,France,False
TXN-003790,CLT-0044,2026-01-19 14:42:30,2193.37,EUR,Virement international,France,False
TXN-003791,CLT-0072,2026-02-17 14:42:30,122.94,EUR,Virement international,Russie,False
TXN-003792,CLT-0100,2026-03-04 14:42:30,27.28,EUR,Paiement carte,France,False
TXN-003793,CLT-0014,2025-10-13 14:42:30,2345.06,EUR,Paiement carte,France,False
TXN-003794,CLT-0061,2025-07-02 14:42:30,2564.81,EUR,Retrait,France,False
TXN-003795,CLT-0082,2025-07-16 14:42:30,3387.46,EUR,Paiement carte,Espagne,False
TXN-003796,CLT-0026,2025-08-12 14:42:30,3876.72,EUR,Paiement carte,Panama,False
TXN-003797,CLT-0072,2025-10-11 14:42:30,211.19,EUR,Virement,France,False
TXN-003798,CLT-0087,2026-05-06 14:42:30,1441.11,EUR,Virement international,Panama,False
TXN-003799,CLT-0005,2025-08-30 14:42:30,2332.96,EUR,Virement,France,False
TXN-003800,CLT-0025,2025-12-14 14:42:30,3348.96,EUR,Retrait,Allemagne,False
TXN-003801,CLT-0016,2026-02-19 14:42:30,4820.4,EUR,Paiement carte,France,False
TXN-003802,CLT-0098,2025-06-05 14:42:30,1928.41,EUR,Paiement carte,Panama,False
TXN-003803,CLT-0061,2025-06-06 14:42:30,1305.31,EUR,Virement,Îles Caïmans,False
TXN-003804,CLT-0009,2025-11-12 14:42:30,3414.38,EUR,Paiement carte,France,False
TXN-003805,CLT-0090,2025-11-08 14:42:30,4250.03,EUR,Retrait,France,False
TXN-003806,CLT-0039,2025-10-17 14:42:30,3681.64,EUR,Retrait,Îles Caïmans,False
TXN-003807,CLT-0028,2026-05-09 14:42:30,49789.82,EUR,Retrait,Panama,True
TXN-003808,CLT-0067,2025-06-15 14:42:30,89868.48,EUR,Dépôt,France,True
TXN-003809,CLT-0015,2025-05-23 14:42:30,1067.29,EUR,Virement international,Allemagne,False
TXN-003810,CLT-0065,2025-12-15 14:42:30,1449.91,EUR,Virement,Allemagne,False
TXN-003811,CLT-0095,2026-03-20 14:42:30,34224.22,EUR,Paiement carte,France,True
TXN-003812,CLT-0006,2026-01-16 14:42:30,1588.8,EUR,Retrait,France,False
TXN-003813,CLT-0093,2025-09-12 14:42:30,365.63,EUR,Dépôt,Îles Caïmans,False
TXN-003814,CLT-0030,2026-01-08 14:42:30,2027.36,EUR,Virement international,Panama,False
TXN-003815,CLT-0001,2026-03-27 14:42:30,2754.25,EUR,Dépôt,France,False
TXN-003816,CLT-0064,2025-12-23 14:42:30,4403.52,EUR,Paiement carte,Espagne,False
TXN-003817,CLT-0075,2025-08-28 14:42:30,785.79,EUR,Paiement carte,France,False
TXN-003818,CLT-0042,2025-11-22 14:42:30,1241.44,EUR,Virement,France,False
TXN-003819,CLT-0064,2025-09-26 14:42:30,391.04,EUR,Dépôt,France,False
TXN-003820,CLT-0064,2025-07-29 14:42:30,59527.95,EUR,Virement international,France,True
TXN-003821,CLT-0082,2025-11-02 14:42:30,1305.39,EUR,Virement,Russie,False
TXN-003822,CLT-0020,2026-05-04 14:42:30,3674.42,EUR,Dépôt,Espagne,False
TXN-003823,CLT-0099,2025-11-05 14:42:30,3693.35,EUR,Dépôt,Îles Caïmans,False
TXN-003824,CLT-0046,2026-04-25 14:42:30,2348.13,EUR,Virement,Russie,False
TXN-003825,CLT-0065,2026-04-12 14:42:30,48080.25,EUR,Paiement carte,France,True
TXN-003826,CLT-0062,2025-06-14 14:42:30,4029.49,EUR,Virement international,Allemagne,False
TXN-003827,CLT-0013,2026-01-23 14:42:30,3616.07,EUR,Paiement carte,Panama,False
TXN-003828,CLT-0100,2026-05-05 14:42:30,1149.07,EUR,Retrait,Russie,False
TXN-003829,CLT-0065,2025-12-10 14:42:30,373.75,EUR,Dépôt,Russie,False
TXN-003830,CLT-0073,2026-02-20 14:42:30,1922.78,EUR,Retrait,Panama,False
TXN-003831,CLT-0068,2025-05-28 14:42:30,3761.19,EUR,Paiement carte,France,False
TXN-003832,CLT-0039,2025-08-22 14:42:30,937.82,EUR,Virement,Russie,False
TXN-003833,CLT-0058,2026-05-08 14:42:30,1260.85,EUR,Paiement carte,Allemagne,False
TXN-003834,CLT-0027,2025-05-17 14:42:30,90266.8,EUR,Dépôt,Allemagne,True
TXN-003835,CLT-0061,2025-10-20 14:42:30,4834.81,EUR,Paiement carte,France,False
TXN-003836,CLT-0056,2025-08-16 14:42:30,635.65,EUR,Virement international,Russie,False
TXN-003837,CLT-0089,2025-06-04 14:42:30,2038.12,EUR,Virement,Espagne,False
TXN-003838,CLT-0076,2025-10-24 14:42:30,4681.27,EUR,Retrait,France,False
TXN-003839,CLT-0100,2025-11-05 14:42:30,37110.97,EUR,Retrait,Espagne,True
TXN-003840,CLT-0068,2025-05-27 14:42:30,76573.99,EUR,Virement international,France,True
TXN-003841,CLT-0042,2026-04-01 14:42:30,2892.78,EUR,Virement international,Russie,False
TXN-003842,CLT-0041,2026-05-09 14:42:30,1294.29,EUR,Retrait,Panama,False
TXN-003843,CLT-0065,2025-09-13 14:42:30,298.29,EUR,Virement international,Russie,False
TXN-003844,CLT-0021,2026-01-03 14:42:30,1701.61,EUR,Paiement carte,France,False
TXN-003845,CLT-0068,2026-01-10 14:42:30,4314.65,EUR,Dépôt,France,False
TXN-003846,CLT-0096,2025-10-19 14:42:30,2389.52,EUR,Retrait,Russie,False
TXN-003847,CLT-0023,2025-05-17 14:42:30,909.51,EUR,Retrait,France,False
TXN-003848,CLT-0060,2026-04-05 14:42:30,541.02,EUR,Dépôt,Russie,False
TXN-003849,CLT-0014,2025-09-04 14:42:30,612.25,EUR,Paiement carte,France,False
TXN-003850,CLT-0070,2025-07-02 14:42:30,33623.94,EUR,Dépôt,France,True
TXN-003851,CLT-0074,2025-10-19 14:42:30,4187.38,EUR,Virement international,Allemagne,False
TXN-003852,CLT-0055,2026-03-21 14:42:30,23287.76,EUR,Virement international,France,True
TXN-003853,CLT-0024,2026-02-11 14:42:30,4283.82,EUR,Virement,France,False
TXN-003854,CLT-0071,2025-07-26 14:42:30,4974.56,EUR,Virement,France,False
TXN-003855,CLT-0087,2026-02-08 14:42:30,4453.51,EUR,Paiement carte,Espagne,False
TXN-003856,CLT-0070,2025-10-09 14:42:30,396.39,EUR,Virement,France,False
TXN-003857,CLT-0028,2026-05-04 14:42:30,4418.85,EUR,Virement,Îles Caïmans,False
TXN-003858,CLT-0044,2026-04-23 14:42:30,2233.78,EUR,Virement,France,False
TXN-003859,CLT-0053,2026-02-08 14:42:30,999.44,EUR,Paiement carte,France,False
TXN-003860,CLT-0029,2025-07-22 14:42:30,1405.52,EUR,Virement,Russie,False
TXN-003861,CLT-0056,2025-09-28 14:42:30,1400.4,EUR,Retrait,France,False
TXN-003862,CLT-0095,2026-04-27 14:42:30,4789.93,EUR,Paiement carte,Panama,False
TXN-003863,CLT-0079,2025-11-15 14:42:30,789.81,EUR,Virement international,Panama,False
TXN-003864,CLT-0029,2025-07-08 14:42:30,60515.21,EUR,Retrait,Russie,True
TXN-003865,CLT-0024,2025-09-03 14:42:30,4956.62,EUR,Virement international,France,False
TXN-003866,CLT-0029,2025-10-27 14:42:30,2867.23,EUR,Dépôt,France,False
TXN-003867,CLT-0008,2025-10-06 14:42:30,3864.3,EUR,Retrait,Îles Caïmans,False
TXN-003868,CLT-0043,2025-06-17 14:42:30,2268.29,EUR,Retrait,Russie,False
TXN-003869,CLT-0046,2025-12-09 14:42:30,2769.29,EUR,Retrait,Russie,False
TXN-003870,CLT-0048,2025-07-17 14:42:30,3747.1,EUR,Virement,Russie,False
TXN-003871,CLT-0056,2025-08-07 14:42:30,2533.27,EUR,Dépôt,France,False
TXN-003872,CLT-0097,2025-11-08 14:42:30,2480.86,EUR,Paiement carte,France,False
TXN-003873,CLT-0092,2025-06-07 14:42:30,2732.75,EUR,Virement,France,False
TXN-003874,CLT-0048,2026-04-04 14:42:30,837.86,EUR,Dépôt,Allemagne,False
TXN-003875,CLT-0074,2025-08-09 14:42:30,1404.67,EUR,Virement,Allemagne,False
TXN-003876,CLT-0032,2026-02-04 14:42:30,792.82,EUR,Retrait,France,False
TXN-003877,CLT-0009,2025-11-11 14:42:30,22596.23,EUR,Virement,France,True
TXN-003878,CLT-0045,2025-11-25 14:42:30,4530.28,EUR,Virement,France,False
TXN-003879,CLT-0037,2025-11-22 14:42:30,3649.63,EUR,Dépôt,France,False
TXN-003880,CLT-0071,2025-08-28 14:42:30,2030.05,EUR,Virement international,Espagne,False
TXN-003881,CLT-0097,2026-02-03 14:42:30,1048.67,EUR,Retrait,Allemagne,False
TXN-003882,CLT-0051,2026-01-07 14:42:30,1479.77,EUR,Retrait,Îles Caïmans,False
TXN-003883,CLT-0045,2026-04-30 14:42:30,78630.58,EUR,Virement international,Allemagne,True
TXN-003884,CLT-0097,2025-12-27 14:42:30,80353.84,EUR,Dépôt,France,True
TXN-003885,CLT-0100,2025-09-28 14:42:30,2903.14,EUR,Dépôt,Îles Caïmans,False
TXN-003886,CLT-0079,2025-07-10 14:42:30,4374.08,EUR,Retrait,France,False
TXN-003887,CLT-0052,2025-09-01 14:42:30,29117.24,EUR,Retrait,France,True
TXN-003888,CLT-0036,2025-11-04 14:42:30,1551.86,EUR,Retrait,France,False
TXN-003889,CLT-0100,2025-07-13 14:42:30,1925.81,EUR,Dépôt,France,False
TXN-003890,CLT-0080,2025-11-19 14:42:30,4509.42,EUR,Virement,France,False
TXN-003891,CLT-0030,2025-05-19 14:42:30,2237.23,EUR,Virement,Russie,False
TXN-003892,CLT-0055,2026-03-09 14:42:30,3615.51,EUR,Dépôt,Russie,False
TXN-003893,CLT-0081,2025-08-26 14:42:30,3342.22,EUR,Paiement carte,Espagne,False
TXN-003894,CLT-0090,2026-03-02 14:42:30,4487.52,EUR,Virement,Îles Caïmans,False
TXN-003895,CLT-0004,2026-01-16 14:42:30,78352.68,EUR,Virement,France,True
TXN-003896,CLT-0041,2025-12-27 14:42:30,4398.0,EUR,Retrait,Espagne,False
TXN-003897,CLT-0009,2026-03-20 14:42:30,22460.73,EUR,Dépôt,Allemagne,True
TXN-003898,CLT-0013,2025-12-02 14:42:30,1779.58,EUR,Dépôt,Allemagne,False
TXN-003899,CLT-0082,2025-07-20 14:42:30,706.47,EUR,Virement,Espagne,False
TXN-003900,CLT-0057,2025-08-22 14:42:30,4208.17,EUR,Paiement carte,Russie,False
TXN-003901,CLT-0017,2025-07-08 14:42:30,1312.03,EUR,Dépôt,Espagne,False
TXN-003902,CLT-0065,2026-03-27 14:42:30,775.09,EUR,Virement international,Allemagne,False
TXN-003903,CLT-0042,2025-06-02 14:42:30,1279.32,EUR,Virement international,France,False
TXN-003904,CLT-0039,2026-05-10 14:42:30,3682.41,EUR,Virement international,Russie,False
TXN-003905,CLT-0049,2025-06-23 14:42:30,2162.8,EUR,Virement international,Allemagne,False
TXN-003906,CLT-0076,2026-02-15 14:42:30,4404.33,EUR,Virement international,Îles Caïmans,False
TXN-003907,CLT-0008,2025-07-01 14:42:30,1796.26,EUR,Retrait,Panama,False
TXN-003908,CLT-0056,2025-12-16 14:42:30,2719.08,EUR,Dépôt,France,False
TXN-003909,CLT-0046,2025-08-29 14:42:30,1674.38,EUR,Virement international,Allemagne,False
TXN-003910,CLT-0090,2025-11-30 14:42:30,2712.01,EUR,Paiement carte,Russie,False
TXN-003911,CLT-0095,2026-05-04 14:42:30,76602.64,EUR,Virement international,Espagne,True
TXN-003912,CLT-0100,2025-07-18 14:42:30,635.39,EUR,Retrait,Panama,False
TXN-003913,CLT-0041,2025-06-21 14:42:30,1091.37,EUR,Dépôt,France,False
TXN-003914,CLT-0021,2025-08-02 14:42:30,1965.03,EUR,Retrait,France,False
TXN-003915,CLT-0069,2026-03-20 14:42:30,53.03,EUR,Retrait,Panama,False
TXN-003916,CLT-0052,2025-06-22 14:42:30,3321.8,EUR,Retrait,Espagne,False
TXN-003917,CLT-0076,2026-02-06 14:42:30,2766.83,EUR,Dépôt,France,False
TXN-003918,CLT-0021,2026-02-16 14:42:30,462.29,EUR,Retrait,Espagne,False
TXN-003919,CLT-0077,2026-02-13 14:42:30,57566.65,EUR,Virement,France,True
TXN-003920,CLT-0022,2025-10-24 14:42:30,3279.07,EUR,Paiement carte,France,False
TXN-003921,CLT-0044,2025-12-30 14:42:30,42669.67,EUR,Virement,Panama,True
TXN-003922,CLT-0037,2025-09-11 14:42:30,933.71,EUR,Virement,France,False
TXN-003923,CLT-0095,2026-04-18 14:42:30,3076.47,EUR,Virement,Allemagne,False
TXN-003924,CLT-0080,2025-08-11 14:42:30,3817.45,EUR,Retrait,France,False
TXN-003925,CLT-0012,2026-03-27 14:42:30,4183.41,EUR,Virement international,Allemagne,False
TXN-003926,CLT-0054,2026-04-20 14:42:30,38.89,EUR,Virement,France,False
TXN-003927,CLT-0052,2025-11-30 14:42:30,3298.79,EUR,Dépôt,Îles Caïmans,False
TXN-003928,CLT-0008,2025-10-11 14:42:30,67602.6,EUR,Paiement carte,Îles Caïmans,True
TXN-003929,CLT-0091,2026-01-22 14:42:30,1960.7,EUR,Virement international,Panama,False
TXN-003930,CLT-0060,2026-01-17 14:42:30,57802.53,EUR,Retrait,Allemagne,True
TXN-003931,CLT-0085,2025-10-08 14:42:30,459.76,EUR,Retrait,Allemagne,False
TXN-003932,CLT-0053,2026-02-01 14:42:30,1035.87,EUR,Virement,France,False
TXN-003933,CLT-0037,2026-01-01 14:42:30,3964.9,EUR,Virement,Îles Caïmans,False
TXN-003934,CLT-0050,2026-03-24 14:42:30,4694.07,EUR,Dépôt,Espagne,False
TXN-003935,CLT-0059,2026-02-02 14:42:30,1445.65,EUR,Retrait,Russie,False
TXN-003936,CLT-0047,2025-08-19 14:42:30,4474.85,EUR,Paiement carte,Îles Caïmans,False
TXN-003937,CLT-0089,2025-10-09 14:42:30,3762.74,EUR,Retrait,Espagne,False
TXN-003938,CLT-0036,2026-04-20 14:42:30,908.5,EUR,Paiement carte,France,False
TXN-003939,CLT-0066,2026-03-23 14:42:30,4293.16,EUR,Virement international,Russie,False
TXN-003940,CLT-0080,2025-09-02 14:42:30,15529.21,EUR,Virement international,Allemagne,True
TXN-003941,CLT-0022,2026-04-22 14:42:30,3489.69,EUR,Dépôt,Allemagne,False
TXN-003942,CLT-0010,2025-12-28 14:42:30,1340.38,EUR,Paiement carte,France,False
TXN-003943,CLT-0026,2025-11-23 14:42:30,1733.3,EUR,Virement international,Îles Caïmans,False
TXN-003944,CLT-0022,2026-05-08 14:42:30,2248.69,EUR,Dépôt,Espagne,False
TXN-003945,CLT-0049,2026-01-18 14:42:30,1854.92,EUR,Retrait,Îles Caïmans,False
TXN-003946,CLT-0060,2025-05-26 14:42:30,216.9,EUR,Retrait,Allemagne,False
TXN-003947,CLT-0009,2025-12-28 14:42:30,3672.37,EUR,Virement,France,False
TXN-003948,CLT-0081,2025-11-22 14:42:30,1143.41,EUR,Dépôt,Russie,False
TXN-003949,CLT-0051,2026-03-28 14:42:30,1346.91,EUR,Dépôt,Allemagne,False
TXN-003950,CLT-0005,2026-05-05 14:42:30,2953.93,EUR,Virement international,Allemagne,False
TXN-003951,CLT-0055,2025-06-03 14:42:30,397.49,EUR,Virement,Espagne,False
TXN-003952,CLT-0095,2025-10-15 14:42:30,3241.24,EUR,Virement,Espagne,False
TXN-003953,CLT-0034,2025-08-19 14:42:30,2530.89,EUR,Dépôt,Allemagne,False
TXN-003954,CLT-0011,2025-11-02 14:42:30,1986.93,EUR,Virement international,Russie,False
TXN-003955,CLT-0054,2025-11-15 14:42:30,4815.46,EUR,Dépôt,Îles Caïmans,False
TXN-003956,CLT-0097,2025-10-27 14:42:30,665.55,EUR,Retrait,Îles Caïmans,False
TXN-003957,CLT-0048,2026-04-09 14:42:30,4047.58,EUR,Dépôt,France,False
TXN-003958,CLT-0074,2025-07-06 14:42:30,4084.22,EUR,Virement,France,False
TXN-003959,CLT-0022,2025-05-22 14:42:30,49357.88,EUR,Virement international,France,True
TXN-003960,CLT-0006,2025-11-23 14:42:30,52981.02,EUR,Paiement carte,Îles Caïmans,True
TXN-003961,CLT-0053,2025-11-08 14:42:30,92937.49,EUR,Paiement carte,France,True
TXN-003962,CLT-0032,2025-05-17 14:42:30,192.16,EUR,Paiement carte,Espagne,False
TXN-003963,CLT-0028,2026-01-08 14:42:30,2964.78,EUR,Virement,Îles Caïmans,False
TXN-003964,CLT-0003,2026-01-25 14:42:30,2205.76,EUR,Paiement carte,Russie,False
TXN-003965,CLT-0071,2026-03-13 14:42:30,4439.44,EUR,Retrait,France,False
TXN-003966,CLT-0074,2025-09-12 14:42:30,2108.94,EUR,Dépôt,France,False
TXN-003967,CLT-0066,2025-09-24 14:42:30,3857.78,EUR,Virement international,Îles Caïmans,False
TXN-003968,CLT-0087,2025-11-26 14:42:30,2516.88,EUR,Virement international,France,False
TXN-003969,CLT-0054,2025-07-24 14:42:30,3759.64,EUR,Retrait,Espagne,False
TXN-003970,CLT-0089,2025-08-23 14:42:30,854.11,EUR,Virement international,Russie,False
TXN-003971,CLT-0082,2025-12-03 14:42:30,130.11,EUR,Dépôt,France,False
TXN-003972,CLT-0018,2025-07-25 14:42:30,3187.64,EUR,Retrait,France,False
TXN-003973,CLT-0072,2025-06-16 14:42:30,302.83,EUR,Paiement carte,France,False
TXN-003974,CLT-0004,2025-09-29 14:42:30,2013.35,EUR,Paiement carte,Îles Caïmans,False
TXN-003975,CLT-0052,2026-04-08 14:42:30,4196.29,EUR,Retrait,France,False
TXN-003976,CLT-0075,2025-07-20 14:42:30,4718.09,EUR,Retrait,France,False
TXN-003977,CLT-0021,2025-08-12 14:42:30,2837.59,EUR,Paiement carte,France,False
TXN-003978,CLT-0099,2025-11-29 14:42:30,2099.21,EUR,Retrait,Allemagne,False
TXN-003979,CLT-0069,2026-05-10 14:42:30,2293.13,EUR,Paiement carte,Espagne,False
TXN-003980,CLT-0038,2025-07-17 14:42:30,866.36,EUR,Retrait,France,False
TXN-003981,CLT-0088,2025-08-12 14:42:30,3480.33,EUR,Retrait,France,False
TXN-003982,CLT-0039,2025-11-27 14:42:30,1194.65,EUR,Virement international,France,False
TXN-003983,CLT-0079,2025-07-28 14:42:30,39214.95,EUR,Paiement carte,Russie,True
TXN-003984,CLT-0009,2026-02-11 14:42:30,41093.18,EUR,Virement international,Panama,True
TXN-003985,CLT-0048,2026-05-12 14:42:30,2201.55,EUR,Dépôt,France,False
TXN-003986,CLT-0066,2025-07-30 14:42:30,1365.06,EUR,Dépôt,Allemagne,False
TXN-003987,CLT-0087,2025-05-23 14:42:30,3489.9,EUR,Virement,Russie,False
TXN-003988,CLT-0065,2025-09-14 14:42:30,567.11,EUR,Virement,Îles Caïmans,False
TXN-003989,CLT-0085,2025-12-26 14:42:30,4769.7,EUR,Retrait,France,False
TXN-003990,CLT-0097,2025-07-21 14:42:30,3229.55,EUR,Virement,France,False
TXN-003991,CLT-0093,2025-07-20 14:42:30,4256.06,EUR,Retrait,France,False
TXN-003992,CLT-0100,2025-09-26 14:42:30,1006.57,EUR,Virement,France,False
TXN-003993,CLT-0053,2026-02-23 14:42:30,4685.21,EUR,Dépôt,France,False
TXN-003994,CLT-0066,2026-04-28 14:42:30,249.14,EUR,Virement international,France,False
TXN-003995,CLT-0059,2026-04-10 14:42:30,4492.29,EUR,Retrait,Îles Caïmans,False
TXN-003996,CLT-0071,2025-10-13 14:42:30,836.37,EUR,Retrait,Espagne,False
TXN-003997,CLT-0097,2025-11-27 14:42:30,4213.81,EUR,Virement,France,False
TXN-003998,CLT-0075,2025-06-10 14:42:30,2586.54,EUR,Dépôt,France,False
TXN-003999,CLT-0012,2025-12-23 14:42:30,2339.96,EUR,Virement,Îles Caïmans,False
TXN-004000,CLT-0088,2025-07-14 14:42:30,2120.68,EUR,Virement,Îles Caïmans,False
TXN-004001,CLT-0052,2025-09-14 14:42:30,865.74,EUR,Paiement carte,France,False
TXN-004002,CLT-0003,2026-03-06 14:42:30,10879.14,EUR,Retrait,France,True
TXN-004003,CLT-0054,2026-02-13 14:42:30,3181.66,EUR,Retrait,Espagne,False
TXN-004004,CLT-0049,2025-07-13 14:42:30,1099.53,EUR,Retrait,Espagne,False
TXN-004005,CLT-0001,2025-09-07 14:42:30,2614.38,EUR,Virement,France,False
TXN-004006,CLT-0085,2025-06-09 14:42:30,72934.94,EUR,Retrait,Espagne,True
TXN-004007,CLT-0053,2026-01-23 14:42:30,4385.76,EUR,Virement international,France,False
TXN-004008,CLT-0029,2026-02-23 14:42:30,4694.55,EUR,Paiement carte,Panama,False
TXN-004009,CLT-0073,2025-12-28 14:42:30,921.37,EUR,Paiement carte,Îles Caïmans,False
TXN-004010,CLT-0032,2026-04-13 14:42:30,4634.96,EUR,Virement international,Îles Caïmans,False
TXN-004011,CLT-0097,2026-03-07 14:42:30,2249.81,EUR,Dépôt,Allemagne,False
TXN-004012,CLT-0040,2025-05-25 14:42:30,673.46,EUR,Virement,Panama,False
TXN-004013,CLT-0033,2025-10-08 14:42:30,3495.02,EUR,Virement international,France,False
TXN-004014,CLT-0100,2025-11-06 14:42:30,4077.61,EUR,Dépôt,France,False
TXN-004015,CLT-0035,2025-05-19 14:42:30,4369.78,EUR,Virement international,France,False
TXN-004016,CLT-0058,2025-07-26 14:42:30,84062.21,EUR,Paiement carte,Allemagne,True
TXN-004017,CLT-0052,2025-05-14 14:42:30,1389.46,EUR,Paiement carte,France,False
TXN-004018,CLT-0055,2026-01-15 14:42:30,4804.04,EUR,Virement,Îles Caïmans,False
TXN-004019,CLT-0068,2025-06-28 14:42:30,2323.33,EUR,Paiement carte,Espagne,False
TXN-004020,CLT-0040,2025-07-20 14:42:30,655.45,EUR,Virement international,Russie,False
TXN-004021,CLT-0023,2025-06-06 14:42:30,4278.04,EUR,Retrait,France,False
TXN-004022,CLT-0050,2025-08-18 14:42:30,938.12,EUR,Retrait,France,False
TXN-004023,CLT-0002,2026-03-09 14:42:30,2822.74,EUR,Paiement carte,Îles Caïmans,False
TXN-004024,CLT-0075,2025-07-26 14:42:30,4832.83,EUR,Paiement carte,France,False
TXN-004025,CLT-0076,2025-07-05 14:42:30,1730.32,EUR,Virement international,France,False
TXN-004026,CLT-0032,2025-08-06 14:42:30,3688.81,EUR,Retrait,Panama,False
TXN-004027,CLT-0072,2025-10-21 14:42:30,3676.67,EUR,Virement international,Russie,False
TXN-004028,CLT-0048,2026-02-07 14:42:30,2260.19,EUR,Paiement carte,France,False
TXN-004029,CLT-0023,2025-08-18 14:42:30,1242.82,EUR,Virement,Espagne,False
TXN-004030,CLT-0042,2026-03-26 14:42:30,4067.36,EUR,Retrait,Allemagne,False
TXN-004031,CLT-0017,2026-02-23 14:42:30,3001.46,EUR,Paiement carte,France,False
TXN-004032,CLT-0039,2025-12-16 14:42:30,86022.02,EUR,Virement,Russie,True
TXN-004033,CLT-0093,2025-07-02 14:42:30,742.5,EUR,Virement,Espagne,False
TXN-004034,CLT-0037,2026-04-26 14:42:30,3310.06,EUR,Virement international,France,False
TXN-004035,CLT-0067,2026-01-29 14:42:30,599.86,EUR,Virement international,Russie,False
TXN-004036,CLT-0061,2025-08-08 14:42:30,4506.66,EUR,Retrait,France,False
TXN-004037,CLT-0042,2025-06-18 14:42:30,2705.33,EUR,Paiement carte,Espagne,False
TXN-004038,CLT-0018,2025-05-21 14:42:30,3931.66,EUR,Dépôt,France,False
TXN-004039,CLT-0020,2025-06-15 14:42:30,4848.41,EUR,Virement,France,False
TXN-004040,CLT-0073,2026-04-28 14:42:30,4159.94,EUR,Paiement carte,Îles Caïmans,False
TXN-004041,CLT-0080,2026-03-22 14:42:30,4712.62,EUR,Dépôt,Îles Caïmans,False
TXN-004042,CLT-0005,2025-08-07 14:42:30,89579.26,EUR,Dépôt,Îles Caïmans,True
TXN-004043,CLT-0061,2026-03-31 14:42:30,4397.94,EUR,Dépôt,Allemagne,False
TXN-004044,CLT-0053,2025-07-02 14:42:30,23.86,EUR,Paiement carte,France,False
TXN-004045,CLT-0062,2025-11-24 14:42:30,2158.76,EUR,Retrait,Espagne,False
TXN-004046,CLT-0040,2026-01-07 14:42:30,43.57,EUR,Paiement carte,Espagne,False
TXN-004047,CLT-0010,2026-01-18 14:42:30,22212.91,EUR,Retrait,Russie,True
TXN-004048,CLT-0013,2025-10-18 14:42:30,1585.59,EUR,Virement,France,False
TXN-004049,CLT-0022,2025-06-19 14:42:30,2484.38,EUR,Virement,Russie,False
TXN-004050,CLT-0054,2026-01-18 14:42:30,1754.56,EUR,Virement,France,False
TXN-004051,CLT-0080,2025-11-24 14:42:30,741.6,EUR,Virement international,France,False
TXN-004052,CLT-0027,2026-02-03 14:42:30,2583.03,EUR,Paiement carte,France,False
TXN-004053,CLT-0040,2025-12-14 14:42:30,3661.49,EUR,Dépôt,Russie,False
TXN-004054,CLT-0064,2025-12-26 14:42:30,3048.58,EUR,Paiement carte,France,False
TXN-004055,CLT-0017,2025-10-13 14:42:30,4794.26,EUR,Retrait,Panama,False
TXN-004056,CLT-0089,2026-05-11 14:42:30,4615.79,EUR,Paiement carte,Îles Caïmans,False
TXN-004057,CLT-0010,2025-07-06 14:42:30,3889.19,EUR,Paiement carte,France,False
TXN-004058,CLT-0012,2025-11-12 14:42:30,3443.43,EUR,Paiement carte,Allemagne,False
TXN-004059,CLT-0076,2025-08-11 14:42:30,840.63,EUR,Dépôt,France,False
TXN-004060,CLT-0005,2026-01-03 14:42:30,1923.8,EUR,Virement international,France,False
TXN-004061,CLT-0045,2026-05-13 14:42:30,1776.55,EUR,Dépôt,France,False
TXN-004062,CLT-0058,2025-11-30 14:42:30,4040.72,EUR,Dépôt,Espagne,False
TXN-004063,CLT-0047,2025-06-05 14:42:30,3099.58,EUR,Retrait,France,False
TXN-004064,CLT-0061,2025-09-04 14:42:30,243.99,EUR,Virement,France,False
TXN-004065,CLT-0092,2026-05-07 14:42:30,2943.28,EUR,Dépôt,Panama,False
TXN-004066,CLT-0003,2025-12-23 14:42:30,594.98,EUR,Retrait,France,False
TXN-004067,CLT-0088,2026-05-01 14:42:30,4023.32,EUR,Retrait,Îles Caïmans,False
TXN-004068,CLT-0031,2026-04-23 14:42:30,809.99,EUR,Virement international,Panama,False
TXN-004069,CLT-0088,2025-10-21 14:42:30,2724.5,EUR,Dépôt,France,False
TXN-004070,CLT-0020,2026-05-07 14:42:30,2675.55,EUR,Paiement carte,Panama,False
TXN-004071,CLT-0049,2026-03-28 14:42:30,3492.09,EUR,Dépôt,Îles Caïmans,False
TXN-004072,CLT-0093,2026-01-29 14:42:30,1041.17,EUR,Retrait,Panama,False
TXN-004073,CLT-0025,2026-04-15 14:42:30,669.43,EUR,Virement international,Russie,False
TXN-004074,CLT-0065,2025-08-29 14:42:30,4251.52,EUR,Virement,Îles Caïmans,False
TXN-004075,CLT-0072,2025-07-08 14:42:30,2532.89,EUR,Paiement carte,France,False
TXN-004076,CLT-0092,2025-05-31 14:42:30,214.72,EUR,Virement,France,False
TXN-004077,CLT-0081,2025-05-24 14:42:30,3617.2,EUR,Dépôt,Allemagne,False
TXN-004078,CLT-0050,2026-02-28 14:42:30,25373.22,EUR,Paiement carte,France,True
TXN-004079,CLT-0044,2025-08-03 14:42:30,54728.91,EUR,Virement international,France,True
TXN-004080,CLT-0024,2026-01-10 14:42:30,4003.71,EUR,Virement,France,False
TXN-004081,CLT-0059,2025-12-13 14:42:30,2022.36,EUR,Retrait,France,False
TXN-004082,CLT-0087,2025-09-15 14:42:30,27652.46,EUR,Virement,Russie,True
TXN-004083,CLT-0036,2025-05-14 14:42:30,1370.46,EUR,Dépôt,Russie,False
TXN-004084,CLT-0069,2026-04-14 14:42:30,4793.31,EUR,Retrait,Allemagne,False
TXN-004085,CLT-0050,2025-12-16 14:42:30,73312.21,EUR,Virement,Panama,True
TXN-004086,CLT-0063,2025-10-10 14:42:30,2887.13,EUR,Paiement carte,Îles Caïmans,False
TXN-004087,CLT-0042,2026-01-06 14:42:30,43447.73,EUR,Virement international,Îles Caïmans,True
TXN-004088,CLT-0018,2026-05-07 14:42:30,1822.88,EUR,Paiement carte,France,False
TXN-004089,CLT-0048,2026-03-08 14:42:30,1513.02,EUR,Paiement carte,Russie,False
TXN-004090,CLT-0052,2025-08-22 14:42:30,86895.91,EUR,Virement,Panama,True
TXN-004091,CLT-0006,2026-01-12 14:42:30,268.65,EUR,Paiement carte,Îles Caïmans,False
TXN-004092,CLT-0006,2025-11-05 14:42:30,4147.88,EUR,Retrait,France,False
TXN-004093,CLT-0080,2026-05-09 14:42:30,2150.38,EUR,Virement international,France,False
TXN-004094,CLT-0076,2026-04-21 14:42:30,26822.94,EUR,Virement,France,True
TXN-004095,CLT-0004,2025-06-20 14:42:30,72447.85,EUR,Retrait,Panama,True
TXN-004096,CLT-0021,2025-11-21 14:42:30,60922.97,EUR,Retrait,Russie,True
TXN-004097,CLT-0077,2025-05-22 14:42:30,2846.43,EUR,Dépôt,Allemagne,False
TXN-004098,CLT-0051,2026-02-07 14:42:30,2876.65,EUR,Virement,France,False
TXN-004099,CLT-0018,2026-04-21 14:42:30,2671.9,EUR,Paiement carte,Panama,False
TXN-004100,CLT-0085,2025-12-13 14:42:30,4738.14,EUR,Dépôt,Espagne,False
TXN-004101,CLT-0018,2025-07-15 14:42:30,4907.6,EUR,Virement,Panama,False
TXN-004102,CLT-0037,2025-07-08 14:42:30,2788.62,EUR,Dépôt,Panama,False
TXN-004103,CLT-0003,2025-08-01 14:42:30,461.91,EUR,Virement international,France,False
TXN-004104,CLT-0081,2025-11-16 14:42:30,2980.26,EUR,Dépôt,Allemagne,False
TXN-004105,CLT-0098,2025-12-20 14:42:30,4196.45,EUR,Dépôt,Îles Caïmans,False
TXN-004106,CLT-0077,2026-02-17 14:42:30,792.93,EUR,Dépôt,France,False
TXN-004107,CLT-0041,2026-04-17 14:42:30,61638.2,EUR,Paiement carte,Îles Caïmans,True
TXN-004108,CLT-0014,2025-10-16 14:42:30,92347.15,EUR,Paiement carte,France,True
TXN-004109,CLT-0002,2025-09-26 14:42:30,2121.06,EUR,Dépôt,Russie,False
TXN-004110,CLT-0052,2025-10-10 14:42:30,779.77,EUR,Virement,France,False
TXN-004111,CLT-0047,2026-04-11 14:42:30,4000.89,EUR,Virement international,Panama,False
TXN-004112,CLT-0088,2026-02-01 14:42:30,40577.92,EUR,Virement,France,True
TXN-004113,CLT-0012,2025-06-22 14:42:30,3400.16,EUR,Paiement carte,Russie,False
TXN-004114,CLT-0045,2026-04-16 14:42:30,1587.01,EUR,Virement international,Russie,False
TXN-004115,CLT-0033,2026-02-11 14:42:30,1873.36,EUR,Dépôt,France,False
TXN-004116,CLT-0057,2025-12-07 14:42:30,2957.75,EUR,Virement international,Espagne,False
TXN-004117,CLT-0094,2025-12-29 14:42:30,40657.73,EUR,Dépôt,Allemagne,True
TXN-004118,CLT-0060,2025-05-23 14:42:30,78613.59,EUR,Virement international,France,True
TXN-004119,CLT-0095,2025-07-24 14:42:30,2306.57,EUR,Virement,Îles Caïmans,False
TXN-004120,CLT-0092,2025-12-11 14:42:30,3720.54,EUR,Paiement carte,Allemagne,False
TXN-004121,CLT-0071,2026-03-11 14:42:30,1947.83,EUR,Retrait,Allemagne,False
TXN-004122,CLT-0034,2025-09-02 14:42:30,3570.28,EUR,Virement international,Russie,False
TXN-004123,CLT-0088,2025-11-03 14:42:30,4774.68,EUR,Paiement carte,France,False
TXN-004124,CLT-0062,2025-05-23 14:42:30,4853.14,EUR,Paiement carte,France,False
TXN-004125,CLT-0083,2026-05-10 14:42:30,1229.36,EUR,Virement,France,False
TXN-004126,CLT-0063,2025-10-04 14:42:30,3021.32,EUR,Retrait,Allemagne,False
TXN-004127,CLT-0091,2025-05-25 14:42:30,4088.72,EUR,Virement international,Russie,False
TXN-004128,CLT-0073,2026-01-26 14:42:30,3416.24,EUR,Paiement carte,Espagne,False
TXN-004129,CLT-0018,2025-07-30 14:42:30,938.36,EUR,Dépôt,Allemagne,False
TXN-004130,CLT-0049,2025-09-20 14:42:30,4079.23,EUR,Virement international,France,False
TXN-004131,CLT-0080,2026-01-12 14:42:30,2202.09,EUR,Retrait,Allemagne,False
TXN-004132,CLT-0019,2025-06-14 14:42:30,4338.66,EUR,Virement,France,False
TXN-004133,CLT-0013,2025-07-23 14:42:30,919.98,EUR,Dépôt,France,False
TXN-004134,CLT-0098,2026-01-17 14:42:30,61665.72,EUR,Retrait,Espagne,True
TXN-004135,CLT-0064,2025-12-12 14:42:30,1069.96,EUR,Virement,France,False
TXN-004136,CLT-0062,2025-06-03 14:42:30,55.37,EUR,Dépôt,Panama,False
TXN-004137,CLT-0089,2025-12-27 14:42:30,1648.0,EUR,Dépôt,France,False
TXN-004138,CLT-0042,2025-09-29 14:42:30,297.32,EUR,Paiement carte,France,False
TXN-004139,CLT-0004,2026-03-11 14:42:30,4797.4,EUR,Virement,Îles Caïmans,False
TXN-004140,CLT-0087,2026-01-24 14:42:30,4923.56,EUR,Retrait,France,False
TXN-004141,CLT-0093,2025-06-27 14:42:30,2168.15,EUR,Retrait,France,False
TXN-004142,CLT-0027,2026-01-22 14:42:30,2342.52,EUR,Virement,Îles Caïmans,False
TXN-004143,CLT-0051,2026-04-26 14:42:30,2536.1,EUR,Paiement carte,Espagne,False
TXN-004144,CLT-0001,2025-09-29 14:42:30,151.1,EUR,Retrait,Panama,False
TXN-004145,CLT-0043,2026-04-26 14:42:30,40925.34,EUR,Virement international,Panama,True
TXN-004146,CLT-0018,2025-12-09 14:42:30,2522.08,EUR,Dépôt,France,False
TXN-004147,CLT-0091,2025-09-13 14:42:30,197.59,EUR,Dépôt,France,False
TXN-004148,CLT-0087,2026-05-04 14:42:30,51157.13,EUR,Paiement carte,Russie,True
TXN-004149,CLT-0055,2026-02-17 14:42:30,1840.45,EUR,Paiement carte,Îles Caïmans,False
TXN-004150,CLT-0056,2026-05-12 14:42:30,57518.19,EUR,Retrait,France,True
TXN-004151,CLT-0025,2025-10-18 14:42:30,1233.1,EUR,Virement international,Panama,False
TXN-004152,CLT-0034,2025-10-19 14:42:30,3971.36,EUR,Paiement carte,France,False
TXN-004153,CLT-0077,2025-12-03 14:42:30,2244.61,EUR,Paiement carte,Allemagne,False
TXN-004154,CLT-0090,2025-07-17 14:42:30,88502.1,EUR,Virement international,Russie,True
TXN-004155,CLT-0036,2025-05-16 14:42:30,4194.83,EUR,Virement international,France,False
TXN-004156,CLT-0055,2025-08-27 14:42:30,4570.34,EUR,Virement,Panama,False
TXN-004157,CLT-0077,2025-12-20 14:42:30,80.89,EUR,Retrait,France,False
TXN-004158,CLT-0038,2025-10-02 14:42:30,3877.64,EUR,Retrait,France,False
TXN-004159,CLT-0033,2025-07-15 14:42:30,27351.56,EUR,Paiement carte,France,True
TXN-004160,CLT-0075,2025-08-06 14:42:30,21654.52,EUR,Virement international,France,True
TXN-004161,CLT-0079,2025-11-26 14:42:30,4552.05,EUR,Dépôt,Panama,False
TXN-004162,CLT-0010,2025-05-20 14:42:30,91.26,EUR,Retrait,Russie,False
TXN-004163,CLT-0018,2026-02-19 14:42:30,3498.07,EUR,Retrait,Espagne,False
TXN-004164,CLT-0021,2025-06-21 14:42:30,1507.85,EUR,Dépôt,Îles Caïmans,False
TXN-004165,CLT-0063,2025-05-22 14:42:30,3735.15,EUR,Virement,France,False
TXN-004166,CLT-0068,2025-09-25 14:42:30,652.55,EUR,Virement international,Russie,False
TXN-004167,CLT-0009,2025-12-16 14:42:30,65182.01,EUR,Paiement carte,France,True
TXN-004168,CLT-0090,2026-01-31 14:42:30,394.4,EUR,Dépôt,Panama,False
TXN-004169,CLT-0077,2025-07-23 14:42:30,2343.02,EUR,Virement international,Espagne,False
TXN-004170,CLT-0066,2025-11-28 14:42:30,3767.66,EUR,Paiement carte,Russie,False
TXN-004171,CLT-0025,2025-10-27 14:42:30,2841.17,EUR,Virement international,Allemagne,False
TXN-004172,CLT-0020,2025-09-28 14:42:30,4283.02,EUR,Retrait,Îles Caïmans,False
TXN-004173,CLT-0008,2025-08-08 14:42:30,262.97,EUR,Virement international,France,False
TXN-004174,CLT-0001,2026-03-07 14:42:30,1927.11,EUR,Virement,Îles Caïmans,False
TXN-004175,CLT-0088,2025-09-25 14:42:30,4505.33,EUR,Virement international,Îles Caïmans,False
TXN-004176,CLT-0067,2025-06-07 14:42:30,1659.41,EUR,Paiement carte,Panama,False
TXN-004177,CLT-0046,2025-09-03 14:42:30,3795.66,EUR,Virement,France,False
TXN-004178,CLT-0001,2026-05-11 14:42:30,2160.46,EUR,Virement,Îles Caïmans,False
TXN-004179,CLT-0068,2025-10-13 14:42:30,1694.52,EUR,Retrait,Espagne,False
TXN-004180,CLT-0049,2025-10-13 14:42:30,1793.49,EUR,Dépôt,Espagne,False
TXN-004181,CLT-0039,2026-01-02 14:42:30,777.99,EUR,Dépôt,France,False
TXN-004182,CLT-0038,2025-09-14 14:42:30,2947.75,EUR,Virement,France,False
TXN-004183,CLT-0068,2026-01-30 14:42:30,4167.61,EUR,Paiement carte,Îles Caïmans,False
TXN-004184,CLT-0061,2025-12-02 14:42:30,75471.24,EUR,Virement,France,True
TXN-004185,CLT-0025,2025-10-16 14:42:30,4792.07,EUR,Virement,Espagne,False
TXN-004186,CLT-0066,2026-01-25 14:42:30,1346.23,EUR,Paiement carte,France,False
TXN-004187,CLT-0094,2025-11-24 14:42:30,3988.59,EUR,Virement,Allemagne,False
TXN-004188,CLT-0096,2025-12-22 14:42:30,60958.06,EUR,Virement,Allemagne,True
TXN-004189,CLT-0099,2025-07-19 14:42:30,2896.15,EUR,Paiement carte,France,False
TXN-004190,CLT-0074,2025-09-07 14:42:30,2383.4,EUR,Paiement carte,France,False
TXN-004191,CLT-0072,2026-02-24 14:42:30,1689.81,EUR,Dépôt,France,False
TXN-004192,CLT-0068,2025-12-26 14:42:30,1952.31,EUR,Virement,Espagne,False
TXN-004193,CLT-0046,2026-01-29 14:42:30,220.76,EUR,Paiement carte,Russie,False
TXN-004194,CLT-0074,2026-05-06 14:42:30,2552.1,EUR,Dépôt,Russie,False
TXN-004195,CLT-0033,2025-07-24 14:42:30,4767.17,EUR,Virement,Panama,False
TXN-004196,CLT-0006,2025-08-06 14:42:30,3143.41,EUR,Retrait,Îles Caïmans,False
TXN-004197,CLT-0035,2026-01-05 14:42:30,70398.75,EUR,Retrait,France,True
TXN-004198,CLT-0068,2025-11-13 14:42:30,4847.54,EUR,Virement international,France,False
TXN-004199,CLT-0060,2026-05-05 14:42:30,1409.03,EUR,Retrait,Espagne,False
TXN-004200,CLT-0096,2025-07-29 14:42:30,1144.51,EUR,Paiement carte,Russie,False
TXN-004201,CLT-0047,2025-09-20 14:42:30,2667.63,EUR,Virement international,Panama,False
TXN-004202,CLT-0009,2025-12-06 14:42:30,577.26,EUR,Virement international,Îles Caïmans,False
TXN-004203,CLT-0067,2025-05-27 14:42:30,4967.21,EUR,Retrait,Allemagne,False
TXN-004204,CLT-0078,2026-03-08 14:42:30,53412.45,EUR,Dépôt,Îles Caïmans,True
TXN-004205,CLT-0014,2025-12-23 14:42:30,4031.84,EUR,Virement international,Îles Caïmans,False
TXN-004206,CLT-0022,2026-01-21 14:42:30,3237.05,EUR,Paiement carte,France,False
TXN-004207,CLT-0049,2025-08-06 14:42:30,1809.37,EUR,Virement international,Espagne,False
TXN-004208,CLT-0038,2025-09-09 14:42:30,2105.75,EUR,Virement international,Allemagne,False
TXN-004209,CLT-0090,2026-02-04 14:42:30,93450.54,EUR,Virement,Îles Caïmans,True
TXN-004210,CLT-0085,2026-01-24 14:42:30,4218.69,EUR,Virement,Panama,False
TXN-004211,CLT-0060,2026-03-28 14:42:30,78640.84,EUR,Virement international,France,True
TXN-004212,CLT-0047,2025-10-30 14:42:30,741.94,EUR,Dépôt,Espagne,False
TXN-004213,CLT-0054,2026-05-02 14:42:30,2748.31,EUR,Retrait,Allemagne,False
TXN-004214,CLT-0084,2026-01-21 14:42:30,71069.15,EUR,Paiement carte,France,True
TXN-004215,CLT-0004,2025-07-21 14:42:30,2517.91,EUR,Retrait,France,False
TXN-004216,CLT-0008,2025-07-24 14:42:30,3399.76,EUR,Virement,Îles Caïmans,False
TXN-004217,CLT-0070,2025-05-13 14:42:30,1370.94,EUR,Paiement carte,France,False
TXN-004218,CLT-0058,2025-09-17 14:42:30,2765.42,EUR,Virement international,Panama,False
TXN-004219,CLT-0054,2025-09-28 14:42:30,362.3,EUR,Paiement carte,Panama,False
TXN-004220,CLT-0070,2026-04-04 14:42:30,2970.81,EUR,Virement international,France,False
TXN-004221,CLT-0066,2025-09-19 14:42:30,3747.25,EUR,Virement,Panama,False
TXN-004222,CLT-0008,2025-07-09 14:42:30,1608.82,EUR,Virement international,Espagne,False
TXN-004223,CLT-0081,2025-05-14 14:42:30,4937.96,EUR,Paiement carte,France,False
TXN-004224,CLT-0034,2025-08-28 14:42:30,2754.14,EUR,Virement international,Russie,False
TXN-004225,CLT-0003,2026-02-23 14:42:30,2630.37,EUR,Paiement carte,Îles Caïmans,False
TXN-004226,CLT-0088,2025-10-21 14:42:30,28688.19,EUR,Virement,France,True
TXN-004227,CLT-0078,2025-06-06 14:42:30,62948.91,EUR,Virement,Panama,True
TXN-004228,CLT-0013,2025-08-07 14:42:30,2740.44,EUR,Retrait,Îles Caïmans,False
TXN-004229,CLT-0066,2026-03-24 14:42:30,3922.85,EUR,Retrait,France,False
TXN-004230,CLT-0050,2025-10-20 14:42:30,2447.39,EUR,Virement international,France,False
TXN-004231,CLT-0017,2025-07-17 14:42:30,244.91,EUR,Retrait,Russie,False
TXN-004232,CLT-0050,2026-03-01 14:42:30,2951.5,EUR,Virement international,Allemagne,False
TXN-004233,CLT-0085,2025-08-25 14:42:30,4527.39,EUR,Paiement carte,Espagne,False
TXN-004234,CLT-0032,2026-04-20 14:42:30,2276.07,EUR,Dépôt,France,False
TXN-004235,CLT-0079,2025-08-25 14:42:30,1646.24,EUR,Paiement carte,Allemagne,False
TXN-004236,CLT-0089,2025-11-13 14:42:30,963.13,EUR,Paiement carte,France,False
TXN-004237,CLT-0099,2026-03-23 14:42:30,2216.87,EUR,Retrait,Allemagne,False
TXN-004238,CLT-0006,2025-06-24 14:42:30,36646.46,EUR,Dépôt,Russie,True
TXN-004239,CLT-0083,2026-03-09 14:42:30,173.35,EUR,Virement,Russie,False
TXN-004240,CLT-0067,2026-01-20 14:42:30,3380.75,EUR,Dépôt,Espagne,False
TXN-004241,CLT-0069,2025-08-26 14:42:30,1562.79,EUR,Retrait,France,False
TXN-004242,CLT-0062,2025-12-07 14:42:30,1563.7,EUR,Virement,France,False
TXN-004243,CLT-0042,2025-06-16 14:42:30,4681.68,EUR,Virement,Allemagne,False
TXN-004244,CLT-0042,2026-03-16 14:42:30,4952.5,EUR,Paiement carte,France,False
TXN-004245,CLT-0058,2025-10-01 14:42:30,2918.07,EUR,Virement international,Russie,False
TXN-004246,CLT-0030,2026-03-02 14:42:30,4369.81,EUR,Dépôt,Espagne,False
TXN-004247,CLT-0053,2025-12-30 14:42:30,2566.77,EUR,Paiement carte,Espagne,False
TXN-004248,CLT-0099,2026-01-15 14:42:30,74231.58,EUR,Paiement carte,Îles Caïmans,True
TXN-004249,CLT-0056,2026-04-10 14:42:30,4073.87,EUR,Retrait,France,False
TXN-004250,CLT-0065,2025-08-31 14:42:30,2404.03,EUR,Retrait,France,False
TXN-004251,CLT-0058,2025-11-07 14:42:30,4725.07,EUR,Retrait,France,False
TXN-004252,CLT-0051,2025-08-26 14:42:30,1175.27,EUR,Virement international,Allemagne,False
TXN-004253,CLT-0043,2026-03-29 14:42:30,692.16,EUR,Virement international,Panama,False
TXN-004254,CLT-0021,2025-06-19 14:42:30,3312.83,EUR,Retrait,Allemagne,False
TXN-004255,CLT-0009,2025-11-04 14:42:30,461.45,EUR,Virement international,Panama,False
TXN-004256,CLT-0075,2026-01-07 14:42:30,1278.9,EUR,Paiement carte,Îles Caïmans,False
TXN-004257,CLT-0039,2026-01-27 14:42:30,48591.05,EUR,Dépôt,Îles Caïmans,True
TXN-004258,CLT-0023,2025-10-26 14:42:30,3548.0,EUR,Virement,Panama,False
TXN-004259,CLT-0037,2025-08-08 14:42:30,2865.79,EUR,Virement,Russie,False
TXN-004260,CLT-0015,2025-07-05 14:42:30,4660.14,EUR,Paiement carte,France,False
TXN-004261,CLT-0022,2026-02-20 14:42:30,1689.98,EUR,Virement,France,False
TXN-004262,CLT-0037,2025-06-17 14:42:30,2763.54,EUR,Virement,Allemagne,False
TXN-004263,CLT-0086,2025-12-24 14:42:30,1506.26,EUR,Paiement carte,Îles Caïmans,False
TXN-004264,CLT-0033,2025-07-15 14:42:30,302.28,EUR,Virement international,Allemagne,False
TXN-004265,CLT-0004,2025-12-17 14:42:30,4056.2,EUR,Retrait,France,False
TXN-004266,CLT-0031,2025-06-21 14:42:30,1450.19,EUR,Retrait,France,False
TXN-004267,CLT-0045,2025-06-23 14:42:30,2129.51,EUR,Virement,Îles Caïmans,False
TXN-004268,CLT-0025,2025-08-01 14:42:30,943.95,EUR,Paiement carte,Îles Caïmans,False
TXN-004269,CLT-0054,2025-11-01 14:42:30,624.34,EUR,Paiement carte,Îles Caïmans,False
TXN-004270,CLT-0096,2025-12-04 14:42:30,17.46,EUR,Paiement carte,Allemagne,False
TXN-004271,CLT-0018,2026-04-27 14:42:30,4058.43,EUR,Retrait,France,False
TXN-004272,CLT-0079,2025-12-27 14:42:30,4894.45,EUR,Virement international,France,False
TXN-004273,CLT-0055,2025-10-01 14:42:30,94005.39,EUR,Virement international,Allemagne,True
TXN-004274,CLT-0095,2025-07-01 14:42:30,2446.23,EUR,Virement,France,False
TXN-004275,CLT-0042,2026-04-07 14:42:30,2267.17,EUR,Retrait,Espagne,False
TXN-004276,CLT-0038,2025-12-24 14:42:30,2023.99,EUR,Virement,France,False
TXN-004277,CLT-0009,2025-11-15 14:42:30,3886.55,EUR,Paiement carte,Espagne,False
TXN-004278,CLT-0040,2025-10-03 14:42:30,4540.75,EUR,Retrait,Îles Caïmans,False
TXN-004279,CLT-0032,2025-10-29 14:42:30,559.12,EUR,Paiement carte,France,False
TXN-004280,CLT-0097,2025-07-18 14:42:30,341.76,EUR,Dépôt,Îles Caïmans,False
TXN-004281,CLT-0075,2025-11-12 14:42:30,3172.19,EUR,Retrait,France,False
TXN-004282,CLT-0012,2025-12-30 14:42:30,2198.97,EUR,Dépôt,France,False
TXN-004283,CLT-0042,2025-08-06 14:42:30,88674.58,EUR,Virement,France,True
TXN-004284,CLT-0094,2026-04-11 14:42:30,1679.27,EUR,Retrait,Espagne,False
TXN-004285,CLT-0071,2026-01-03 14:42:30,4627.54,EUR,Paiement carte,Russie,False
TXN-004286,CLT-0030,2025-08-12 14:42:30,54409.72,EUR,Virement international,France,True
TXN-004287,CLT-0009,2026-01-14 14:42:30,3777.59,EUR,Dépôt,Panama,False
TXN-004288,CLT-0011,2025-05-22 14:42:30,3658.76,EUR,Dépôt,Russie,False
TXN-004289,CLT-0046,2026-02-26 14:42:30,4149.0,EUR,Virement,France,False
TXN-004290,CLT-0068,2025-09-21 14:42:30,3910.52,EUR,Virement international,Russie,False
TXN-004291,CLT-0018,2026-04-11 14:42:30,1590.91,EUR,Virement,Espagne,False
TXN-004292,CLT-0057,2026-01-09 14:42:30,36034.07,EUR,Paiement carte,Îles Caïmans,True
TXN-004293,CLT-0090,2026-04-17 14:42:30,2574.03,EUR,Virement international,Panama,False
TXN-004294,CLT-0069,2025-05-22 14:42:30,308.27,EUR,Paiement carte,Allemagne,False
TXN-004295,CLT-0042,2026-03-31 14:42:30,25933.35,EUR,Virement,France,True
TXN-004296,CLT-0053,2025-08-13 14:42:30,2171.34,EUR,Retrait,France,False
TXN-004297,CLT-0010,2025-08-06 14:42:30,83.76,EUR,Virement international,Russie,False
TXN-004298,CLT-0081,2025-10-18 14:42:30,61517.13,EUR,Virement international,Panama,True
TXN-004299,CLT-0007,2025-09-23 14:42:30,653.08,EUR,Paiement carte,France,False
TXN-004300,CLT-0085,2025-07-21 14:42:30,45219.8,EUR,Retrait,Allemagne,True
TXN-004301,CLT-0034,2025-11-04 14:42:30,3610.22,EUR,Retrait,Allemagne,False
TXN-004302,CLT-0025,2026-02-08 14:42:30,10891.91,EUR,Virement,France,True
TXN-004303,CLT-0083,2025-11-23 14:42:30,2164.37,EUR,Dépôt,France,False
TXN-004304,CLT-0022,2026-03-04 14:42:30,4578.41,EUR,Dépôt,France,False
TXN-004305,CLT-0052,2026-04-30 14:42:30,76578.74,EUR,Paiement carte,Russie,True
TXN-004306,CLT-0041,2026-01-02 14:42:30,35408.23,EUR,Virement international,France,True
TXN-004307,CLT-0055,2025-10-20 14:42:30,93530.04,EUR,Retrait,Allemagne,True
TXN-004308,CLT-0018,2026-03-09 14:42:30,2601.34,EUR,Retrait,Espagne,False
TXN-004309,CLT-0076,2026-01-15 14:42:30,94235.6,EUR,Retrait,France,True
TXN-004310,CLT-0018,2025-11-01 14:42:30,245.49,EUR,Virement,France,False
TXN-004311,CLT-0010,2026-04-20 14:42:30,3698.41,EUR,Virement,Allemagne,False
TXN-004312,CLT-0074,2026-01-19 14:42:30,1540.67,EUR,Virement,Allemagne,False
TXN-004313,CLT-0067,2026-02-10 14:42:30,879.8,EUR,Paiement carte,France,False
TXN-004314,CLT-0033,2025-07-11 14:42:30,800.04,EUR,Dépôt,Îles Caïmans,False
TXN-004315,CLT-0039,2026-01-23 14:42:30,1672.95,EUR,Retrait,Îles Caïmans,False
TXN-004316,CLT-0057,2025-07-05 14:42:30,4022.74,EUR,Paiement carte,France,False
TXN-004317,CLT-0055,2025-10-05 14:42:30,2922.41,EUR,Retrait,Espagne,False
TXN-004318,CLT-0046,2025-07-19 14:42:30,282.0,EUR,Retrait,Îles Caïmans,False
TXN-004319,CLT-0081,2025-09-13 14:42:30,3186.92,EUR,Retrait,Espagne,False
TXN-004320,CLT-0047,2025-06-27 14:42:30,2755.23,EUR,Retrait,Russie,False
TXN-004321,CLT-0043,2026-03-27 14:42:30,1787.49,EUR,Retrait,Îles Caïmans,False
TXN-004322,CLT-0073,2025-11-24 14:42:30,2027.38,EUR,Virement,Espagne,False
TXN-004323,CLT-0048,2026-02-22 14:42:30,4487.16,EUR,Retrait,France,False
TXN-004324,CLT-0014,2025-12-11 14:42:30,2088.61,EUR,Dépôt,Russie,False
TXN-004325,CLT-0052,2026-01-06 14:42:30,1853.67,EUR,Virement international,Panama,False
TXN-004326,CLT-0098,2025-12-26 14:42:30,4392.0,EUR,Paiement carte,Îles Caïmans,False
TXN-004327,CLT-0027,2025-11-21 14:42:30,3337.95,EUR,Virement international,Îles Caïmans,False
TXN-004328,CLT-0071,2025-07-22 14:42:30,63139.76,EUR,Dépôt,Allemagne,True
TXN-004329,CLT-0097,2025-05-16 14:42:30,1020.71,EUR,Paiement carte,Russie,False
TXN-004330,CLT-0044,2026-03-22 14:42:30,762.17,EUR,Paiement carte,France,False
TXN-004331,CLT-0090,2025-06-17 14:42:30,2293.76,EUR,Paiement carte,Allemagne,False
TXN-004332,CLT-0042,2026-01-19 14:42:30,2739.79,EUR,Dépôt,Allemagne,False
TXN-004333,CLT-0043,2025-08-06 14:42:30,1440.23,EUR,Virement international,Îles Caïmans,False
TXN-004334,CLT-0013,2025-10-14 14:42:30,2892.98,EUR,Paiement carte,France,False
TXN-004335,CLT-0031,2025-06-20 14:42:30,2357.24,EUR,Virement international,France,False
TXN-004336,CLT-0087,2026-01-19 14:42:30,1778.88,EUR,Virement international,France,False
TXN-004337,CLT-0084,2025-08-23 14:42:30,86033.54,EUR,Retrait,Russie,True
TXN-004338,CLT-0027,2025-09-01 14:42:30,29301.35,EUR,Paiement carte,France,True
TXN-004339,CLT-0100,2026-02-17 14:42:30,2362.94,EUR,Virement,France,False
TXN-004340,CLT-0071,2025-09-09 14:42:30,3071.59,EUR,Virement,France,False
TXN-004341,CLT-0016,2026-01-27 14:42:30,1382.74,EUR,Retrait,France,False
TXN-004342,CLT-0076,2026-02-02 14:42:30,1997.18,EUR,Dépôt,Russie,False
TXN-004343,CLT-0019,2025-12-22 14:42:30,1623.34,EUR,Virement international,France,False
TXN-004344,CLT-0097,2025-11-18 14:42:30,3515.63,EUR,Paiement carte,Allemagne,False
TXN-004345,CLT-0059,2026-03-19 14:42:30,964.36,EUR,Retrait,Espagne,False
TXN-004346,CLT-0034,2025-07-24 14:42:30,42400.81,EUR,Virement international,France,True
TXN-004347,CLT-0053,2025-06-19 14:42:30,558.09,EUR,Paiement carte,Espagne,False
TXN-004348,CLT-0058,2025-10-16 14:42:30,451.27,EUR,Virement,Îles Caïmans,False
TXN-004349,CLT-0043,2026-01-22 14:42:30,2758.01,EUR,Retrait,France,False
TXN-004350,CLT-0022,2026-03-19 14:42:30,91166.13,EUR,Dépôt,France,True
TXN-004351,CLT-0073,2026-01-07 14:42:30,75518.15,EUR,Virement international,Espagne,True
TXN-004352,CLT-0025,2026-04-02 14:42:30,179.1,EUR,Retrait,Allemagne,False
TXN-004353,CLT-0086,2025-09-12 14:42:30,1366.77,EUR,Paiement carte,Russie,False
TXN-004354,CLT-0036,2025-05-27 14:42:30,1033.54,EUR,Virement international,France,False
TXN-004355,CLT-0089,2025-08-07 14:42:30,4129.37,EUR,Dépôt,France,False
TXN-004356,CLT-0064,2025-10-03 14:42:30,4775.52,EUR,Virement international,Allemagne,False
TXN-004357,CLT-0012,2025-08-08 14:42:30,94475.87,EUR,Virement,Îles Caïmans,True
TXN-004358,CLT-0091,2025-06-12 14:42:30,32614.54,EUR,Virement international,France,True
TXN-004359,CLT-0084,2025-12-05 14:42:30,247.33,EUR,Retrait,France,False
TXN-004360,CLT-0054,2025-10-12 14:42:30,2813.49,EUR,Virement,Îles Caïmans,False
TXN-004361,CLT-0080,2026-04-06 14:42:30,4996.27,EUR,Virement international,France,False
TXN-004362,CLT-0034,2026-01-31 14:42:30,730.45,EUR,Virement international,Panama,False
TXN-004363,CLT-0008,2026-02-23 14:42:30,1313.05,EUR,Retrait,Panama,False
TXN-004364,CLT-0062,2025-05-22 14:42:30,2133.08,EUR,Virement international,France,False
TXN-004365,CLT-0013,2025-07-15 14:42:30,4696.66,EUR,Retrait,Îles Caïmans,False
TXN-004366,CLT-0013,2025-09-09 14:42:30,36181.52,EUR,Virement,Russie,True
TXN-004367,CLT-0013,2025-05-17 14:42:30,84290.74,EUR,Virement international,Espagne,True
TXN-004368,CLT-0039,2026-03-05 14:42:30,4086.4,EUR,Paiement carte,France,False
TXN-004369,CLT-0084,2025-08-02 14:42:30,4664.93,EUR,Virement,Espagne,False
TXN-004370,CLT-0059,2025-08-13 14:42:30,19529.24,EUR,Dépôt,Panama,True
TXN-004371,CLT-0010,2025-05-22 14:42:30,50158.36,EUR,Virement international,Allemagne,True
TXN-004372,CLT-0048,2025-08-25 14:42:30,2387.42,EUR,Paiement carte,Îles Caïmans,False
TXN-004373,CLT-0010,2025-07-08 14:42:30,2149.23,EUR,Retrait,France,False
TXN-004374,CLT-0079,2025-12-10 14:42:30,63432.24,EUR,Virement,Îles Caïmans,True
TXN-004375,CLT-0022,2025-12-18 14:42:30,58250.8,EUR,Retrait,France,True
TXN-004376,CLT-0010,2026-04-19 14:42:30,32704.42,EUR,Retrait,France,True
TXN-004377,CLT-0053,2026-04-17 14:42:30,1096.8,EUR,Virement international,Îles Caïmans,False
TXN-004378,CLT-0053,2026-04-09 14:42:30,935.88,EUR,Virement international,Espagne,False
TXN-004379,CLT-0023,2025-11-29 14:42:30,1692.3,EUR,Paiement carte,Espagne,False
TXN-004380,CLT-0047,2025-06-23 14:42:30,20.06,EUR,Dépôt,Russie,False
TXN-004381,CLT-0060,2025-05-16 14:42:30,334.37,EUR,Virement international,Espagne,False
TXN-004382,CLT-0055,2025-11-11 14:42:30,4575.36,EUR,Paiement carte,Espagne,False
TXN-004383,CLT-0029,2025-07-11 14:42:30,4910.05,EUR,Virement,France,False
TXN-004384,CLT-0090,2025-06-26 14:42:30,2958.33,EUR,Dépôt,Îles Caïmans,False
TXN-004385,CLT-0027,2025-10-20 14:42:30,4696.01,EUR,Dépôt,Panama,False
TXN-004386,CLT-0024,2026-02-28 14:42:30,1488.26,EUR,Paiement carte,France,False
TXN-004387,CLT-0098,2026-03-06 14:42:30,1954.68,EUR,Dépôt,Îles Caïmans,False
TXN-004388,CLT-0061,2026-05-09 14:42:30,1302.36,EUR,Virement,France,False
TXN-004389,CLT-0036,2025-06-13 14:42:30,82734.86,EUR,Virement,Allemagne,True
TXN-004390,CLT-0083,2025-08-26 14:42:30,79201.82,EUR,Paiement carte,France,True
TXN-004391,CLT-0057,2025-08-24 14:42:30,3939.39,EUR,Virement,France,False
TXN-004392,CLT-0053,2025-10-15 14:42:30,63520.92,EUR,Virement international,France,True
TXN-004393,CLT-0063,2026-03-23 14:42:30,4941.49,EUR,Retrait,France,False
TXN-004394,CLT-0065,2026-02-04 14:42:30,43465.01,EUR,Virement,France,True
TXN-004395,CLT-0018,2026-02-20 14:42:30,3965.79,EUR,Retrait,France,False
TXN-004396,CLT-0020,2025-08-02 14:42:30,913.1,EUR,Dépôt,France,False
TXN-004397,CLT-0068,2026-02-23 14:42:30,2360.5,EUR,Retrait,Panama,False
TXN-004398,CLT-0005,2025-12-12 14:42:30,2959.37,EUR,Virement,Espagne,False
TXN-004399,CLT-0035,2025-08-03 14:42:30,71187.22,EUR,Paiement carte,France,True
TXN-004400,CLT-0091,2026-03-22 14:42:30,4450.64,EUR,Virement,Allemagne,False
TXN-004401,CLT-0025,2025-12-04 14:42:30,158.21,EUR,Dépôt,Russie,False
TXN-004402,CLT-0068,2025-06-18 14:42:30,832.01,EUR,Virement international,France,False
TXN-004403,CLT-0038,2025-10-02 14:42:30,48.2,EUR,Virement,Panama,False
TXN-004404,CLT-0077,2026-04-23 14:42:30,2787.06,EUR,Paiement carte,Allemagne,False
TXN-004405,CLT-0010,2026-05-05 14:42:30,88617.18,EUR,Virement,Espagne,True
TXN-004406,CLT-0043,2025-05-14 14:42:30,33029.76,EUR,Retrait,Espagne,True
TXN-004407,CLT-0098,2026-03-10 14:42:30,36963.72,EUR,Virement international,France,True
TXN-004408,CLT-0072,2025-09-15 14:42:30,1320.56,EUR,Paiement carte,Russie,False
TXN-004409,CLT-0071,2026-03-09 14:42:30,4420.09,EUR,Virement,France,False
TXN-004410,CLT-0079,2025-08-02 14:42:30,52364.73,EUR,Retrait,France,True
TXN-004411,CLT-0072,2025-09-01 14:42:30,3782.48,EUR,Virement,Allemagne,False
TXN-004412,CLT-0086,2026-03-15 14:42:30,2930.06,EUR,Retrait,France,False
TXN-004413,CLT-0033,2025-09-28 14:42:30,3306.66,EUR,Retrait,Îles Caïmans,False
TXN-004414,CLT-0071,2025-11-25 14:42:30,78.57,EUR,Dépôt,Panama,False
TXN-004415,CLT-0074,2025-07-14 14:42:30,3923.4,EUR,Dépôt,France,False
TXN-004416,CLT-0095,2025-07-23 14:42:30,1398.5,EUR,Virement,Îles Caïmans,False
TXN-004417,CLT-0007,2025-06-21 14:42:30,2155.33,EUR,Dépôt,Panama,False
TXN-004418,CLT-0055,2025-08-08 14:42:30,2603.91,EUR,Virement,Îles Caïmans,False
TXN-004419,CLT-0054,2025-11-25 14:42:30,12216.97,EUR,Paiement carte,Allemagne,True
TXN-004420,CLT-0057,2025-11-04 14:42:30,3783.17,EUR,Virement,France,False
TXN-004421,CLT-0012,2025-10-13 14:42:30,728.07,EUR,Retrait,Îles Caïmans,False
TXN-004422,CLT-0071,2025-07-17 14:42:30,354.87,EUR,Virement,France,False
TXN-004423,CLT-0036,2025-08-24 14:42:30,3178.74,EUR,Retrait,Russie,False
TXN-004424,CLT-0082,2026-02-20 14:42:30,3083.67,EUR,Virement international,Îles Caïmans,False
TXN-004425,CLT-0024,2025-08-31 14:42:30,1513.46,EUR,Dépôt,France,False
TXN-004426,CLT-0096,2026-01-10 14:42:30,3379.81,EUR,Retrait,Espagne,False
TXN-004427,CLT-0099,2026-05-11 14:42:30,1514.39,EUR,Virement,Espagne,False
TXN-004428,CLT-0015,2025-12-07 14:42:30,69721.11,EUR,Dépôt,Panama,True
TXN-004429,CLT-0014,2025-07-10 14:42:30,4366.8,EUR,Dépôt,Panama,False
TXN-004430,CLT-0004,2025-07-18 14:42:30,1416.13,EUR,Paiement carte,France,False
TXN-004431,CLT-0002,2025-11-01 14:42:30,2819.87,EUR,Retrait,Espagne,False
TXN-004432,CLT-0098,2026-01-11 14:42:30,2266.37,EUR,Retrait,Allemagne,False
TXN-004433,CLT-0087,2025-11-21 14:42:30,3106.71,EUR,Virement international,Espagne,False
TXN-004434,CLT-0042,2026-04-01 14:42:30,4655.28,EUR,Virement international,France,False
TXN-004435,CLT-0003,2025-12-21 14:42:30,1139.54,EUR,Retrait,Îles Caïmans,False
TXN-004436,CLT-0080,2025-05-25 14:42:30,4525.06,EUR,Virement international,France,False
TXN-004437,CLT-0021,2025-12-13 14:42:30,505.05,EUR,Virement international,France,False
TXN-004438,CLT-0053,2026-03-30 14:42:30,141.95,EUR,Paiement carte,France,False
TXN-004439,CLT-0076,2026-01-10 14:42:30,1802.32,EUR,Retrait,Îles Caïmans,False
TXN-004440,CLT-0051,2026-05-11 14:42:30,1057.48,EUR,Retrait,France,False
TXN-004441,CLT-0016,2026-01-23 14:42:30,3760.11,EUR,Retrait,France,False
TXN-004442,CLT-0001,2025-11-11 14:42:30,1517.33,EUR,Retrait,France,False
TXN-004443,CLT-0007,2025-07-18 14:42:30,16284.11,EUR,Virement,Allemagne,True
TXN-004444,CLT-0029,2025-07-01 14:42:30,1066.12,EUR,Paiement carte,Russie,False
TXN-004445,CLT-0083,2026-04-14 14:42:30,13376.09,EUR,Virement,France,True
TXN-004446,CLT-0013,2025-10-05 14:42:30,3243.68,EUR,Paiement carte,France,False
TXN-004447,CLT-0036,2025-06-01 14:42:30,1709.16,EUR,Paiement carte,France,False
TXN-004448,CLT-0040,2025-07-10 14:42:30,1848.65,EUR,Virement,Russie,False
TXN-004449,CLT-0030,2026-03-01 14:42:30,3112.03,EUR,Virement,Espagne,False
TXN-004450,CLT-0018,2026-01-22 14:42:30,1727.2,EUR,Retrait,France,False
TXN-004451,CLT-0060,2025-09-16 14:42:30,3257.94,EUR,Virement international,France,False
TXN-004452,CLT-0094,2025-09-30 14:42:30,1890.45,EUR,Dépôt,Allemagne,False
TXN-004453,CLT-0079,2026-03-14 14:42:30,3914.03,EUR,Dépôt,Panama,False
TXN-004454,CLT-0011,2026-03-21 14:42:30,3075.25,EUR,Paiement carte,Russie,False
TXN-004455,CLT-0044,2025-10-06 14:42:30,2109.39,EUR,Virement,Panama,False
TXN-004456,CLT-0009,2025-10-11 14:42:30,2359.95,EUR,Retrait,France,False
TXN-004457,CLT-0090,2026-03-30 14:42:30,809.0,EUR,Dépôt,Russie,False
TXN-004458,CLT-0093,2026-04-06 14:42:30,2039.83,EUR,Virement international,France,False
TXN-004459,CLT-0015,2025-06-02 14:42:30,1237.07,EUR,Paiement carte,Russie,False
TXN-004460,CLT-0004,2025-09-29 14:42:30,3401.97,EUR,Paiement carte,Russie,False
TXN-004461,CLT-0018,2026-01-08 14:42:30,1030.44,EUR,Retrait,Allemagne,False
TXN-004462,CLT-0075,2025-11-12 14:42:30,624.29,EUR,Retrait,France,False
TXN-004463,CLT-0067,2025-06-22 14:42:30,1898.97,EUR,Dépôt,Panama,False
TXN-004464,CLT-0011,2026-04-01 14:42:30,4558.96,EUR,Dépôt,France,False
TXN-004465,CLT-0004,2026-04-23 14:42:30,970.9,EUR,Retrait,Russie,False
TXN-004466,CLT-0073,2026-01-08 14:42:30,3866.82,EUR,Virement international,France,False
TXN-004467,CLT-0027,2026-04-06 14:42:30,3518.16,EUR,Retrait,Espagne,False
TXN-004468,CLT-0065,2025-06-27 14:42:30,3001.2,EUR,Paiement carte,Îles Caïmans,False
TXN-004469,CLT-0097,2025-09-10 14:42:30,642.78,EUR,Virement international,Espagne,False
TXN-004470,CLT-0088,2026-01-30 14:42:30,65342.65,EUR,Paiement carte,Îles Caïmans,True
TXN-004471,CLT-0027,2025-11-20 14:42:30,367.18,EUR,Virement international,France,False
TXN-004472,CLT-0086,2025-12-24 14:42:30,16557.48,EUR,Virement,Îles Caïmans,True
TXN-004473,CLT-0051,2025-10-06 14:42:30,826.7,EUR,Dépôt,France,False
TXN-004474,CLT-0048,2026-01-21 14:42:30,4330.34,EUR,Virement,France,False
TXN-004475,CLT-0045,2025-12-03 14:42:30,4967.18,EUR,Retrait,Allemagne,False
TXN-004476,CLT-0051,2025-06-03 14:42:30,4173.77,EUR,Dépôt,Îles Caïmans,False
TXN-004477,CLT-0068,2025-12-31 14:42:30,4887.36,EUR,Paiement carte,Espagne,False
TXN-004478,CLT-0074,2025-12-22 14:42:30,807.12,EUR,Dépôt,Panama,False
TXN-004479,CLT-0081,2025-10-17 14:42:30,118.18,EUR,Retrait,Panama,False
TXN-004480,CLT-0073,2026-03-08 14:42:30,43954.99,EUR,Paiement carte,Panama,True
TXN-004481,CLT-0019,2026-03-18 14:42:30,4644.76,EUR,Virement,Îles Caïmans,False
TXN-004482,CLT-0092,2025-10-12 14:42:30,3755.96,EUR,Paiement carte,France,False
TXN-004483,CLT-0090,2025-12-01 14:42:30,1164.76,EUR,Virement,Russie,False
TXN-004484,CLT-0035,2025-05-28 14:42:30,1085.4,EUR,Retrait,France,False
TXN-004485,CLT-0085,2025-10-02 14:42:30,17591.49,EUR,Dépôt,France,True
TXN-004486,CLT-0064,2025-12-15 14:42:30,3939.24,EUR,Paiement carte,France,False
TXN-004487,CLT-0093,2025-09-03 14:42:30,1731.0,EUR,Virement international,Russie,False
TXN-004488,CLT-0067,2026-03-15 14:42:30,693.33,EUR,Dépôt,France,False
TXN-004489,CLT-0079,2025-06-15 14:42:30,1026.02,EUR,Virement international,France,False
TXN-004490,CLT-0019,2025-05-30 14:42:30,47392.17,EUR,Retrait,Allemagne,True
TXN-004491,CLT-0089,2026-02-23 14:42:30,3658.37,EUR,Virement,Espagne,False
TXN-004492,CLT-0063,2025-10-23 14:42:30,3591.66,EUR,Paiement carte,Russie,False
TXN-004493,CLT-0029,2025-06-25 14:42:30,25150.34,EUR,Retrait,Îles Caïmans,True
TXN-004494,CLT-0020,2026-03-04 14:42:30,572.99,EUR,Virement,France,False
TXN-004495,CLT-0038,2025-08-21 14:42:30,3603.01,EUR,Virement international,Espagne,False
TXN-004496,CLT-0027,2025-08-08 14:42:30,79088.29,EUR,Retrait,Allemagne,True
TXN-004497,CLT-0049,2025-07-22 14:42:30,2262.28,EUR,Virement,France,False
TXN-004498,CLT-0052,2025-07-08 14:42:30,3459.78,EUR,Paiement carte,France,False
TXN-004499,CLT-0082,2025-11-23 14:42:30,1912.14,EUR,Dépôt,Espagne,False
TXN-004500,CLT-0018,2025-07-11 14:42:30,4384.77,EUR,Virement,Panama,False
TXN-004501,CLT-0015,2026-04-17 14:42:30,1406.86,EUR,Retrait,France,False
TXN-004502,CLT-0073,2026-03-27 14:42:30,1854.26,EUR,Retrait,Panama,False
TXN-004503,CLT-0010,2026-05-13 14:42:30,64818.3,EUR,Virement,Panama,True
TXN-004504,CLT-0068,2025-11-18 14:42:30,557.52,EUR,Virement,France,False
TXN-004505,CLT-0074,2025-08-26 14:42:30,2624.37,EUR,Virement,Espagne,False
TXN-004506,CLT-0008,2025-12-20 14:42:30,350.01,EUR,Dépôt,Allemagne,False
TXN-004507,CLT-0044,2025-08-26 14:42:30,43293.02,EUR,Virement,Allemagne,True
TXN-004508,CLT-0084,2025-06-23 14:42:30,962.75,EUR,Virement,Espagne,False
TXN-004509,CLT-0059,2025-12-06 14:42:30,1094.04,EUR,Dépôt,Panama,False
TXN-004510,CLT-0082,2025-06-28 14:42:30,993.45,EUR,Virement,France,False
TXN-004511,CLT-0049,2025-12-02 14:42:30,2586.43,EUR,Dépôt,Russie,False
TXN-004512,CLT-0071,2025-09-25 14:42:30,81149.16,EUR,Dépôt,France,True
TXN-004513,CLT-0020,2026-04-24 14:42:30,88661.3,EUR,Paiement carte,France,True
TXN-004514,CLT-0072,2025-05-23 14:42:30,3035.48,EUR,Retrait,Russie,False
TXN-004515,CLT-0047,2026-03-20 14:42:30,2185.3,EUR,Virement international,Îles Caïmans,False
TXN-004516,CLT-0015,2025-10-09 14:42:30,3996.18,EUR,Virement,Russie,False
TXN-004517,CLT-0075,2025-11-12 14:42:30,1933.05,EUR,Virement international,Allemagne,False
TXN-004518,CLT-0061,2026-04-10 14:42:30,807.56,EUR,Virement,Panama,False
TXN-004519,CLT-0027,2025-08-12 14:42:30,1670.87,EUR,Dépôt,Allemagne,False
TXN-004520,CLT-0076,2026-04-09 14:42:30,3221.68,EUR,Dépôt,Îles Caïmans,False
TXN-004521,CLT-0048,2025-08-07 14:42:30,3530.89,EUR,Retrait,Panama,False
TXN-004522,CLT-0084,2025-07-21 14:42:30,4937.07,EUR,Virement international,France,False
TXN-004523,CLT-0019,2025-06-10 14:42:30,1945.6,EUR,Virement,Russie,False
TXN-004524,CLT-0072,2025-11-23 14:42:30,3504.99,EUR,Virement,France,False
TXN-004525,CLT-0055,2025-12-27 14:42:30,2701.74,EUR,Paiement carte,Russie,False
TXN-004526,CLT-0001,2026-01-30 14:42:30,1048.01,EUR,Retrait,Panama,False
TXN-004527,CLT-0023,2025-09-19 14:42:30,4505.74,EUR,Paiement carte,Îles Caïmans,False
TXN-004528,CLT-0029,2025-06-16 14:42:30,2805.28,EUR,Dépôt,Panama,False
TXN-004529,CLT-0008,2025-05-15 14:42:30,40274.85,EUR,Retrait,Panama,True
TXN-004530,CLT-0055,2025-12-11 14:42:30,53053.73,EUR,Virement,Allemagne,True
TXN-004531,CLT-0001,2026-02-05 14:42:30,55360.06,EUR,Virement international,Russie,True
TXN-004532,CLT-0082,2026-05-09 14:42:30,70819.25,EUR,Paiement carte,Allemagne,True
TXN-004533,CLT-0062,2026-02-17 14:42:30,3577.97,EUR,Paiement carte,Russie,False
TXN-004534,CLT-0016,2026-03-15 14:42:30,3737.01,EUR,Virement international,Espagne,False
TXN-004535,CLT-0084,2025-09-09 14:42:30,19159.64,EUR,Virement international,Îles Caïmans,True
TXN-004536,CLT-0002,2026-04-12 14:42:30,3903.36,EUR,Paiement carte,France,False
TXN-004537,CLT-0092,2026-03-02 14:42:30,12180.35,EUR,Dépôt,France,True
TXN-004538,CLT-0028,2025-09-05 14:42:30,3378.93,EUR,Virement,Panama,False
TXN-004539,CLT-0085,2025-05-24 14:42:30,2422.31,EUR,Paiement carte,Russie,False
TXN-004540,CLT-0055,2025-05-14 14:42:30,61856.79,EUR,Virement,Russie,True
TXN-004541,CLT-0056,2025-07-05 14:42:30,39734.52,EUR,Dépôt,Îles Caïmans,True
TXN-004542,CLT-0006,2025-12-13 14:42:30,2281.74,EUR,Virement international,Îles Caïmans,False
TXN-004543,CLT-0100,2025-12-17 14:42:30,1180.3,EUR,Dépôt,France,False
TXN-004544,CLT-0021,2026-02-25 14:42:30,70065.79,EUR,Dépôt,France,True
TXN-004545,CLT-0047,2025-05-14 14:42:30,1905.51,EUR,Retrait,Russie,False
TXN-004546,CLT-0017,2026-02-09 14:42:30,4786.37,EUR,Virement,France,False
TXN-004547,CLT-0091,2025-06-28 14:42:30,1226.95,EUR,Virement,Russie,False
TXN-004548,CLT-0086,2025-09-11 14:42:30,68315.31,EUR,Retrait,Îles Caïmans,True
TXN-004549,CLT-0082,2025-09-03 14:42:30,17919.54,EUR,Virement international,France,True
TXN-004550,CLT-0096,2026-04-24 14:42:30,90187.52,EUR,Virement,France,True
TXN-004551,CLT-0054,2026-02-25 14:42:30,69669.01,EUR,Virement,France,True
TXN-004552,CLT-0072,2025-11-16 14:42:30,681.41,EUR,Virement international,Allemagne,False
TXN-004553,CLT-0077,2025-11-22 14:42:30,4225.03,EUR,Paiement carte,Allemagne,False
TXN-004554,CLT-0092,2025-08-30 14:42:30,1452.22,EUR,Retrait,Panama,False
TXN-004555,CLT-0014,2026-02-07 14:42:30,455.4,EUR,Dépôt,Îles Caïmans,False
TXN-004556,CLT-0050,2026-01-04 14:42:30,465.54,EUR,Retrait,Îles Caïmans,False
TXN-004557,CLT-0087,2025-12-19 14:42:30,1942.82,EUR,Retrait,France,False
TXN-004558,CLT-0089,2025-09-02 14:42:30,26067.15,EUR,Retrait,Îles Caïmans,True
TXN-004559,CLT-0019,2025-08-21 14:42:30,739.8,EUR,Dépôt,Îles Caïmans,False
TXN-004560,CLT-0022,2025-07-14 14:42:30,1326.71,EUR,Paiement carte,France,False
TXN-004561,CLT-0089,2026-04-26 14:42:30,206.59,EUR,Retrait,France,False
TXN-004562,CLT-0039,2026-03-30 14:42:30,3323.71,EUR,Paiement carte,France,False
TXN-004563,CLT-0099,2025-07-31 14:42:30,2950.25,EUR,Dépôt,Espagne,False
TXN-004564,CLT-0052,2026-03-16 14:42:30,724.77,EUR,Retrait,France,False
TXN-004565,CLT-0031,2026-02-01 14:42:30,3483.41,EUR,Dépôt,Îles Caïmans,False
TXN-004566,CLT-0077,2025-10-30 14:42:30,4548.79,EUR,Retrait,France,False
TXN-004567,CLT-0076,2026-04-24 14:42:30,13064.48,EUR,Virement,Allemagne,True
TXN-004568,CLT-0094,2026-03-16 14:42:30,46572.95,EUR,Virement,Espagne,True
TXN-004569,CLT-0023,2026-04-21 14:42:30,2663.16,EUR,Virement international,Allemagne,False
TXN-004570,CLT-0043,2026-04-10 14:42:30,4759.68,EUR,Virement international,France,False
TXN-004571,CLT-0007,2026-01-16 14:42:30,262.36,EUR,Dépôt,Allemagne,False
TXN-004572,CLT-0032,2026-03-29 14:42:30,2091.62,EUR,Paiement carte,Îles Caïmans,False
TXN-004573,CLT-0066,2026-05-01 14:42:30,4581.79,EUR,Virement,France,False
TXN-004574,CLT-0067,2025-10-06 14:42:30,3375.15,EUR,Virement,Panama,False
TXN-004575,CLT-0039,2025-07-25 14:42:30,4327.43,EUR,Paiement carte,Espagne,False
TXN-004576,CLT-0092,2025-11-17 14:42:30,4235.55,EUR,Retrait,France,False
TXN-004577,CLT-0005,2026-03-29 14:42:30,4317.19,EUR,Dépôt,Allemagne,False
TXN-004578,CLT-0079,2026-05-09 14:42:30,3710.99,EUR,Paiement carte,Russie,False
TXN-004579,CLT-0065,2025-07-01 14:42:30,3027.25,EUR,Dépôt,France,False
TXN-004580,CLT-0096,2026-03-11 14:42:30,58854.07,EUR,Dépôt,France,True
TXN-004581,CLT-0053,2025-09-13 14:42:30,3035.96,EUR,Dépôt,France,False
TXN-004582,CLT-0055,2025-09-07 14:42:30,528.19,EUR,Paiement carte,France,False
TXN-004583,CLT-0085,2026-03-10 14:42:30,2398.79,EUR,Virement international,Allemagne,False
TXN-004584,CLT-0068,2025-08-08 14:42:30,1188.58,EUR,Dépôt,France,False
TXN-004585,CLT-0021,2025-06-20 14:42:30,64962.41,EUR,Paiement carte,Îles Caïmans,True
TXN-004586,CLT-0056,2025-10-08 14:42:30,802.99,EUR,Paiement carte,Russie,False
TXN-004587,CLT-0073,2026-05-08 14:42:30,3458.74,EUR,Retrait,Russie,False
TXN-004588,CLT-0042,2025-10-23 14:42:30,437.27,EUR,Retrait,France,False
TXN-004589,CLT-0092,2025-06-01 14:42:30,3207.71,EUR,Virement international,France,False
TXN-004590,CLT-0041,2026-01-10 14:42:30,2908.09,EUR,Virement international,France,False
TXN-004591,CLT-0062,2025-09-11 14:42:30,37701.66,EUR,Paiement carte,France,True
TXN-004592,CLT-0049,2025-09-02 14:42:30,4872.91,EUR,Dépôt,France,False
TXN-004593,CLT-0048,2025-08-01 14:42:30,947.93,EUR,Virement international,France,False
TXN-004594,CLT-0038,2025-05-15 14:42:30,4622.15,EUR,Virement,Russie,False
TXN-004595,CLT-0043,2025-10-27 14:42:30,90408.53,EUR,Paiement carte,Allemagne,True
TXN-004596,CLT-0076,2026-03-03 14:42:30,4767.45,EUR,Dépôt,Îles Caïmans,False
TXN-004597,CLT-0057,2025-08-14 14:42:30,473.13,EUR,Virement,France,False
TXN-004598,CLT-0006,2025-10-06 14:42:30,1548.77,EUR,Virement,Panama,False
TXN-004599,CLT-0024,2025-07-09 14:42:30,31.77,EUR,Dépôt,Espagne,False
TXN-004600,CLT-0058,2025-08-19 14:42:30,3196.6,EUR,Virement international,Russie,False
TXN-004601,CLT-0081,2026-04-18 14:42:30,2320.65,EUR,Retrait,France,False
TXN-004602,CLT-0016,2026-05-04 14:42:30,2952.36,EUR,Virement,France,False
TXN-004603,CLT-0065,2025-06-18 14:42:30,75.83,EUR,Paiement carte,France,False
TXN-004604,CLT-0052,2026-05-02 14:42:30,862.87,EUR,Virement international,Panama,False
TXN-004605,CLT-0025,2026-01-17 14:42:30,23760.76,EUR,Paiement carte,Allemagne,True
TXN-004606,CLT-0050,2026-05-05 14:42:30,3173.6,EUR,Retrait,France,False
TXN-004607,CLT-0026,2025-06-20 14:42:30,90843.63,EUR,Virement,France,True
TXN-004608,CLT-0084,2025-10-28 14:42:30,3929.63,EUR,Paiement carte,France,False
TXN-004609,CLT-0047,2025-09-24 14:42:30,4026.6,EUR,Retrait,Russie,False
TXN-004610,CLT-0004,2025-12-17 14:42:30,3676.54,EUR,Dépôt,Russie,False
TXN-004611,CLT-0098,2025-06-19 14:42:30,3454.99,EUR,Dépôt,Espagne,False
TXN-004612,CLT-0048,2025-07-12 14:42:30,3320.09,EUR,Paiement carte,Russie,False
TXN-004613,CLT-0064,2025-08-09 14:42:30,3604.6,EUR,Retrait,Panama,False
TXN-004614,CLT-0029,2025-11-04 14:42:30,1273.23,EUR,Dépôt,Panama,False
TXN-004615,CLT-0055,2025-06-12 14:42:30,1410.63,EUR,Virement international,Îles Caïmans,False
TXN-004616,CLT-0086,2026-02-01 14:42:30,4371.25,EUR,Dépôt,Allemagne,False
TXN-004617,CLT-0085,2026-01-16 14:42:30,2812.21,EUR,Dépôt,Îles Caïmans,False
TXN-004618,CLT-0028,2025-09-02 14:42:30,4274.83,EUR,Paiement carte,Îles Caïmans,False
TXN-004619,CLT-0020,2026-01-10 14:42:30,2592.75,EUR,Virement,Russie,False
TXN-004620,CLT-0066,2026-05-11 14:42:30,2627.38,EUR,Virement international,Espagne,False
TXN-004621,CLT-0053,2025-06-14 14:42:30,3867.97,EUR,Virement international,Allemagne,False
TXN-004622,CLT-0032,2025-12-11 14:42:30,3247.65,EUR,Paiement carte,Panama,False
TXN-004623,CLT-0098,2026-05-01 14:42:30,168.05,EUR,Dépôt,Panama,False
TXN-004624,CLT-0077,2026-04-27 14:42:30,1812.28,EUR,Retrait,Espagne,False
TXN-004625,CLT-0007,2026-05-09 14:42:30,834.27,EUR,Paiement carte,Allemagne,False
TXN-004626,CLT-0098,2025-07-09 14:42:30,4589.65,EUR,Retrait,France,False
TXN-004627,CLT-0019,2025-09-05 14:42:30,2239.71,EUR,Virement international,Panama,False
TXN-004628,CLT-0086,2025-11-18 14:42:30,3944.46,EUR,Virement,Allemagne,False
TXN-004629,CLT-0018,2025-10-10 14:42:30,152.6,EUR,Dépôt,Panama,False
TXN-004630,CLT-0089,2026-03-07 14:42:30,11345.28,EUR,Virement,Espagne,True
TXN-004631,CLT-0072,2026-02-08 14:42:30,125.57,EUR,Virement,Espagne,False
TXN-004632,CLT-0018,2026-04-10 14:42:30,1142.61,EUR,Paiement carte,Espagne,False
TXN-004633,CLT-0030,2025-05-28 14:42:30,3436.46,EUR,Retrait,Russie,False
TXN-004634,CLT-0025,2025-11-25 14:42:30,4163.85,EUR,Virement,France,False
TXN-004635,CLT-0074,2025-11-14 14:42:30,28793.05,EUR,Virement,Espagne,True
TXN-004636,CLT-0024,2025-11-11 14:42:30,842.68,EUR,Paiement carte,Espagne,False
TXN-004637,CLT-0049,2025-06-02 14:42:30,45769.41,EUR,Retrait,Panama,True
TXN-004638,CLT-0064,2025-11-08 14:42:30,12446.79,EUR,Retrait,Allemagne,True
TXN-004639,CLT-0038,2025-11-16 14:42:30,3387.72,EUR,Dépôt,France,False
TXN-004640,CLT-0078,2026-04-23 14:42:30,3785.43,EUR,Virement,Allemagne,False
TXN-004641,CLT-0039,2025-06-07 14:42:30,401.18,EUR,Dépôt,Panama,False
TXN-004642,CLT-0059,2025-05-26 14:42:30,3424.47,EUR,Virement,Îles Caïmans,False
TXN-004643,CLT-0054,2026-03-19 14:42:30,24223.5,EUR,Paiement carte,Allemagne,True
TXN-004644,CLT-0018,2026-03-26 14:42:30,1258.4,EUR,Virement,Panama,False
TXN-004645,CLT-0093,2025-10-09 14:42:30,1879.01,EUR,Retrait,Îles Caïmans,False
TXN-004646,CLT-0004,2025-10-08 14:42:30,516.5,EUR,Virement international,Espagne,False
TXN-004647,CLT-0057,2025-06-12 14:42:30,2560.71,EUR,Paiement carte,France,False
TXN-004648,CLT-0055,2026-04-13 14:42:30,62064.95,EUR,Virement international,Allemagne,True
TXN-004649,CLT-0003,2026-01-10 14:42:30,80406.45,EUR,Retrait,Panama,True
TXN-004650,CLT-0008,2025-09-03 14:42:30,2184.77,EUR,Dépôt,Panama,False
TXN-004651,CLT-0076,2025-07-02 14:42:30,36703.92,EUR,Virement international,France,True
TXN-004652,CLT-0091,2025-06-01 14:42:30,633.96,EUR,Paiement carte,Russie,False
TXN-004653,CLT-0098,2026-02-14 14:42:30,4021.11,EUR,Retrait,Espagne,False
TXN-004654,CLT-0072,2025-08-15 14:42:30,4140.65,EUR,Virement international,France,False
TXN-004655,CLT-0085,2026-03-28 14:42:30,1727.34,EUR,Dépôt,France,False
TXN-004656,CLT-0052,2026-01-09 14:42:30,40128.87,EUR,Dépôt,Panama,True
TXN-004657,CLT-0023,2025-08-03 14:42:30,67118.4,EUR,Retrait,France,True
TXN-004658,CLT-0099,2025-11-09 14:42:30,671.25,EUR,Dépôt,Russie,False
TXN-004659,CLT-0009,2025-07-05 14:42:30,932.18,EUR,Virement,Panama,False
TXN-004660,CLT-0081,2025-12-18 14:42:30,131.17,EUR,Dépôt,Allemagne,False
TXN-004661,CLT-0026,2025-05-16 14:42:30,2611.47,EUR,Dépôt,Allemagne,False
TXN-004662,CLT-0011,2026-01-18 14:42:30,3079.03,EUR,Virement,France,False
TXN-004663,CLT-0016,2025-09-08 14:42:30,2930.43,EUR,Virement,Panama,False
TXN-004664,CLT-0015,2025-07-18 14:42:30,20795.73,EUR,Paiement carte,France,True
TXN-004665,CLT-0009,2025-11-21 14:42:30,3913.47,EUR,Paiement carte,Allemagne,False
TXN-004666,CLT-0019,2025-10-07 14:42:30,2551.08,EUR,Virement international,France,False
TXN-004667,CLT-0030,2025-09-05 14:42:30,3658.46,EUR,Virement international,France,False
TXN-004668,CLT-0051,2026-01-07 14:42:30,2972.58,EUR,Virement international,France,False
TXN-004669,CLT-0059,2025-05-31 14:42:30,2218.84,EUR,Paiement carte,Russie,False
TXN-004670,CLT-0073,2026-03-04 14:42:30,10340.74,EUR,Virement international,Russie,True
TXN-004671,CLT-0045,2025-12-15 14:42:30,2215.93,EUR,Virement international,France,False
TXN-004672,CLT-0036,2026-01-03 14:42:30,990.52,EUR,Dépôt,France,False
TXN-004673,CLT-0017,2026-05-10 14:42:30,93972.69,EUR,Paiement carte,Allemagne,True
TXN-004674,CLT-0028,2026-04-26 14:42:30,2779.21,EUR,Dépôt,Panama,False
TXN-004675,CLT-0065,2025-12-03 14:42:30,858.8,EUR,Paiement carte,Russie,False
TXN-004676,CLT-0100,2025-06-15 14:42:30,245.68,EUR,Virement,Espagne,False
TXN-004677,CLT-0035,2026-01-28 14:42:30,75935.79,EUR,Paiement carte,Russie,True
TXN-004678,CLT-0069,2026-04-08 14:42:30,1495.01,EUR,Retrait,Allemagne,False
TXN-004679,CLT-0006,2026-03-25 14:42:30,2713.1,EUR,Virement,Allemagne,False
TXN-004680,CLT-0023,2025-09-27 14:42:30,3328.5,EUR,Virement,France,False
TXN-004681,CLT-0032,2026-01-09 14:42:30,1574.72,EUR,Dépôt,Îles Caïmans,False
TXN-004682,CLT-0020,2026-02-21 14:42:30,55457.81,EUR,Virement,France,True
TXN-004683,CLT-0047,2026-02-16 14:42:30,3291.09,EUR,Retrait,France,False
TXN-004684,CLT-0088,2026-02-02 14:42:30,55865.07,EUR,Virement,Îles Caïmans,True
TXN-004685,CLT-0053,2025-06-21 14:42:30,3621.09,EUR,Retrait,Îles Caïmans,False
TXN-004686,CLT-0087,2025-07-28 14:42:30,1195.42,EUR,Virement,Russie,False
TXN-004687,CLT-0002,2025-07-10 14:42:30,3694.01,EUR,Paiement carte,Espagne,False
TXN-004688,CLT-0006,2026-02-08 14:42:30,2147.77,EUR,Virement,France,False
TXN-004689,CLT-0092,2025-05-21 14:42:30,413.15,EUR,Virement,France,False
TXN-004690,CLT-0015,2025-09-22 14:42:30,4567.49,EUR,Paiement carte,Allemagne,False
TXN-004691,CLT-0084,2026-04-29 14:42:30,1832.27,EUR,Virement international,Panama,False
TXN-004692,CLT-0068,2026-05-10 14:42:30,26852.17,EUR,Dépôt,France,True
TXN-004693,CLT-0097,2025-07-18 14:42:30,4411.94,EUR,Virement,Espagne,False
TXN-004694,CLT-0047,2026-01-01 14:42:30,1526.62,EUR,Paiement carte,Russie,False
TXN-004695,CLT-0050,2025-11-21 14:42:30,42402.23,EUR,Virement,France,True
TXN-004696,CLT-0057,2026-01-13 14:42:30,2497.6,EUR,Paiement carte,France,False
TXN-004697,CLT-0054,2025-08-30 14:42:30,3381.89,EUR,Retrait,Îles Caïmans,False
TXN-004698,CLT-0018,2026-03-20 14:42:30,1778.33,EUR,Paiement carte,Îles Caïmans,False
TXN-004699,CLT-0004,2026-01-21 14:42:30,2208.69,EUR,Dépôt,Panama,False
TXN-004700,CLT-0070,2026-02-02 14:42:30,2299.24,EUR,Virement international,Russie,False
TXN-004701,CLT-0022,2026-04-20 14:42:30,4117.59,EUR,Retrait,Allemagne,False
TXN-004702,CLT-0086,2025-12-17 14:42:30,4638.87,EUR,Paiement carte,France,False
TXN-004703,CLT-0023,2025-10-30 14:42:30,3939.42,EUR,Paiement carte,Îles Caïmans,False
TXN-004704,CLT-0088,2025-12-13 14:42:30,1099.88,EUR,Virement,France,False
TXN-004705,CLT-0088,2026-03-25 14:42:30,2086.32,EUR,Dépôt,France,False
TXN-004706,CLT-0038,2026-02-07 14:42:30,520.31,EUR,Virement international,Allemagne,False
TXN-004707,CLT-0095,2025-08-14 14:42:30,42520.05,EUR,Paiement carte,Allemagne,True
TXN-004708,CLT-0004,2025-09-10 14:42:30,2084.13,EUR,Dépôt,Îles Caïmans,False
TXN-004709,CLT-0050,2025-07-28 14:42:30,2697.85,EUR,Virement international,Russie,False
TXN-004710,CLT-0072,2025-08-04 14:42:30,1090.09,EUR,Retrait,France,False
TXN-004711,CLT-0088,2025-09-06 14:42:30,55091.68,EUR,Virement international,Allemagne,True
TXN-004712,CLT-0098,2026-04-03 14:42:30,1142.8,EUR,Dépôt,France,False
TXN-004713,CLT-0077,2025-05-17 14:42:30,733.38,EUR,Virement,France,False
TXN-004714,CLT-0077,2025-11-26 14:42:30,297.68,EUR,Retrait,Espagne,False
TXN-004715,CLT-0049,2026-04-18 14:42:30,86982.33,EUR,Retrait,France,True
TXN-004716,CLT-0066,2026-03-09 14:42:30,47294.65,EUR,Retrait,Espagne,True
TXN-004717,CLT-0012,2026-05-03 14:42:30,2597.78,EUR,Virement international,France,False
TXN-004718,CLT-0084,2025-10-20 14:42:30,2921.11,EUR,Virement,Russie,False
TXN-004719,CLT-0094,2025-07-04 14:42:30,2246.52,EUR,Virement international,Espagne,False
TXN-004720,CLT-0075,2025-12-19 14:42:30,2390.55,EUR,Virement international,Russie,False
TXN-004721,CLT-0018,2026-02-20 14:42:30,293.83,EUR,Virement,Russie,False
TXN-004722,CLT-0043,2025-10-16 14:42:30,32286.86,EUR,Paiement carte,Panama,True
TXN-004723,CLT-0069,2025-06-30 14:42:30,483.65,EUR,Virement,France,False
TXN-004724,CLT-0088,2025-06-24 14:42:30,2467.65,EUR,Dépôt,Îles Caïmans,False
TXN-004725,CLT-0026,2025-10-17 14:42:30,482.62,EUR,Virement,France,False
TXN-004726,CLT-0046,2025-11-07 14:42:30,4905.54,EUR,Paiement carte,France,False
TXN-004727,CLT-0054,2026-03-22 14:42:30,3768.94,EUR,Virement international,Espagne,False
TXN-004728,CLT-0065,2025-07-30 14:42:30,1097.41,EUR,Virement,France,False
TXN-004729,CLT-0089,2025-08-17 14:42:30,4459.27,EUR,Virement international,France,False
TXN-004730,CLT-0090,2026-02-17 14:42:30,4890.37,EUR,Virement,France,False
TXN-004731,CLT-0064,2026-05-07 14:42:30,3218.58,EUR,Virement,Îles Caïmans,False
TXN-004732,CLT-0090,2025-05-29 14:42:30,1746.81,EUR,Retrait,France,False
TXN-004733,CLT-0025,2025-05-25 14:42:30,4014.35,EUR,Paiement carte,France,False
TXN-004734,CLT-0079,2025-09-15 14:42:30,1217.96,EUR,Virement international,Panama,False
TXN-004735,CLT-0040,2026-04-20 14:42:30,192.79,EUR,Virement international,France,False
TXN-004736,CLT-0046,2025-07-10 14:42:30,3366.05,EUR,Dépôt,Panama,False
TXN-004737,CLT-0044,2026-01-18 14:42:30,1671.21,EUR,Paiement carte,Allemagne,False
TXN-004738,CLT-0098,2025-08-06 14:42:30,4586.18,EUR,Virement,France,False
TXN-004739,CLT-0078,2026-01-22 14:42:30,1399.47,EUR,Retrait,France,False
TXN-004740,CLT-0014,2025-11-19 14:42:30,3888.21,EUR,Paiement carte,Espagne,False
TXN-004741,CLT-0042,2026-02-08 14:42:30,60217.3,EUR,Virement international,France,True
TXN-004742,CLT-0064,2026-01-03 14:42:30,4216.78,EUR,Paiement carte,France,False
TXN-004743,CLT-0024,2025-05-18 14:42:30,540.41,EUR,Retrait,Îles Caïmans,False
TXN-004744,CLT-0051,2025-08-09 14:42:30,616.36,EUR,Retrait,Espagne,False
TXN-004745,CLT-0093,2026-01-27 14:42:30,497.36,EUR,Virement international,Espagne,False
TXN-004746,CLT-0028,2025-10-26 14:42:30,478.14,EUR,Virement,Allemagne,False
TXN-004747,CLT-0077,2025-09-15 14:42:30,75147.68,EUR,Paiement carte,Panama,True
TXN-004748,CLT-0076,2025-06-14 14:42:30,3112.59,EUR,Paiement carte,Espagne,False
TXN-004749,CLT-0060,2025-08-11 14:42:30,3943.42,EUR,Retrait,Espagne,False
TXN-004750,CLT-0078,2025-07-05 14:42:30,170.23,EUR,Retrait,France,False
TXN-004751,CLT-0043,2026-02-06 14:42:30,3183.9,EUR,Virement,Îles Caïmans,False
TXN-004752,CLT-0028,2026-01-28 14:42:30,331.22,EUR,Virement international,Russie,False
TXN-004753,CLT-0062,2026-04-29 14:42:30,2149.67,EUR,Retrait,France,False
TXN-004754,CLT-0002,2025-12-14 14:42:30,1139.55,EUR,Retrait,Espagne,False
TXN-004755,CLT-0095,2026-02-15 14:42:30,22933.62,EUR,Dépôt,France,True
TXN-004756,CLT-0008,2026-01-16 14:42:30,2630.8,EUR,Paiement carte,Allemagne,False
TXN-004757,CLT-0040,2025-12-04 14:42:30,1181.1,EUR,Virement,France,False
TXN-004758,CLT-0038,2025-12-06 14:42:30,508.39,EUR,Dépôt,France,False
TXN-004759,CLT-0020,2025-12-26 14:42:30,4860.4,EUR,Virement,France,False
TXN-004760,CLT-0001,2025-11-06 14:42:30,1230.81,EUR,Virement international,Espagne,False
TXN-004761,CLT-0016,2026-03-28 14:42:30,1761.68,EUR,Virement international,Îles Caïmans,False
TXN-004762,CLT-0036,2025-10-12 14:42:30,4899.57,EUR,Virement,Espagne,False
TXN-004763,CLT-0080,2026-02-04 14:42:30,51064.37,EUR,Virement international,France,True
TXN-004764,CLT-0040,2025-12-01 14:42:30,2342.62,EUR,Retrait,Espagne,False
TXN-004765,CLT-0082,2025-05-28 14:42:30,4950.69,EUR,Virement international,France,False
TXN-004766,CLT-0010,2025-10-28 14:42:30,4125.01,EUR,Virement,France,False
TXN-004767,CLT-0079,2025-12-01 14:42:30,1598.35,EUR,Dépôt,France,False
TXN-004768,CLT-0005,2026-02-13 14:42:30,2972.23,EUR,Retrait,Allemagne,False
TXN-004769,CLT-0075,2025-10-04 14:42:30,3558.51,EUR,Paiement carte,France,False
TXN-004770,CLT-0030,2026-01-14 14:42:30,2853.54,EUR,Virement international,Îles Caïmans,False
TXN-004771,CLT-0081,2026-04-10 14:42:30,29754.21,EUR,Virement international,Allemagne,True
TXN-004772,CLT-0030,2025-06-29 14:42:30,91.05,EUR,Dépôt,France,False
TXN-004773,CLT-0038,2026-02-26 14:42:30,3158.32,EUR,Virement,Îles Caïmans,False
TXN-004774,CLT-0035,2026-02-06 14:42:30,896.6,EUR,Paiement carte,Allemagne,False
TXN-004775,CLT-0069,2025-08-22 14:42:30,1506.54,EUR,Virement international,Allemagne,False
TXN-004776,CLT-0048,2025-09-14 14:42:30,1294.2,EUR,Virement,Îles Caïmans,False
TXN-004777,CLT-0065,2026-04-24 14:42:30,3065.35,EUR,Paiement carte,Panama,False
TXN-004778,CLT-0094,2026-01-06 14:42:30,886.88,EUR,Virement international,France,False
TXN-004779,CLT-0071,2026-03-06 14:42:30,3104.91,EUR,Dépôt,Panama,False
TXN-004780,CLT-0003,2025-11-20 14:42:30,31402.01,EUR,Virement international,Panama,True
TXN-004781,CLT-0082,2025-07-31 14:42:30,3798.0,EUR,Virement international,Panama,False
TXN-004782,CLT-0081,2025-09-10 14:42:30,4396.9,EUR,Virement,Allemagne,False
TXN-004783,CLT-0055,2025-07-08 14:42:30,4035.28,EUR,Dépôt,Panama,False
TXN-004784,CLT-0052,2025-09-15 14:42:30,3008.69,EUR,Dépôt,France,False
TXN-004785,CLT-0067,2025-08-05 14:42:30,631.76,EUR,Retrait,France,False
TXN-004786,CLT-0044,2025-07-16 14:42:30,59496.85,EUR,Dépôt,France,True
TXN-004787,CLT-0036,2026-01-25 14:42:30,4748.2,EUR,Dépôt,Îles Caïmans,False
TXN-004788,CLT-0056,2025-10-03 14:42:30,2586.56,EUR,Paiement carte,Espagne,False
TXN-004789,CLT-0059,2026-03-20 14:42:30,2048.83,EUR,Virement,Îles Caïmans,False
TXN-004790,CLT-0080,2025-12-31 14:42:30,434.17,EUR,Paiement carte,France,False
TXN-004791,CLT-0068,2026-01-23 14:42:30,91813.53,EUR,Dépôt,Russie,True
TXN-004792,CLT-0054,2025-11-11 14:42:30,42120.44,EUR,Paiement carte,Panama,True
TXN-004793,CLT-0094,2025-08-09 14:42:30,37467.47,EUR,Virement international,Îles Caïmans,True
TXN-004794,CLT-0063,2025-10-29 14:42:30,3434.26,EUR,Dépôt,Espagne,False
TXN-004795,CLT-0027,2026-02-10 14:42:30,3618.79,EUR,Dépôt,Allemagne,False
TXN-004796,CLT-0056,2025-06-20 14:42:30,1846.01,EUR,Virement international,Panama,False
TXN-004797,CLT-0042,2025-12-22 14:42:30,92947.23,EUR,Virement,Panama,True
TXN-004798,CLT-0074,2025-05-16 14:42:30,2048.56,EUR,Retrait,Russie,False
TXN-004799,CLT-0096,2025-05-14 14:42:30,237.35,EUR,Dépôt,France,False
TXN-004800,CLT-0090,2025-09-14 14:42:30,2178.82,EUR,Virement international,France,False
TXN-004801,CLT-0039,2026-03-11 14:42:30,4009.67,EUR,Virement,France,False
TXN-004802,CLT-0031,2025-05-29 14:42:30,4901.88,EUR,Virement international,Panama,False
TXN-004803,CLT-0096,2025-10-06 14:42:30,4994.97,EUR,Retrait,Îles Caïmans,False
TXN-004804,CLT-0081,2026-04-07 14:42:30,1511.26,EUR,Paiement carte,Allemagne,False
TXN-004805,CLT-0098,2026-01-08 14:42:30,1444.74,EUR,Paiement carte,France,False
TXN-004806,CLT-0045,2025-08-24 14:42:30,987.35,EUR,Retrait,France,False
TXN-004807,CLT-0098,2026-04-03 14:42:30,432.05,EUR,Retrait,Russie,False
TXN-004808,CLT-0011,2025-11-24 14:42:30,1893.09,EUR,Virement international,Allemagne,False
TXN-004809,CLT-0048,2025-08-29 14:42:30,33573.29,EUR,Retrait,Russie,True
TXN-004810,CLT-0007,2025-09-12 14:42:30,2625.66,EUR,Retrait,Îles Caïmans,False
TXN-004811,CLT-0096,2026-02-03 14:42:30,741.94,EUR,Paiement carte,Allemagne,False
TXN-004812,CLT-0081,2026-01-25 14:42:30,3403.21,EUR,Virement international,Espagne,False
TXN-004813,CLT-0096,2025-11-01 14:42:30,3906.61,EUR,Retrait,Allemagne,False
TXN-004814,CLT-0026,2026-02-25 14:42:30,14258.72,EUR,Retrait,Panama,True
TXN-004815,CLT-0092,2025-09-11 14:42:30,2114.18,EUR,Virement,Russie,False
TXN-004816,CLT-0039,2025-09-27 14:42:30,4192.61,EUR,Dépôt,Panama,False
TXN-004817,CLT-0087,2026-02-14 14:42:30,4431.85,EUR,Paiement carte,France,False
TXN-004818,CLT-0069,2025-09-28 14:42:30,4716.57,EUR,Dépôt,France,False
TXN-004819,CLT-0078,2025-08-03 14:42:30,4509.63,EUR,Paiement carte,Russie,False
TXN-004820,CLT-0079,2025-11-03 14:42:30,2484.02,EUR,Dépôt,Espagne,False
TXN-004821,CLT-0092,2025-08-29 14:42:30,4705.34,EUR,Dépôt,France,False
TXN-004822,CLT-0096,2025-09-27 14:42:30,4243.72,EUR,Paiement carte,Espagne,False
TXN-004823,CLT-0061,2026-01-11 14:42:30,4347.37,EUR,Paiement carte,Russie,False
TXN-004824,CLT-0034,2026-05-01 14:42:30,2381.85,EUR,Retrait,France,False
TXN-004825,CLT-0046,2025-09-16 14:42:30,2405.29,EUR,Virement,Espagne,False
TXN-004826,CLT-0012,2025-12-12 14:42:30,1760.15,EUR,Virement,Panama,False
TXN-004827,CLT-0100,2025-06-14 14:42:30,3834.99,EUR,Retrait,France,False
TXN-004828,CLT-0083,2026-04-27 14:42:30,300.36,EUR,Virement,Espagne,False
TXN-004829,CLT-0051,2025-11-04 14:42:30,3983.58,EUR,Dépôt,France,False
TXN-004830,CLT-0044,2025-12-30 14:42:30,1459.62,EUR,Retrait,Panama,False
TXN-004831,CLT-0044,2026-01-08 14:42:30,2119.11,EUR,Retrait,Allemagne,False
TXN-004832,CLT-0056,2025-10-15 14:42:30,659.37,EUR,Virement,France,False
TXN-004833,CLT-0004,2025-09-17 14:42:30,193.73,EUR,Virement international,France,False
TXN-004834,CLT-0075,2025-12-07 14:42:30,71998.27,EUR,Dépôt,Îles Caïmans,True
TXN-004835,CLT-0065,2025-07-11 14:42:30,60200.61,EUR,Virement international,Îles Caïmans,True
TXN-004836,CLT-0071,2026-03-30 14:42:30,4968.16,EUR,Virement,Panama,False
TXN-004837,CLT-0036,2025-09-26 14:42:30,3746.89,EUR,Paiement carte,Îles Caïmans,False
TXN-004838,CLT-0058,2025-09-15 14:42:30,71524.46,EUR,Paiement carte,France,True
TXN-004839,CLT-0066,2025-10-16 14:42:30,3822.93,EUR,Paiement carte,France,False
TXN-004840,CLT-0053,2025-07-19 14:42:30,2313.18,EUR,Paiement carte,Îles Caïmans,False
TXN-004841,CLT-0003,2025-07-03 14:42:30,744.83,EUR,Dépôt,France,False
TXN-004842,CLT-0076,2025-07-10 14:42:30,1722.04,EUR,Dépôt,France,False
TXN-004843,CLT-0092,2025-12-23 14:42:30,3097.93,EUR,Retrait,Allemagne,False
TXN-004844,CLT-0074,2026-02-10 14:42:30,28.01,EUR,Retrait,Russie,False
TXN-004845,CLT-0041,2026-05-05 14:42:30,1436.01,EUR,Dépôt,Russie,False
TXN-004846,CLT-0023,2025-10-09 14:42:30,3119.48,EUR,Retrait,France,False
TXN-004847,CLT-0012,2026-01-23 14:42:30,1779.22,EUR,Virement international,Îles Caïmans,False
TXN-004848,CLT-0058,2025-12-07 14:42:30,1548.55,EUR,Retrait,Allemagne,False
TXN-004849,CLT-0059,2026-01-04 14:42:30,4191.66,EUR,Virement international,Panama,False
TXN-004850,CLT-0017,2025-12-10 14:42:30,2281.48,EUR,Virement,Allemagne,False
TXN-004851,CLT-0003,2026-03-22 14:42:30,1319.65,EUR,Retrait,Allemagne,False
TXN-004852,CLT-0046,2026-01-18 14:42:30,2409.45,EUR,Virement,Îles Caïmans,False
TXN-004853,CLT-0062,2025-09-01 14:42:30,4629.1,EUR,Dépôt,France,False
TXN-004854,CLT-0010,2025-11-07 14:42:30,4847.18,EUR,Virement international,Allemagne,False
TXN-004855,CLT-0026,2025-11-03 14:42:30,38914.71,EUR,Dépôt,Îles Caïmans,True
TXN-004856,CLT-0045,2026-04-03 14:42:30,2677.21,EUR,Retrait,Panama,False
TXN-004857,CLT-0071,2025-09-05 14:42:30,3471.89,EUR,Virement international,Panama,False
TXN-004858,CLT-0008,2025-06-30 14:42:30,3116.86,EUR,Virement international,Espagne,False
TXN-004859,CLT-0022,2026-04-05 14:42:30,3390.31,EUR,Virement international,Îles Caïmans,False
TXN-004860,CLT-0049,2026-03-18 14:42:30,4040.18,EUR,Paiement carte,Panama,False
TXN-004861,CLT-0027,2025-08-11 14:42:30,897.29,EUR,Virement,Allemagne,False
TXN-004862,CLT-0012,2025-07-25 14:42:30,3813.4,EUR,Virement international,France,False
TXN-004863,CLT-0009,2025-08-14 14:42:30,4963.84,EUR,Dépôt,Îles Caïmans,False
TXN-004864,CLT-0023,2025-07-07 14:42:30,644.41,EUR,Dépôt,France,False
TXN-004865,CLT-0074,2025-11-05 14:42:30,60919.16,EUR,Paiement carte,Allemagne,True
TXN-004866,CLT-0095,2025-07-17 14:42:30,4236.49,EUR,Virement,France,False
TXN-004867,CLT-0025,2025-09-14 14:42:30,35352.35,EUR,Dépôt,France,True
TXN-004868,CLT-0012,2025-10-20 14:42:30,1485.66,EUR,Retrait,Allemagne,False
TXN-004869,CLT-0047,2025-11-12 14:42:30,84790.88,EUR,Retrait,France,True
TXN-004870,CLT-0025,2026-04-24 14:42:30,1610.43,EUR,Virement,Espagne,False
TXN-004871,CLT-0012,2025-08-14 14:42:30,2254.4,EUR,Virement,France,False
TXN-004872,CLT-0047,2025-10-17 14:42:30,4441.12,EUR,Virement international,Espagne,False
TXN-004873,CLT-0053,2025-09-22 14:42:30,1571.18,EUR,Paiement carte,Allemagne,False
TXN-004874,CLT-0016,2025-12-09 14:42:30,1534.08,EUR,Virement international,France,False
TXN-004875,CLT-0079,2025-10-17 14:42:30,500.42,EUR,Virement international,Espagne,False
TXN-004876,CLT-0088,2025-12-07 14:42:30,284.83,EUR,Virement,France,False
TXN-004877,CLT-0096,2025-05-23 14:42:30,92537.81,EUR,Paiement carte,Îles Caïmans,True
TXN-004878,CLT-0097,2026-04-13 14:42:30,475.48,EUR,Virement international,France,False
TXN-004879,CLT-0052,2026-03-11 14:42:30,1257.79,EUR,Virement international,France,False
TXN-004880,CLT-0020,2026-03-10 14:42:30,2522.25,EUR,Virement,Russie,False
TXN-004881,CLT-0084,2026-02-15 14:42:30,3193.8,EUR,Paiement carte,Îles Caïmans,False
TXN-004882,CLT-0081,2026-02-03 14:42:30,162.08,EUR,Dépôt,Russie,False
TXN-004883,CLT-0096,2026-03-30 14:42:30,4662.67,EUR,Virement,France,False
TXN-004884,CLT-0082,2025-06-09 14:42:30,1159.67,EUR,Dépôt,Russie,False
TXN-004885,CLT-0059,2025-06-26 14:42:30,19542.22,EUR,Virement,Allemagne,True
TXN-004886,CLT-0085,2025-06-17 14:42:30,162.22,EUR,Paiement carte,Espagne,False
TXN-004887,CLT-0033,2026-03-09 14:42:30,3082.27,EUR,Retrait,Russie,False
TXN-004888,CLT-0012,2025-11-15 14:42:30,732.29,EUR,Dépôt,Panama,False
TXN-004889,CLT-0043,2026-04-21 14:42:30,3588.92,EUR,Virement international,France,False
TXN-004890,CLT-0067,2025-06-24 14:42:30,745.63,EUR,Paiement carte,France,False
TXN-004891,CLT-0004,2025-08-04 14:42:30,229.15,EUR,Retrait,France,False
TXN-004892,CLT-0039,2025-11-11 14:42:30,2098.36,EUR,Paiement carte,Espagne,False
TXN-004893,CLT-0078,2025-05-24 14:42:30,4025.17,EUR,Dépôt,France,False
TXN-004894,CLT-0082,2026-04-01 14:42:30,126.24,EUR,Virement international,Panama,False
TXN-004895,CLT-0027,2026-01-01 14:42:30,4815.05,EUR,Virement,France,False
TXN-004896,CLT-0056,2025-11-13 14:42:30,1652.85,EUR,Retrait,Allemagne,False
TXN-004897,CLT-0066,2025-08-26 14:42:30,2465.76,EUR,Paiement carte,Îles Caïmans,False
TXN-004898,CLT-0080,2025-07-03 14:42:30,3489.31,EUR,Retrait,France,False
TXN-004899,CLT-0054,2026-04-17 14:42:30,3298.42,EUR,Retrait,France,False
TXN-004900,CLT-0013,2026-03-29 14:42:30,124.92,EUR,Retrait,Îles Caïmans,False
TXN-004901,CLT-0036,2025-07-16 14:42:30,32311.47,EUR,Paiement carte,France,True
TXN-004902,CLT-0066,2026-01-24 14:42:30,3080.84,EUR,Virement,Allemagne,False
TXN-004903,CLT-0067,2026-01-02 14:42:30,3802.04,EUR,Virement international,Panama,False
TXN-004904,CLT-0038,2025-07-26 14:42:30,2805.0,EUR,Dépôt,France,False
TXN-004905,CLT-0059,2026-01-01 14:42:30,3769.89,EUR,Virement international,France,False
TXN-004906,CLT-0017,2025-09-30 14:42:30,1174.46,EUR,Virement international,Allemagne,False
TXN-004907,CLT-0061,2025-10-16 14:42:30,4414.7,EUR,Retrait,France,False
TXN-004908,CLT-0017,2026-01-20 14:42:30,1663.59,EUR,Paiement carte,Russie,False
TXN-004909,CLT-0098,2025-08-25 14:42:30,56423.61,EUR,Virement international,Îles Caïmans,True
TXN-004910,CLT-0043,2025-10-14 14:42:30,2648.32,EUR,Paiement carte,France,False
TXN-004911,CLT-0085,2025-06-08 14:42:30,842.33,EUR,Virement international,France,False
TXN-004912,CLT-0092,2026-02-18 14:42:30,802.66,EUR,Virement international,France,False
TXN-004913,CLT-0020,2026-01-22 14:42:30,562.81,EUR,Retrait,Panama,False
TXN-004914,CLT-0066,2025-08-25 14:42:30,2189.58,EUR,Dépôt,Îles Caïmans,False
TXN-004915,CLT-0063,2025-10-09 14:42:30,1497.15,EUR,Paiement carte,Russie,False
TXN-004916,CLT-0036,2025-10-21 14:42:30,3057.95,EUR,Dépôt,Allemagne,False
TXN-004917,CLT-0074,2025-12-21 14:42:30,1351.32,EUR,Dépôt,Russie,False
TXN-004918,CLT-0082,2025-11-12 14:42:30,405.95,EUR,Retrait,France,False
TXN-004919,CLT-0088,2025-11-18 14:42:30,1618.66,EUR,Dépôt,France,False
TXN-004920,CLT-0036,2025-09-05 14:42:30,3503.1,EUR,Virement international,Russie,False
TXN-004921,CLT-0009,2025-05-27 14:42:30,444.06,EUR,Dépôt,Îles Caïmans,False
TXN-004922,CLT-0055,2026-02-22 14:42:30,4913.97,EUR,Paiement carte,Panama,False
TXN-004923,CLT-0016,2025-06-14 14:42:30,4196.76,EUR,Virement international,Russie,False
TXN-004924,CLT-0079,2025-12-27 14:42:30,1679.88,EUR,Paiement carte,Panama,False
TXN-004925,CLT-0100,2025-11-11 14:42:30,368.99,EUR,Paiement carte,Espagne,False
TXN-004926,CLT-0068,2025-09-30 14:42:30,3060.77,EUR,Virement international,Îles Caïmans,False
TXN-004927,CLT-0073,2026-04-18 14:42:30,3615.9,EUR,Retrait,Panama,False
TXN-004928,CLT-0015,2026-04-12 14:42:30,4092.7,EUR,Paiement carte,Allemagne,False
TXN-004929,CLT-0074,2025-11-27 14:42:30,438.45,EUR,Paiement carte,France,False
TXN-004930,CLT-0068,2026-03-10 14:42:30,1411.1,EUR,Dépôt,Allemagne,False
TXN-004931,CLT-0062,2026-02-17 14:42:30,3317.46,EUR,Paiement carte,Îles Caïmans,False
TXN-004932,CLT-0099,2025-08-20 14:42:30,2842.95,EUR,Dépôt,Îles Caïmans,False
TXN-004933,CLT-0082,2026-04-01 14:42:30,256.08,EUR,Virement international,France,False
TXN-004934,CLT-0039,2026-02-02 14:42:30,3970.23,EUR,Virement international,France,False
TXN-004935,CLT-0057,2026-01-21 14:42:30,82326.91,EUR,Retrait,Panama,True
TXN-004936,CLT-0096,2025-10-21 14:42:30,2639.65,EUR,Paiement carte,France,False
TXN-004937,CLT-0054,2025-12-25 14:42:30,1638.22,EUR,Virement,Panama,False
TXN-004938,CLT-0006,2025-10-24 14:42:30,779.66,EUR,Virement international,Îles Caïmans,False
TXN-004939,CLT-0082,2025-10-19 14:42:30,1343.94,EUR,Retrait,Russie,False
TXN-004940,CLT-0051,2026-01-28 14:42:30,62734.0,EUR,Dépôt,France,True
TXN-004941,CLT-0068,2025-05-15 14:42:30,68106.03,EUR,Dépôt,Îles Caïmans,True
TXN-004942,CLT-0020,2025-05-29 14:42:30,3136.42,EUR,Virement international,Panama,False
TXN-004943,CLT-0046,2026-03-31 14:42:30,861.86,EUR,Dépôt,Allemagne,False
TXN-004944,CLT-0064,2025-06-03 14:42:30,4305.87,EUR,Paiement carte,Panama,False
TXN-004945,CLT-0021,2026-03-29 14:42:30,2749.62,EUR,Paiement carte,France,False
TXN-004946,CLT-0048,2025-07-07 14:42:30,1095.55,EUR,Paiement carte,Russie,False
TXN-004947,CLT-0001,2025-10-23 14:42:30,1342.3,EUR,Paiement carte,France,False
TXN-004948,CLT-0086,2026-04-01 14:42:30,4152.38,EUR,Virement international,France,False
TXN-004949,CLT-0048,2025-09-08 14:42:30,332.72,EUR,Dépôt,France,False
TXN-004950,CLT-0039,2025-12-23 14:42:30,3391.16,EUR,Virement,Espagne,False
TXN-004951,CLT-0087,2026-01-28 14:42:30,834.4,EUR,Virement,Îles Caïmans,False
TXN-004952,CLT-0067,2026-02-11 14:42:30,3103.36,EUR,Retrait,Panama,False
TXN-004953,CLT-0057,2025-09-30 14:42:30,2384.58,EUR,Paiement carte,Panama,False
TXN-004954,CLT-0062,2026-04-25 14:42:30,1603.0,EUR,Virement,Panama,False
TXN-004955,CLT-0084,2025-12-30 14:42:30,3629.17,EUR,Retrait,Espagne,False
TXN-004956,CLT-0061,2025-08-12 14:42:30,3831.52,EUR,Paiement carte,France,False
TXN-004957,CLT-0023,2025-07-29 14:42:30,2058.53,EUR,Retrait,France,False
TXN-004958,CLT-0007,2025-07-04 14:42:30,1335.5,EUR,Paiement carte,Îles Caïmans,False
TXN-004959,CLT-0015,2025-12-12 14:42:30,3472.73,EUR,Dépôt,Allemagne,False
TXN-004960,CLT-0007,2026-03-11 14:42:30,2324.43,EUR,Virement,France,False
TXN-004961,CLT-0060,2026-01-04 14:42:30,36973.25,EUR,Paiement carte,Allemagne,True
TXN-004962,CLT-0031,2025-12-30 14:42:30,3076.66,EUR,Virement,Espagne,False
TXN-004963,CLT-0046,2026-02-14 14:42:30,2423.95,EUR,Dépôt,Russie,False
TXN-004964,CLT-0014,2026-01-03 14:42:30,1690.46,EUR,Retrait,Panama,False
TXN-004965,CLT-0063,2025-06-23 14:42:30,4832.36,EUR,Dépôt,France,False
TXN-004966,CLT-0048,2025-06-15 14:42:30,1650.71,EUR,Paiement carte,Allemagne,False
TXN-004967,CLT-0019,2026-01-12 14:42:30,1577.23,EUR,Virement international,Panama,False
TXN-004968,CLT-0100,2026-05-04 14:42:30,1754.1,EUR,Virement international,Panama,False
TXN-004969,CLT-0047,2025-09-06 14:42:30,2993.05,EUR,Virement international,France,False
TXN-004970,CLT-0068,2026-02-23 14:42:30,2018.24,EUR,Dépôt,France,False
TXN-004971,CLT-0028,2026-01-11 14:42:30,2058.62,EUR,Dépôt,Russie,False
TXN-004972,CLT-0033,2026-03-22 14:42:30,9587.13,EUR,Paiement carte,Russie,True
TXN-004973,CLT-0086,2025-09-03 14:42:30,489.12,EUR,Virement international,Russie,False
TXN-004974,CLT-0032,2025-05-23 14:42:30,4035.12,EUR,Dépôt,France,False
TXN-004975,CLT-0044,2025-07-25 14:42:30,3571.09,EUR,Virement,Allemagne,False
TXN-004976,CLT-0099,2025-05-13 14:42:30,1424.17,EUR,Paiement carte,France,False
TXN-004977,CLT-0050,2025-07-06 14:42:30,10209.65,EUR,Virement,France,True
TXN-004978,CLT-0004,2025-05-31 14:42:30,38270.31,EUR,Virement,France,True
TXN-004979,CLT-0059,2025-10-29 14:42:30,185.98,EUR,Virement international,Espagne,False
TXN-004980,CLT-0090,2025-10-04 14:42:30,2449.52,EUR,Virement international,France,False
TXN-004981,CLT-0013,2025-05-30 14:42:30,1569.88,EUR,Paiement carte,France,False
TXN-004982,CLT-0100,2025-07-21 14:42:30,77437.01,EUR,Retrait,Îles Caïmans,True
TXN-004983,CLT-0026,2025-11-14 14:42:30,3387.51,EUR,Paiement carte,Russie,False
TXN-004984,CLT-0046,2025-06-03 14:42:30,1846.39,EUR,Virement international,Îles Caïmans,False
TXN-004985,CLT-0018,2026-03-09 14:42:30,13027.98,EUR,Virement international,Allemagne,True
TXN-004986,CLT-0030,2026-01-24 14:42:30,436.02,EUR,Dépôt,France,False
TXN-004987,CLT-0035,2026-04-05 14:42:30,3064.34,EUR,Retrait,France,False
TXN-004988,CLT-0022,2025-12-06 14:42:30,4554.77,EUR,Paiement carte,Espagne,False
TXN-004989,CLT-0087,2025-10-18 14:42:30,1141.29,EUR,Retrait,Panama,False
TXN-004990,CLT-0053,2025-07-27 14:42:30,3861.74,EUR,Paiement carte,France,False
TXN-004991,CLT-0026,2026-05-02 14:42:30,1347.47,EUR,Virement,France,False
TXN-004992,CLT-0047,2026-01-17 14:42:30,3370.99,EUR,Paiement carte,Panama,False
TXN-004993,CLT-0066,2026-05-01 14:42:30,775.3,EUR,Retrait,Panama,False
TXN-004994,CLT-0031,2025-10-13 14:42:30,4958.4,EUR,Paiement carte,Espagne,False
TXN-004995,CLT-0065,2026-03-02 14:42:30,4001.6,EUR,Virement international,Îles Caïmans,False
TXN-004996,CLT-0017,2026-03-29 14:42:30,2920.54,EUR,Retrait,Allemagne,False
TXN-004997,CLT-0081,2025-12-29 14:42:30,839.57,EUR,Retrait,Panama,False
TXN-004998,CLT-0014,2026-04-01 14:42:30,4027.47,EUR,Virement international,Russie,False
TXN-004999,CLT-0043,2026-02-27 14:42:30,2737.31,EUR,Virement international,Espagne,False
TXN-005000,CLT-0058,2025-12-01 14:42:30,3793.53,EUR,Dépôt,Espagne,False
TXN-005001,CLT-0024,2026-01-24 14:42:30,1867.78,EUR,Dépôt,Panama,False
TXN-005002,CLT-0067,2026-03-18 14:42:30,4623.43,EUR,Virement,Panama,False
TXN-005003,CLT-0025,2025-09-25 14:42:30,41238.05,EUR,Virement international,France,True
TXN-005004,CLT-0071,2026-01-28 14:42:30,730.48,EUR,Virement international,France,False
TXN-005005,CLT-0066,2025-10-06 14:42:30,1089.77,EUR,Dépôt,France,False
TXN-005006,CLT-0011,2025-09-01 14:42:30,4490.07,EUR,Dépôt,Îles Caïmans,False
TXN-005007,CLT-0034,2026-04-05 14:42:30,837.4,EUR,Virement international,Allemagne,False
TXN-005008,CLT-0013,2026-04-13 14:42:30,1624.98,EUR,Virement,France,False
TXN-005009,CLT-0002,2025-10-26 14:42:30,2713.1,EUR,Retrait,France,False
TXN-005010,CLT-0038,2025-10-23 14:42:30,4393.46,EUR,Paiement carte,Russie,False
TXN-005011,CLT-0085,2025-10-10 14:42:30,57851.87,EUR,Paiement carte,Îles Caïmans,True
TXN-005012,CLT-0049,2025-09-17 14:42:30,55281.29,EUR,Retrait,Panama,True
TXN-005013,CLT-0089,2025-09-08 14:42:30,44632.89,EUR,Virement,Îles Caïmans,True
TXN-005014,CLT-0006,2026-02-27 14:42:30,478.11,EUR,Dépôt,Îles Caïmans,False
TXN-005015,CLT-0065,2026-03-22 14:42:30,3287.29,EUR,Paiement carte,Allemagne,False
TXN-005016,CLT-0021,2025-06-04 14:42:30,85086.19,EUR,Paiement carte,Espagne,True
TXN-005017,CLT-0079,2026-01-02 14:42:30,3981.27,EUR,Paiement carte,Russie,False
TXN-005018,CLT-0052,2026-04-01 14:42:30,2948.22,EUR,Virement,Panama,False
TXN-005019,CLT-0078,2026-01-15 14:42:30,3426.58,EUR,Virement,Îles Caïmans,False
TXN-005020,CLT-0005,2025-07-26 14:42:30,1258.36,EUR,Virement international,Russie,False
TXN-005021,CLT-0044,2026-03-08 14:42:30,1155.05,EUR,Virement,Russie,False
TXN-005022,CLT-0095,2026-04-08 14:42:30,625.68,EUR,Dépôt,France,False
TXN-005023,CLT-0075,2026-03-02 14:42:30,4967.42,EUR,Paiement carte,Russie,False
TXN-005024,CLT-0016,2026-02-13 14:42:30,2317.23,EUR,Dépôt,Allemagne,False
TXN-005025,CLT-0094,2025-10-22 14:42:30,29660.24,EUR,Retrait,Panama,True
TXN-005026,CLT-0018,2026-05-12 14:42:30,2013.63,EUR,Retrait,France,False
TXN-005027,CLT-0071,2026-05-01 14:42:30,3677.5,EUR,Virement international,Russie,False
TXN-005028,CLT-0019,2026-05-08 14:42:30,1388.96,EUR,Virement international,Allemagne,False
TXN-005029,CLT-0030,2025-08-07 14:42:30,4968.34,EUR,Virement international,Espagne,False
TXN-005030,CLT-0011,2025-06-20 14:42:30,4197.59,EUR,Virement,Îles Caïmans,False
TXN-005031,CLT-0011,2025-11-27 14:42:30,1204.17,EUR,Paiement carte,Espagne,False
TXN-005032,CLT-0028,2025-07-24 14:42:30,1276.07,EUR,Dépôt,France,False
TXN-005033,CLT-0039,2026-04-02 14:42:30,22174.42,EUR,Virement,France,True
TXN-005034,CLT-0012,2026-02-06 14:42:30,2719.97,EUR,Virement international,Panama,False
TXN-005035,CLT-0091,2025-07-19 14:42:30,4758.05,EUR,Paiement carte,France,False
TXN-005036,CLT-0059,2025-07-09 14:42:30,1700.99,EUR,Virement,Russie,False
TXN-005037,CLT-0090,2025-09-07 14:42:30,416.42,EUR,Virement,Allemagne,False
TXN-005038,CLT-0008,2025-09-24 14:42:30,43740.08,EUR,Virement international,Espagne,True
TXN-005039,CLT-0049,2025-05-21 14:42:30,30067.48,EUR,Virement,Panama,True
TXN-005040,CLT-0030,2025-08-10 14:42:30,42117.96,EUR,Virement international,Panama,True
TXN-005041,CLT-0034,2025-07-31 14:42:30,2246.61,EUR,Virement,Russie,False
TXN-005042,CLT-0086,2025-09-18 14:42:30,2024.52,EUR,Paiement carte,France,False
TXN-005043,CLT-0042,2025-12-06 14:42:30,32343.93,EUR,Virement international,Russie,True
TXN-005044,CLT-0011,2026-01-14 14:42:30,3344.8,EUR,Paiement carte,Allemagne,False
TXN-005045,CLT-0075,2025-12-29 14:42:30,27644.45,EUR,Paiement carte,Russie,True
TXN-005046,CLT-0034,2025-08-31 14:42:30,3777.1,EUR,Dépôt,France,False
TXN-005047,CLT-0069,2025-12-21 14:42:30,1517.95,EUR,Virement,Espagne,False
TXN-005048,CLT-0015,2026-01-22 14:42:30,4916.26,EUR,Virement international,France,False
TXN-005049,CLT-0038,2025-11-20 14:42:30,1941.21,EUR,Retrait,Russie,False
TXN-005050,CLT-0047,2025-07-19 14:42:30,59708.58,EUR,Virement international,Espagne,True
TXN-005051,CLT-0014,2026-03-14 14:42:30,2073.65,EUR,Virement,France,False
TXN-005052,CLT-0051,2025-09-13 14:42:30,4966.22,EUR,Dépôt,Russie,False
TXN-005053,CLT-0054,2025-11-15 14:42:30,3371.32,EUR,Dépôt,Russie,False
TXN-005054,CLT-0020,2025-09-22 14:42:30,57178.87,EUR,Retrait,Îles Caïmans,True
TXN-005055,CLT-0044,2025-08-27 14:42:30,1058.34,EUR,Dépôt,France,False
TXN-005056,CLT-0065,2025-07-06 14:42:30,2904.05,EUR,Dépôt,Îles Caïmans,False
TXN-005057,CLT-0002,2025-10-12 14:42:30,1750.89,EUR,Paiement carte,Îles Caïmans,False
TXN-005058,CLT-0084,2026-02-09 14:42:30,3647.28,EUR,Paiement carte,France,False
TXN-005059,CLT-0071,2025-10-16 14:42:30,669.76,EUR,Paiement carte,France,False
TXN-005060,CLT-0059,2025-09-30 14:42:30,4312.89,EUR,Paiement carte,Panama,False
TXN-005061,CLT-0073,2026-01-28 14:42:30,3786.78,EUR,Virement international,Îles Caïmans,False
TXN-005062,CLT-0076,2025-09-16 14:42:30,27385.44,EUR,Retrait,Russie,True
TXN-005063,CLT-0057,2026-04-15 14:42:30,76323.24,EUR,Retrait,Panama,True
TXN-005064,CLT-0023,2025-10-11 14:42:30,56189.18,EUR,Retrait,France,True
TXN-005065,CLT-0022,2025-06-13 14:42:30,4834.51,EUR,Dépôt,Allemagne,False
TXN-005066,CLT-0007,2026-01-10 14:42:30,971.04,EUR,Retrait,Allemagne,False
TXN-005067,CLT-0036,2026-01-04 14:42:30,4646.08,EUR,Paiement carte,France,False
TXN-005068,CLT-0049,2026-04-29 14:42:30,4073.83,EUR,Virement international,Espagne,False
TXN-005069,CLT-0052,2026-05-12 14:42:30,3403.45,EUR,Virement international,Panama,False
TXN-005070,CLT-0069,2025-10-01 14:42:30,961.74,EUR,Paiement carte,Panama,False
TXN-005071,CLT-0018,2026-03-28 14:42:30,2997.94,EUR,Virement international,Panama,False
TXN-005072,CLT-0005,2026-04-19 14:42:30,3579.86,EUR,Paiement carte,Espagne,False
TXN-005073,CLT-0044,2025-08-02 14:42:30,4430.05,EUR,Dépôt,Russie,False
TXN-005074,CLT-0015,2026-03-20 14:42:30,1709.81,EUR,Virement international,France,False
TXN-005075,CLT-0019,2025-12-05 14:42:30,1816.93,EUR,Virement international,France,False
TXN-005076,CLT-0098,2025-10-15 14:42:30,4872.39,EUR,Dépôt,France,False
TXN-005077,CLT-0072,2025-09-10 14:42:30,4005.56,EUR,Paiement carte,Russie,False
TXN-005078,CLT-0006,2026-02-10 14:42:30,146.79,EUR,Retrait,France,False
TXN-005079,CLT-0062,2026-04-05 14:42:30,1253.04,EUR,Virement,France,False
TXN-005080,CLT-0072,2025-11-28 14:42:30,3588.24,EUR,Paiement carte,Îles Caïmans,False
TXN-005081,CLT-0085,2025-07-22 14:42:30,4757.59,EUR,Retrait,Russie,False
TXN-005082,CLT-0067,2026-02-21 14:42:30,3885.91,EUR,Paiement carte,Allemagne,False
TXN-005083,CLT-0021,2026-01-05 14:42:30,3501.34,EUR,Dépôt,Panama,False
TXN-005084,CLT-0061,2026-03-17 14:42:30,876.67,EUR,Virement international,Îles Caïmans,False
TXN-005085,CLT-0031,2026-05-09 14:42:30,583.13,EUR,Retrait,France,False
TXN-005086,CLT-0001,2025-09-14 14:42:30,2537.73,EUR,Virement,Panama,False
TXN-005087,CLT-0063,2025-08-17 14:42:30,11595.49,EUR,Dépôt,Panama,True
TXN-005088,CLT-0019,2026-05-03 14:42:30,758.81,EUR,Retrait,France,False
TXN-005089,CLT-0039,2025-11-10 14:42:30,85207.89,EUR,Dépôt,Espagne,True
TXN-005090,CLT-0080,2025-08-31 14:42:30,31962.13,EUR,Retrait,France,True
TXN-005091,CLT-0054,2025-10-18 14:42:30,85260.0,EUR,Retrait,Russie,True
TXN-005092,CLT-0046,2026-03-24 14:42:30,3701.21,EUR,Retrait,Îles Caïmans,False
TXN-005093,CLT-0036,2026-01-04 14:42:30,2860.05,EUR,Retrait,France,False
TXN-005094,CLT-0062,2026-04-15 14:42:30,3609.34,EUR,Virement international,Panama,False
TXN-005095,CLT-0026,2026-02-06 14:42:30,2718.84,EUR,Virement,Panama,False
TXN-005096,CLT-0089,2026-01-12 14:42:30,2472.12,EUR,Virement international,Allemagne,False
TXN-005097,CLT-0055,2026-05-08 14:42:30,3539.02,EUR,Virement,France,False
TXN-005098,CLT-0020,2025-07-13 14:42:30,1684.51,EUR,Retrait,France,False
TXN-005099,CLT-0069,2025-06-08 14:42:30,386.63,EUR,Dépôt,France,False
TXN-005100,CLT-0047,2026-03-26 14:42:30,2306.91,EUR,Virement,France,False
TXN-005101,CLT-0086,2025-09-08 14:42:30,2486.79,EUR,Retrait,France,False
TXN-005102,CLT-0017,2025-07-25 14:42:30,1758.48,EUR,Virement,France,False
TXN-005103,CLT-0017,2025-11-14 14:42:30,782.14,EUR,Retrait,Allemagne,False
TXN-005104,CLT-0001,2025-09-25 14:42:30,4847.96,EUR,Dépôt,Allemagne,False
TXN-005105,CLT-0021,2025-08-28 14:42:30,2931.6,EUR,Virement international,France,False
TXN-005106,CLT-0048,2025-06-24 14:42:30,4823.69,EUR,Dépôt,France,False
TXN-005107,CLT-0083,2025-07-08 14:42:30,81281.65,EUR,Paiement carte,France,True
TXN-005108,CLT-0060,2026-05-04 14:42:30,832.72,EUR,Dépôt,Russie,False
TXN-005109,CLT-0024,2025-12-06 14:42:30,4297.46,EUR,Dépôt,Russie,False
TXN-005110,CLT-0050,2026-02-21 14:42:30,2918.29,EUR,Retrait,Panama,False
TXN-005111,CLT-0031,2025-08-07 14:42:30,2590.49,EUR,Virement,France,False
TXN-005112,CLT-0094,2025-09-15 14:42:30,2879.77,EUR,Paiement carte,Allemagne,False
TXN-005113,CLT-0060,2025-05-16 14:42:30,3232.36,EUR,Paiement carte,France,False
TXN-005114,CLT-0082,2026-02-05 14:42:30,1296.84,EUR,Dépôt,Allemagne,False
TXN-005115,CLT-0080,2025-12-09 14:42:30,1719.61,EUR,Paiement carte,Russie,False
TXN-005116,CLT-0047,2025-11-02 14:42:30,4872.69,EUR,Paiement carte,France,False
TXN-005117,CLT-0040,2025-05-14 14:42:30,2036.44,EUR,Retrait,France,False
TXN-005118,CLT-0007,2025-07-25 14:42:30,3070.78,EUR,Retrait,Espagne,False
TXN-005119,CLT-0038,2025-06-19 14:42:30,3239.9,EUR,Retrait,Espagne,False
TXN-005120,CLT-0081,2026-04-18 14:42:30,4322.08,EUR,Virement,France,False
TXN-005121,CLT-0054,2026-04-10 14:42:30,57.32,EUR,Dépôt,Russie,False
TXN-005122,CLT-0022,2025-12-17 14:42:30,2081.85,EUR,Paiement carte,Îles Caïmans,False
TXN-005123,CLT-0017,2026-03-04 14:42:30,4845.34,EUR,Dépôt,Espagne,False
TXN-005124,CLT-0053,2026-01-20 14:42:30,4614.99,EUR,Virement international,Allemagne,False
TXN-005125,CLT-0081,2025-12-27 14:42:30,74161.29,EUR,Virement,France,True
TXN-005126,CLT-0014,2026-01-10 14:42:30,750.06,EUR,Virement,Russie,False
TXN-005127,CLT-0009,2025-12-05 14:42:30,919.57,EUR,Dépôt,Russie,False
TXN-005128,CLT-0002,2025-07-25 14:42:30,1648.01,EUR,Virement,France,False
TXN-005129,CLT-0029,2025-07-05 14:42:30,638.11,EUR,Retrait,Panama,False
TXN-005130,CLT-0058,2025-12-25 14:42:30,4925.41,EUR,Dépôt,France,False
TXN-005131,CLT-0098,2026-01-09 14:42:30,2698.13,EUR,Dépôt,Îles Caïmans,False
TXN-005132,CLT-0062,2025-09-09 14:42:30,4558.85,EUR,Virement,Panama,False
TXN-005133,CLT-0022,2026-02-16 14:42:30,2979.69,EUR,Paiement carte,France,False
TXN-005134,CLT-0052,2026-01-13 14:42:30,2330.22,EUR,Dépôt,France,False
TXN-005135,CLT-0073,2025-07-08 14:42:30,25642.94,EUR,Virement,France,True
TXN-005136,CLT-0039,2025-10-04 14:42:30,3184.41,EUR,Paiement carte,Îles Caïmans,False
TXN-005137,CLT-0039,2025-12-05 14:42:30,81141.86,EUR,Retrait,Russie,True
TXN-005138,CLT-0042,2025-05-17 14:42:30,1254.6,EUR,Dépôt,Espagne,False
TXN-005139,CLT-0023,2025-12-19 14:42:30,271.96,EUR,Retrait,France,False
TXN-005140,CLT-0093,2026-03-01 14:42:30,2468.62,EUR,Virement,Îles Caïmans,False
TXN-005141,CLT-0074,2025-12-27 14:42:30,1824.79,EUR,Retrait,Allemagne,False
TXN-005142,CLT-0052,2025-07-23 14:42:30,1163.68,EUR,Virement international,France,False
TXN-005143,CLT-0076,2025-06-04 14:42:30,4269.82,EUR,Retrait,Panama,False
TXN-005144,CLT-0029,2025-05-23 14:42:30,2349.36,EUR,Dépôt,Russie,False
TXN-005145,CLT-0013,2025-08-25 14:42:30,4137.91,EUR,Retrait,Allemagne,False
TXN-005146,CLT-0044,2025-12-23 14:42:30,49881.96,EUR,Retrait,Allemagne,True
TXN-005147,CLT-0040,2025-10-09 14:42:30,93761.14,EUR,Virement,France,True
TXN-005148,CLT-0003,2026-01-04 14:42:30,3793.18,EUR,Virement international,Panama,False
TXN-005149,CLT-0008,2026-02-22 14:42:30,4096.47,EUR,Retrait,Allemagne,False
TXN-005150,CLT-0052,2026-04-06 14:42:30,1627.74,EUR,Virement,France,False
TXN-005151,CLT-0004,2026-03-25 14:42:30,669.02,EUR,Paiement carte,France,False
TXN-005152,CLT-0064,2025-08-13 14:42:30,1788.91,EUR,Virement,Espagne,False
TXN-005153,CLT-0020,2025-12-25 14:42:30,3494.34,EUR,Retrait,Espagne,False
TXN-005154,CLT-0011,2026-04-07 14:42:30,1972.42,EUR,Virement international,France,False
TXN-005155,CLT-0017,2026-03-30 14:42:30,1867.59,EUR,Dépôt,Allemagne,False
TXN-005156,CLT-0099,2025-09-07 14:42:30,4065.18,EUR,Virement international,France,False
TXN-005157,CLT-0003,2025-11-18 14:42:30,4223.96,EUR,Dépôt,Allemagne,False
TXN-005158,CLT-0098,2026-01-03 14:42:30,1557.2,EUR,Virement,Russie,False
TXN-005159,CLT-0046,2025-12-04 14:42:30,68204.57,EUR,Paiement carte,France,True
TXN-005160,CLT-0023,2026-01-15 14:42:30,1967.74,EUR,Virement international,France,False
TXN-005161,CLT-0056,2026-05-05 14:42:30,2053.8,EUR,Virement,Îles Caïmans,False
TXN-005162,CLT-0086,2025-06-04 14:42:30,82130.45,EUR,Virement international,Panama,True
TXN-005163,CLT-0041,2026-01-12 14:42:30,3583.43,EUR,Retrait,France,False
TXN-005164,CLT-0010,2025-10-02 14:42:30,13.87,EUR,Dépôt,France,False
TXN-005165,CLT-0072,2025-07-07 14:42:30,283.13,EUR,Paiement carte,Panama,False
TXN-005166,CLT-0059,2025-09-27 14:42:30,2105.93,EUR,Virement,Espagne,False
TXN-005167,CLT-0004,2025-10-09 14:42:30,1086.7,EUR,Virement international,France,False
TXN-005168,CLT-0006,2026-03-19 14:42:30,2968.37,EUR,Virement,Espagne,False
TXN-005169,CLT-0007,2026-03-25 14:42:30,2093.81,EUR,Retrait,France,False
TXN-005170,CLT-0072,2025-08-30 14:42:30,2572.09,EUR,Virement,Allemagne,False
TXN-005171,CLT-0085,2025-10-25 14:42:30,77534.64,EUR,Virement,Îles Caïmans,True
TXN-005172,CLT-0053,2026-03-16 14:42:30,2778.76,EUR,Virement international,Russie,False
TXN-005173,CLT-0068,2026-03-29 14:42:30,3671.96,EUR,Dépôt,Îles Caïmans,False
TXN-005174,CLT-0081,2025-11-15 14:42:30,238.27,EUR,Virement,Îles Caïmans,False
TXN-005175,CLT-0069,2025-08-01 14:42:30,2007.3,EUR,Retrait,Îles Caïmans,False
TXN-005176,CLT-0062,2026-05-07 14:42:30,2624.79,EUR,Retrait,Russie,False
TXN-005177,CLT-0071,2025-06-21 14:42:30,18.87,EUR,Virement,Espagne,False
TXN-005178,CLT-0027,2025-09-21 14:42:30,3165.05,EUR,Dépôt,Îles Caïmans,False
TXN-005179,CLT-0094,2026-01-19 14:42:30,2335.89,EUR,Virement,Allemagne,False
TXN-005180,CLT-0067,2025-09-28 14:42:30,42829.78,EUR,Virement international,Panama,True
TXN-005181,CLT-0078,2025-12-19 14:42:30,30211.38,EUR,Virement international,Allemagne,True
TXN-005182,CLT-0050,2025-12-31 14:42:30,4459.58,EUR,Paiement carte,Espagne,False
TXN-005183,CLT-0068,2025-10-31 14:42:30,4719.66,EUR,Virement international,Îles Caïmans,False
TXN-005184,CLT-0044,2025-07-30 14:42:30,351.21,EUR,Paiement carte,France,False
TXN-005185,CLT-0006,2025-10-05 14:42:30,34476.01,EUR,Dépôt,Panama,True
TXN-005186,CLT-0032,2025-12-09 14:42:30,1044.07,EUR,Virement,France,False
TXN-005187,CLT-0076,2026-01-26 14:42:30,3282.55,EUR,Retrait,France,False
TXN-005188,CLT-0045,2025-08-16 14:42:30,682.17,EUR,Paiement carte,Panama,False
TXN-005189,CLT-0091,2025-09-15 14:42:30,1077.5,EUR,Paiement carte,Russie,False
TXN-005190,CLT-0013,2026-01-31 14:42:30,101.96,EUR,Paiement carte,Russie,False
TXN-005191,CLT-0021,2025-07-14 14:42:30,2410.35,EUR,Paiement carte,France,False
TXN-005192,CLT-0020,2025-06-03 14:42:30,2742.05,EUR,Virement,France,False
TXN-005193,CLT-0048,2026-03-04 14:42:30,65836.41,EUR,Dépôt,Panama,True
TXN-005194,CLT-0038,2025-11-19 14:42:30,3294.34,EUR,Virement international,France,False
TXN-005195,CLT-0086,2026-04-25 14:42:30,3724.44,EUR,Virement international,Allemagne,False
TXN-005196,CLT-0059,2025-06-24 14:42:30,2484.92,EUR,Retrait,Russie,False
TXN-005197,CLT-0028,2025-10-25 14:42:30,40843.07,EUR,Virement,Allemagne,True
TXN-005198,CLT-0068,2026-01-06 14:42:30,3861.98,EUR,Retrait,France,False
TXN-005199,CLT-0029,2025-12-15 14:42:30,58482.89,EUR,Dépôt,France,True
TXN-005200,CLT-0003,2026-01-18 14:42:30,3096.12,EUR,Paiement carte,Espagne,False
TXN-005201,CLT-0083,2025-07-28 14:42:30,94268.3,EUR,Paiement carte,Panama,True
TXN-005202,CLT-0020,2025-10-27 14:42:30,2072.43,EUR,Virement international,Russie,False
TXN-005203,CLT-0078,2025-08-19 14:42:30,1802.54,EUR,Paiement carte,France,False
TXN-005204,CLT-0081,2025-11-27 14:42:30,21502.65,EUR,Paiement carte,France,True
TXN-005205,CLT-0017,2026-04-24 14:42:30,19083.34,EUR,Retrait,Espagne,True
TXN-005206,CLT-0058,2025-09-16 14:42:30,41255.02,EUR,Virement,France,True
TXN-005207,CLT-0073,2025-08-21 14:42:30,3299.88,EUR,Virement,Espagne,False
TXN-005208,CLT-0022,2025-06-25 14:42:30,52942.7,EUR,Virement international,France,True
TXN-005209,CLT-0006,2025-10-05 14:42:30,2069.96,EUR,Virement international,France,False
TXN-005210,CLT-0063,2026-03-09 14:42:30,1095.37,EUR,Virement international,Espagne,False
TXN-005211,CLT-0005,2025-07-03 14:42:30,2434.71,EUR,Virement international,Îles Caïmans,False
TXN-005212,CLT-0018,2025-11-27 14:42:30,2087.26,EUR,Paiement carte,Îles Caïmans,False
TXN-005213,CLT-0039,2025-12-20 14:42:30,4147.35,EUR,Dépôt,France,False
TXN-005214,CLT-0089,2026-01-01 14:42:30,21926.15,EUR,Virement international,France,True
TXN-005215,CLT-0025,2025-10-24 14:42:30,2725.66,EUR,Virement,Allemagne,False
TXN-005216,CLT-0039,2026-04-04 14:42:30,1181.18,EUR,Dépôt,France,False
TXN-005217,CLT-0069,2026-03-18 14:42:30,377.63,EUR,Virement,France,False
TXN-005218,CLT-0016,2025-07-17 14:42:30,1909.44,EUR,Dépôt,France,False
TXN-005219,CLT-0053,2025-07-24 14:42:30,1250.2,EUR,Virement,Îles Caïmans,False
TXN-005220,CLT-0065,2026-03-27 14:42:30,30941.4,EUR,Virement international,France,True
TXN-005221,CLT-0017,2025-07-02 14:42:30,4074.77,EUR,Dépôt,Îles Caïmans,False
TXN-005222,CLT-0039,2026-03-01 14:42:30,3385.94,EUR,Paiement carte,Îles Caïmans,False
TXN-005223,CLT-0038,2026-01-25 14:42:30,3348.71,EUR,Virement,France,False
TXN-005224,CLT-0026,2026-03-27 14:42:30,401.67,EUR,Virement,France,False
TXN-005225,CLT-0082,2025-07-30 14:42:30,82634.28,EUR,Virement,Espagne,True
TXN-005226,CLT-0090,2026-03-31 14:42:30,93544.79,EUR,Retrait,France,True
TXN-005227,CLT-0086,2025-07-17 14:42:30,588.06,EUR,Virement,Espagne,False
TXN-005228,CLT-0054,2025-11-10 14:42:30,202.38,EUR,Virement,Espagne,False
TXN-005229,CLT-0059,2025-10-28 14:42:30,4035.29,EUR,Virement,Espagne,False
TXN-005230,CLT-0028,2025-08-17 14:42:30,2521.61,EUR,Virement,France,False
TXN-005231,CLT-0098,2025-11-13 14:42:30,1320.75,EUR,Paiement carte,Espagne,False
TXN-005232,CLT-0059,2026-02-24 14:42:30,634.46,EUR,Dépôt,Russie,False
TXN-005233,CLT-0093,2025-09-23 14:42:30,3954.89,EUR,Dépôt,France,False
TXN-005234,CLT-0034,2025-09-25 14:42:30,4290.68,EUR,Dépôt,Russie,False
TXN-005235,CLT-0078,2026-01-07 14:42:30,90003.43,EUR,Virement,Allemagne,True
TXN-005236,CLT-0037,2025-07-03 14:42:30,4848.66,EUR,Virement,France,False
TXN-005237,CLT-0010,2025-12-11 14:42:30,2028.56,EUR,Virement,Îles Caïmans,False
TXN-005238,CLT-0045,2025-09-25 14:42:30,22601.18,EUR,Retrait,France,True
TXN-005239,CLT-0063,2025-11-16 14:42:30,2787.04,EUR,Paiement carte,Allemagne,False
TXN-005240,CLT-0004,2026-04-02 14:42:30,80776.88,EUR,Virement international,Îles Caïmans,True
TXN-005241,CLT-0022,2026-03-26 14:42:30,1483.66,EUR,Dépôt,Allemagne,False
TXN-005242,CLT-0003,2025-12-17 14:42:30,1948.6,EUR,Virement,Espagne,False
TXN-005243,CLT-0060,2025-10-21 14:42:30,4753.41,EUR,Virement international,Espagne,False
TXN-005244,CLT-0082,2025-06-22 14:42:30,1899.07,EUR,Virement international,Espagne,False
TXN-005245,CLT-0002,2025-09-16 14:42:30,2588.65,EUR,Retrait,Îles Caïmans,False
TXN-005246,CLT-0059,2026-04-16 14:42:30,136.51,EUR,Paiement carte,France,False
TXN-005247,CLT-0084,2026-01-20 14:42:30,2228.13,EUR,Paiement carte,Panama,False
TXN-005248,CLT-0026,2026-02-01 14:42:30,1556.61,EUR,Virement,Russie,False
TXN-005249,CLT-0057,2026-04-06 14:42:30,562.13,EUR,Virement,Îles Caïmans,False
TXN-005250,CLT-0079,2025-12-22 14:42:30,4963.58,EUR,Virement,France,False
TXN-005251,CLT-0012,2025-12-14 14:42:30,1347.57,EUR,Dépôt,Panama,False
TXN-005252,CLT-0030,2025-12-21 14:42:30,2120.14,EUR,Retrait,Allemagne,False
TXN-005253,CLT-0073,2025-06-08 14:42:30,2599.72,EUR,Paiement carte,Panama,False
TXN-005254,CLT-0014,2025-07-27 14:42:30,817.18,EUR,Paiement carte,France,False
TXN-005255,CLT-0032,2025-11-10 14:42:30,3637.19,EUR,Virement,France,False
TXN-005256,CLT-0075,2025-07-18 14:42:30,3476.71,EUR,Retrait,Îles Caïmans,False
TXN-005257,CLT-0093,2026-01-24 14:42:30,4899.93,EUR,Paiement carte,France,False
TXN-005258,CLT-0059,2025-06-16 14:42:30,3070.98,EUR,Retrait,France,False
TXN-005259,CLT-0039,2025-07-27 14:42:30,1090.12,EUR,Paiement carte,France,False
TXN-005260,CLT-0026,2026-02-25 14:42:30,2481.6,EUR,Virement international,Panama,False
TXN-005261,CLT-0085,2025-11-26 14:42:30,1886.82,EUR,Retrait,France,False
TXN-005262,CLT-0071,2025-10-27 14:42:30,3297.68,EUR,Paiement carte,France,False
TXN-005263,CLT-0036,2026-01-10 14:42:30,400.42,EUR,Virement international,Allemagne,False
TXN-005264,CLT-0078,2025-09-09 14:42:30,4473.79,EUR,Paiement carte,Russie,False
TXN-005265,CLT-0047,2025-11-07 14:42:30,2157.8,EUR,Virement international,France,False
TXN-005266,CLT-0060,2025-12-01 14:42:30,1152.69,EUR,Virement international,France,False
TXN-005267,CLT-0018,2025-10-27 14:42:30,70387.58,EUR,Dépôt,France,True
TXN-005268,CLT-0079,2025-08-01 14:42:30,4059.22,EUR,Retrait,Panama,False
TXN-005269,CLT-0027,2025-10-20 14:42:30,1971.79,EUR,Virement international,Russie,False
TXN-005270,CLT-0081,2025-06-08 14:42:30,89664.42,EUR,Dépôt,Panama,True
TXN-005271,CLT-0077,2026-01-15 14:42:30,4236.31,EUR,Retrait,Espagne,False
TXN-005272,CLT-0093,2026-03-24 14:42:30,2382.43,EUR,Virement international,Îles Caïmans,False
TXN-005273,CLT-0047,2026-02-25 14:42:30,3739.34,EUR,Dépôt,France,False
TXN-005274,CLT-0043,2026-04-15 14:42:30,4262.7,EUR,Virement,France,False
TXN-005275,CLT-0086,2026-04-19 14:42:30,277.44,EUR,Virement,France,False
TXN-005276,CLT-0042,2026-04-01 14:42:30,3751.73,EUR,Paiement carte,France,False
TXN-005277,CLT-0025,2025-09-20 14:42:30,4231.98,EUR,Virement international,Espagne,False
TXN-005278,CLT-0081,2025-06-28 14:42:30,4840.03,EUR,Virement international,France,False
TXN-005279,CLT-0001,2026-01-15 14:42:30,15631.64,EUR,Virement,France,True
TXN-005280,CLT-0086,2025-12-09 14:42:30,974.15,EUR,Paiement carte,France,False
TXN-005281,CLT-0072,2025-05-16 14:42:30,3436.13,EUR,Paiement carte,Russie,False
TXN-005282,CLT-0010,2026-01-22 14:42:30,66625.28,EUR,Virement,Espagne,True
TXN-005283,CLT-0087,2025-09-03 14:42:30,2650.83,EUR,Paiement carte,Allemagne,False
TXN-005284,CLT-0041,2025-11-09 14:42:30,2069.33,EUR,Paiement carte,France,False
TXN-005285,CLT-0099,2026-04-07 14:42:30,640.96,EUR,Virement international,France,False
TXN-005286,CLT-0097,2026-01-24 14:42:30,114.75,EUR,Virement,Îles Caïmans,False
TXN-005287,CLT-0009,2025-10-29 14:42:30,616.61,EUR,Retrait,France,False
TXN-005288,CLT-0089,2026-03-15 14:42:30,2073.17,EUR,Paiement carte,Allemagne,False
TXN-005289,CLT-0079,2025-06-27 14:42:30,954.48,EUR,Virement international,France,False
TXN-005290,CLT-0002,2025-12-24 14:42:30,2317.58,EUR,Retrait,France,False
TXN-005291,CLT-0092,2026-04-09 14:42:30,2891.25,EUR,Virement international,Allemagne,False
TXN-005292,CLT-0069,2026-03-03 14:42:30,4887.78,EUR,Retrait,Îles Caïmans,False
TXN-005293,CLT-0049,2026-02-13 14:42:30,4558.43,EUR,Virement international,Allemagne,False
TXN-005294,CLT-0073,2025-06-28 14:42:30,1307.58,EUR,Dépôt,France,False
TXN-005295,CLT-0054,2025-07-03 14:42:30,1571.98,EUR,Dépôt,Espagne,False
TXN-005296,CLT-0096,2026-01-06 14:42:30,2605.98,EUR,Paiement carte,Îles Caïmans,False
TXN-005297,CLT-0010,2026-03-15 14:42:30,4361.82,EUR,Dépôt,Allemagne,False
TXN-005298,CLT-0078,2026-05-01 14:42:30,2136.17,EUR,Virement international,France,False
TXN-005299,CLT-0043,2026-03-31 14:42:30,2503.41,EUR,Dépôt,Panama,False
TXN-005300,CLT-0008,2025-05-23 14:42:30,3303.03,EUR,Paiement carte,France,False
TXN-005301,CLT-0007,2025-07-05 14:42:30,2657.93,EUR,Retrait,Panama,False
TXN-005302,CLT-0092,2026-05-05 14:42:30,3443.6,EUR,Dépôt,Îles Caïmans,False
TXN-005303,CLT-0053,2026-03-15 14:42:30,2345.13,EUR,Retrait,Îles Caïmans,False
TXN-005304,CLT-0025,2026-02-28 14:42:30,122.21,EUR,Dépôt,Espagne,False
TXN-005305,CLT-0080,2026-02-13 14:42:30,77278.45,EUR,Dépôt,Panama,True
TXN-005306,CLT-0060,2025-09-05 14:42:30,2951.29,EUR,Retrait,Russie,False
TXN-005307,CLT-0078,2026-02-02 14:42:30,3985.31,EUR,Dépôt,Russie,False
TXN-005308,CLT-0009,2025-11-17 14:42:30,1586.08,EUR,Virement international,France,False
TXN-005309,CLT-0011,2025-05-29 14:42:30,2262.68,EUR,Virement,France,False
TXN-005310,CLT-0059,2025-10-25 14:42:30,1090.69,EUR,Virement,Allemagne,False
TXN-005311,CLT-0051,2025-11-13 14:42:30,2134.23,EUR,Paiement carte,Îles Caïmans,False
TXN-005312,CLT-0038,2025-08-02 14:42:30,21947.2,EUR,Retrait,Allemagne,True
TXN-005313,CLT-0006,2025-08-08 14:42:30,3984.45,EUR,Dépôt,Îles Caïmans,False
TXN-005314,CLT-0090,2025-08-26 14:42:30,170.05,EUR,Retrait,France,False
TXN-005315,CLT-0018,2025-07-31 14:42:30,4971.19,EUR,Virement international,Russie,False
TXN-005316,CLT-0015,2026-02-15 14:42:30,4546.47,EUR,Virement,Russie,False
TXN-005317,CLT-0011,2026-01-30 14:42:30,2613.3,EUR,Retrait,Russie,False
TXN-005318,CLT-0098,2025-11-14 14:42:30,2139.53,EUR,Dépôt,Panama,False
TXN-005319,CLT-0001,2026-03-06 14:42:30,8232.24,EUR,Virement,Russie,True
TXN-005320,CLT-0070,2026-03-04 14:42:30,2756.56,EUR,Paiement carte,Espagne,False
TXN-005321,CLT-0092,2025-05-29 14:42:30,356.08,EUR,Retrait,Russie,False
TXN-005322,CLT-0081,2026-01-26 14:42:30,2155.11,EUR,Paiement carte,Panama,False
TXN-005323,CLT-0046,2025-11-27 14:42:30,62349.39,EUR,Dépôt,France,True
TXN-005324,CLT-0011,2025-11-08 14:42:30,107.23,EUR,Virement,France,False
TXN-005325,CLT-0091,2026-01-02 14:42:30,3446.29,EUR,Retrait,France,False
TXN-005326,CLT-0007,2025-05-25 14:42:30,872.86,EUR,Virement,Allemagne,False
TXN-005327,CLT-0017,2026-03-06 14:42:30,4980.2,EUR,Retrait,Panama,False
TXN-005328,CLT-0030,2025-08-16 14:42:30,72886.53,EUR,Virement,Allemagne,True
TXN-005329,CLT-0036,2025-06-20 14:42:30,3417.19,EUR,Retrait,Russie,False
TXN-005330,CLT-0056,2026-03-16 14:42:30,1031.51,EUR,Virement international,France,False
TXN-005331,CLT-0015,2025-07-07 14:42:30,2805.67,EUR,Paiement carte,Îles Caïmans,False
TXN-005332,CLT-0079,2025-10-07 14:42:30,2115.91,EUR,Paiement carte,Russie,False
TXN-005333,CLT-0027,2026-01-06 14:42:30,1534.69,EUR,Virement,Espagne,False
TXN-005334,CLT-0003,2026-04-11 14:42:30,4550.31,EUR,Paiement carte,France,False
TXN-005335,CLT-0001,2025-09-18 14:42:30,1326.88,EUR,Virement,Espagne,False
TXN-005336,CLT-0004,2025-08-04 14:42:30,3674.56,EUR,Virement,Panama,False
TXN-005337,CLT-0039,2025-10-17 14:42:30,483.97,EUR,Retrait,Îles Caïmans,False
TXN-005338,CLT-0076,2026-05-12 14:42:30,858.08,EUR,Retrait,Espagne,False
TXN-005339,CLT-0003,2025-12-02 14:42:30,39203.84,EUR,Virement international,Îles Caïmans,True
TXN-005340,CLT-0013,2025-10-13 14:42:30,4891.34,EUR,Retrait,France,False
TXN-005341,CLT-0048,2025-11-25 14:42:30,820.52,EUR,Retrait,Allemagne,False
TXN-005342,CLT-0007,2025-08-04 14:42:30,674.46,EUR,Dépôt,Allemagne,False
TXN-005343,CLT-0039,2025-06-22 14:42:30,3243.13,EUR,Retrait,Panama,False
TXN-005344,CLT-0092,2025-05-20 14:42:30,3703.45,EUR,Dépôt,Russie,False
TXN-005345,CLT-0096,2025-11-20 14:42:30,880.04,EUR,Retrait,Panama,False
TXN-005346,CLT-0043,2026-03-15 14:42:30,17266.1,EUR,Retrait,Panama,True
TXN-005347,CLT-0060,2026-02-10 14:42:30,3432.26,EUR,Paiement carte,France,False
TXN-005348,CLT-0036,2025-09-28 14:42:30,1113.03,EUR,Virement international,France,False
TXN-005349,CLT-0069,2025-11-11 14:42:30,109.16,EUR,Virement international,France,False
TXN-005350,CLT-0070,2026-03-14 14:42:30,2969.11,EUR,Paiement carte,France,False
TXN-005351,CLT-0017,2025-12-06 14:42:30,4249.23,EUR,Retrait,Allemagne,False
TXN-005352,CLT-0099,2025-05-24 14:42:30,3515.57,EUR,Dépôt,Panama,False
TXN-005353,CLT-0095,2025-11-28 14:42:30,913.42,EUR,Dépôt,Îles Caïmans,False
TXN-005354,CLT-0078,2025-07-11 14:42:30,2230.14,EUR,Virement,France,False
TXN-005355,CLT-0071,2025-07-14 14:42:30,3928.42,EUR,Retrait,France,False
TXN-005356,CLT-0053,2025-09-16 14:42:30,3795.39,EUR,Retrait,Russie,False
TXN-005357,CLT-0014,2025-05-29 14:42:30,1632.44,EUR,Virement,Îles Caïmans,False
TXN-005358,CLT-0068,2025-11-12 14:42:30,57588.88,EUR,Virement international,Russie,True
TXN-005359,CLT-0045,2026-03-19 14:42:30,204.49,EUR,Retrait,France,False
TXN-005360,CLT-0091,2025-10-31 14:42:30,25844.22,EUR,Virement international,Îles Caïmans,True
TXN-005361,CLT-0035,2026-02-02 14:42:30,87640.96,EUR,Paiement carte,Îles Caïmans,True
TXN-005362,CLT-0065,2025-06-04 14:42:30,361.04,EUR,Virement international,Allemagne,False
TXN-005363,CLT-0036,2025-09-02 14:42:30,93989.87,EUR,Paiement carte,France,True
TXN-005364,CLT-0078,2025-07-25 14:42:30,3741.03,EUR,Paiement carte,France,False
TXN-005365,CLT-0090,2025-11-26 14:42:30,3170.67,EUR,Paiement carte,France,False
TXN-005366,CLT-0028,2026-01-21 14:42:30,4282.94,EUR,Virement international,Russie,False
TXN-005367,CLT-0046,2025-06-01 14:42:30,4410.82,EUR,Retrait,Panama,False
TXN-005368,CLT-0079,2025-07-30 14:42:30,4816.55,EUR,Virement international,Îles Caïmans,False
TXN-005369,CLT-0100,2026-01-01 14:42:30,533.52,EUR,Retrait,Russie,False
TXN-005370,CLT-0073,2025-05-14 14:42:30,1221.14,EUR,Virement,France,False
TXN-005371,CLT-0079,2025-12-19 14:42:30,2487.24,EUR,Virement international,Espagne,False
TXN-005372,CLT-0083,2025-05-28 14:42:30,1570.04,EUR,Dépôt,Espagne,False
TXN-005373,CLT-0058,2026-04-21 14:42:30,4251.5,EUR,Paiement carte,France,False
TXN-005374,CLT-0099,2025-06-20 14:42:30,685.83,EUR,Dépôt,Espagne,False
TXN-005375,CLT-0046,2025-09-24 14:42:30,1495.61,EUR,Virement international,France,False
TXN-005376,CLT-0032,2026-01-01 14:42:30,164.65,EUR,Dépôt,Allemagne,False
TXN-005377,CLT-0082,2025-06-27 14:42:30,2583.47,EUR,Virement international,France,False
TXN-005378,CLT-0055,2025-07-24 14:42:30,3033.79,EUR,Dépôt,Panama,False
TXN-005379,CLT-0064,2025-06-03 14:42:30,3784.08,EUR,Dépôt,Îles Caïmans,False
TXN-005380,CLT-0049,2026-04-07 14:42:30,3988.87,EUR,Paiement carte,Espagne,False
TXN-005381,CLT-0087,2025-12-08 14:42:30,1098.22,EUR,Virement,Russie,False
TXN-005382,CLT-0057,2026-04-14 14:42:30,3470.18,EUR,Virement,Russie,False
TXN-005383,CLT-0082,2025-05-27 14:42:30,1945.77,EUR,Retrait,Panama,False
TXN-005384,CLT-0063,2026-05-12 14:42:30,3213.17,EUR,Virement international,Allemagne,False
TXN-005385,CLT-0026,2026-02-05 14:42:30,792.04,EUR,Virement international,Panama,False
TXN-005386,CLT-0053,2026-02-06 14:42:30,1189.12,EUR,Virement international,Panama,False
TXN-005387,CLT-0099,2025-05-29 14:42:30,56226.33,EUR,Virement,France,True
TXN-005388,CLT-0088,2026-03-04 14:42:30,3827.25,EUR,Paiement carte,Panama,False
TXN-005389,CLT-0089,2025-12-04 14:42:30,2298.42,EUR,Dépôt,France,False
TXN-005390,CLT-0077,2025-12-30 14:42:30,2257.95,EUR,Virement,Allemagne,False
TXN-005391,CLT-0062,2025-12-27 14:42:30,19132.43,EUR,Paiement carte,France,True
TXN-005392,CLT-0005,2025-11-26 14:42:30,3963.13,EUR,Virement international,Allemagne,False
TXN-005393,CLT-0089,2025-11-18 14:42:30,1576.68,EUR,Paiement carte,France,False
TXN-005394,CLT-0053,2026-04-23 14:42:30,752.49,EUR,Virement,Russie,False
TXN-005395,CLT-0034,2025-12-06 14:42:30,980.86,EUR,Dépôt,Espagne,False
TXN-005396,CLT-0099,2026-03-18 14:42:30,3997.99,EUR,Retrait,France,False
TXN-005397,CLT-0077,2025-06-08 14:42:30,1253.91,EUR,Virement,France,False
TXN-005398,CLT-0054,2026-05-06 14:42:30,3664.77,EUR,Dépôt,France,False
TXN-005399,CLT-0022,2026-02-24 14:42:30,2032.05,EUR,Retrait,Allemagne,False
TXN-005400,CLT-0050,2025-11-08 14:42:30,3165.28,EUR,Dépôt,Espagne,False
TXN-005401,CLT-0086,2026-01-06 14:42:30,3477.92,EUR,Virement,Espagne,False
TXN-005402,CLT-0075,2025-11-20 14:42:30,1625.97,EUR,Dépôt,France,False
TXN-005403,CLT-0043,2025-05-17 14:42:30,43486.42,EUR,Paiement carte,France,True
TXN-005404,CLT-0078,2025-08-11 14:42:30,2441.57,EUR,Dépôt,Allemagne,False
TXN-005405,CLT-0025,2025-10-16 14:42:30,693.12,EUR,Virement international,France,False
TXN-005406,CLT-0004,2026-04-25 14:42:30,4119.17,EUR,Virement international,France,False
TXN-005407,CLT-0073,2025-10-21 14:42:30,4125.8,EUR,Paiement carte,France,False
TXN-005408,CLT-0003,2025-07-29 14:42:30,2126.2,EUR,Retrait,France,False
TXN-005409,CLT-0044,2025-11-03 14:42:30,57088.34,EUR,Virement,Îles Caïmans,True
TXN-005410,CLT-0056,2026-04-24 14:42:30,75273.53,EUR,Paiement carte,France,True
TXN-005411,CLT-0087,2025-11-20 14:42:30,345.0,EUR,Virement,France,False
TXN-005412,CLT-0033,2026-01-27 14:42:30,26026.96,EUR,Dépôt,France,True
TXN-005413,CLT-0015,2026-02-19 14:42:30,2999.67,EUR,Paiement carte,France,False
TXN-005414,CLT-0088,2026-02-03 14:42:30,2760.65,EUR,Retrait,Allemagne,False
TXN-005415,CLT-0095,2026-04-06 14:42:30,3179.61,EUR,Virement international,France,False
TXN-005416,CLT-0079,2025-06-15 14:42:30,1895.84,EUR,Retrait,France,False
TXN-005417,CLT-0062,2026-05-01 14:42:30,37334.23,EUR,Virement,France,True
TXN-005418,CLT-0072,2026-04-15 14:42:30,2095.34,EUR,Retrait,France,False
TXN-005419,CLT-0096,2025-09-28 14:42:30,3265.32,EUR,Dépôt,France,False
TXN-005420,CLT-0080,2025-12-18 14:42:30,280.16,EUR,Virement international,Panama,False
TXN-005421,CLT-0022,2025-09-28 14:42:30,2711.95,EUR,Virement international,France,False
TXN-005422,CLT-0089,2026-02-21 14:42:30,24835.86,EUR,Virement international,France,True
TXN-005423,CLT-0054,2026-02-17 14:42:30,4904.45,EUR,Virement international,France,False
TXN-005424,CLT-0054,2025-05-18 14:42:30,1300.84,EUR,Dépôt,Panama,False
TXN-005425,CLT-0053,2025-09-04 14:42:30,84650.41,EUR,Virement,Îles Caïmans,True
TXN-005426,CLT-0055,2025-06-16 14:42:30,4111.36,EUR,Dépôt,Russie,False
TXN-005427,CLT-0023,2025-11-19 14:42:30,3141.86,EUR,Dépôt,Russie,False
TXN-005428,CLT-0033,2025-05-23 14:42:30,2755.06,EUR,Paiement carte,Russie,False
TXN-005429,CLT-0057,2026-05-06 14:42:30,2686.35,EUR,Virement,Espagne,False
TXN-005430,CLT-0100,2025-09-21 14:42:30,2397.97,EUR,Virement,Îles Caïmans,False
TXN-005431,CLT-0065,2025-08-23 14:42:30,86724.72,EUR,Virement international,Russie,True
TXN-005432,CLT-0020,2025-12-08 14:42:30,774.23,EUR,Paiement carte,France,False
TXN-005433,CLT-0052,2026-02-27 14:42:30,690.29,EUR,Virement,Îles Caïmans,False
TXN-005434,CLT-0044,2026-05-13 14:42:30,2193.36,EUR,Retrait,Russie,False
TXN-005435,CLT-0005,2025-10-08 14:42:30,52887.3,EUR,Dépôt,Îles Caïmans,True
TXN-005436,CLT-0002,2025-08-23 14:42:30,1995.09,EUR,Retrait,France,False
TXN-005437,CLT-0049,2025-10-20 14:42:30,4818.84,EUR,Dépôt,Russie,False
TXN-005438,CLT-0082,2025-11-06 14:42:30,2890.37,EUR,Virement,France,False
TXN-005439,CLT-0023,2026-03-11 14:42:30,2623.25,EUR,Dépôt,France,False
TXN-005440,CLT-0087,2025-11-03 14:42:30,1811.21,EUR,Dépôt,France,False
TXN-005441,CLT-0074,2026-03-31 14:42:30,3961.1,EUR,Virement international,France,False
TXN-005442,CLT-0072,2025-12-31 14:42:30,2786.27,EUR,Virement,Russie,False
TXN-005443,CLT-0001,2025-09-14 14:42:30,69113.26,EUR,Virement international,Îles Caïmans,True
TXN-005444,CLT-0022,2025-11-07 14:42:30,4493.08,EUR,Virement,Russie,False
TXN-005445,CLT-0061,2026-04-15 14:42:30,526.27,EUR,Dépôt,France,False
TXN-005446,CLT-0075,2025-08-06 14:42:30,1132.43,EUR,Dépôt,Russie,False
TXN-005447,CLT-0083,2026-02-25 14:42:30,2270.53,EUR,Dépôt,Îles Caïmans,False
TXN-005448,CLT-0012,2026-04-09 14:42:30,12672.65,EUR,Virement,France,True
TXN-005449,CLT-0064,2026-03-20 14:42:30,48801.42,EUR,Virement international,Panama,True
TXN-005450,CLT-0007,2025-11-04 14:42:30,23365.12,EUR,Retrait,Panama,True
TXN-005451,CLT-0088,2026-02-19 14:42:30,2831.08,EUR,Retrait,France,False
TXN-005452,CLT-0023,2025-06-02 14:42:30,9040.1,EUR,Virement international,Russie,True
TXN-005453,CLT-0061,2025-07-09 14:42:30,3125.61,EUR,Dépôt,Russie,False
TXN-005454,CLT-0082,2025-11-24 14:42:30,3273.22,EUR,Retrait,Îles Caïmans,False
TXN-005455,CLT-0096,2025-09-24 14:42:30,4336.67,EUR,Dépôt,Espagne,False
TXN-005456,CLT-0050,2026-02-25 14:42:30,843.32,EUR,Virement international,Espagne,False
TXN-005457,CLT-0011,2025-12-20 14:42:30,837.16,EUR,Paiement carte,Espagne,False
TXN-005458,CLT-0057,2026-01-25 14:42:30,75734.75,EUR,Dépôt,France,True
TXN-005459,CLT-0012,2025-11-07 14:42:30,3936.65,EUR,Retrait,Allemagne,False
TXN-005460,CLT-0099,2025-07-04 14:42:30,3907.07,EUR,Retrait,Russie,False
TXN-005461,CLT-0095,2025-10-23 14:42:30,3983.14,EUR,Virement international,Russie,False
TXN-005462,CLT-0049,2025-06-01 14:42:30,584.91,EUR,Virement,Panama,False
TXN-005463,CLT-0039,2025-09-21 14:42:30,3836.44,EUR,Virement international,France,False
TXN-005464,CLT-0093,2025-07-02 14:42:30,2609.62,EUR,Paiement carte,France,False
TXN-005465,CLT-0066,2026-04-26 14:42:30,2945.27,EUR,Virement,Allemagne,False
TXN-005466,CLT-0052,2025-08-29 14:42:30,3986.85,EUR,Retrait,Espagne,False
TXN-005467,CLT-0033,2025-09-28 14:42:30,3372.46,EUR,Dépôt,Panama,False
TXN-005468,CLT-0056,2025-08-01 14:42:30,61696.63,EUR,Retrait,France,True
TXN-005469,CLT-0019,2025-12-02 14:42:30,3826.61,EUR,Paiement carte,France,False
TXN-005470,CLT-0008,2025-05-24 14:42:30,18140.72,EUR,Virement international,Panama,True
TXN-005471,CLT-0033,2025-08-13 14:42:30,4309.4,EUR,Paiement carte,Îles Caïmans,False
TXN-005472,CLT-0094,2025-06-05 14:42:30,3052.34,EUR,Dépôt,Allemagne,False
TXN-005473,CLT-0074,2025-11-12 14:42:30,391.11,EUR,Paiement carte,France,False
TXN-005474,CLT-0059,2025-06-10 14:42:30,1056.13,EUR,Retrait,Espagne,False
TXN-005475,CLT-0098,2026-05-09 14:42:30,4258.59,EUR,Virement,France,False
TXN-005476,CLT-0020,2025-12-29 14:42:30,82683.07,EUR,Dépôt,Russie,True
TXN-005477,CLT-0043,2025-11-23 14:42:30,679.94,EUR,Dépôt,France,False
TXN-005478,CLT-0071,2025-09-08 14:42:30,2590.04,EUR,Virement,France,False
TXN-005479,CLT-0061,2025-12-20 14:42:30,4270.79,EUR,Dépôt,Espagne,False
TXN-005480,CLT-0023,2025-12-14 14:42:30,1939.12,EUR,Virement international,Allemagne,False
TXN-005481,CLT-0093,2025-09-09 14:42:30,4792.47,EUR,Virement international,Espagne,False
TXN-005482,CLT-0011,2026-02-10 14:42:30,4933.47,EUR,Dépôt,Îles Caïmans,False
TXN-005483,CLT-0069,2025-11-22 14:42:30,23935.05,EUR,Virement,Espagne,True
TXN-005484,CLT-0055,2026-02-10 14:42:30,728.84,EUR,Paiement carte,Îles Caïmans,False
TXN-005485,CLT-0080,2025-06-15 14:42:30,2522.2,EUR,Paiement carte,Russie,False
TXN-005486,CLT-0043,2025-12-22 14:42:30,1659.91,EUR,Virement international,Espagne,False
TXN-005487,CLT-0031,2026-04-08 14:42:30,3794.87,EUR,Dépôt,France,False
TXN-005488,CLT-0093,2026-03-05 14:42:30,61102.77,EUR,Virement international,Allemagne,True
TXN-005489,CLT-0089,2026-05-12 14:42:30,4453.7,EUR,Dépôt,Îles Caïmans,False
TXN-005490,CLT-0009,2025-06-08 14:42:30,2273.86,EUR,Virement international,Allemagne,False
TXN-005491,CLT-0078,2025-08-22 14:42:30,4480.1,EUR,Virement,France,False
TXN-005492,CLT-0037,2025-08-16 14:42:30,1401.21,EUR,Dépôt,Russie,False
TXN-005493,CLT-0045,2025-06-05 14:42:30,2115.44,EUR,Paiement carte,France,False
TXN-005494,CLT-0053,2025-11-10 14:42:30,358.83,EUR,Virement international,Îles Caïmans,False
TXN-005495,CLT-0008,2026-01-11 14:42:30,19511.22,EUR,Paiement carte,France,True
TXN-005496,CLT-0067,2026-01-04 14:42:30,1683.09,EUR,Virement,Panama,False
TXN-005497,CLT-0017,2026-04-26 14:42:30,519.67,EUR,Retrait,Russie,False
TXN-005498,CLT-0007,2026-01-06 14:42:30,1504.55,EUR,Retrait,Russie,False
TXN-005499,CLT-0092,2025-06-14 14:42:30,889.54,EUR,Paiement carte,France,False
TXN-005500,CLT-0037,2026-02-20 14:42:30,3182.34,EUR,Dépôt,Russie,False
TXN-005501,CLT-0009,2026-02-06 14:42:30,1767.2,EUR,Virement,France,False
TXN-005502,CLT-0002,2025-05-21 14:42:30,1056.44,EUR,Paiement carte,France,False
TXN-005503,CLT-0051,2026-04-19 14:42:30,2446.47,EUR,Paiement carte,France,False
TXN-005504,CLT-0080,2025-11-17 14:42:30,4411.2,EUR,Virement international,Panama,False
TXN-005505,CLT-0056,2025-11-13 14:42:30,1889.78,EUR,Dépôt,Espagne,False
TXN-005506,CLT-0081,2026-02-18 14:42:30,88918.03,EUR,Virement international,France,True
TXN-005507,CLT-0085,2026-02-15 14:42:30,389.37,EUR,Virement international,Îles Caïmans,False
TXN-005508,CLT-0079,2025-12-03 14:42:30,217.1,EUR,Dépôt,Îles Caïmans,False
TXN-005509,CLT-0098,2025-08-17 14:42:30,3576.61,EUR,Dépôt,France,False
TXN-005510,CLT-0069,2025-05-24 14:42:30,4453.9,EUR,Dépôt,Russie,False
TXN-005511,CLT-0032,2026-04-21 14:42:30,1648.41,EUR,Virement,Allemagne,False
TXN-005512,CLT-0070,2025-07-02 14:42:30,846.13,EUR,Virement international,Russie,False
TXN-005513,CLT-0027,2026-02-17 14:42:30,71822.03,EUR,Retrait,France,True
TXN-005514,CLT-0067,2025-10-30 14:42:30,2168.63,EUR,Paiement carte,Espagne,False
TXN-005515,CLT-0070,2025-09-09 14:42:30,46498.71,EUR,Paiement carte,France,True
TXN-005516,CLT-0100,2025-06-08 14:42:30,2712.48,EUR,Dépôt,France,False
TXN-005517,CLT-0004,2025-11-01 14:42:30,2650.63,EUR,Retrait,France,False
TXN-005518,CLT-0058,2025-09-08 14:42:30,94472.9,EUR,Virement international,Allemagne,True
TXN-005519,CLT-0096,2026-04-03 14:42:30,2193.78,EUR,Virement,Îles Caïmans,False
TXN-005520,CLT-0035,2026-01-20 14:42:30,2689.35,EUR,Dépôt,Panama,False
TXN-005521,CLT-0023,2025-10-08 14:42:30,1717.19,EUR,Retrait,France,False
TXN-005522,CLT-0064,2025-09-24 14:42:30,4258.33,EUR,Virement,France,False
TXN-005523,CLT-0046,2025-08-15 14:42:30,1072.7,EUR,Virement international,Russie,False
TXN-005524,CLT-0029,2025-09-19 14:42:30,4708.18,EUR,Retrait,France,False
TXN-005525,CLT-0003,2025-09-26 14:42:30,4080.92,EUR,Dépôt,France,False
TXN-005526,CLT-0043,2026-02-24 14:42:30,218.38,EUR,Dépôt,Panama,False
TXN-005527,CLT-0093,2025-07-08 14:42:30,2058.62,EUR,Retrait,Russie,False
TXN-005528,CLT-0005,2025-06-15 14:42:30,4915.49,EUR,Dépôt,France,False
TXN-005529,CLT-0069,2025-08-01 14:42:30,49470.82,EUR,Virement,Panama,True
TXN-005530,CLT-0052,2025-12-18 14:42:30,2112.42,EUR,Paiement carte,Allemagne,False
TXN-005531,CLT-0049,2025-11-19 14:42:30,4208.63,EUR,Virement international,France,False
TXN-005532,CLT-0086,2025-08-23 14:42:30,4827.09,EUR,Dépôt,Îles Caïmans,False
TXN-005533,CLT-0092,2026-02-07 14:42:30,1149.04,EUR,Retrait,France,False
TXN-005534,CLT-0078,2025-08-08 14:42:30,823.54,EUR,Dépôt,Panama,False
TXN-005535,CLT-0004,2025-10-01 14:42:30,4590.92,EUR,Virement,Îles Caïmans,False
TXN-005536,CLT-0034,2025-07-03 14:42:30,1203.37,EUR,Dépôt,Espagne,False
TXN-005537,CLT-0063,2026-04-27 14:42:30,2114.51,EUR,Paiement carte,France,False
TXN-005538,CLT-0008,2026-01-28 14:42:30,2977.25,EUR,Virement,France,False
TXN-005539,CLT-0074,2026-01-08 14:42:30,245.52,EUR,Virement international,France,False
TXN-005540,CLT-0064,2025-08-28 14:42:30,1214.21,EUR,Virement,Îles Caïmans,False
TXN-005541,CLT-0055,2025-11-12 14:42:30,27474.57,EUR,Virement international,France,True
TXN-005542,CLT-0005,2026-04-05 14:42:30,4439.2,EUR,Virement international,France,False
TXN-005543,CLT-0027,2026-01-22 14:42:30,1836.22,EUR,Paiement carte,Espagne,False
TXN-005544,CLT-0059,2025-10-19 14:42:30,996.66,EUR,Virement,France,False
TXN-005545,CLT-0066,2026-02-18 14:42:30,2254.76,EUR,Paiement carte,France,False
TXN-005546,CLT-0078,2025-11-07 14:42:30,4630.75,EUR,Paiement carte,Panama,False
TXN-005547,CLT-0038,2025-06-06 14:42:30,4583.43,EUR,Dépôt,Russie,False
TXN-005548,CLT-0048,2025-07-26 14:42:30,1722.87,EUR,Dépôt,France,False
TXN-005549,CLT-0031,2025-06-15 14:42:30,1627.81,EUR,Paiement carte,France,False
TXN-005550,CLT-0015,2025-09-29 14:42:30,3161.39,EUR,Dépôt,Panama,False
TXN-005551,CLT-0010,2025-12-18 14:42:30,4785.78,EUR,Virement international,Allemagne,False
TXN-005552,CLT-0041,2025-05-25 14:42:30,4710.88,EUR,Retrait,Panama,False
TXN-005553,CLT-0086,2025-09-23 14:42:30,89173.49,EUR,Virement international,France,True
TXN-005554,CLT-0041,2025-06-15 14:42:30,380.79,EUR,Virement,France,False
TXN-005555,CLT-0039,2026-03-27 14:42:30,3551.73,EUR,Dépôt,Russie,False
TXN-005556,CLT-0008,2026-02-26 14:42:30,1486.3,EUR,Retrait,France,False
TXN-005557,CLT-0081,2025-09-13 14:42:30,3327.41,EUR,Paiement carte,Espagne,False
TXN-005558,CLT-0019,2025-08-06 14:42:30,138.35,EUR,Dépôt,France,False
TXN-005559,CLT-0031,2025-05-29 14:42:30,3646.62,EUR,Retrait,France,False
TXN-005560,CLT-0037,2025-12-19 14:42:30,3691.76,EUR,Virement,France,False
TXN-005561,CLT-0030,2025-10-02 14:42:30,4993.35,EUR,Dépôt,France,False
TXN-005562,CLT-0071,2026-03-29 14:42:30,460.37,EUR,Virement,Panama,False
TXN-005563,CLT-0062,2025-11-13 14:42:30,3303.57,EUR,Virement international,Panama,False
TXN-005564,CLT-0037,2026-04-30 14:42:30,315.04,EUR,Paiement carte,Espagne,False
TXN-005565,CLT-0031,2025-06-12 14:42:30,77641.52,EUR,Retrait,Panama,True
TXN-005566,CLT-0077,2025-08-03 14:42:30,50.72,EUR,Virement,France,False
TXN-005567,CLT-0034,2026-01-14 14:42:30,1520.0,EUR,Virement international,Panama,False
TXN-005568,CLT-0099,2025-07-10 14:42:30,1018.62,EUR,Virement international,Îles Caïmans,False
TXN-005569,CLT-0070,2025-10-07 14:42:30,4463.54,EUR,Paiement carte,France,False
TXN-005570,CLT-0015,2026-03-09 14:42:30,1203.69,EUR,Virement,France,False
TXN-005571,CLT-0090,2026-03-30 14:42:30,22391.91,EUR,Retrait,France,True
TXN-005572,CLT-0076,2025-12-16 14:42:30,206.77,EUR,Dépôt,France,False
TXN-005573,CLT-0007,2025-07-09 14:42:30,2632.96,EUR,Virement international,France,False
TXN-005574,CLT-0047,2025-12-10 14:42:30,3390.36,EUR,Retrait,Allemagne,False
TXN-005575,CLT-0074,2025-06-01 14:42:30,57788.28,EUR,Virement international,France,True
TXN-005576,CLT-0025,2026-01-22 14:42:30,359.82,EUR,Dépôt,Îles Caïmans,False
TXN-005577,CLT-0027,2025-05-22 14:42:30,3638.03,EUR,Virement,Russie,False
TXN-005578,CLT-0081,2025-10-05 14:42:30,1175.19,EUR,Paiement carte,Russie,False
TXN-005579,CLT-0090,2025-05-14 14:42:30,34134.17,EUR,Virement,Russie,True
TXN-005580,CLT-0089,2026-01-22 14:42:30,82668.41,EUR,Virement international,France,True
TXN-005581,CLT-0038,2025-09-10 14:42:30,4440.4,EUR,Virement,Panama,False
TXN-005582,CLT-0093,2026-01-11 14:42:30,160.56,EUR,Retrait,France,False
TXN-005583,CLT-0035,2026-01-06 14:42:30,85199.82,EUR,Dépôt,Panama,True
TXN-005584,CLT-0033,2026-04-04 14:42:30,4791.17,EUR,Virement international,Russie,False
TXN-005585,CLT-0059,2025-09-02 14:42:30,1731.26,EUR,Dépôt,France,False
TXN-005586,CLT-0020,2025-09-20 14:42:30,4299.72,EUR,Retrait,France,False
TXN-005587,CLT-0016,2026-01-27 14:42:30,3781.95,EUR,Paiement carte,France,False
TXN-005588,CLT-0065,2025-06-19 14:42:30,3314.06,EUR,Virement,France,False
TXN-005589,CLT-0041,2026-04-15 14:42:30,4265.35,EUR,Paiement carte,France,False
TXN-005590,CLT-0079,2025-07-24 14:42:30,3800.86,EUR,Paiement carte,Allemagne,False
TXN-005591,CLT-0003,2025-09-19 14:42:30,42707.55,EUR,Virement,Panama,True
TXN-005592,CLT-0051,2025-07-12 14:42:30,1411.87,EUR,Paiement carte,Allemagne,False
TXN-005593,CLT-0028,2026-01-07 14:42:30,693.25,EUR,Paiement carte,France,False
TXN-005594,CLT-0041,2025-05-30 14:42:30,17404.26,EUR,Virement international,France,True
TXN-005595,CLT-0036,2026-04-10 14:42:30,2904.19,EUR,Virement,Îles Caïmans,False
TXN-005596,CLT-0028,2025-12-12 14:42:30,921.2,EUR,Virement,Îles Caïmans,False
TXN-005597,CLT-0038,2025-09-04 14:42:30,2677.24,EUR,Dépôt,Allemagne,False
TXN-005598,CLT-0060,2026-01-09 14:42:30,3258.94,EUR,Dépôt,France,False
TXN-005599,CLT-0068,2026-03-02 14:42:30,2469.51,EUR,Dépôt,France,False
TXN-005600,CLT-0096,2025-11-22 14:42:30,2756.54,EUR,Dépôt,Panama,False
TXN-005601,CLT-0080,2026-01-25 14:42:30,4352.63,EUR,Virement,Îles Caïmans,False
TXN-005602,CLT-0067,2025-12-05 14:42:30,4819.64,EUR,Retrait,Allemagne,False
TXN-005603,CLT-0071,2026-01-28 14:42:30,2717.88,EUR,Paiement carte,Allemagne,False
TXN-005604,CLT-0025,2025-06-22 14:42:30,2817.34,EUR,Retrait,Allemagne,False
TXN-005605,CLT-0031,2025-05-23 14:42:30,172.38,EUR,Paiement carte,Espagne,False
TXN-005606,CLT-0054,2025-10-14 14:42:30,2599.22,EUR,Dépôt,Îles Caïmans,False
TXN-005607,CLT-0013,2025-12-28 14:42:30,4719.21,EUR,Paiement carte,Allemagne,False
TXN-005608,CLT-0052,2026-04-24 14:42:30,450.8,EUR,Retrait,France,False
TXN-005609,CLT-0074,2026-02-16 14:42:30,1732.58,EUR,Paiement carte,Russie,False
TXN-005610,CLT-0066,2025-11-11 14:42:30,617.92,EUR,Dépôt,France,False
TXN-005611,CLT-0033,2025-12-27 14:42:30,563.43,EUR,Virement,Panama,False
TXN-005612,CLT-0040,2025-05-17 14:42:30,2724.81,EUR,Retrait,Îles Caïmans,False
TXN-005613,CLT-0049,2025-08-11 14:42:30,372.73,EUR,Virement,France,False
TXN-005614,CLT-0049,2026-02-01 14:42:30,4587.99,EUR,Virement,France,False
TXN-005615,CLT-0043,2026-05-02 14:42:30,840.27,EUR,Dépôt,Panama,False
TXN-005616,CLT-0034,2025-11-15 14:42:30,1355.37,EUR,Retrait,Îles Caïmans,False
TXN-005617,CLT-0097,2025-08-27 14:42:30,1241.52,EUR,Dépôt,Allemagne,False
TXN-005618,CLT-0004,2025-12-28 14:42:30,456.63,EUR,Retrait,Espagne,False
TXN-005619,CLT-0088,2025-06-24 14:42:30,3386.53,EUR,Dépôt,Espagne,False
TXN-005620,CLT-0087,2025-11-13 14:42:30,4239.52,EUR,Paiement carte,Îles Caïmans,False
TXN-005621,CLT-0012,2026-05-10 14:42:30,28085.46,EUR,Virement,Îles Caïmans,True
TXN-005622,CLT-0100,2025-09-01 14:42:30,696.96,EUR,Retrait,Allemagne,False
TXN-005623,CLT-0061,2025-07-17 14:42:30,1888.27,EUR,Dépôt,France,False
TXN-005624,CLT-0096,2025-09-28 14:42:30,3261.65,EUR,Retrait,Îles Caïmans,False
TXN-005625,CLT-0085,2025-11-06 14:42:30,1166.45,EUR,Virement,Panama,False
TXN-005626,CLT-0075,2026-05-03 14:42:30,3158.59,EUR,Retrait,Espagne,False
TXN-005627,CLT-0011,2025-07-24 14:42:30,70303.83,EUR,Paiement carte,Panama,True
TXN-005628,CLT-0053,2026-02-06 14:42:30,17874.67,EUR,Dépôt,France,True
TXN-005629,CLT-0033,2025-06-26 14:42:30,4083.07,EUR,Virement international,Espagne,False
TXN-005630,CLT-0060,2025-09-13 14:42:30,3730.07,EUR,Virement,France,False
TXN-005631,CLT-0074,2025-09-06 14:42:30,871.88,EUR,Dépôt,Panama,False
TXN-005632,CLT-0077,2026-02-10 14:42:30,629.33,EUR,Dépôt,Espagne,False
TXN-005633,CLT-0074,2025-10-06 14:42:30,3746.74,EUR,Dépôt,Espagne,False
TXN-005634,CLT-0061,2025-05-22 14:42:30,15355.29,EUR,Dépôt,Îles Caïmans,True
TXN-005635,CLT-0001,2025-08-30 14:42:30,37823.16,EUR,Virement,France,True
TXN-005636,CLT-0083,2026-04-09 14:42:30,4651.79,EUR,Paiement carte,Allemagne,False
TXN-005637,CLT-0037,2025-06-08 14:42:30,2310.18,EUR,Dépôt,France,False
TXN-005638,CLT-0092,2025-10-16 14:42:30,3374.05,EUR,Retrait,Allemagne,False
TXN-005639,CLT-0078,2025-08-23 14:42:30,2118.59,EUR,Paiement carte,France,False
TXN-005640,CLT-0007,2026-04-20 14:42:30,3420.74,EUR,Virement,Russie,False
TXN-005641,CLT-0017,2026-03-22 14:42:30,56388.16,EUR,Virement international,Espagne,True
TXN-005642,CLT-0010,2025-10-18 14:42:30,1695.83,EUR,Retrait,France,False
TXN-005643,CLT-0039,2025-07-28 14:42:30,4371.04,EUR,Virement international,Espagne,False
TXN-005644,CLT-0023,2025-12-17 14:42:30,88127.15,EUR,Retrait,Panama,True
TXN-005645,CLT-0026,2025-08-09 14:42:30,3871.6,EUR,Retrait,Russie,False
TXN-005646,CLT-0092,2025-09-14 14:42:30,2679.03,EUR,Dépôt,Îles Caïmans,False
TXN-005647,CLT-0016,2025-08-02 14:42:30,2873.15,EUR,Retrait,France,False
TXN-005648,CLT-0049,2025-11-28 14:42:30,2078.63,EUR,Dépôt,Russie,False
TXN-005649,CLT-0044,2026-04-01 14:42:30,2367.04,EUR,Virement international,France,False
TXN-005650,CLT-0068,2026-04-10 14:42:30,3647.45,EUR,Paiement carte,France,False
TXN-005651,CLT-0036,2025-07-13 14:42:30,2613.49,EUR,Virement,France,False
TXN-005652,CLT-0054,2026-03-15 14:42:30,2888.52,EUR,Virement,France,False
TXN-005653,CLT-0049,2026-01-03 14:42:30,2012.63,EUR,Virement,France,False
TXN-005654,CLT-0008,2026-01-10 14:42:30,4282.73,EUR,Virement international,Russie,False
TXN-005655,CLT-0063,2025-12-10 14:42:30,1524.12,EUR,Retrait,Panama,False
TXN-005656,CLT-0093,2025-09-01 14:42:30,931.78,EUR,Paiement carte,Espagne,False
TXN-005657,CLT-0059,2025-09-02 14:42:30,4195.52,EUR,Virement,France,False
TXN-005658,CLT-0081,2026-03-13 14:42:30,2806.94,EUR,Retrait,Panama,False
TXN-005659,CLT-0021,2026-03-26 14:42:30,1678.33,EUR,Virement,France,False
TXN-005660,CLT-0052,2026-02-18 14:42:30,825.49,EUR,Paiement carte,France,False
TXN-005661,CLT-0094,2025-10-15 14:42:30,3332.56,EUR,Virement,France,False
TXN-005662,CLT-0071,2026-01-29 14:42:30,1809.32,EUR,Retrait,Panama,False
TXN-005663,CLT-0098,2025-10-19 14:42:30,2055.24,EUR,Virement international,France,False
TXN-005664,CLT-0002,2026-05-13 14:42:30,3844.99,EUR,Retrait,Russie,False
TXN-005665,CLT-0003,2025-07-14 14:42:30,73860.12,EUR,Paiement carte,France,True
TXN-005666,CLT-0068,2026-04-12 14:42:30,2442.22,EUR,Virement international,Îles Caïmans,False
TXN-005667,CLT-0097,2025-10-03 14:42:30,3528.19,EUR,Virement international,Allemagne,False
TXN-005668,CLT-0005,2025-05-17 14:42:30,2498.57,EUR,Virement international,Allemagne,False
TXN-005669,CLT-0087,2026-02-23 14:42:30,1363.89,EUR,Paiement carte,Russie,False
TXN-005670,CLT-0088,2025-10-16 14:42:30,2708.72,EUR,Retrait,Îles Caïmans,False
TXN-005671,CLT-0087,2025-12-18 14:42:30,4263.59,EUR,Dépôt,Panama,False
TXN-005672,CLT-0061,2025-10-07 14:42:30,2213.79,EUR,Paiement carte,Panama,False
TXN-005673,CLT-0066,2025-07-11 14:42:30,458.16,EUR,Retrait,France,False
TXN-005674,CLT-0062,2025-08-31 14:42:30,2934.04,EUR,Virement international,Panama,False
TXN-005675,CLT-0025,2026-04-23 14:42:30,87991.06,EUR,Dépôt,Panama,True
TXN-005676,CLT-0024,2026-04-12 14:42:30,3776.43,EUR,Paiement carte,France,False
TXN-005677,CLT-0008,2026-01-18 14:42:30,4958.56,EUR,Retrait,France,False
TXN-005678,CLT-0045,2026-01-03 14:42:30,1950.81,EUR,Retrait,Panama,False
TXN-005679,CLT-0079,2026-05-08 14:42:30,1121.18,EUR,Virement,Russie,False
TXN-005680,CLT-0094,2026-04-23 14:42:30,4101.89,EUR,Paiement carte,Allemagne,False
TXN-005681,CLT-0019,2025-11-19 14:42:30,2169.08,EUR,Retrait,Espagne,False
TXN-005682,CLT-0016,2025-11-06 14:42:30,3725.71,EUR,Retrait,Panama,False
TXN-005683,CLT-0074,2025-06-23 14:42:30,1008.53,EUR,Virement international,France,False
TXN-005684,CLT-0052,2026-01-26 14:42:30,77474.15,EUR,Paiement carte,Allemagne,True
TXN-005685,CLT-0028,2026-01-15 14:42:30,2467.91,EUR,Dépôt,France,False
TXN-005686,CLT-0052,2025-05-22 14:42:30,90099.86,EUR,Retrait,Allemagne,True
TXN-005687,CLT-0064,2026-01-21 14:42:30,4477.1,EUR,Retrait,France,False
TXN-005688,CLT-0005,2026-03-22 14:42:30,2902.85,EUR,Retrait,Allemagne,False
TXN-005689,CLT-0092,2025-05-21 14:42:30,4124.52,EUR,Virement,France,False
TXN-005690,CLT-0084,2026-03-02 14:42:30,2924.5,EUR,Retrait,Espagne,False
TXN-005691,CLT-0002,2025-09-27 14:42:30,179.81,EUR,Dépôt,Allemagne,False
TXN-005692,CLT-0088,2026-02-02 14:42:30,4435.58,EUR,Virement,Allemagne,False
TXN-005693,CLT-0099,2025-06-23 14:42:30,1842.0,EUR,Virement,France,False
TXN-005694,CLT-0081,2025-08-06 14:42:30,2439.46,EUR,Virement,Espagne,False
TXN-005695,CLT-0068,2025-07-14 14:42:30,2205.04,EUR,Dépôt,France,False
TXN-005696,CLT-0050,2025-06-10 14:42:30,2110.62,EUR,Virement international,France,False
TXN-005697,CLT-0038,2025-10-28 14:42:30,3266.22,EUR,Dépôt,Panama,False
TXN-005698,CLT-0019,2025-05-25 14:42:30,3642.25,EUR,Virement,Panama,False
TXN-005699,CLT-0060,2026-01-20 14:42:30,3486.67,EUR,Virement international,France,False
TXN-005700,CLT-0092,2026-01-28 14:42:30,160.29,EUR,Retrait,Russie,False
TXN-005701,CLT-0055,2025-07-09 14:42:30,4848.91,EUR,Virement international,Panama,False
TXN-005702,CLT-0068,2026-03-07 14:42:30,1322.74,EUR,Virement international,Allemagne,False
TXN-005703,CLT-0078,2026-01-20 14:42:30,2865.11,EUR,Paiement carte,Russie,False
TXN-005704,CLT-0028,2025-08-21 14:42:30,3387.92,EUR,Retrait,France,False
TXN-005705,CLT-0013,2026-02-18 14:42:30,124.06,EUR,Virement international,Panama,False
TXN-005706,CLT-0045,2025-10-10 14:42:30,4123.13,EUR,Dépôt,France,False
TXN-005707,CLT-0043,2026-03-09 14:42:30,3640.15,EUR,Virement,Îles Caïmans,False
TXN-005708,CLT-0068,2025-06-15 14:42:30,4385.99,EUR,Paiement carte,France,False
TXN-005709,CLT-0064,2025-12-12 14:42:30,2294.14,EUR,Paiement carte,Russie,False
TXN-005710,CLT-0074,2025-07-27 14:42:30,33912.34,EUR,Virement international,Îles Caïmans,True
TXN-005711,CLT-0093,2025-11-11 14:42:30,2801.97,EUR,Virement international,France,False
TXN-005712,CLT-0043,2025-08-16 14:42:30,14.84,EUR,Retrait,Espagne,False
TXN-005713,CLT-0020,2026-02-16 14:42:30,48864.14,EUR,Virement,Panama,True
TXN-005714,CLT-0087,2026-01-10 14:42:30,3799.27,EUR,Paiement carte,Espagne,False
TXN-005715,CLT-0030,2025-10-13 14:42:30,3386.56,EUR,Virement international,Espagne,False
TXN-005716,CLT-0001,2025-12-17 14:42:30,4585.6,EUR,Retrait,Panama,False
TXN-005717,CLT-0047,2025-10-13 14:42:30,3723.05,EUR,Paiement carte,Panama,False
TXN-005718,CLT-0063,2025-08-24 14:42:30,2354.95,EUR,Retrait,France,False
TXN-005719,CLT-0003,2026-03-28 14:42:30,72234.78,EUR,Retrait,Russie,True
TXN-005720,CLT-0029,2025-11-02 14:42:30,1907.05,EUR,Retrait,Panama,False
TXN-005721,CLT-0027,2025-09-19 14:42:30,3287.49,EUR,Retrait,France,False
TXN-005722,CLT-0058,2025-08-28 14:42:30,1030.48,EUR,Dépôt,Allemagne,False
TXN-005723,CLT-0051,2025-06-06 14:42:30,335.91,EUR,Virement,France,False
TXN-005724,CLT-0039,2026-05-08 14:42:30,176.59,EUR,Virement international,Îles Caïmans,False
TXN-005725,CLT-0096,2026-05-02 14:42:30,4851.23,EUR,Paiement carte,Allemagne,False
TXN-005726,CLT-0040,2025-10-14 14:42:30,3731.96,EUR,Dépôt,Russie,False
TXN-005727,CLT-0081,2025-07-25 14:42:30,2792.53,EUR,Retrait,Russie,False
TXN-005728,CLT-0036,2025-06-25 14:42:30,3074.05,EUR,Virement,Russie,False
TXN-005729,CLT-0086,2025-07-02 14:42:30,3976.85,EUR,Virement,Allemagne,False
TXN-005730,CLT-0099,2025-12-15 14:42:30,4593.1,EUR,Dépôt,France,False
TXN-005731,CLT-0032,2025-09-04 14:42:30,38456.05,EUR,Dépôt,Îles Caïmans,True
TXN-005732,CLT-0033,2025-12-11 14:42:30,2877.5,EUR,Paiement carte,Allemagne,False
TXN-005733,CLT-0057,2025-08-10 14:42:30,4842.97,EUR,Virement international,France,False
TXN-005734,CLT-0042,2025-05-14 14:42:30,3934.03,EUR,Retrait,France,False
TXN-005735,CLT-0012,2025-11-18 14:42:30,1951.07,EUR,Virement international,Allemagne,False
TXN-005736,CLT-0095,2025-12-09 14:42:30,3996.25,EUR,Paiement carte,Russie,False
TXN-005737,CLT-0065,2025-08-10 14:42:30,53993.87,EUR,Retrait,Russie,True
TXN-005738,CLT-0006,2025-11-13 14:42:30,4078.29,EUR,Virement international,Îles Caïmans,False
TXN-005739,CLT-0006,2025-08-29 14:42:30,3098.66,EUR,Paiement carte,France,False
TXN-005740,CLT-0006,2026-01-11 14:42:30,298.21,EUR,Virement international,Îles Caïmans,False
TXN-005741,CLT-0022,2025-06-20 14:42:30,4013.05,EUR,Dépôt,Allemagne,False
TXN-005742,CLT-0033,2025-11-11 14:42:30,4375.58,EUR,Virement international,Îles Caïmans,False
TXN-005743,CLT-0024,2026-03-17 14:42:30,892.25,EUR,Virement,Panama,False
TXN-005744,CLT-0058,2025-08-28 14:42:30,4114.5,EUR,Virement,France,False
TXN-005745,CLT-0040,2025-11-25 14:42:30,234.58,EUR,Paiement carte,Espagne,False
TXN-005746,CLT-0076,2025-12-11 14:42:30,13.45,EUR,Virement,Allemagne,False
TXN-005747,CLT-0059,2025-12-23 14:42:30,1305.19,EUR,Paiement carte,France,False
TXN-005748,CLT-0011,2025-10-07 14:42:30,4407.89,EUR,Retrait,France,False
TXN-005749,CLT-0094,2026-01-12 14:42:30,37408.54,EUR,Virement international,Îles Caïmans,True
TXN-005750,CLT-0053,2025-08-04 14:42:30,4895.38,EUR,Virement international,France,False
TXN-005751,CLT-0006,2026-04-21 14:42:30,4515.67,EUR,Dépôt,France,False
TXN-005752,CLT-0028,2026-01-23 14:42:30,3014.87,EUR,Dépôt,France,False
TXN-005753,CLT-0052,2025-06-09 14:42:30,2085.76,EUR,Virement,France,False
TXN-005754,CLT-0096,2025-12-03 14:42:30,2582.97,EUR,Virement,France,False
TXN-005755,CLT-0025,2025-09-09 14:42:30,1700.29,EUR,Virement international,France,False
TXN-005756,CLT-0009,2026-04-28 14:42:30,84209.49,EUR,Retrait,Espagne,True
TXN-005757,CLT-0070,2026-03-26 14:42:30,4282.19,EUR,Virement,Panama,False
TXN-005758,CLT-0012,2025-06-13 14:42:30,1929.99,EUR,Virement international,Espagne,False
TXN-005759,CLT-0025,2026-03-15 14:42:30,3855.92,EUR,Paiement carte,Panama,False
TXN-005760,CLT-0074,2026-03-13 14:42:30,38993.02,EUR,Virement,Allemagne,True
TXN-005761,CLT-0057,2025-08-14 14:42:30,2886.18,EUR,Virement,Îles Caïmans,False
TXN-005762,CLT-0001,2025-09-08 14:42:30,2467.35,EUR,Virement international,France,False
TXN-005763,CLT-0077,2026-02-27 14:42:30,3055.5,EUR,Retrait,France,False
TXN-005764,CLT-0092,2025-08-01 14:42:30,4739.15,EUR,Dépôt,France,False
TXN-005765,CLT-0077,2026-03-23 14:42:30,4559.77,EUR,Paiement carte,France,False
TXN-005766,CLT-0018,2026-01-27 14:42:30,2959.05,EUR,Virement,Allemagne,False
TXN-005767,CLT-0006,2026-03-05 14:42:30,1771.54,EUR,Virement international,Espagne,False
TXN-005768,CLT-0062,2026-01-24 14:42:30,12538.1,EUR,Virement,Russie,True
TXN-005769,CLT-0050,2025-11-16 14:42:30,2615.53,EUR,Retrait,Russie,False
TXN-005770,CLT-0014,2025-10-21 14:42:30,44.46,EUR,Virement,France,False
TXN-005771,CLT-0093,2026-03-07 14:42:30,3947.08,EUR,Virement,Allemagne,False
TXN-005772,CLT-0048,2025-07-14 14:42:30,4973.44,EUR,Virement,Îles Caïmans,False
TXN-005773,CLT-0015,2026-02-16 14:42:30,3372.13,EUR,Virement,Îles Caïmans,False
TXN-005774,CLT-0011,2025-08-09 14:42:30,63960.15,EUR,Virement,France,True
TXN-005775,CLT-0087,2026-01-16 14:42:30,3555.17,EUR,Virement international,Allemagne,False
TXN-005776,CLT-0075,2025-11-12 14:42:30,918.73,EUR,Virement international,Russie,False
TXN-005777,CLT-0055,2026-04-13 14:42:30,4577.22,EUR,Retrait,Allemagne,False
TXN-005778,CLT-0044,2025-06-08 14:42:30,32750.54,EUR,Virement international,Îles Caïmans,True
TXN-005779,CLT-0078,2025-05-20 14:42:30,3440.74,EUR,Virement,France,False
TXN-005780,CLT-0014,2025-06-23 14:42:30,3522.42,EUR,Virement international,Îles Caïmans,False
TXN-005781,CLT-0046,2025-12-17 14:42:30,251.53,EUR,Virement,Panama,False
TXN-005782,CLT-0028,2026-04-18 14:42:30,334.86,EUR,Paiement carte,France,False
TXN-005783,CLT-0100,2025-12-24 14:42:30,2030.69,EUR,Virement,France,False
TXN-005784,CLT-0006,2025-10-17 14:42:30,3738.28,EUR,Virement international,France,False
TXN-005785,CLT-0033,2026-03-22 14:42:30,2502.82,EUR,Virement,Allemagne,False
TXN-005786,CLT-0036,2025-12-30 14:42:30,2823.98,EUR,Virement international,Panama,False
TXN-005787,CLT-0088,2025-07-15 14:42:30,43142.79,EUR,Dépôt,France,True
TXN-005788,CLT-0034,2025-09-22 14:42:30,667.2,EUR,Dépôt,Îles Caïmans,False
TXN-005789,CLT-0080,2025-05-28 14:42:30,2791.93,EUR,Virement international,Panama,False
TXN-005790,CLT-0019,2026-01-01 14:42:30,212.7,EUR,Virement international,Espagne,False
TXN-005791,CLT-0085,2025-07-01 14:42:30,20447.54,EUR,Virement,Espagne,True
TXN-005792,CLT-0057,2025-06-14 14:42:30,2276.96,EUR,Paiement carte,France,False
TXN-005793,CLT-0069,2025-06-26 14:42:30,960.77,EUR,Dépôt,Russie,False
TXN-005794,CLT-0077,2026-03-31 14:42:30,1958.77,EUR,Dépôt,Allemagne,False
TXN-005795,CLT-0064,2025-12-18 14:42:30,41994.91,EUR,Retrait,Îles Caïmans,True
TXN-005796,CLT-0092,2025-06-03 14:42:30,94062.88,EUR,Paiement carte,Panama,True
TXN-005797,CLT-0050,2025-05-27 14:42:30,81.48,EUR,Retrait,Russie,False
TXN-005798,CLT-0050,2025-10-26 14:42:30,433.16,EUR,Retrait,Îles Caïmans,False
TXN-005799,CLT-0077,2025-12-07 14:42:30,3842.29,EUR,Virement international,France,False
TXN-005800,CLT-0077,2025-08-06 14:42:30,4706.73,EUR,Paiement carte,Russie,False
TXN-005801,CLT-0049,2025-11-05 14:42:30,633.43,EUR,Retrait,Russie,False
TXN-005802,CLT-0006,2025-12-13 14:42:30,4109.39,EUR,Retrait,France,False
TXN-005803,CLT-0017,2025-09-01 14:42:30,4111.08,EUR,Retrait,France,False
TXN-005804,CLT-0036,2026-02-27 14:42:30,746.11,EUR,Retrait,Allemagne,False
TXN-005805,CLT-0005,2025-10-26 14:42:30,1714.44,EUR,Virement,Panama,False
TXN-005806,CLT-0040,2025-06-30 14:42:30,2617.18,EUR,Virement international,Îles Caïmans,False
TXN-005807,CLT-0047,2026-03-19 14:42:30,2268.55,EUR,Virement,Panama,False
TXN-005808,CLT-0094,2025-11-10 14:42:30,51.19,EUR,Retrait,Panama,False
TXN-005809,CLT-0066,2026-03-14 14:42:30,447.41,EUR,Dépôt,Panama,False
TXN-005810,CLT-0080,2025-07-04 14:42:30,93.12,EUR,Retrait,Espagne,False
TXN-005811,CLT-0093,2026-03-10 14:42:30,1218.58,EUR,Virement,France,False
TXN-005812,CLT-0035,2025-07-21 14:42:30,4417.13,EUR,Dépôt,Allemagne,False
TXN-005813,CLT-0090,2025-12-23 14:42:30,3966.22,EUR,Virement,Espagne,False
TXN-005814,CLT-0063,2025-08-11 14:42:30,4039.15,EUR,Virement international,Allemagne,False
TXN-005815,CLT-0088,2026-02-02 14:42:30,4535.6,EUR,Paiement carte,Russie,False
TXN-005816,CLT-0039,2025-05-26 14:42:30,2724.52,EUR,Virement,France,False
TXN-005817,CLT-0019,2025-08-15 14:42:30,17983.88,EUR,Retrait,France,True
TXN-005818,CLT-0088,2025-07-28 14:42:30,3117.32,EUR,Virement international,France,False
TXN-005819,CLT-0088,2026-04-22 14:42:30,3269.19,EUR,Virement international,Îles Caïmans,False
TXN-005820,CLT-0045,2025-10-16 14:42:30,1560.55,EUR,Paiement carte,Îles Caïmans,False
TXN-005821,CLT-0065,2025-11-09 14:42:30,3399.62,EUR,Paiement carte,Russie,False
TXN-005822,CLT-0017,2025-11-17 14:42:30,3883.75,EUR,Paiement carte,Allemagne,False
TXN-005823,CLT-0069,2025-08-19 14:42:30,1509.53,EUR,Retrait,Allemagne,False
TXN-005824,CLT-0020,2025-06-27 14:42:30,4960.78,EUR,Dépôt,Espagne,False
TXN-005825,CLT-0042,2025-06-20 14:42:30,936.54,EUR,Retrait,Panama,False
TXN-005826,CLT-0087,2025-08-17 14:42:30,86216.16,EUR,Virement international,France,True
TXN-005827,CLT-0033,2026-01-06 14:42:30,1662.28,EUR,Dépôt,Panama,False
TXN-005828,CLT-0066,2026-02-07 14:42:30,3683.72,EUR,Paiement carte,France,False
TXN-005829,CLT-0061,2025-10-22 14:42:30,30793.63,EUR,Paiement carte,Îles Caïmans,True
TXN-005830,CLT-0017,2025-08-14 14:42:30,3545.87,EUR,Virement international,Russie,False
TXN-005831,CLT-0058,2025-08-30 14:42:30,3536.78,EUR,Virement,France,False
TXN-005832,CLT-0010,2026-01-27 14:42:30,49119.51,EUR,Retrait,Îles Caïmans,True
TXN-005833,CLT-0048,2026-03-22 14:42:30,3024.84,EUR,Retrait,Îles Caïmans,False
TXN-005834,CLT-0062,2026-04-26 14:42:30,65130.03,EUR,Dépôt,France,True
TXN-005835,CLT-0001,2026-01-21 14:42:30,4773.93,EUR,Virement,France,False
TXN-005836,CLT-0046,2025-12-18 14:42:30,417.28,EUR,Retrait,Îles Caïmans,False
TXN-005837,CLT-0040,2025-09-19 14:42:30,1769.11,EUR,Dépôt,Allemagne,False
TXN-005838,CLT-0062,2025-07-04 14:42:30,2979.84,EUR,Virement,France,False
TXN-005839,CLT-0032,2026-01-17 14:42:30,1818.5,EUR,Dépôt,Russie,False
TXN-005840,CLT-0060,2025-07-02 14:42:30,2166.36,EUR,Virement,France,False
TXN-005841,CLT-0082,2026-01-28 14:42:30,11976.61,EUR,Dépôt,Allemagne,True
TXN-005842,CLT-0047,2025-09-01 14:42:30,3002.78,EUR,Virement international,Panama,False
TXN-005843,CLT-0009,2025-06-27 14:42:30,3587.54,EUR,Virement international,France,False
TXN-005844,CLT-0007,2025-10-19 14:42:30,2386.05,EUR,Retrait,France,False
TXN-005845,CLT-0078,2025-08-31 14:42:30,2957.91,EUR,Dépôt,Allemagne,False
TXN-005846,CLT-0066,2026-01-21 14:42:30,4888.38,EUR,Retrait,Russie,False
TXN-005847,CLT-0027,2026-04-20 14:42:30,2921.02,EUR,Retrait,France,False
TXN-005848,CLT-0042,2025-07-09 14:42:30,939.22,EUR,Dépôt,France,False
TXN-005849,CLT-0058,2025-12-16 14:42:30,2200.47,EUR,Retrait,France,False
TXN-005850,CLT-0028,2025-08-18 14:42:30,3661.86,EUR,Paiement carte,Russie,False
TXN-005851,CLT-0033,2025-09-01 14:42:30,2363.28,EUR,Virement,Russie,False
TXN-005852,CLT-0098,2025-10-15 14:42:30,43033.97,EUR,Dépôt,Îles Caïmans,True
TXN-005853,CLT-0049,2025-09-25 14:42:30,66482.29,EUR,Retrait,France,True
TXN-005854,CLT-0016,2026-02-23 14:42:30,2752.63,EUR,Retrait,France,False
TXN-005855,CLT-0065,2026-01-25 14:42:30,80122.44,EUR,Paiement carte,France,True
TXN-005856,CLT-0018,2025-09-30 14:42:30,3952.78,EUR,Paiement carte,Espagne,False
TXN-005857,CLT-0026,2026-01-28 14:42:30,1085.31,EUR,Virement,Espagne,False
TXN-005858,CLT-0056,2025-07-17 14:42:30,1807.16,EUR,Virement international,France,False
TXN-005859,CLT-0052,2025-10-20 14:42:30,193.05,EUR,Paiement carte,France,False
TXN-005860,CLT-0013,2026-01-15 14:42:30,2719.97,EUR,Retrait,Allemagne,False
TXN-005861,CLT-0044,2026-01-28 14:42:30,4571.59,EUR,Virement international,Espagne,False
TXN-005862,CLT-0015,2026-03-28 14:42:30,4998.33,EUR,Virement international,Espagne,False
TXN-005863,CLT-0013,2025-11-15 14:42:30,3993.7,EUR,Retrait,Espagne,False
TXN-005864,CLT-0096,2025-10-26 14:42:30,155.16,EUR,Retrait,Russie,False
TXN-005865,CLT-0003,2025-05-16 14:42:30,450.86,EUR,Dépôt,Allemagne,False
TXN-005866,CLT-0013,2025-08-16 14:42:30,1269.58,EUR,Virement,Îles Caïmans,False
TXN-005867,CLT-0095,2025-11-09 14:42:30,2901.13,EUR,Virement international,Panama,False
TXN-005868,CLT-0080,2026-04-06 14:42:30,1297.46,EUR,Retrait,Russie,False
TXN-005869,CLT-0027,2026-03-21 14:42:30,994.69,EUR,Paiement carte,Allemagne,False
TXN-005870,CLT-0064,2025-07-22 14:42:30,1975.45,EUR,Retrait,Russie,False
TXN-005871,CLT-0061,2025-09-03 14:42:30,2144.07,EUR,Paiement carte,Panama,False
TXN-005872,CLT-0055,2025-07-31 14:42:30,1810.79,EUR,Virement,Allemagne,False
TXN-005873,CLT-0033,2025-09-07 14:42:30,1549.91,EUR,Virement international,France,False
TXN-005874,CLT-0004,2025-08-02 14:42:30,1108.09,EUR,Virement international,Espagne,False
TXN-005875,CLT-0025,2026-03-08 14:42:30,3935.25,EUR,Retrait,France,False
TXN-005876,CLT-0015,2025-10-18 14:42:30,2455.14,EUR,Dépôt,France,False
TXN-005877,CLT-0079,2026-01-19 14:42:30,14524.64,EUR,Virement,Panama,True
TXN-005878,CLT-0037,2025-12-07 14:42:30,4835.42,EUR,Retrait,Allemagne,False
TXN-005879,CLT-0021,2025-07-01 14:42:30,1263.06,EUR,Virement,Espagne,False
TXN-005880,CLT-0001,2026-03-30 14:42:30,3022.51,EUR,Virement international,Îles Caïmans,False
TXN-005881,CLT-0059,2026-01-05 14:42:30,89237.91,EUR,Virement international,France,True
TXN-005882,CLT-0078,2025-06-10 14:42:30,3147.91,EUR,Virement international,France,False
TXN-005883,CLT-0068,2026-01-19 14:42:30,4529.62,EUR,Virement,Îles Caïmans,False
TXN-005884,CLT-0060,2025-10-30 14:42:30,4693.65,EUR,Retrait,Îles Caïmans,False
TXN-005885,CLT-0087,2025-07-18 14:42:30,4889.26,EUR,Paiement carte,France,False
TXN-005886,CLT-0059,2026-02-03 14:42:30,23766.61,EUR,Retrait,Îles Caïmans,True
TXN-005887,CLT-0047,2026-04-14 14:42:30,3376.39,EUR,Virement international,Îles Caïmans,False
TXN-005888,CLT-0035,2026-02-21 14:42:30,2199.77,EUR,Dépôt,Russie,False
TXN-005889,CLT-0047,2025-06-17 14:42:30,81449.76,EUR,Dépôt,Russie,True
TXN-005890,CLT-0060,2025-09-05 14:42:30,793.21,EUR,Virement,France,False
TXN-005891,CLT-0080,2025-05-31 14:42:30,37200.93,EUR,Virement,Russie,True
TXN-005892,CLT-0094,2026-02-09 14:42:30,1035.95,EUR,Paiement carte,France,False
TXN-005893,CLT-0044,2025-08-26 14:42:30,2935.33,EUR,Paiement carte,Îles Caïmans,False
TXN-005894,CLT-0044,2025-08-18 14:42:30,184.32,EUR,Virement international,Russie,False
TXN-005895,CLT-0062,2025-11-01 14:42:30,1740.38,EUR,Virement international,Espagne,False
TXN-005896,CLT-0053,2026-02-03 14:42:30,4744.97,EUR,Dépôt,Espagne,False
TXN-005897,CLT-0026,2025-10-30 14:42:30,264.79,EUR,Retrait,Russie,False
TXN-005898,CLT-0098,2025-10-08 14:42:30,2469.05,EUR,Dépôt,Îles Caïmans,False
TXN-005899,CLT-0067,2025-11-23 14:42:30,3994.5,EUR,Paiement carte,Îles Caïmans,False
TXN-005900,CLT-0082,2025-07-19 14:42:30,1303.82,EUR,Dépôt,Russie,False
TXN-005901,CLT-0095,2025-06-26 14:42:30,1750.86,EUR,Retrait,Espagne,False
TXN-005902,CLT-0083,2025-12-01 14:42:30,4536.55,EUR,Virement,France,False
TXN-005903,CLT-0057,2026-01-10 14:42:30,3875.52,EUR,Paiement carte,France,False
TXN-005904,CLT-0087,2025-12-25 14:42:30,37.75,EUR,Virement international,Îles Caïmans,False
TXN-005905,CLT-0034,2025-06-28 14:42:30,1142.68,EUR,Dépôt,France,False
TXN-005906,CLT-0036,2025-11-16 14:42:30,4025.6,EUR,Virement international,France,False
TXN-005907,CLT-0048,2026-05-10 14:42:30,2415.38,EUR,Retrait,Allemagne,False
TXN-005908,CLT-0075,2025-10-19 14:42:30,2673.05,EUR,Retrait,France,False
TXN-005909,CLT-0077,2025-10-17 14:42:30,613.12,EUR,Paiement carte,Espagne,False
TXN-005910,CLT-0036,2025-05-22 14:42:30,2629.06,EUR,Virement,Russie,False
TXN-005911,CLT-0012,2025-12-24 14:42:30,1053.07,EUR,Dépôt,France,False
TXN-005912,CLT-0091,2026-02-12 14:42:30,1937.76,EUR,Dépôt,France,False
TXN-005913,CLT-0053,2026-03-02 14:42:30,238.99,EUR,Dépôt,Allemagne,False
TXN-005914,CLT-0056,2025-07-20 14:42:30,2265.26,EUR,Retrait,Allemagne,False
TXN-005915,CLT-0036,2025-09-16 14:42:30,4623.38,EUR,Paiement carte,Espagne,False
TXN-005916,CLT-0056,2025-10-24 14:42:30,4989.04,EUR,Virement,Allemagne,False
TXN-005917,CLT-0063,2026-03-05 14:42:30,4286.99,EUR,Retrait,Russie,False
TXN-005918,CLT-0007,2026-02-27 14:42:30,1685.01,EUR,Virement international,Espagne,False
TXN-005919,CLT-0003,2026-03-29 14:42:30,358.38,EUR,Retrait,Russie,False
TXN-005920,CLT-0015,2025-08-13 14:42:30,2419.86,EUR,Virement international,Panama,False
TXN-005921,CLT-0034,2025-08-21 14:42:30,34015.58,EUR,Virement international,Russie,True
TXN-005922,CLT-0067,2026-01-30 14:42:30,3172.9,EUR,Retrait,Allemagne,False
TXN-005923,CLT-0034,2026-03-30 14:42:30,118.42,EUR,Dépôt,Allemagne,False
TXN-005924,CLT-0048,2025-06-12 14:42:30,2241.46,EUR,Dépôt,Russie,False
TXN-005925,CLT-0003,2025-11-20 14:42:30,1059.76,EUR,Dépôt,France,False
TXN-005926,CLT-0004,2025-09-16 14:42:30,936.79,EUR,Paiement carte,Russie,False
TXN-005927,CLT-0062,2026-04-13 14:42:30,3783.52,EUR,Virement,France,False
TXN-005928,CLT-0093,2026-01-11 14:42:30,3002.57,EUR,Paiement carte,France,False
TXN-005929,CLT-0025,2026-03-09 14:42:30,2854.23,EUR,Paiement carte,Russie,False
TXN-005930,CLT-0067,2025-07-16 14:42:30,2995.13,EUR,Dépôt,France,False
TXN-005931,CLT-0064,2026-01-06 14:42:30,4830.5,EUR,Paiement carte,Russie,False
TXN-005932,CLT-0100,2025-08-28 14:42:30,87749.98,EUR,Virement,Russie,True
TXN-005933,CLT-0097,2025-06-26 14:42:30,3794.89,EUR,Paiement carte,Panama,False
TXN-005934,CLT-0035,2025-10-07 14:42:30,10606.74,EUR,Virement,Russie,True
TXN-005935,CLT-0098,2026-01-29 14:42:30,47590.98,EUR,Virement international,Espagne,True
TXN-005936,CLT-0026,2025-08-24 14:42:30,3656.45,EUR,Virement,Allemagne,False
TXN-005937,CLT-0060,2025-11-15 14:42:30,4208.71,EUR,Retrait,Îles Caïmans,False
TXN-005938,CLT-0089,2025-12-19 14:42:30,1649.53,EUR,Virement,Espagne,False
TXN-005939,CLT-0024,2025-09-10 14:42:30,3104.75,EUR,Virement international,France,False
TXN-005940,CLT-0071,2025-09-24 14:42:30,953.82,EUR,Virement international,Allemagne,False
TXN-005941,CLT-0032,2026-01-02 14:42:30,3931.52,EUR,Virement,Îles Caïmans,False
TXN-005942,CLT-0065,2025-06-28 14:42:30,2601.09,EUR,Dépôt,Espagne,False
TXN-005943,CLT-0072,2025-08-04 14:42:30,4444.9,EUR,Virement international,Panama,False
TXN-005944,CLT-0026,2026-05-01 14:42:30,2942.24,EUR,Retrait,France,False
TXN-005945,CLT-0001,2025-10-02 14:42:30,4438.45,EUR,Dépôt,France,False
TXN-005946,CLT-0016,2026-04-16 14:42:30,3128.72,EUR,Dépôt,France,False
TXN-005947,CLT-0017,2026-04-24 14:42:30,4561.28,EUR,Virement international,Îles Caïmans,False
TXN-005948,CLT-0022,2025-07-10 14:42:30,1102.53,EUR,Retrait,Panama,False
TXN-005949,CLT-0001,2025-12-29 14:42:30,2003.76,EUR,Retrait,France,False
TXN-005950,CLT-0046,2026-03-14 14:42:30,3216.91,EUR,Dépôt,France,False
TXN-005951,CLT-0021,2026-01-27 14:42:30,3416.26,EUR,Virement,France,False
TXN-005952,CLT-0046,2025-07-06 14:42:30,92797.5,EUR,Retrait,France,True
TXN-005953,CLT-0003,2026-05-11 14:42:30,4607.71,EUR,Dépôt,France,False
TXN-005954,CLT-0018,2025-08-14 14:42:30,3324.86,EUR,Virement,Îles Caïmans,False
TXN-005955,CLT-0039,2026-04-15 14:42:30,640.31,EUR,Virement international,France,False
TXN-005956,CLT-0008,2026-01-12 14:42:30,172.34,EUR,Dépôt,Espagne,False
TXN-005957,CLT-0067,2026-01-22 14:42:30,3546.99,EUR,Dépôt,Russie,False
TXN-005958,CLT-0027,2025-09-27 14:42:30,2432.21,EUR,Virement international,France,False
TXN-005959,CLT-0088,2025-06-21 14:42:30,3586.28,EUR,Dépôt,Allemagne,False
TXN-005960,CLT-0069,2026-03-31 14:42:30,533.84,EUR,Retrait,Russie,False
TXN-005961,CLT-0018,2025-08-23 14:42:30,67028.74,EUR,Paiement carte,Espagne,True
TXN-005962,CLT-0065,2026-03-24 14:42:30,2938.54,EUR,Dépôt,France,False
TXN-005963,CLT-0088,2025-09-16 14:42:30,1832.0,EUR,Paiement carte,France,False
TXN-005964,CLT-0032,2026-04-22 14:42:30,1698.85,EUR,Virement,France,False
TXN-005965,CLT-0043,2025-06-30 14:42:30,3642.37,EUR,Dépôt,Espagne,False
TXN-005966,CLT-0087,2026-03-22 14:42:30,2272.88,EUR,Dépôt,France,False
TXN-005967,CLT-0071,2025-08-24 14:42:30,3813.41,EUR,Dépôt,France,False
TXN-005968,CLT-0066,2026-04-28 14:42:30,4228.08,EUR,Virement international,France,False
TXN-005969,CLT-0038,2025-05-14 14:42:30,1447.65,EUR,Virement,Allemagne,False
TXN-005970,CLT-0077,2025-10-14 14:42:30,143.54,EUR,Dépôt,Panama,False
TXN-005971,CLT-0048,2026-01-26 14:42:30,3010.66,EUR,Dépôt,France,False
TXN-005972,CLT-0018,2025-05-14 14:42:30,2543.87,EUR,Retrait,Russie,False
TXN-005973,CLT-0099,2025-09-27 14:42:30,1655.38,EUR,Paiement carte,Russie,False
TXN-005974,CLT-0024,2025-07-23 14:42:30,1364.83,EUR,Dépôt,Espagne,False
TXN-005975,CLT-0066,2026-01-22 14:42:30,596.19,EUR,Paiement carte,France,False
TXN-005976,CLT-0062,2026-01-06 14:42:30,3685.94,EUR,Virement international,Russie,False
TXN-005977,CLT-0091,2026-04-12 14:42:30,94.96,EUR,Dépôt,Panama,False
TXN-005978,CLT-0071,2025-12-19 14:42:30,3003.23,EUR,Dépôt,Îles Caïmans,False
TXN-005979,CLT-0056,2026-03-20 14:42:30,1333.11,EUR,Paiement carte,France,False
TXN-005980,CLT-0085,2025-10-10 14:42:30,2822.56,EUR,Paiement carte,France,False
TXN-005981,CLT-0044,2026-01-20 14:42:30,1826.43,EUR,Virement,France,False
TXN-005982,CLT-0080,2025-12-30 14:42:30,2160.32,EUR,Virement,Îles Caïmans,False
TXN-005983,CLT-0063,2026-02-24 14:42:30,3913.37,EUR,Retrait,Russie,False
TXN-005984,CLT-0037,2026-04-11 14:42:30,994.75,EUR,Dépôt,France,False
TXN-005985,CLT-0064,2026-03-22 14:42:30,1017.77,EUR,Virement,France,False
TXN-005986,CLT-0072,2025-11-22 14:42:30,4802.31,EUR,Retrait,Espagne,False
TXN-005987,CLT-0047,2025-11-22 14:42:30,3116.21,EUR,Paiement carte,France,False
TXN-005988,CLT-0085,2025-08-01 14:42:30,2125.57,EUR,Retrait,Allemagne,False
TXN-005989,CLT-0062,2025-06-11 14:42:30,4850.74,EUR,Paiement carte,Îles Caïmans,False
TXN-005990,CLT-0046,2025-07-04 14:42:30,2806.85,EUR,Virement,Espagne,False
TXN-005991,CLT-0004,2026-03-28 14:42:30,3721.65,EUR,Virement international,Îles Caïmans,False
TXN-005992,CLT-0011,2026-01-31 14:42:30,263.57,EUR,Paiement carte,France,False
TXN-005993,CLT-0072,2025-09-14 14:42:30,1654.85,EUR,Dépôt,France,False
TXN-005994,CLT-0075,2025-09-22 14:42:30,70483.16,EUR,Retrait,Allemagne,True
TXN-005995,CLT-0100,2026-04-20 14:42:30,1924.74,EUR,Virement international,Allemagne,False
TXN-005996,CLT-0005,2025-10-10 14:42:30,3344.47,EUR,Virement international,Panama,False
TXN-005997,CLT-0005,2026-03-29 14:42:30,131.97,EUR,Dépôt,Panama,False
TXN-005998,CLT-0011,2025-07-12 14:42:30,2763.82,EUR,Virement,France,False
TXN-005999,CLT-0021,2026-04-21 14:42:30,1031.0,EUR,Paiement carte,Espagne,False
TXN-006000,CLT-0088,2026-02-05 14:42:30,61164.76,EUR,Retrait,Allemagne,True
TXN-006001,CLT-0076,2025-08-31 14:42:30,2172.81,EUR,Virement,France,False
TXN-006002,CLT-0070,2026-01-13 14:42:30,3331.79,EUR,Virement international,Russie,False
TXN-006003,CLT-0072,2026-04-11 14:42:30,4718.75,EUR,Virement international,Allemagne,False
TXN-006004,CLT-0067,2025-09-25 14:42:30,1423.8,EUR,Virement,Îles Caïmans,False
TXN-006005,CLT-0096,2026-01-06 14:42:30,2167.06,EUR,Dépôt,France,False
TXN-006006,CLT-0066,2025-12-11 14:42:30,2722.95,EUR,Virement,France,False
TXN-006007,CLT-0056,2025-10-18 14:42:30,3716.86,EUR,Dépôt,Russie,False
TXN-006008,CLT-0040,2025-10-14 14:42:30,3642.37,EUR,Dépôt,France,False
TXN-006009,CLT-0099,2026-02-03 14:42:30,3244.74,EUR,Retrait,Russie,False
TXN-006010,CLT-0057,2026-01-11 14:42:30,2176.13,EUR,Virement international,Panama,False
TXN-006011,CLT-0061,2025-08-05 14:42:30,3418.67,EUR,Paiement carte,Espagne,False
TXN-006012,CLT-0050,2025-12-05 14:42:30,2836.73,EUR,Virement international,Russie,False
TXN-006013,CLT-0050,2026-01-02 14:42:30,1536.72,EUR,Virement international,Allemagne,False
TXN-006014,CLT-0043,2025-05-18 14:42:30,2849.49,EUR,Retrait,France,False
TXN-006015,CLT-0052,2025-10-02 14:42:30,1658.1,EUR,Dépôt,France,False
TXN-006016,CLT-0081,2026-02-24 14:42:30,1402.95,EUR,Paiement carte,France,False
TXN-006017,CLT-0035,2025-11-02 14:42:30,4694.33,EUR,Virement international,Îles Caïmans,False
TXN-006018,CLT-0009,2025-08-21 14:42:30,3341.68,EUR,Virement,France,False
TXN-006019,CLT-0032,2026-02-28 14:42:30,2886.93,EUR,Retrait,Espagne,False
TXN-006020,CLT-0007,2026-02-07 14:42:30,2458.32,EUR,Retrait,Russie,False
TXN-006021,CLT-0100,2025-08-01 14:42:30,2434.99,EUR,Dépôt,France,False
TXN-006022,CLT-0027,2026-04-11 14:42:30,3380.69,EUR,Virement international,Îles Caïmans,False
TXN-006023,CLT-0042,2025-08-20 14:42:30,1511.0,EUR,Paiement carte,Allemagne,False
TXN-006024,CLT-0042,2025-11-26 14:42:30,31098.1,EUR,Virement international,Îles Caïmans,True
TXN-006025,CLT-0087,2025-11-28 14:42:30,4567.68,EUR,Paiement carte,Îles Caïmans,False
TXN-006026,CLT-0059,2025-11-04 14:42:30,3333.76,EUR,Virement international,Îles Caïmans,False
TXN-006027,CLT-0044,2025-11-14 14:42:30,20.62,EUR,Virement,France,False
TXN-006028,CLT-0084,2025-09-10 14:42:30,3189.63,EUR,Paiement carte,Espagne,False
TXN-006029,CLT-0028,2025-12-29 14:42:30,4703.79,EUR,Paiement carte,Allemagne,False
TXN-006030,CLT-0014,2025-10-15 14:42:30,191.74,EUR,Dépôt,Îles Caïmans,False
TXN-006031,CLT-0023,2026-01-04 14:42:30,4415.22,EUR,Virement,France,False
TXN-006032,CLT-0066,2025-05-28 14:42:30,448.02,EUR,Paiement carte,Russie,False
TXN-006033,CLT-0018,2025-11-06 14:42:30,3579.64,EUR,Virement,Allemagne,False
TXN-006034,CLT-0074,2026-03-27 14:42:30,3161.55,EUR,Virement international,Panama,False
TXN-006035,CLT-0053,2025-11-20 14:42:30,3290.41,EUR,Dépôt,France,False
TXN-006036,CLT-0041,2025-08-06 14:42:30,1589.83,EUR,Virement,France,False
TXN-006037,CLT-0024,2026-02-07 14:42:30,4944.57,EUR,Virement international,Russie,False
TXN-006038,CLT-0024,2026-01-29 14:42:30,2059.68,EUR,Paiement carte,France,False
TXN-006039,CLT-0071,2026-01-29 14:42:30,652.99,EUR,Virement,France,False
TXN-006040,CLT-0079,2025-08-28 14:42:30,4601.26,EUR,Virement,Russie,False
TXN-006041,CLT-0078,2026-03-10 14:42:30,39635.84,EUR,Virement,Espagne,True
TXN-006042,CLT-0100,2025-06-12 14:42:30,4501.9,EUR,Dépôt,Îles Caïmans,False
TXN-006043,CLT-0017,2025-11-24 14:42:30,2997.0,EUR,Paiement carte,France,False
TXN-006044,CLT-0055,2025-06-30 14:42:30,1763.22,EUR,Virement,France,False
TXN-006045,CLT-0025,2025-08-29 14:42:30,1085.69,EUR,Virement,Espagne,False
TXN-006046,CLT-0062,2025-09-08 14:42:30,41.13,EUR,Dépôt,France,False
TXN-006047,CLT-0077,2026-05-08 14:42:30,2146.25,EUR,Retrait,France,False
TXN-006048,CLT-0037,2025-09-22 14:42:30,55829.09,EUR,Dépôt,Allemagne,True
TXN-006049,CLT-0031,2025-09-27 14:42:30,560.05,EUR,Retrait,France,False
TXN-006050,CLT-0057,2026-03-10 14:42:30,422.6,EUR,Dépôt,Allemagne,False
TXN-006051,CLT-0053,2025-10-08 14:42:30,906.28,EUR,Dépôt,Îles Caïmans,False
TXN-006052,CLT-0052,2026-01-30 14:42:30,885.91,EUR,Virement,Îles Caïmans,False
TXN-006053,CLT-0054,2026-05-02 14:42:30,1705.37,EUR,Retrait,Espagne,False
TXN-006054,CLT-0054,2026-02-26 14:42:30,1665.47,EUR,Paiement carte,France,False
TXN-006055,CLT-0081,2025-10-18 14:42:30,3375.52,EUR,Paiement carte,France,False
TXN-006056,CLT-0001,2026-03-17 14:42:30,70990.02,EUR,Virement,Panama,True
TXN-006057,CLT-0056,2025-05-28 14:42:30,4228.84,EUR,Virement international,Russie,False
TXN-006058,CLT-0060,2025-12-01 14:42:30,58377.12,EUR,Virement,France,True
TXN-006059,CLT-0012,2025-08-19 14:42:30,425.31,EUR,Paiement carte,Russie,False
TXN-006060,CLT-0031,2026-02-10 14:42:30,2998.15,EUR,Dépôt,Allemagne,False
TXN-006061,CLT-0030,2025-05-22 14:42:30,1155.88,EUR,Virement,Panama,False
TXN-006062,CLT-0090,2025-07-19 14:42:30,1416.56,EUR,Dépôt,France,False
TXN-006063,CLT-0008,2025-09-13 14:42:30,2098.83,EUR,Paiement carte,Espagne,False
TXN-006064,CLT-0068,2025-05-17 14:42:30,4304.82,EUR,Retrait,France,False
TXN-006065,CLT-0034,2025-05-29 14:42:30,23367.47,EUR,Paiement carte,Panama,True
TXN-006066,CLT-0074,2026-03-18 14:42:30,3423.7,EUR,Virement,France,False
TXN-006067,CLT-0009,2025-06-13 14:42:30,1529.89,EUR,Dépôt,Espagne,False
TXN-006068,CLT-0013,2025-12-03 14:42:30,173.56,EUR,Virement,Allemagne,False
TXN-006069,CLT-0093,2025-11-08 14:42:30,1962.84,EUR,Retrait,Allemagne,False
TXN-006070,CLT-0001,2026-01-12 14:42:30,1023.38,EUR,Dépôt,Russie,False
TXN-006071,CLT-0025,2025-12-10 14:42:30,1847.84,EUR,Paiement carte,France,False
TXN-006072,CLT-0016,2025-12-20 14:42:30,79307.96,EUR,Paiement carte,Espagne,True
TXN-006073,CLT-0082,2026-04-27 14:42:30,4646.09,EUR,Retrait,France,False
TXN-006074,CLT-0057,2025-12-26 14:42:30,63.51,EUR,Virement,France,False
TXN-006075,CLT-0080,2025-05-20 14:42:30,1711.64,EUR,Retrait,Allemagne,False
TXN-006076,CLT-0073,2025-06-26 14:42:30,4602.92,EUR,Paiement carte,France,False
TXN-006077,CLT-0048,2025-08-10 14:42:30,4204.43,EUR,Paiement carte,France,False
TXN-006078,CLT-0005,2025-11-03 14:42:30,3029.6,EUR,Dépôt,France,False
TXN-006079,CLT-0100,2025-05-26 14:42:30,3700.09,EUR,Virement international,Allemagne,False
TXN-006080,CLT-0088,2026-04-14 14:42:30,69025.71,EUR,Dépôt,Panama,True
TXN-006081,CLT-0078,2025-11-01 14:42:30,2952.41,EUR,Virement international,Allemagne,False
TXN-006082,CLT-0076,2025-09-06 14:42:30,3255.8,EUR,Retrait,Îles Caïmans,False
TXN-006083,CLT-0078,2025-08-21 14:42:30,2502.84,EUR,Dépôt,Espagne,False
TXN-006084,CLT-0038,2025-06-25 14:42:30,38483.54,EUR,Dépôt,France,True
TXN-006085,CLT-0048,2026-01-30 14:42:30,1676.9,EUR,Paiement carte,France,False
TXN-006086,CLT-0048,2025-10-30 14:42:30,4263.93,EUR,Virement,Espagne,False
TXN-006087,CLT-0069,2025-09-15 14:42:30,4348.05,EUR,Dépôt,Îles Caïmans,False
TXN-006088,CLT-0058,2026-02-09 14:42:30,89935.9,EUR,Virement,France,True
TXN-006089,CLT-0085,2025-06-24 14:42:30,3802.83,EUR,Paiement carte,France,False
TXN-006090,CLT-0095,2026-05-03 14:42:30,45941.57,EUR,Virement,France,True
TXN-006091,CLT-0056,2026-01-21 14:42:30,4431.89,EUR,Virement,France,False
TXN-006092,CLT-0072,2026-05-12 14:42:30,4223.14,EUR,Virement,Russie,False
TXN-006093,CLT-0064,2026-03-05 14:42:30,83895.09,EUR,Paiement carte,France,True
TXN-006094,CLT-0086,2025-06-05 14:42:30,1730.18,EUR,Virement international,Russie,False
TXN-006095,CLT-0007,2025-09-02 14:42:30,2459.83,EUR,Virement,Espagne,False
TXN-006096,CLT-0050,2025-05-21 14:42:30,2326.09,EUR,Virement international,France,False
TXN-006097,CLT-0043,2025-07-29 14:42:30,511.78,EUR,Paiement carte,Îles Caïmans,False
TXN-006098,CLT-0058,2025-09-04 14:42:30,150.58,EUR,Retrait,Panama,False
TXN-006099,CLT-0073,2025-05-22 14:42:30,1816.46,EUR,Virement,France,False
TXN-006100,CLT-0027,2026-03-13 14:42:30,38806.8,EUR,Dépôt,Îles Caïmans,True
TXN-006101,CLT-0095,2025-07-26 14:42:30,4638.01,EUR,Paiement carte,Espagne,False
TXN-006102,CLT-0023,2025-07-05 14:42:30,3914.35,EUR,Dépôt,France,False
TXN-006103,CLT-0060,2025-10-08 14:42:30,39052.43,EUR,Dépôt,Îles Caïmans,True
TXN-006104,CLT-0016,2025-08-09 14:42:30,953.79,EUR,Virement international,France,False
TXN-006105,CLT-0034,2025-09-01 14:42:30,2455.42,EUR,Virement international,Russie,False
TXN-006106,CLT-0078,2025-09-25 14:42:30,1417.94,EUR,Retrait,Panama,False
TXN-006107,CLT-0086,2025-06-29 14:42:30,3074.95,EUR,Dépôt,Espagne,False
TXN-006108,CLT-0078,2025-10-28 14:42:30,1183.63,EUR,Virement international,Russie,False
TXN-006109,CLT-0099,2026-02-28 14:42:30,895.44,EUR,Virement,France,False
TXN-006110,CLT-0033,2025-10-31 14:42:30,317.29,EUR,Paiement carte,France,False
TXN-006111,CLT-0074,2026-03-17 14:42:30,78457.47,EUR,Virement,Îles Caïmans,True
TXN-006112,CLT-0048,2026-01-26 14:42:30,2880.23,EUR,Retrait,France,False
TXN-006113,CLT-0062,2025-08-02 14:42:30,390.75,EUR,Virement international,Allemagne,False
TXN-006114,CLT-0017,2025-08-15 14:42:30,63801.29,EUR,Virement international,Russie,True
TXN-006115,CLT-0023,2025-11-25 14:42:30,1184.75,EUR,Paiement carte,France,False
TXN-006116,CLT-0100,2025-12-23 14:42:30,60045.39,EUR,Virement international,Russie,True
TXN-006117,CLT-0024,2026-03-16 14:42:30,2525.86,EUR,Virement international,France,False
TXN-006118,CLT-0026,2025-07-16 14:42:30,4273.92,EUR,Dépôt,Panama,False
TXN-006119,CLT-0017,2026-02-18 14:42:30,28075.97,EUR,Retrait,Allemagne,True
TXN-006120,CLT-0056,2025-08-25 14:42:30,64096.65,EUR,Dépôt,France,True
TXN-006121,CLT-0088,2025-12-23 14:42:30,2842.61,EUR,Paiement carte,Panama,False
TXN-006122,CLT-0041,2026-04-15 14:42:30,3224.41,EUR,Dépôt,Russie,False
TXN-006123,CLT-0100,2025-09-08 14:42:30,2479.79,EUR,Virement international,France,False
TXN-006124,CLT-0086,2026-03-10 14:42:30,1027.16,EUR,Dépôt,Allemagne,False
TXN-006125,CLT-0032,2025-11-15 14:42:30,1603.13,EUR,Virement international,France,False
TXN-006126,CLT-0005,2025-11-14 14:42:30,36747.01,EUR,Virement international,France,True
TXN-006127,CLT-0080,2026-04-18 14:42:30,2302.54,EUR,Dépôt,France,False
TXN-006128,CLT-0090,2025-07-15 14:42:30,948.59,EUR,Dépôt,Russie,False
TXN-006129,CLT-0079,2026-02-07 14:42:30,4959.14,EUR,Dépôt,Allemagne,False
TXN-006130,CLT-0049,2025-08-12 14:42:30,511.1,EUR,Paiement carte,France,False
TXN-006131,CLT-0003,2025-11-28 14:42:30,2690.16,EUR,Paiement carte,Espagne,False
TXN-006132,CLT-0035,2025-06-18 14:42:30,4614.47,EUR,Dépôt,France,False
TXN-006133,CLT-0039,2026-05-05 14:42:30,70366.29,EUR,Retrait,Russie,True
TXN-006134,CLT-0080,2025-12-31 14:42:30,2969.09,EUR,Retrait,Panama,False
TXN-006135,CLT-0001,2026-03-16 14:42:30,2926.84,EUR,Virement,France,False
TXN-006136,CLT-0054,2025-07-03 14:42:30,4387.68,EUR,Virement international,France,False
TXN-006137,CLT-0076,2025-06-26 14:42:30,786.56,EUR,Retrait,Panama,False
TXN-006138,CLT-0068,2026-01-26 14:42:30,4766.68,EUR,Dépôt,France,False
TXN-006139,CLT-0005,2025-08-31 14:42:30,36270.72,EUR,Retrait,Espagne,True
TXN-006140,CLT-0012,2025-06-18 14:42:30,1984.15,EUR,Paiement carte,Espagne,False
TXN-006141,CLT-0050,2026-02-20 14:42:30,4395.16,EUR,Retrait,Espagne,False
TXN-006142,CLT-0037,2025-11-29 14:42:30,1678.27,EUR,Paiement carte,France,False
TXN-006143,CLT-0030,2026-03-11 14:42:30,23474.58,EUR,Dépôt,Espagne,True
TXN-006144,CLT-0022,2025-05-22 14:42:30,3118.69,EUR,Retrait,Allemagne,False
TXN-006145,CLT-0097,2026-04-01 14:42:30,29.79,EUR,Paiement carte,Allemagne,False
TXN-006146,CLT-0050,2025-10-28 14:42:30,1153.08,EUR,Virement,Panama,False
TXN-006147,CLT-0007,2025-05-28 14:42:30,1303.35,EUR,Virement,Îles Caïmans,False
TXN-006148,CLT-0068,2025-07-25 14:42:30,76852.64,EUR,Virement,France,True
TXN-006149,CLT-0014,2025-11-11 14:42:30,4976.11,EUR,Paiement carte,Allemagne,False
TXN-006150,CLT-0098,2025-06-24 14:42:30,382.05,EUR,Virement,France,False
TXN-006151,CLT-0082,2025-12-15 14:42:30,22829.76,EUR,Virement,Russie,True
TXN-006152,CLT-0006,2025-08-23 14:42:30,346.2,EUR,Virement international,Panama,False
TXN-006153,CLT-0068,2026-03-31 14:42:30,3325.64,EUR,Dépôt,Espagne,False
TXN-006154,CLT-0056,2026-02-02 14:42:30,26994.88,EUR,Paiement carte,Panama,True
TXN-006155,CLT-0044,2025-08-21 14:42:30,71.54,EUR,Virement international,France,False
TXN-006156,CLT-0071,2025-12-01 14:42:30,2161.16,EUR,Virement,Russie,False
TXN-006157,CLT-0094,2025-11-03 14:42:30,503.53,EUR,Paiement carte,France,False
TXN-006158,CLT-0095,2026-02-12 14:42:30,3522.41,EUR,Dépôt,France,False
TXN-006159,CLT-0083,2026-03-15 14:42:30,4074.06,EUR,Virement,Espagne,False
TXN-006160,CLT-0035,2025-07-06 14:42:30,2918.66,EUR,Virement international,France,False
TXN-006161,CLT-0028,2026-03-31 14:42:30,1428.38,EUR,Virement international,Panama,False
TXN-006162,CLT-0075,2025-07-22 14:42:30,1989.89,EUR,Retrait,France,False
TXN-006163,CLT-0020,2025-11-30 14:42:30,850.36,EUR,Virement,France,False
TXN-006164,CLT-0014,2026-04-28 14:42:30,4105.75,EUR,Paiement carte,Espagne,False
TXN-006165,CLT-0065,2025-06-30 14:42:30,769.21,EUR,Dépôt,Espagne,False
TXN-006166,CLT-0067,2025-08-24 14:42:30,4898.67,EUR,Paiement carte,Îles Caïmans,False
TXN-006167,CLT-0089,2026-04-06 14:42:30,1493.5,EUR,Virement international,France,False
TXN-006168,CLT-0016,2025-07-10 14:42:30,4698.08,EUR,Retrait,Îles Caïmans,False
TXN-006169,CLT-0014,2025-07-07 14:42:30,3343.44,EUR,Paiement carte,Espagne,False
TXN-006170,CLT-0016,2025-07-22 14:42:30,3472.3,EUR,Dépôt,Allemagne,False
TXN-006171,CLT-0084,2025-07-31 14:42:30,3599.42,EUR,Virement,France,False
TXN-006172,CLT-0018,2025-12-03 14:42:30,13362.36,EUR,Retrait,France,True
TXN-006173,CLT-0099,2025-08-13 14:42:30,4145.82,EUR,Retrait,Allemagne,False
TXN-006174,CLT-0094,2026-05-07 14:42:30,2720.29,EUR,Retrait,France,False
TXN-006175,CLT-0051,2026-01-05 14:42:30,4384.93,EUR,Retrait,Îles Caïmans,False
TXN-006176,CLT-0100,2026-01-09 14:42:30,417.55,EUR,Retrait,France,False
TXN-006177,CLT-0021,2026-01-04 14:42:30,1572.54,EUR,Retrait,Îles Caïmans,False
TXN-006178,CLT-0061,2025-09-26 14:42:30,206.38,EUR,Paiement carte,France,False
TXN-006179,CLT-0084,2026-02-01 14:42:30,681.73,EUR,Virement international,Russie,False
TXN-006180,CLT-0091,2025-10-07 14:42:30,4550.54,EUR,Paiement carte,Russie,False
TXN-006181,CLT-0064,2025-05-20 14:42:30,4856.99,EUR,Paiement carte,France,False
TXN-006182,CLT-0023,2025-11-21 14:42:30,47047.45,EUR,Dépôt,France,True
TXN-006183,CLT-0005,2025-05-21 14:42:30,80432.72,EUR,Dépôt,France,True
TXN-006184,CLT-0092,2025-07-11 14:42:30,66569.64,EUR,Paiement carte,France,True
TXN-006185,CLT-0045,2026-03-04 14:42:30,2315.14,EUR,Dépôt,France,False
TXN-006186,CLT-0056,2026-04-10 14:42:30,1453.81,EUR,Virement international,Allemagne,False
TXN-006187,CLT-0097,2025-10-03 14:42:30,2432.13,EUR,Retrait,Panama,False
TXN-006188,CLT-0014,2025-06-11 14:42:30,1105.46,EUR,Virement international,France,False
TXN-006189,CLT-0049,2026-02-05 14:42:30,2561.33,EUR,Retrait,France,False
TXN-006190,CLT-0055,2025-06-14 14:42:30,2302.51,EUR,Virement international,France,False
TXN-006191,CLT-0036,2026-04-23 14:42:30,4919.16,EUR,Retrait,Allemagne,False
TXN-006192,CLT-0030,2025-06-14 14:42:30,4571.29,EUR,Virement,Panama,False
TXN-006193,CLT-0093,2026-04-02 14:42:30,363.17,EUR,Paiement carte,France,False
TXN-006194,CLT-0032,2025-12-01 14:42:30,3257.5,EUR,Dépôt,Russie,False
TXN-006195,CLT-0084,2025-09-15 14:42:30,1737.44,EUR,Virement,Russie,False
TXN-006196,CLT-0071,2025-08-01 14:42:30,40.59,EUR,Dépôt,Espagne,False
TXN-006197,CLT-0026,2025-10-21 14:42:30,3051.01,EUR,Dépôt,Russie,False
TXN-006198,CLT-0017,2025-10-13 14:42:30,2086.58,EUR,Virement,Allemagne,False
TXN-006199,CLT-0075,2025-11-28 14:42:30,67.31,EUR,Dépôt,France,False
TXN-006200,CLT-0036,2025-08-04 14:42:30,4117.8,EUR,Dépôt,Espagne,False
TXN-006201,CLT-0075,2025-11-05 14:42:30,822.79,EUR,Dépôt,Panama,False
TXN-006202,CLT-0091,2026-02-06 14:42:30,79090.46,EUR,Virement,Panama,True
TXN-006203,CLT-0075,2026-03-25 14:42:30,1761.58,EUR,Paiement carte,Allemagne,False
TXN-006204,CLT-0013,2025-05-18 14:42:30,1778.39,EUR,Virement,Îles Caïmans,False
TXN-006205,CLT-0030,2025-06-03 14:42:30,1719.7,EUR,Paiement carte,Allemagne,False
TXN-006206,CLT-0002,2025-07-08 14:42:30,1783.85,EUR,Dépôt,France,False
TXN-006207,CLT-0019,2025-09-01 14:42:30,2461.27,EUR,Retrait,Allemagne,False
TXN-006208,CLT-0063,2025-05-19 14:42:30,2104.85,EUR,Virement international,Russie,False
TXN-006209,CLT-0026,2025-05-15 14:42:30,4789.36,EUR,Retrait,Allemagne,False
TXN-006210,CLT-0067,2026-03-03 14:42:30,2729.51,EUR,Virement,Russie,False
TXN-006211,CLT-0080,2025-08-17 14:42:30,76943.31,EUR,Virement international,Allemagne,True
TXN-006212,CLT-0057,2025-06-02 14:42:30,4304.99,EUR,Dépôt,France,False
TXN-006213,CLT-0057,2026-02-20 14:42:30,608.83,EUR,Dépôt,Îles Caïmans,False
TXN-006214,CLT-0010,2026-01-22 14:42:30,4284.58,EUR,Virement,Espagne,False
TXN-006215,CLT-0014,2026-01-11 14:42:30,4770.32,EUR,Virement,Îles Caïmans,False
TXN-006216,CLT-0094,2025-10-04 14:42:30,1211.28,EUR,Dépôt,Espagne,False
TXN-006217,CLT-0069,2026-01-13 14:42:30,141.47,EUR,Virement,France,False
TXN-006218,CLT-0048,2025-08-06 14:42:30,2093.23,EUR,Virement,France,False
TXN-006219,CLT-0020,2025-08-30 14:42:30,653.66,EUR,Dépôt,France,False
TXN-006220,CLT-0058,2026-03-30 14:42:30,128.44,EUR,Virement,France,False
TXN-006221,CLT-0055,2026-04-11 14:42:30,4862.85,EUR,Virement international,Russie,False
TXN-006222,CLT-0025,2025-06-24 14:42:30,3211.23,EUR,Retrait,France,False
TXN-006223,CLT-0002,2025-09-11 14:42:30,3036.85,EUR,Retrait,France,False
TXN-006224,CLT-0040,2025-06-18 14:42:30,1407.72,EUR,Paiement carte,Espagne,False
TXN-006225,CLT-0017,2025-12-08 14:42:30,1032.6,EUR,Virement,France,False
TXN-006226,CLT-0003,2026-04-20 14:42:30,341.05,EUR,Dépôt,Îles Caïmans,False
TXN-006227,CLT-0015,2025-12-15 14:42:30,9042.86,EUR,Retrait,France,True
TXN-006228,CLT-0074,2025-09-22 14:42:30,1838.27,EUR,Dépôt,France,False
TXN-006229,CLT-0088,2026-02-27 14:42:30,49095.17,EUR,Retrait,Allemagne,True
TXN-006230,CLT-0060,2025-05-24 14:42:30,1793.13,EUR,Retrait,France,False
TXN-006231,CLT-0091,2026-04-04 14:42:30,3976.61,EUR,Virement international,Russie,False
TXN-006232,CLT-0063,2025-09-23 14:42:30,4532.05,EUR,Paiement carte,Russie,False
TXN-006233,CLT-0028,2026-04-11 14:42:30,4589.95,EUR,Virement international,Russie,False
TXN-006234,CLT-0078,2026-01-24 14:42:30,391.52,EUR,Virement international,France,False
TXN-006235,CLT-0059,2025-07-03 14:42:30,2873.07,EUR,Retrait,France,False
TXN-006236,CLT-0036,2026-04-24 14:42:30,2387.99,EUR,Dépôt,France,False
TXN-006237,CLT-0053,2025-08-30 14:42:30,1602.23,EUR,Virement international,France,False
TXN-006238,CLT-0036,2026-01-19 14:42:30,3953.93,EUR,Virement,France,False
TXN-006239,CLT-0052,2025-06-11 14:42:30,4872.66,EUR,Dépôt,France,False
TXN-006240,CLT-0045,2026-03-20 14:42:30,3172.07,EUR,Paiement carte,Panama,False
TXN-006241,CLT-0014,2025-07-26 14:42:30,3102.88,EUR,Virement international,Panama,False
TXN-006242,CLT-0005,2026-03-03 14:42:30,1962.58,EUR,Dépôt,Espagne,False
TXN-006243,CLT-0075,2026-01-13 14:42:30,3008.74,EUR,Retrait,Russie,False
TXN-006244,CLT-0004,2026-01-05 14:42:30,57028.05,EUR,Paiement carte,Allemagne,True
TXN-006245,CLT-0002,2025-09-22 14:42:30,4238.73,EUR,Retrait,France,False
TXN-006246,CLT-0099,2026-04-05 14:42:30,4818.03,EUR,Dépôt,Allemagne,False
TXN-006247,CLT-0008,2026-02-07 14:42:30,3287.08,EUR,Dépôt,Panama,False
TXN-006248,CLT-0097,2025-11-22 14:42:30,1747.73,EUR,Retrait,Panama,False
TXN-006249,CLT-0058,2026-04-25 14:42:30,4685.48,EUR,Virement international,Îles Caïmans,False
TXN-006250,CLT-0068,2025-08-29 14:42:30,3495.73,EUR,Virement international,France,False
TXN-006251,CLT-0014,2026-03-05 14:42:30,4488.46,EUR,Virement,France,False
TXN-006252,CLT-0002,2025-06-06 14:42:30,707.79,EUR,Dépôt,France,False
TXN-006253,CLT-0098,2025-09-02 14:42:30,3096.57,EUR,Virement,France,False
TXN-006254,CLT-0089,2026-03-20 14:42:30,1482.28,EUR,Paiement carte,Panama,False
TXN-006255,CLT-0036,2026-05-06 14:42:30,2691.7,EUR,Virement,France,False
TXN-006256,CLT-0055,2025-08-04 14:42:30,4928.0,EUR,Paiement carte,Russie,False
TXN-006257,CLT-0020,2025-12-25 14:42:30,44404.15,EUR,Paiement carte,France,True
TXN-006258,CLT-0008,2025-09-01 14:42:30,1510.09,EUR,Dépôt,Îles Caïmans,False
TXN-006259,CLT-0016,2026-05-05 14:42:30,583.75,EUR,Virement international,Russie,False
TXN-006260,CLT-0021,2026-01-09 14:42:30,78.76,EUR,Dépôt,Russie,False
TXN-006261,CLT-0038,2025-06-10 14:42:30,3467.76,EUR,Retrait,France,False
TXN-006262,CLT-0085,2025-11-02 14:42:30,681.67,EUR,Paiement carte,Russie,False
TXN-006263,CLT-0008,2025-05-31 14:42:30,1289.27,EUR,Retrait,France,False
TXN-006264,CLT-0013,2025-08-24 14:42:30,4802.93,EUR,Paiement carte,Russie,False
TXN-006265,CLT-0076,2025-08-30 14:42:30,4392.97,EUR,Virement international,France,False
TXN-006266,CLT-0037,2026-02-20 14:42:30,4208.99,EUR,Paiement carte,France,False
TXN-006267,CLT-0088,2026-03-21 14:42:30,2641.71,EUR,Retrait,France,False
TXN-006268,CLT-0032,2025-12-17 14:42:30,45062.44,EUR,Retrait,Allemagne,True
TXN-006269,CLT-0089,2025-11-12 14:42:30,30993.05,EUR,Paiement carte,Panama,True
TXN-006270,CLT-0060,2026-02-17 14:42:30,76481.32,EUR,Dépôt,France,True
TXN-006271,CLT-0032,2026-05-02 14:42:30,2378.4,EUR,Dépôt,Allemagne,False
TXN-006272,CLT-0094,2026-02-01 14:42:30,2306.87,EUR,Retrait,Panama,False
TXN-006273,CLT-0038,2025-09-15 14:42:30,4032.27,EUR,Virement,Panama,False
TXN-006274,CLT-0084,2026-03-28 14:42:30,698.98,EUR,Retrait,Allemagne,False
TXN-006275,CLT-0014,2026-01-01 14:42:30,79480.86,EUR,Virement,France,True
TXN-006276,CLT-0082,2026-04-30 14:42:30,4601.58,EUR,Retrait,France,False
TXN-006277,CLT-0095,2026-01-07 14:42:30,2449.11,EUR,Paiement carte,Allemagne,False
TXN-006278,CLT-0023,2026-03-09 14:42:30,10875.23,EUR,Virement,Espagne,True
TXN-006279,CLT-0057,2025-10-08 14:42:30,3237.18,EUR,Retrait,Panama,False
TXN-006280,CLT-0018,2025-06-05 14:42:30,2807.09,EUR,Dépôt,Îles Caïmans,False
TXN-006281,CLT-0088,2026-03-19 14:42:30,80429.18,EUR,Dépôt,Espagne,True
TXN-006282,CLT-0011,2025-05-19 14:42:30,716.93,EUR,Virement international,Espagne,False
TXN-006283,CLT-0057,2026-01-26 14:42:30,1653.96,EUR,Dépôt,France,False
TXN-006284,CLT-0080,2025-06-19 14:42:30,644.99,EUR,Dépôt,France,False
TXN-006285,CLT-0075,2025-07-04 14:42:30,1355.86,EUR,Dépôt,France,False
TXN-006286,CLT-0045,2026-02-03 14:42:30,965.6,EUR,Virement international,Panama,False
TXN-006287,CLT-0008,2025-08-25 14:42:30,4129.13,EUR,Retrait,Panama,False
TXN-006288,CLT-0004,2025-08-21 14:42:30,865.26,EUR,Dépôt,France,False
TXN-006289,CLT-0064,2026-04-20 14:42:30,2484.23,EUR,Virement international,France,False
TXN-006290,CLT-0058,2025-06-25 14:42:30,4413.77,EUR,Retrait,Panama,False
TXN-006291,CLT-0017,2025-12-14 14:42:30,3951.76,EUR,Dépôt,France,False
TXN-006292,CLT-0063,2025-09-03 14:42:30,3509.15,EUR,Paiement carte,Espagne,False
TXN-006293,CLT-0050,2025-07-28 14:42:30,4549.64,EUR,Dépôt,Allemagne,False
TXN-006294,CLT-0007,2026-04-16 14:42:30,45161.01,EUR,Paiement carte,France,True
TXN-006295,CLT-0018,2025-08-25 14:42:30,2665.04,EUR,Paiement carte,Espagne,False
TXN-006296,CLT-0059,2025-06-04 14:42:30,638.27,EUR,Dépôt,Panama,False
TXN-006297,CLT-0030,2025-07-14 14:42:30,2489.23,EUR,Virement international,Panama,False
TXN-006298,CLT-0049,2025-06-13 14:42:30,4328.06,EUR,Virement,France,False
TXN-006299,CLT-0004,2026-01-03 14:42:30,9926.12,EUR,Paiement carte,France,True
TXN-006300,CLT-0094,2025-11-13 14:42:30,1273.87,EUR,Retrait,Îles Caïmans,False
TXN-006301,CLT-0074,2026-04-13 14:42:30,73742.95,EUR,Virement international,Allemagne,True
TXN-006302,CLT-0060,2026-01-04 14:42:30,63004.29,EUR,Virement,Russie,True
TXN-006303,CLT-0047,2026-03-05 14:42:30,1991.72,EUR,Virement,Russie,False
TXN-006304,CLT-0100,2025-10-24 14:42:30,630.63,EUR,Virement,Allemagne,False
TXN-006305,CLT-0096,2026-01-15 14:42:30,13108.42,EUR,Virement international,Espagne,True
TXN-006306,CLT-0068,2025-08-26 14:42:30,3176.76,EUR,Dépôt,Espagne,False
TXN-006307,CLT-0046,2025-07-24 14:42:30,2305.05,EUR,Retrait,Allemagne,False
TXN-006308,CLT-0076,2025-08-31 14:42:30,3933.93,EUR,Dépôt,Îles Caïmans,False
TXN-006309,CLT-0078,2025-12-08 14:42:30,1687.26,EUR,Dépôt,Panama,False
TXN-006310,CLT-0023,2026-03-15 14:42:30,3667.9,EUR,Paiement carte,Allemagne,False
TXN-006311,CLT-0088,2025-12-17 14:42:30,2470.13,EUR,Retrait,Russie,False
TXN-006312,CLT-0019,2026-03-07 14:42:30,2650.13,EUR,Dépôt,France,False
TXN-006313,CLT-0051,2026-01-27 14:42:30,3002.51,EUR,Retrait,Russie,False
TXN-006314,CLT-0091,2025-12-26 14:42:30,2313.73,EUR,Virement,Espagne,False
TXN-006315,CLT-0044,2025-10-26 14:42:30,1398.04,EUR,Dépôt,France,False
TXN-006316,CLT-0065,2026-01-15 14:42:30,56061.54,EUR,Virement,France,True
TXN-006317,CLT-0091,2026-03-05 14:42:30,1757.57,EUR,Retrait,France,False
TXN-006318,CLT-0087,2025-12-15 14:42:30,75420.21,EUR,Dépôt,Panama,True
TXN-006319,CLT-0092,2025-08-17 14:42:30,4732.09,EUR,Retrait,Russie,False
TXN-006320,CLT-0062,2025-09-04 14:42:30,4500.6,EUR,Dépôt,France,False
TXN-006321,CLT-0034,2025-05-21 14:42:30,1058.88,EUR,Retrait,Allemagne,False
TXN-006322,CLT-0025,2025-09-22 14:42:30,4973.95,EUR,Retrait,Russie,False
TXN-006323,CLT-0099,2025-10-11 14:42:30,1087.58,EUR,Virement international,France,False
TXN-006324,CLT-0006,2026-03-13 14:42:30,91390.97,EUR,Virement,France,True
TXN-006325,CLT-0009,2026-02-18 14:42:30,2453.69,EUR,Dépôt,Allemagne,False
TXN-006326,CLT-0067,2025-05-22 14:42:30,3136.94,EUR,Paiement carte,Îles Caïmans,False
TXN-006327,CLT-0028,2025-11-19 14:42:30,4632.96,EUR,Paiement carte,France,False
TXN-006328,CLT-0015,2026-01-06 14:42:30,1788.8,EUR,Virement,Panama,False
TXN-006329,CLT-0025,2025-07-31 14:42:30,2805.97,EUR,Virement,Russie,False
TXN-006330,CLT-0047,2025-07-27 14:42:30,3329.68,EUR,Virement,Russie,False
TXN-006331,CLT-0058,2025-09-16 14:42:30,4208.07,EUR,Retrait,France,False
TXN-006332,CLT-0036,2026-02-04 14:42:30,3065.38,EUR,Virement,Espagne,False
TXN-006333,CLT-0088,2026-02-21 14:42:30,267.84,EUR,Paiement carte,Panama,False
TXN-006334,CLT-0004,2025-05-22 14:42:30,4148.99,EUR,Virement international,France,False
TXN-006335,CLT-0078,2026-05-13 14:42:30,3583.75,EUR,Virement,Russie,False
TXN-006336,CLT-0081,2025-06-12 14:42:30,147.32,EUR,Paiement carte,France,False
TXN-006337,CLT-0067,2026-03-12 14:42:30,4719.4,EUR,Virement international,Espagne,False
TXN-006338,CLT-0090,2025-06-18 14:42:30,1234.1,EUR,Dépôt,Îles Caïmans,False
TXN-006339,CLT-0010,2026-01-26 14:42:30,665.71,EUR,Dépôt,Russie,False
TXN-006340,CLT-0058,2025-11-10 14:42:30,583.79,EUR,Virement international,France,False
TXN-006341,CLT-0068,2025-08-04 14:42:30,991.09,EUR,Virement international,France,False
TXN-006342,CLT-0037,2025-07-08 14:42:30,4319.98,EUR,Virement,Russie,False
TXN-006343,CLT-0016,2025-12-21 14:42:30,854.81,EUR,Retrait,France,False
TXN-006344,CLT-0055,2025-08-07 14:42:30,52651.61,EUR,Paiement carte,Panama,True
TXN-006345,CLT-0044,2025-11-28 14:42:30,3909.04,EUR,Virement international,Panama,False
TXN-006346,CLT-0074,2025-11-21 14:42:30,34.38,EUR,Virement,Espagne,False
TXN-006347,CLT-0023,2025-10-01 14:42:30,1490.41,EUR,Retrait,Îles Caïmans,False
TXN-006348,CLT-0017,2025-10-24 14:42:30,1463.43,EUR,Paiement carte,France,False
TXN-006349,CLT-0070,2026-03-21 14:42:30,4777.62,EUR,Virement,Espagne,False
TXN-006350,CLT-0029,2025-12-07 14:42:30,680.32,EUR,Virement international,Espagne,False
TXN-006351,CLT-0088,2026-04-20 14:42:30,1626.52,EUR,Dépôt,Îles Caïmans,False
TXN-006352,CLT-0034,2025-10-28 14:42:30,50368.47,EUR,Retrait,Espagne,True
TXN-006353,CLT-0037,2025-07-24 14:42:30,1013.94,EUR,Virement,Îles Caïmans,False
TXN-006354,CLT-0058,2025-11-01 14:42:30,4608.05,EUR,Dépôt,France,False
TXN-006355,CLT-0087,2025-07-31 14:42:30,4473.09,EUR,Paiement carte,Panama,False
TXN-006356,CLT-0010,2025-06-30 14:42:30,2238.13,EUR,Virement,France,False
TXN-006357,CLT-0059,2025-10-02 14:42:30,4057.12,EUR,Retrait,Îles Caïmans,False
TXN-006358,CLT-0080,2025-09-26 14:42:30,467.32,EUR,Retrait,Russie,False
TXN-006359,CLT-0059,2026-01-23 14:42:30,4464.91,EUR,Paiement carte,France,False
TXN-006360,CLT-0028,2025-07-23 14:42:30,21929.37,EUR,Virement,Îles Caïmans,True
TXN-006361,CLT-0077,2025-06-04 14:42:30,1788.31,EUR,Virement international,France,False
TXN-006362,CLT-0057,2026-01-07 14:42:30,1300.81,EUR,Virement international,France,False
TXN-006363,CLT-0062,2026-04-23 14:42:30,23.69,EUR,Virement international,Allemagne,False
TXN-006364,CLT-0058,2025-08-26 14:42:30,350.68,EUR,Dépôt,Îles Caïmans,False
TXN-006365,CLT-0090,2025-10-04 14:42:30,900.39,EUR,Virement international,France,False
TXN-006366,CLT-0086,2026-01-21 14:42:30,4170.06,EUR,Retrait,Russie,False
TXN-006367,CLT-0016,2025-09-01 14:42:30,4819.86,EUR,Retrait,Panama,False
TXN-006368,CLT-0010,2026-02-08 14:42:30,2424.0,EUR,Retrait,Allemagne,False
TXN-006369,CLT-0059,2025-11-20 14:42:30,56073.3,EUR,Virement international,Panama,True
TXN-006370,CLT-0019,2026-01-14 14:42:30,584.54,EUR,Dépôt,France,False
TXN-006371,CLT-0001,2026-05-03 14:42:30,1947.92,EUR,Virement international,France,False
TXN-006372,CLT-0069,2025-09-04 14:42:30,1674.89,EUR,Retrait,Îles Caïmans,False
TXN-006373,CLT-0004,2026-01-28 14:42:30,240.43,EUR,Retrait,Espagne,False
TXN-006374,CLT-0082,2026-01-08 14:42:30,87188.73,EUR,Paiement carte,Panama,True
TXN-006375,CLT-0042,2025-08-23 14:42:30,633.8,EUR,Paiement carte,Espagne,False
TXN-006376,CLT-0093,2025-09-28 14:42:30,3401.47,EUR,Paiement carte,France,False
TXN-006377,CLT-0006,2025-10-07 14:42:30,4008.33,EUR,Virement,Russie,False
TXN-006378,CLT-0031,2025-12-22 14:42:30,1892.86,EUR,Retrait,Russie,False
TXN-006379,CLT-0094,2025-12-22 14:42:30,12426.71,EUR,Virement international,France,True
TXN-006380,CLT-0037,2025-12-06 14:42:30,3305.78,EUR,Retrait,Îles Caïmans,False
TXN-006381,CLT-0049,2025-06-21 14:42:30,421.42,EUR,Retrait,Russie,False
TXN-006382,CLT-0062,2025-11-11 14:42:30,4376.18,EUR,Paiement carte,Espagne,False
TXN-006383,CLT-0048,2026-01-03 14:42:30,3697.88,EUR,Virement international,Îles Caïmans,False
TXN-006384,CLT-0098,2025-12-16 14:42:30,2622.38,EUR,Virement international,Russie,False
TXN-006385,CLT-0065,2025-09-05 14:42:30,1377.53,EUR,Dépôt,Allemagne,False
TXN-006386,CLT-0065,2025-07-08 14:42:30,1260.96,EUR,Virement international,Russie,False
TXN-006387,CLT-0088,2026-01-01 14:42:30,1044.13,EUR,Virement international,France,False
TXN-006388,CLT-0092,2026-01-29 14:42:30,22009.89,EUR,Retrait,France,True
TXN-006389,CLT-0002,2026-05-01 14:42:30,56997.26,EUR,Paiement carte,France,True
TXN-006390,CLT-0090,2025-06-09 14:42:30,4849.5,EUR,Virement,Espagne,False
TXN-006391,CLT-0100,2026-01-01 14:42:30,4740.9,EUR,Dépôt,Îles Caïmans,False
TXN-006392,CLT-0047,2026-04-07 14:42:30,3977.39,EUR,Dépôt,France,False
TXN-006393,CLT-0049,2025-05-22 14:42:30,2328.65,EUR,Paiement carte,France,False
TXN-006394,CLT-0030,2025-07-16 14:42:30,2094.27,EUR,Virement international,France,False
TXN-006395,CLT-0048,2025-12-06 14:42:30,2015.33,EUR,Paiement carte,Îles Caïmans,False
TXN-006396,CLT-0058,2025-06-06 14:42:30,3936.68,EUR,Paiement carte,Panama,False
TXN-006397,CLT-0052,2025-10-28 14:42:30,3600.69,EUR,Dépôt,Russie,False
TXN-006398,CLT-0017,2025-11-14 14:42:30,243.88,EUR,Virement,Panama,False
TXN-006399,CLT-0040,2025-10-02 14:42:30,706.99,EUR,Dépôt,Panama,False
TXN-006400,CLT-0008,2025-11-08 14:42:30,362.34,EUR,Dépôt,Russie,False
TXN-006401,CLT-0063,2025-08-30 14:42:30,2970.49,EUR,Retrait,Russie,False
TXN-006402,CLT-0022,2026-03-02 14:42:30,3704.6,EUR,Virement,Îles Caïmans,False
TXN-006403,CLT-0089,2025-11-09 14:42:30,68885.35,EUR,Virement,Îles Caïmans,True
TXN-006404,CLT-0060,2025-08-12 14:42:30,859.14,EUR,Retrait,Îles Caïmans,False
TXN-006405,CLT-0049,2026-04-12 14:42:30,1385.39,EUR,Paiement carte,France,False
TXN-006406,CLT-0026,2025-10-04 14:42:30,4305.59,EUR,Virement international,France,False
TXN-006407,CLT-0033,2026-03-30 14:42:30,4002.5,EUR,Retrait,France,False
TXN-006408,CLT-0073,2026-02-05 14:42:30,2724.49,EUR,Retrait,Allemagne,False
TXN-006409,CLT-0015,2026-03-19 14:42:30,4485.22,EUR,Virement international,Espagne,False
TXN-006410,CLT-0065,2026-01-05 14:42:30,2008.41,EUR,Virement international,Panama,False
TXN-006411,CLT-0018,2025-11-04 14:42:30,2495.78,EUR,Dépôt,Panama,False
TXN-006412,CLT-0010,2025-11-19 14:42:30,1969.55,EUR,Dépôt,Allemagne,False
TXN-006413,CLT-0045,2026-01-04 14:42:30,2292.72,EUR,Paiement carte,Allemagne,False
TXN-006414,CLT-0070,2025-07-25 14:42:30,4687.92,EUR,Retrait,Russie,False
TXN-006415,CLT-0043,2026-01-10 14:42:30,454.07,EUR,Dépôt,Îles Caïmans,False
TXN-006416,CLT-0032,2025-10-04 14:42:30,4570.2,EUR,Retrait,Panama,False
TXN-006417,CLT-0086,2025-10-02 14:42:30,3725.3,EUR,Dépôt,France,False
TXN-006418,CLT-0042,2026-03-02 14:42:30,2674.08,EUR,Paiement carte,France,False
TXN-006419,CLT-0015,2025-07-19 14:42:30,3004.03,EUR,Paiement carte,France,False
TXN-006420,CLT-0040,2025-07-09 14:42:30,2128.6,EUR,Paiement carte,Îles Caïmans,False
TXN-006421,CLT-0051,2026-02-02 14:42:30,848.92,EUR,Virement international,Espagne,False
TXN-006422,CLT-0015,2025-11-09 14:42:30,53693.33,EUR,Paiement carte,Russie,True
TXN-006423,CLT-0007,2025-07-07 14:42:30,2412.12,EUR,Virement,France,False
TXN-006424,CLT-0010,2025-09-02 14:42:30,93960.28,EUR,Virement international,France,True
TXN-006425,CLT-0093,2025-12-04 14:42:30,4984.07,EUR,Retrait,France,False
TXN-006426,CLT-0021,2025-09-23 14:42:30,4775.99,EUR,Virement,France,False
TXN-006427,CLT-0082,2025-11-07 14:42:30,82859.62,EUR,Virement,France,True
TXN-006428,CLT-0022,2025-10-30 14:42:30,4496.19,EUR,Dépôt,Espagne,False
TXN-006429,CLT-0013,2026-04-25 14:42:30,922.53,EUR,Paiement carte,Panama,False
TXN-006430,CLT-0078,2026-01-13 14:42:30,1093.16,EUR,Retrait,Panama,False
TXN-006431,CLT-0094,2026-02-06 14:42:30,21542.32,EUR,Retrait,Îles Caïmans,True
TXN-006432,CLT-0012,2025-08-11 14:42:30,28930.66,EUR,Dépôt,France,True
TXN-006433,CLT-0041,2025-12-04 14:42:30,3219.59,EUR,Virement international,Espagne,False
TXN-006434,CLT-0008,2026-02-21 14:42:30,31807.93,EUR,Retrait,Espagne,True
TXN-006435,CLT-0007,2025-11-17 14:42:30,956.24,EUR,Paiement carte,Espagne,False
TXN-006436,CLT-0028,2025-07-10 14:42:30,3802.23,EUR,Retrait,France,False
TXN-006437,CLT-0073,2025-06-20 14:42:30,4276.29,EUR,Virement international,Russie,False
TXN-006438,CLT-0039,2026-05-11 14:42:30,31054.84,EUR,Retrait,France,True
TXN-006439,CLT-0062,2025-09-16 14:42:30,61917.01,EUR,Virement,France,True
TXN-006440,CLT-0031,2025-05-25 14:42:30,1649.44,EUR,Retrait,Russie,False
TXN-006441,CLT-0056,2025-09-05 14:42:30,3218.92,EUR,Dépôt,Panama,False
TXN-006442,CLT-0017,2025-10-01 14:42:30,1995.21,EUR,Paiement carte,Panama,False
TXN-006443,CLT-0040,2025-11-30 14:42:30,1133.96,EUR,Virement international,France,False
TXN-006444,CLT-0050,2026-02-10 14:42:30,4688.67,EUR,Paiement carte,Îles Caïmans,False
TXN-006445,CLT-0075,2026-01-07 14:42:30,85544.43,EUR,Retrait,France,True
TXN-006446,CLT-0007,2025-05-16 14:42:30,904.37,EUR,Retrait,France,False
TXN-006447,CLT-0027,2026-03-24 14:42:30,4669.35,EUR,Dépôt,Allemagne,False
TXN-006448,CLT-0021,2025-10-02 14:42:30,2851.28,EUR,Paiement carte,Panama,False
TXN-006449,CLT-0061,2025-09-27 14:42:30,4459.28,EUR,Retrait,Allemagne,False
TXN-006450,CLT-0017,2026-04-08 14:42:30,4162.85,EUR,Virement international,France,False
TXN-006451,CLT-0077,2025-05-26 14:42:30,4595.6,EUR,Virement,France,False
TXN-006452,CLT-0073,2026-01-09 14:42:30,1739.72,EUR,Dépôt,Panama,False
TXN-006453,CLT-0024,2025-12-17 14:42:30,4601.23,EUR,Virement,France,False
TXN-006454,CLT-0005,2026-02-12 14:42:30,3369.97,EUR,Paiement carte,Panama,False
TXN-006455,CLT-0033,2025-12-23 14:42:30,238.83,EUR,Retrait,Îles Caïmans,False
TXN-006456,CLT-0038,2025-12-28 14:42:30,1085.8,EUR,Dépôt,Allemagne,False
TXN-006457,CLT-0054,2025-07-29 14:42:30,3746.26,EUR,Virement international,France,False
TXN-006458,CLT-0001,2025-05-16 14:42:30,789.99,EUR,Virement,Russie,False
TXN-006459,CLT-0051,2025-09-29 14:42:30,834.1,EUR,Virement international,Allemagne,False
TXN-006460,CLT-0081,2026-04-19 14:42:30,2314.46,EUR,Virement international,Russie,False
TXN-006461,CLT-0014,2025-09-09 14:42:30,1604.84,EUR,Virement,Allemagne,False
TXN-006462,CLT-0006,2026-01-22 14:42:30,3755.54,EUR,Virement,France,False
TXN-006463,CLT-0055,2025-06-07 14:42:30,4498.57,EUR,Retrait,France,False
TXN-006464,CLT-0083,2025-10-08 14:42:30,3657.11,EUR,Paiement carte,Russie,False
TXN-006465,CLT-0071,2025-11-05 14:42:30,1425.59,EUR,Paiement carte,France,False
TXN-006466,CLT-0060,2025-12-06 14:42:30,2768.17,EUR,Virement,Allemagne,False
TXN-006467,CLT-0028,2025-06-21 14:42:30,4019.09,EUR,Retrait,France,False
TXN-006468,CLT-0084,2025-11-13 14:42:30,4102.03,EUR,Paiement carte,Espagne,False
TXN-006469,CLT-0038,2025-11-23 14:42:30,3858.41,EUR,Paiement carte,Allemagne,False
TXN-006470,CLT-0027,2025-09-02 14:42:30,2333.04,EUR,Dépôt,France,False
TXN-006471,CLT-0094,2026-03-19 14:42:30,2578.22,EUR,Paiement carte,Îles Caïmans,False
TXN-006472,CLT-0073,2025-05-18 14:42:30,1939.16,EUR,Dépôt,Îles Caïmans,False
TXN-006473,CLT-0082,2026-04-22 14:42:30,2065.09,EUR,Retrait,Allemagne,False
TXN-006474,CLT-0073,2026-02-09 14:42:30,1580.74,EUR,Paiement carte,Espagne,False
TXN-006475,CLT-0002,2026-03-29 14:42:30,3190.76,EUR,Virement international,France,False
TXN-006476,CLT-0012,2025-11-28 14:42:30,4437.64,EUR,Dépôt,Panama,False
TXN-006477,CLT-0048,2025-06-23 14:42:30,4589.87,EUR,Retrait,Russie,False
TXN-006478,CLT-0053,2025-10-22 14:42:30,1156.96,EUR,Virement,Espagne,False
TXN-006479,CLT-0040,2025-10-06 14:42:30,20521.2,EUR,Retrait,France,True
TXN-006480,CLT-0070,2026-04-20 14:42:30,4232.81,EUR,Virement,Allemagne,False
TXN-006481,CLT-0072,2025-07-15 14:42:30,784.73,EUR,Retrait,France,False
TXN-006482,CLT-0082,2025-11-09 14:42:30,75787.2,EUR,Retrait,Espagne,True
TXN-006483,CLT-0020,2025-07-07 14:42:30,3359.15,EUR,Retrait,Panama,False
TXN-006484,CLT-0086,2025-06-03 14:42:30,70318.03,EUR,Dépôt,Îles Caïmans,True
TXN-006485,CLT-0059,2026-04-30 14:42:30,2789.39,EUR,Paiement carte,Panama,False
TXN-006486,CLT-0060,2025-08-07 14:42:30,281.63,EUR,Virement international,Allemagne,False
TXN-006487,CLT-0052,2025-08-31 14:42:30,3284.79,EUR,Paiement carte,France,False
TXN-006488,CLT-0020,2025-08-28 14:42:30,92998.13,EUR,Dépôt,Espagne,True
TXN-006489,CLT-0078,2025-11-01 14:42:30,4902.9,EUR,Dépôt,Allemagne,False
TXN-006490,CLT-0088,2026-05-11 14:42:30,3424.58,EUR,Virement international,Espagne,False
TXN-006491,CLT-0088,2026-02-21 14:42:30,2048.29,EUR,Dépôt,France,False
TXN-006492,CLT-0043,2026-02-10 14:42:30,1683.6,EUR,Paiement carte,France,False
TXN-006493,CLT-0049,2025-11-01 14:42:30,3965.86,EUR,Virement international,France,False
TXN-006494,CLT-0042,2026-03-01 14:42:30,4566.39,EUR,Paiement carte,France,False
TXN-006495,CLT-0092,2025-12-09 14:42:30,3163.72,EUR,Paiement carte,France,False
TXN-006496,CLT-0035,2025-05-29 14:42:30,283.71,EUR,Paiement carte,France,False
TXN-006497,CLT-0033,2026-01-10 14:42:30,3363.15,EUR,Dépôt,Îles Caïmans,False
TXN-006498,CLT-0013,2025-11-14 14:42:30,535.72,EUR,Dépôt,Îles Caïmans,False
TXN-006499,CLT-0066,2025-11-01 14:42:30,12193.16,EUR,Paiement carte,France,True
TXN-006500,CLT-0090,2025-08-20 14:42:30,2749.0,EUR,Virement international,Russie,False
TXN-006501,CLT-0035,2026-02-16 14:42:30,3084.21,EUR,Dépôt,Espagne,False
TXN-006502,CLT-0098,2025-05-30 14:42:30,3772.02,EUR,Virement international,Panama,False
TXN-006503,CLT-0091,2025-06-29 14:42:30,91265.65,EUR,Dépôt,Îles Caïmans,True
TXN-006504,CLT-0035,2025-12-11 14:42:30,1155.44,EUR,Virement,Allemagne,False
TXN-006505,CLT-0070,2026-03-23 14:42:30,1184.32,EUR,Retrait,France,False
TXN-006506,CLT-0035,2026-02-05 14:42:30,58399.29,EUR,Paiement carte,Îles Caïmans,True
TXN-006507,CLT-0027,2025-06-17 14:42:30,4024.46,EUR,Paiement carte,Russie,False
TXN-006508,CLT-0079,2025-06-24 14:42:30,3927.4,EUR,Virement international,France,False
TXN-006509,CLT-0021,2026-02-22 14:42:30,66590.03,EUR,Virement,France,True
TXN-006510,CLT-0024,2025-11-07 14:42:30,488.04,EUR,Virement,France,False
TXN-006511,CLT-0047,2026-03-24 14:42:30,1209.9,EUR,Retrait,Allemagne,False
TXN-006512,CLT-0082,2025-10-23 14:42:30,24951.72,EUR,Retrait,France,True
TXN-006513,CLT-0023,2025-08-03 14:42:30,34.3,EUR,Virement,France,False
TXN-006514,CLT-0071,2026-03-12 14:42:30,926.12,EUR,Virement international,Îles Caïmans,False
TXN-006515,CLT-0024,2026-03-17 14:42:30,184.47,EUR,Virement international,Panama,False
TXN-006516,CLT-0013,2026-01-08 14:42:30,4488.85,EUR,Paiement carte,Russie,False
TXN-006517,CLT-0090,2025-07-23 14:42:30,2000.28,EUR,Virement,France,False
TXN-006518,CLT-0075,2025-06-12 14:42:30,3454.4,EUR,Virement,Russie,False
TXN-006519,CLT-0097,2026-01-25 14:42:30,1720.34,EUR,Retrait,Espagne,False
TXN-006520,CLT-0028,2026-01-02 14:42:30,2652.7,EUR,Virement international,Russie,False
TXN-006521,CLT-0037,2025-12-04 14:42:30,87443.65,EUR,Paiement carte,Espagne,True
TXN-006522,CLT-0081,2025-09-17 14:42:30,585.19,EUR,Virement,Russie,False
TXN-006523,CLT-0024,2025-08-14 14:42:30,49989.04,EUR,Virement,Espagne,True
TXN-006524,CLT-0094,2025-06-11 14:42:30,62222.28,EUR,Virement international,France,True
TXN-006525,CLT-0037,2026-01-30 14:42:30,2731.13,EUR,Virement international,France,False
TXN-006526,CLT-0049,2026-03-17 14:42:30,1032.43,EUR,Virement,France,False
TXN-006527,CLT-0028,2025-05-15 14:42:30,3005.51,EUR,Retrait,Espagne,False
TXN-006528,CLT-0088,2026-03-03 14:42:30,2736.46,EUR,Dépôt,France,False
TXN-006529,CLT-0019,2025-11-10 14:42:30,1928.06,EUR,Virement,France,False
TXN-006530,CLT-0060,2025-10-02 14:42:30,17718.17,EUR,Virement international,Panama,True
TXN-006531,CLT-0022,2026-01-23 14:42:30,836.47,EUR,Paiement carte,Russie,False
TXN-006532,CLT-0052,2026-04-01 14:42:30,516.55,EUR,Paiement carte,France,False
TXN-006533,CLT-0095,2025-09-16 14:42:30,45671.56,EUR,Virement international,Îles Caïmans,True
TXN-006534,CLT-0023,2026-05-10 14:42:30,4765.89,EUR,Dépôt,France,False
TXN-006535,CLT-0097,2026-01-02 14:42:30,2540.93,EUR,Retrait,Îles Caïmans,False
TXN-006536,CLT-0022,2026-02-15 14:42:30,3900.77,EUR,Virement,Espagne,False
TXN-006537,CLT-0027,2025-11-21 14:42:30,67661.94,EUR,Virement,Espagne,True
TXN-006538,CLT-0010,2026-02-01 14:42:30,69.51,EUR,Virement international,Espagne,False
TXN-006539,CLT-0004,2025-11-19 14:42:30,312.64,EUR,Paiement carte,Panama,False
TXN-006540,CLT-0065,2026-01-01 14:42:30,23.12,EUR,Dépôt,France,False
TXN-006541,CLT-0058,2025-09-05 14:42:30,2070.17,EUR,Virement,Allemagne,False
TXN-006542,CLT-0058,2025-10-02 14:42:30,2526.0,EUR,Virement international,Russie,False
TXN-006543,CLT-0093,2025-06-12 14:42:30,8603.55,EUR,Retrait,France,True
TXN-006544,CLT-0038,2025-06-10 14:42:30,1969.59,EUR,Virement,Panama,False
TXN-006545,CLT-0092,2025-11-27 14:42:30,1169.14,EUR,Virement,France,False
TXN-006546,CLT-0059,2026-02-17 14:42:30,825.47,EUR,Virement international,Russie,False
TXN-006547,CLT-0024,2025-08-06 14:42:30,3628.17,EUR,Virement international,France,False
TXN-006548,CLT-0017,2026-01-13 14:42:30,67995.62,EUR,Virement,Panama,True
TXN-006549,CLT-0025,2026-04-11 14:42:30,73372.36,EUR,Dépôt,France,True
TXN-006550,CLT-0069,2025-10-29 14:42:30,985.28,EUR,Virement,France,False
TXN-006551,CLT-0004,2025-11-08 14:42:30,2986.72,EUR,Retrait,Espagne,False
TXN-006552,CLT-0087,2026-04-10 14:42:30,35387.43,EUR,Paiement carte,Espagne,True
TXN-006553,CLT-0093,2026-04-04 14:42:30,2378.35,EUR,Virement,Russie,False
TXN-006554,CLT-0046,2025-08-10 14:42:30,42180.3,EUR,Paiement carte,Îles Caïmans,True
TXN-006555,CLT-0081,2026-02-03 14:42:30,2785.19,EUR,Virement,France,False
TXN-006556,CLT-0008,2026-01-03 14:42:30,3929.29,EUR,Paiement carte,France,False
TXN-006557,CLT-0011,2025-05-28 14:42:30,1495.84,EUR,Retrait,France,False
TXN-006558,CLT-0097,2026-03-23 14:42:30,4570.43,EUR,Dépôt,Panama,False
TXN-006559,CLT-0052,2025-05-23 14:42:30,2504.24,EUR,Paiement carte,Russie,False
TXN-006560,CLT-0017,2025-11-21 14:42:30,365.42,EUR,Dépôt,Îles Caïmans,False
TXN-006561,CLT-0073,2026-04-24 14:42:30,491.2,EUR,Retrait,France,False
TXN-006562,CLT-0062,2026-04-05 14:42:30,1539.05,EUR,Paiement carte,France,False
TXN-006563,CLT-0072,2026-01-28 14:42:30,21273.63,EUR,Virement,Espagne,True
TXN-006564,CLT-0040,2026-01-16 14:42:30,1756.53,EUR,Paiement carte,France,False
TXN-006565,CLT-0025,2025-11-29 14:42:30,3289.02,EUR,Retrait,France,False
TXN-006566,CLT-0083,2025-07-16 14:42:30,1773.03,EUR,Retrait,Espagne,False
TXN-006567,CLT-0047,2026-01-13 14:42:30,2782.59,EUR,Virement international,Russie,False
TXN-006568,CLT-0080,2026-02-15 14:42:30,2298.31,EUR,Virement international,Allemagne,False
TXN-006569,CLT-0061,2025-05-20 14:42:30,3626.52,EUR,Virement,France,False
TXN-006570,CLT-0032,2025-07-04 14:42:30,1282.13,EUR,Virement international,Îles Caïmans,False
TXN-006571,CLT-0068,2025-07-07 14:42:30,985.29,EUR,Dépôt,Îles Caïmans,False
TXN-006572,CLT-0087,2026-03-05 14:42:30,1437.13,EUR,Paiement carte,Allemagne,False
TXN-006573,CLT-0087,2025-10-24 14:42:30,1170.27,EUR,Dépôt,France,False
TXN-006574,CLT-0094,2025-08-03 14:42:30,3018.02,EUR,Virement international,Îles Caïmans,False
TXN-006575,CLT-0061,2026-02-23 14:42:30,2032.25,EUR,Retrait,Panama,False
TXN-006576,CLT-0040,2026-01-13 14:42:30,4333.94,EUR,Virement,Îles Caïmans,False
TXN-006577,CLT-0053,2026-03-21 14:42:30,292.04,EUR,Paiement carte,Allemagne,False
TXN-006578,CLT-0034,2026-03-15 14:42:30,3899.93,EUR,Retrait,France,False
TXN-006579,CLT-0089,2026-01-03 14:42:30,3451.67,EUR,Dépôt,France,False
TXN-006580,CLT-0022,2025-10-20 14:42:30,2083.86,EUR,Virement international,Îles Caïmans,False
TXN-006581,CLT-0059,2025-11-08 14:42:30,1093.57,EUR,Virement,Espagne,False
TXN-006582,CLT-0095,2026-03-14 14:42:30,1825.39,EUR,Dépôt,Allemagne,False
TXN-006583,CLT-0011,2026-02-27 14:42:30,1459.55,EUR,Virement,France,False
TXN-006584,CLT-0034,2025-07-23 14:42:30,1333.04,EUR,Dépôt,Panama,False
TXN-006585,CLT-0081,2026-04-02 14:42:30,1451.21,EUR,Virement international,Espagne,False
TXN-006586,CLT-0049,2025-12-11 14:42:30,3131.05,EUR,Retrait,France,False
TXN-006587,CLT-0015,2025-06-28 14:42:30,382.23,EUR,Virement,Îles Caïmans,False
TXN-006588,CLT-0023,2025-07-05 14:42:30,2460.68,EUR,Dépôt,Îles Caïmans,False
TXN-006589,CLT-0057,2025-08-30 14:42:30,2937.31,EUR,Retrait,Espagne,False
TXN-006590,CLT-0084,2026-01-24 14:42:30,1029.44,EUR,Virement international,Russie,False
TXN-006591,CLT-0047,2026-03-14 14:42:30,3229.28,EUR,Retrait,France,False
TXN-006592,CLT-0034,2026-03-13 14:42:30,35499.34,EUR,Dépôt,France,True
TXN-006593,CLT-0062,2025-12-22 14:42:30,1109.0,EUR,Virement international,France,False
TXN-006594,CLT-0044,2026-04-19 14:42:30,4489.45,EUR,Paiement carte,France,False
TXN-006595,CLT-0004,2026-04-04 14:42:30,3703.35,EUR,Virement international,France,False
TXN-006596,CLT-0031,2025-12-11 14:42:30,43191.67,EUR,Paiement carte,Îles Caïmans,True
TXN-006597,CLT-0082,2026-04-19 14:42:30,1549.61,EUR,Virement,Espagne,False
TXN-006598,CLT-0095,2025-10-10 14:42:30,76.1,EUR,Virement international,Îles Caïmans,False
TXN-006599,CLT-0081,2025-07-13 14:42:30,10304.19,EUR,Paiement carte,Allemagne,True
TXN-006600,CLT-0014,2025-07-07 14:42:30,4566.54,EUR,Retrait,France,False
TXN-006601,CLT-0081,2025-05-20 14:42:30,2460.51,EUR,Virement,Îles Caïmans,False
TXN-006602,CLT-0057,2025-12-28 14:42:30,2129.46,EUR,Virement,Panama,False
TXN-006603,CLT-0041,2026-02-18 14:42:30,520.85,EUR,Virement,France,False
TXN-006604,CLT-0006,2025-10-13 14:42:30,963.14,EUR,Virement,Espagne,False
TXN-006605,CLT-0022,2025-09-09 14:42:30,944.36,EUR,Virement international,Îles Caïmans,False
TXN-006606,CLT-0030,2025-08-25 14:42:30,4811.58,EUR,Retrait,France,False
TXN-006607,CLT-0011,2025-10-25 14:42:30,309.79,EUR,Dépôt,Espagne,False
TXN-006608,CLT-0080,2025-09-19 14:42:30,11191.71,EUR,Paiement carte,Îles Caïmans,True
TXN-006609,CLT-0065,2025-09-24 14:42:30,4073.93,EUR,Dépôt,France,False
TXN-006610,CLT-0037,2026-04-09 14:42:30,13363.92,EUR,Virement,Espagne,True
TXN-006611,CLT-0002,2025-10-25 14:42:30,690.71,EUR,Paiement carte,Allemagne,False
TXN-006612,CLT-0069,2025-05-17 14:42:30,856.2,EUR,Paiement carte,France,False
TXN-006613,CLT-0022,2025-11-06 14:42:30,1776.28,EUR,Virement international,Panama,False
TXN-006614,CLT-0035,2025-07-10 14:42:30,3546.35,EUR,Paiement carte,Panama,False
TXN-006615,CLT-0097,2026-01-24 14:42:30,3490.67,EUR,Paiement carte,France,False
TXN-006616,CLT-0064,2025-12-04 14:42:30,153.29,EUR,Paiement carte,Russie,False
TXN-006617,CLT-0027,2025-08-13 14:42:30,3008.08,EUR,Paiement carte,Russie,False
TXN-006618,CLT-0013,2025-06-27 14:42:30,2350.54,EUR,Virement,Panama,False
TXN-006619,CLT-0069,2025-06-03 14:42:30,3030.17,EUR,Virement,Panama,False
TXN-006620,CLT-0073,2026-01-16 14:42:30,32424.5,EUR,Virement,Allemagne,True
TXN-006621,CLT-0018,2026-04-30 14:42:30,4044.36,EUR,Virement international,Panama,False
TXN-006622,CLT-0081,2025-07-01 14:42:30,3167.04,EUR,Paiement carte,Îles Caïmans,False
TXN-006623,CLT-0028,2025-10-11 14:42:30,4274.43,EUR,Dépôt,Espagne,False
TXN-006624,CLT-0003,2025-10-24 14:42:30,4536.94,EUR,Paiement carte,Panama,False
TXN-006625,CLT-0008,2026-03-30 14:42:30,3988.02,EUR,Virement,Espagne,False
TXN-006626,CLT-0049,2026-03-04 14:42:30,22371.93,EUR,Dépôt,Espagne,True
TXN-006627,CLT-0036,2026-03-08 14:42:30,2636.72,EUR,Dépôt,Espagne,False
TXN-006628,CLT-0082,2025-07-07 14:42:30,38366.47,EUR,Retrait,Panama,True
TXN-006629,CLT-0036,2026-02-22 14:42:30,1209.61,EUR,Retrait,Russie,False
TXN-006630,CLT-0043,2025-07-15 14:42:30,3821.29,EUR,Virement,Russie,False
TXN-006631,CLT-0047,2025-05-29 14:42:30,2092.61,EUR,Dépôt,Russie,False
TXN-006632,CLT-0072,2026-01-04 14:42:30,2434.35,EUR,Dépôt,France,False
TXN-006633,CLT-0096,2025-11-25 14:42:30,860.61,EUR,Virement international,Espagne,False
TXN-006634,CLT-0007,2025-06-20 14:42:30,3967.62,EUR,Virement,Russie,False
TXN-006635,CLT-0062,2026-02-22 14:42:30,3866.56,EUR,Virement international,France,False
TXN-006636,CLT-0042,2025-10-06 14:42:30,2817.41,EUR,Retrait,Allemagne,False
TXN-006637,CLT-0087,2026-01-03 14:42:30,1993.07,EUR,Virement international,France,False
TXN-006638,CLT-0067,2025-06-07 14:42:30,79334.14,EUR,Dépôt,Espagne,True
TXN-006639,CLT-0034,2025-07-31 14:42:30,8080.16,EUR,Virement,Panama,True
TXN-006640,CLT-0037,2026-03-09 14:42:30,419.92,EUR,Retrait,Îles Caïmans,False
TXN-006641,CLT-0029,2025-12-01 14:42:30,1606.2,EUR,Virement international,Panama,False
TXN-006642,CLT-0078,2025-06-02 14:42:30,94407.57,EUR,Paiement carte,Îles Caïmans,True
TXN-006643,CLT-0037,2025-07-03 14:42:30,1675.21,EUR,Paiement carte,France,False
TXN-006644,CLT-0003,2026-02-17 14:42:30,3617.85,EUR,Dépôt,France,False
TXN-006645,CLT-0032,2025-10-22 14:42:30,712.28,EUR,Retrait,Espagne,False
TXN-006646,CLT-0077,2025-08-17 14:42:30,390.39,EUR,Paiement carte,Russie,False
TXN-006647,CLT-0084,2026-02-11 14:42:30,728.18,EUR,Paiement carte,Panama,False
TXN-006648,CLT-0085,2026-02-06 14:42:30,4466.58,EUR,Retrait,France,False
TXN-006649,CLT-0009,2025-07-04 14:42:30,3562.37,EUR,Paiement carte,France,False
TXN-006650,CLT-0032,2026-04-19 14:42:30,4028.95,EUR,Retrait,Allemagne,False
TXN-006651,CLT-0037,2025-12-15 14:42:30,78922.57,EUR,Virement,Espagne,True
TXN-006652,CLT-0007,2025-10-05 14:42:30,3266.93,EUR,Retrait,France,False
TXN-006653,CLT-0029,2026-03-30 14:42:30,4590.97,EUR,Paiement carte,France,False
TXN-006654,CLT-0005,2026-04-09 14:42:30,3423.93,EUR,Virement international,Allemagne,False
TXN-006655,CLT-0064,2025-10-14 14:42:30,2432.76,EUR,Paiement carte,Russie,False
TXN-006656,CLT-0098,2025-11-19 14:42:30,4268.03,EUR,Paiement carte,Îles Caïmans,False
TXN-006657,CLT-0080,2025-11-25 14:42:30,1749.48,EUR,Virement,Allemagne,False
TXN-006658,CLT-0079,2026-03-18 14:42:30,4814.06,EUR,Dépôt,Espagne,False
TXN-006659,CLT-0014,2026-03-18 14:42:30,3859.87,EUR,Virement,France,False
TXN-006660,CLT-0048,2025-12-03 14:42:30,1029.55,EUR,Retrait,Allemagne,False
TXN-006661,CLT-0025,2026-03-05 14:42:30,2691.41,EUR,Retrait,Allemagne,False
TXN-006662,CLT-0047,2026-01-28 14:42:30,4395.1,EUR,Virement,Espagne,False
TXN-006663,CLT-0096,2025-11-22 14:42:30,2604.91,EUR,Virement,Russie,False
TXN-006664,CLT-0056,2026-05-05 14:42:30,40756.9,EUR,Retrait,Îles Caïmans,True
TXN-006665,CLT-0041,2026-03-20 14:42:30,46281.43,EUR,Virement,Espagne,True
TXN-006666,CLT-0021,2025-10-02 14:42:30,2540.15,EUR,Virement,Îles Caïmans,False
TXN-006667,CLT-0095,2026-01-08 14:42:30,2816.81,EUR,Dépôt,France,False
TXN-006668,CLT-0059,2025-07-21 14:42:30,4394.96,EUR,Retrait,France,False
TXN-006669,CLT-0073,2025-10-02 14:42:30,1416.55,EUR,Dépôt,Russie,False
TXN-006670,CLT-0005,2025-06-06 14:42:30,1730.93,EUR,Retrait,Allemagne,False
TXN-006671,CLT-0065,2025-11-10 14:42:30,3877.17,EUR,Virement international,Allemagne,False
TXN-006672,CLT-0048,2026-02-20 14:42:30,3844.37,EUR,Virement international,France,False
TXN-006673,CLT-0078,2025-07-31 14:42:30,2658.3,EUR,Virement,Espagne,False
TXN-006674,CLT-0050,2026-04-01 14:42:30,1797.6,EUR,Dépôt,France,False
TXN-006675,CLT-0041,2025-12-23 14:42:30,3504.95,EUR,Paiement carte,Espagne,False
TXN-006676,CLT-0019,2025-11-30 14:42:30,2168.47,EUR,Retrait,France,False
TXN-006677,CLT-0022,2025-11-05 14:42:30,14311.88,EUR,Dépôt,France,True
TXN-006678,CLT-0049,2025-08-17 14:42:30,4395.5,EUR,Paiement carte,Panama,False
TXN-006679,CLT-0009,2026-05-09 14:42:30,2473.62,EUR,Virement international,Russie,False
TXN-006680,CLT-0098,2025-11-17 14:42:30,2999.59,EUR,Virement,France,False
TXN-006681,CLT-0006,2025-09-24 14:42:30,1513.29,EUR,Virement international,Allemagne,False
TXN-006682,CLT-0044,2025-06-19 14:42:30,724.83,EUR,Virement,France,False
TXN-006683,CLT-0089,2026-04-14 14:42:30,3491.42,EUR,Dépôt,France,False
TXN-006684,CLT-0082,2026-04-27 14:42:30,4502.54,EUR,Paiement carte,Allemagne,False
TXN-006685,CLT-0087,2026-04-22 14:42:30,4254.57,EUR,Retrait,France,False
TXN-006686,CLT-0002,2025-12-12 14:42:30,1115.58,EUR,Paiement carte,France,False
TXN-006687,CLT-0035,2025-10-28 14:42:30,3731.32,EUR,Dépôt,Russie,False
TXN-006688,CLT-0037,2025-11-18 14:42:30,895.66,EUR,Retrait,Allemagne,False
TXN-006689,CLT-0063,2025-10-21 14:42:30,3803.8,EUR,Virement international,Panama,False
TXN-006690,CLT-0007,2025-05-30 14:42:30,4797.76,EUR,Paiement carte,Îles Caïmans,False
TXN-006691,CLT-0046,2025-11-17 14:42:30,2545.37,EUR,Paiement carte,France,False
TXN-006692,CLT-0087,2025-10-13 14:42:30,1830.38,EUR,Paiement carte,France,False
TXN-006693,CLT-0039,2025-07-19 14:42:30,2078.77,EUR,Virement,Allemagne,False
TXN-006694,CLT-0033,2025-10-27 14:42:30,3733.88,EUR,Paiement carte,France,False
TXN-006695,CLT-0016,2025-12-04 14:42:30,4414.22,EUR,Paiement carte,France,False
TXN-006696,CLT-0076,2026-01-27 14:42:30,368.04,EUR,Dépôt,Îles Caïmans,False
TXN-006697,CLT-0048,2025-12-31 14:42:30,944.95,EUR,Virement,France,False
TXN-006698,CLT-0076,2026-04-09 14:42:30,3038.89,EUR,Retrait,France,False
TXN-006699,CLT-0073,2025-10-06 14:42:30,3209.78,EUR,Paiement carte,Espagne,False
TXN-006700,CLT-0075,2025-10-27 14:42:30,3801.46,EUR,Paiement carte,Espagne,False
TXN-006701,CLT-0081,2025-08-27 14:42:30,2859.63,EUR,Virement international,Îles Caïmans,False
TXN-006702,CLT-0029,2025-10-08 14:42:30,435.52,EUR,Virement,Panama,False
TXN-006703,CLT-0091,2025-12-31 14:42:30,3138.6,EUR,Retrait,Îles Caïmans,False
TXN-006704,CLT-0024,2026-02-09 14:42:30,4155.58,EUR,Dépôt,France,False
TXN-006705,CLT-0016,2026-05-11 14:42:30,674.4,EUR,Retrait,Russie,False
TXN-006706,CLT-0015,2026-05-08 14:42:30,2936.19,EUR,Paiement carte,Îles Caïmans,False
TXN-006707,CLT-0012,2025-07-07 14:42:30,548.52,EUR,Virement international,Îles Caïmans,False
TXN-006708,CLT-0003,2025-06-14 14:42:30,4981.01,EUR,Virement international,Panama,False
TXN-006709,CLT-0001,2025-10-27 14:42:30,1138.85,EUR,Paiement carte,France,False
TXN-006710,CLT-0045,2026-02-06 14:42:30,70.23,EUR,Paiement carte,Russie,False
TXN-006711,CLT-0059,2025-09-04 14:42:30,3687.17,EUR,Dépôt,Îles Caïmans,False
TXN-006712,CLT-0067,2025-07-06 14:42:30,1453.76,EUR,Dépôt,France,False
TXN-006713,CLT-0091,2026-05-09 14:42:30,33923.27,EUR,Virement,Allemagne,True
TXN-006714,CLT-0003,2026-01-29 14:42:30,805.14,EUR,Retrait,France,False
TXN-006715,CLT-0057,2025-05-15 14:42:30,2623.57,EUR,Dépôt,Îles Caïmans,False
TXN-006716,CLT-0088,2026-03-09 14:42:30,3971.08,EUR,Retrait,Panama,False
TXN-006717,CLT-0066,2025-08-01 14:42:30,413.51,EUR,Retrait,France,False
TXN-006718,CLT-0001,2025-08-10 14:42:30,4175.68,EUR,Paiement carte,Panama,False
TXN-006719,CLT-0085,2026-03-03 14:42:30,4924.99,EUR,Virement,Panama,False
TXN-006720,CLT-0009,2025-06-07 14:42:30,3250.69,EUR,Virement,France,False
TXN-006721,CLT-0060,2026-04-03 14:42:30,826.26,EUR,Paiement carte,France,False
TXN-006722,CLT-0055,2025-10-25 14:42:30,1053.4,EUR,Paiement carte,Îles Caïmans,False
TXN-006723,CLT-0039,2025-07-02 14:42:30,3258.15,EUR,Paiement carte,France,False
TXN-006724,CLT-0054,2026-02-21 14:42:30,3253.72,EUR,Dépôt,Espagne,False
TXN-006725,CLT-0063,2025-05-28 14:42:30,970.55,EUR,Virement international,France,False
TXN-006726,CLT-0036,2025-07-10 14:42:30,3342.54,EUR,Virement,Allemagne,False
TXN-006727,CLT-0089,2025-06-23 14:42:30,1101.35,EUR,Retrait,France,False
TXN-006728,CLT-0095,2026-01-05 14:42:30,784.95,EUR,Dépôt,France,False
TXN-006729,CLT-0043,2025-05-26 14:42:30,2246.59,EUR,Paiement carte,Russie,False
TXN-006730,CLT-0007,2025-11-19 14:42:30,2914.42,EUR,Retrait,France,False
TXN-006731,CLT-0008,2025-08-02 14:42:30,2511.61,EUR,Paiement carte,France,False
TXN-006732,CLT-0043,2025-10-22 14:42:30,82656.75,EUR,Retrait,Espagne,True
TXN-006733,CLT-0078,2025-08-09 14:42:30,3116.7,EUR,Virement,Panama,False
TXN-006734,CLT-0031,2025-08-28 14:42:30,3618.91,EUR,Virement international,France,False
TXN-006735,CLT-0042,2026-04-06 14:42:30,4535.6,EUR,Virement,Espagne,False
TXN-006736,CLT-0035,2025-10-14 14:42:30,2214.17,EUR,Virement international,France,False
TXN-006737,CLT-0046,2025-10-16 14:42:30,3632.15,EUR,Paiement carte,Îles Caïmans,False
TXN-006738,CLT-0018,2026-02-17 14:42:30,696.95,EUR,Paiement carte,France,False
TXN-006739,CLT-0035,2025-06-11 14:42:30,3281.01,EUR,Virement international,France,False
TXN-006740,CLT-0040,2025-07-29 14:42:30,4785.38,EUR,Virement international,Espagne,False
TXN-006741,CLT-0096,2025-06-04 14:42:30,1489.55,EUR,Dépôt,Panama,False
TXN-006742,CLT-0051,2025-10-16 14:42:30,4169.94,EUR,Virement,Allemagne,False
TXN-006743,CLT-0044,2025-10-02 14:42:30,2684.92,EUR,Dépôt,France,False
TXN-006744,CLT-0091,2026-04-26 14:42:30,4783.51,EUR,Virement international,France,False
TXN-006745,CLT-0096,2025-10-21 14:42:30,2975.75,EUR,Paiement carte,Allemagne,False
TXN-006746,CLT-0084,2025-05-22 14:42:30,26120.97,EUR,Dépôt,Allemagne,True
TXN-006747,CLT-0075,2026-03-15 14:42:30,86.17,EUR,Dépôt,France,False
TXN-006748,CLT-0050,2025-10-13 14:42:30,2303.78,EUR,Virement,Panama,False
TXN-006749,CLT-0068,2025-05-17 14:42:30,2054.72,EUR,Paiement carte,France,False
TXN-006750,CLT-0086,2026-05-13 14:42:30,2197.32,EUR,Retrait,France,False
TXN-006751,CLT-0092,2025-06-23 14:42:30,4516.88,EUR,Retrait,France,False
TXN-006752,CLT-0080,2025-07-22 14:42:30,798.14,EUR,Paiement carte,Îles Caïmans,False
TXN-006753,CLT-0057,2026-01-21 14:42:30,2148.77,EUR,Retrait,France,False
TXN-006754,CLT-0100,2025-12-13 14:42:30,2224.55,EUR,Dépôt,Allemagne,False
TXN-006755,CLT-0062,2025-10-10 14:42:30,1882.92,EUR,Virement,Russie,False
TXN-006756,CLT-0001,2025-05-22 14:42:30,2900.73,EUR,Dépôt,Îles Caïmans,False
TXN-006757,CLT-0025,2025-12-18 14:42:30,1636.62,EUR,Virement international,Îles Caïmans,False
TXN-006758,CLT-0051,2025-12-31 14:42:30,179.5,EUR,Paiement carte,Allemagne,False
TXN-006759,CLT-0093,2026-01-05 14:42:30,388.71,EUR,Virement international,France,False
TXN-006760,CLT-0035,2025-11-20 14:42:30,3716.05,EUR,Paiement carte,Russie,False
TXN-006761,CLT-0007,2025-06-09 14:42:30,1213.02,EUR,Dépôt,Îles Caïmans,False
TXN-006762,CLT-0043,2026-02-20 14:42:30,300.09,EUR,Retrait,France,False
TXN-006763,CLT-0055,2026-02-12 14:42:30,59312.33,EUR,Paiement carte,France,True
TXN-006764,CLT-0007,2025-08-26 14:42:30,4922.35,EUR,Virement,Panama,False
TXN-006765,CLT-0100,2026-03-28 14:42:30,1536.22,EUR,Dépôt,Îles Caïmans,False
TXN-006766,CLT-0099,2025-09-16 14:42:30,35447.09,EUR,Virement,France,True
TXN-006767,CLT-0008,2025-06-04 14:42:30,87723.75,EUR,Virement,Russie,True
TXN-006768,CLT-0033,2025-12-01 14:42:30,2537.27,EUR,Paiement carte,Russie,False
TXN-006769,CLT-0040,2025-06-25 14:42:30,3548.38,EUR,Paiement carte,Espagne,False
TXN-006770,CLT-0030,2025-07-24 14:42:30,2015.41,EUR,Virement international,France,False
TXN-006771,CLT-0014,2026-01-26 14:42:30,1388.71,EUR,Virement international,Panama,False
TXN-006772,CLT-0068,2026-04-09 14:42:30,1896.04,EUR,Retrait,France,False
TXN-006773,CLT-0038,2025-11-15 14:42:30,91437.94,EUR,Retrait,Espagne,True
TXN-006774,CLT-0081,2025-11-11 14:42:30,3551.54,EUR,Virement,France,False
TXN-006775,CLT-0006,2025-06-12 14:42:30,86560.22,EUR,Retrait,Panama,True
TXN-006776,CLT-0074,2026-05-06 14:42:30,4300.5,EUR,Dépôt,France,False
TXN-006777,CLT-0041,2026-02-10 14:42:30,1420.61,EUR,Virement international,Russie,False
TXN-006778,CLT-0005,2025-07-16 14:42:30,3694.27,EUR,Retrait,France,False
TXN-006779,CLT-0087,2025-09-26 14:42:30,2715.78,EUR,Paiement carte,Russie,False
TXN-006780,CLT-0050,2025-06-24 14:42:30,2156.73,EUR,Retrait,Panama,False
TXN-006781,CLT-0100,2026-01-30 14:42:30,4189.28,EUR,Dépôt,France,False
TXN-006782,CLT-0071,2025-09-15 14:42:30,2825.23,EUR,Retrait,Russie,False
TXN-006783,CLT-0025,2025-06-13 14:42:30,3348.91,EUR,Virement,France,False
TXN-006784,CLT-0089,2026-02-20 14:42:30,2043.26,EUR,Virement international,Allemagne,False
TXN-006785,CLT-0091,2025-09-26 14:42:30,4364.26,EUR,Virement,France,False
TXN-006786,CLT-0022,2025-08-25 14:42:30,1915.58,EUR,Virement,Russie,False
TXN-006787,CLT-0011,2025-07-31 14:42:30,89206.22,EUR,Virement international,Panama,True
TXN-006788,CLT-0010,2026-03-21 14:42:30,27423.88,EUR,Paiement carte,Îles Caïmans,True
TXN-006789,CLT-0052,2025-09-26 14:42:30,46081.09,EUR,Paiement carte,Russie,True
TXN-006790,CLT-0086,2025-05-18 14:42:30,19883.78,EUR,Virement international,France,True
TXN-006791,CLT-0020,2026-04-13 14:42:30,4374.11,EUR,Virement international,Russie,False
TXN-006792,CLT-0046,2026-04-26 14:42:30,2194.89,EUR,Virement international,France,False
TXN-006793,CLT-0054,2026-01-26 14:42:30,4181.44,EUR,Virement,Îles Caïmans,False
TXN-006794,CLT-0077,2026-03-18 14:42:30,2654.02,EUR,Retrait,Espagne,False
TXN-006795,CLT-0049,2026-02-13 14:42:30,2366.02,EUR,Dépôt,Panama,False
TXN-006796,CLT-0052,2026-02-06 14:42:30,2332.02,EUR,Dépôt,Îles Caïmans,False
TXN-006797,CLT-0013,2025-11-08 14:42:30,1301.23,EUR,Dépôt,Panama,False
TXN-006798,CLT-0046,2026-02-12 14:42:30,1788.43,EUR,Paiement carte,Espagne,False
TXN-006799,CLT-0069,2025-08-21 14:42:30,1492.88,EUR,Retrait,Panama,False
TXN-006800,CLT-0074,2025-07-08 14:42:30,44475.7,EUR,Virement,France,True
TXN-006801,CLT-0098,2026-03-21 14:42:30,1832.85,EUR,Virement,France,False
TXN-006802,CLT-0030,2026-01-06 14:42:30,2169.58,EUR,Virement international,Panama,False
TXN-006803,CLT-0095,2025-12-18 14:42:30,48015.39,EUR,Paiement carte,Russie,True
TXN-006804,CLT-0085,2026-04-13 14:42:30,3248.56,EUR,Paiement carte,France,False
TXN-006805,CLT-0095,2025-08-28 14:42:30,2727.53,EUR,Retrait,France,False
TXN-006806,CLT-0042,2025-10-03 14:42:30,1124.46,EUR,Virement,France,False
TXN-006807,CLT-0007,2025-10-06 14:42:30,1606.99,EUR,Retrait,Espagne,False
TXN-006808,CLT-0026,2025-11-02 14:42:30,4500.74,EUR,Retrait,Allemagne,False
TXN-006809,CLT-0039,2026-01-08 14:42:30,2894.64,EUR,Virement international,Panama,False
TXN-006810,CLT-0007,2025-09-24 14:42:30,74929.69,EUR,Dépôt,France,True
TXN-006811,CLT-0093,2025-11-22 14:42:30,4404.35,EUR,Paiement carte,France,False
TXN-006812,CLT-0082,2026-05-10 14:42:30,2681.72,EUR,Retrait,France,False
TXN-006813,CLT-0060,2026-02-28 14:42:30,4976.9,EUR,Virement,Îles Caïmans,False
TXN-006814,CLT-0050,2025-06-04 14:42:30,53704.12,EUR,Retrait,Îles Caïmans,True
TXN-006815,CLT-0062,2026-01-05 14:42:30,2318.84,EUR,Paiement carte,France,False
TXN-006816,CLT-0061,2025-06-24 14:42:30,4988.31,EUR,Virement,Allemagne,False
TXN-006817,CLT-0061,2025-12-22 14:42:30,1729.27,EUR,Virement international,Russie,False
TXN-006818,CLT-0068,2025-10-14 14:42:30,3478.37,EUR,Virement,Allemagne,False
TXN-006819,CLT-0023,2026-02-23 14:42:30,3984.66,EUR,Virement international,Espagne,False
TXN-006820,CLT-0090,2026-02-13 14:42:30,77094.14,EUR,Retrait,France,True
TXN-006821,CLT-0024,2025-10-25 14:42:30,3489.06,EUR,Dépôt,Allemagne,False
TXN-006822,CLT-0065,2026-03-26 14:42:30,1261.02,EUR,Dépôt,Espagne,False
TXN-006823,CLT-0079,2025-08-10 14:42:30,1398.24,EUR,Retrait,Panama,False
TXN-006824,CLT-0011,2026-01-11 14:42:30,2653.89,EUR,Dépôt,France,False
TXN-006825,CLT-0029,2025-10-20 14:42:30,28205.09,EUR,Virement,Allemagne,True
TXN-006826,CLT-0056,2026-02-25 14:42:30,800.98,EUR,Paiement carte,Allemagne,False
TXN-006827,CLT-0002,2025-07-04 14:42:30,1520.8,EUR,Dépôt,Russie,False
TXN-006828,CLT-0047,2025-10-31 14:42:30,3777.49,EUR,Paiement carte,France,False
TXN-006829,CLT-0092,2025-07-18 14:42:30,3968.1,EUR,Paiement carte,France,False
TXN-006830,CLT-0008,2025-11-07 14:42:30,20855.04,EUR,Virement international,Îles Caïmans,True
TXN-006831,CLT-0041,2025-08-12 14:42:30,2704.07,EUR,Paiement carte,Espagne,False
TXN-006832,CLT-0050,2025-10-01 14:42:30,1059.53,EUR,Virement,France,False
TXN-006833,CLT-0070,2025-11-09 14:42:30,2887.33,EUR,Paiement carte,France,False
TXN-006834,CLT-0038,2025-06-20 14:42:30,3959.21,EUR,Paiement carte,Russie,False
TXN-006835,CLT-0027,2025-10-24 14:42:30,3325.25,EUR,Virement,Îles Caïmans,False
TXN-006836,CLT-0038,2025-08-03 14:42:30,92.07,EUR,Paiement carte,France,False
TXN-006837,CLT-0020,2025-10-24 14:42:30,21719.67,EUR,Virement international,France,True
TXN-006838,CLT-0040,2025-10-18 14:42:30,1045.35,EUR,Virement international,France,False
TXN-006839,CLT-0064,2025-06-06 14:42:30,4051.61,EUR,Dépôt,France,False
TXN-006840,CLT-0033,2026-01-11 14:42:30,2171.2,EUR,Retrait,France,False
TXN-006841,CLT-0089,2025-05-13 14:42:30,484.14,EUR,Virement,Îles Caïmans,False
TXN-006842,CLT-0023,2025-10-05 14:42:30,3845.33,EUR,Retrait,Espagne,False
TXN-006843,CLT-0038,2026-04-06 14:42:30,1597.59,EUR,Virement,Panama,False
TXN-006844,CLT-0020,2025-11-01 14:42:30,4569.8,EUR,Retrait,Panama,False
TXN-006845,CLT-0001,2025-06-23 14:42:30,80865.52,EUR,Virement international,Espagne,True
TXN-006846,CLT-0094,2025-10-30 14:42:30,408.2,EUR,Paiement carte,France,False
TXN-006847,CLT-0050,2026-02-09 14:42:30,3954.0,EUR,Virement,Espagne,False
TXN-006848,CLT-0057,2026-03-21 14:42:30,97.76,EUR,Dépôt,Panama,False
TXN-006849,CLT-0014,2025-06-28 14:42:30,4148.26,EUR,Paiement carte,France,False
TXN-006850,CLT-0054,2026-05-01 14:42:30,1394.51,EUR,Paiement carte,Russie,False
TXN-006851,CLT-0029,2025-09-15 14:42:30,1446.57,EUR,Retrait,France,False
TXN-006852,CLT-0088,2026-02-12 14:42:30,289.33,EUR,Dépôt,France,False
TXN-006853,CLT-0025,2025-07-25 14:42:30,3873.19,EUR,Dépôt,Espagne,False
TXN-006854,CLT-0059,2026-05-06 14:42:30,4237.22,EUR,Virement,France,False
TXN-006855,CLT-0097,2025-09-18 14:42:30,86.41,EUR,Retrait,Panama,False
TXN-006856,CLT-0004,2025-06-10 14:42:30,29217.81,EUR,Dépôt,France,True
TXN-006857,CLT-0033,2026-03-26 14:42:30,2174.27,EUR,Virement international,Panama,False
TXN-006858,CLT-0100,2026-02-01 14:42:30,1119.65,EUR,Virement,Russie,False
TXN-006859,CLT-0098,2025-07-23 14:42:30,1281.07,EUR,Dépôt,Panama,False
TXN-006860,CLT-0073,2026-02-15 14:42:30,4053.79,EUR,Virement international,France,False
TXN-006861,CLT-0021,2026-02-11 14:42:30,3794.6,EUR,Virement,France,False
TXN-006862,CLT-0010,2025-08-05 14:42:30,3360.65,EUR,Dépôt,France,False
TXN-006863,CLT-0046,2025-05-30 14:42:30,59026.36,EUR,Retrait,France,True
TXN-006864,CLT-0001,2025-08-06 14:42:30,4365.97,EUR,Virement,France,False
TXN-006865,CLT-0006,2025-11-23 14:42:30,2156.26,EUR,Dépôt,France,False
TXN-006866,CLT-0018,2025-05-14 14:42:30,1147.59,EUR,Dépôt,France,False
TXN-006867,CLT-0007,2026-01-11 14:42:30,3007.91,EUR,Retrait,France,False
TXN-006868,CLT-0063,2026-02-16 14:42:30,3711.93,EUR,Dépôt,Îles Caïmans,False
TXN-006869,CLT-0072,2026-01-11 14:42:30,3943.75,EUR,Retrait,Espagne,False
TXN-006870,CLT-0030,2025-05-31 14:42:30,3795.83,EUR,Paiement carte,Îles Caïmans,False
TXN-006871,CLT-0076,2025-07-18 14:42:30,1060.33,EUR,Dépôt,France,False
TXN-006872,CLT-0095,2025-11-12 14:42:30,2815.09,EUR,Virement international,France,False
TXN-006873,CLT-0053,2025-08-19 14:42:30,4926.85,EUR,Dépôt,France,False
TXN-006874,CLT-0017,2026-01-08 14:42:30,2063.21,EUR,Virement international,France,False
TXN-006875,CLT-0008,2025-11-24 14:42:30,4062.57,EUR,Dépôt,Russie,False
TXN-006876,CLT-0041,2026-04-29 14:42:30,1679.55,EUR,Virement,France,False
TXN-006877,CLT-0014,2026-02-15 14:42:30,2338.46,EUR,Virement,France,False
TXN-006878,CLT-0074,2025-09-15 14:42:30,1451.81,EUR,Retrait,France,False
TXN-006879,CLT-0033,2025-09-07 14:42:30,2363.61,EUR,Virement,France,False
TXN-006880,CLT-0068,2025-10-24 14:42:30,1288.44,EUR,Virement international,Espagne,False
TXN-006881,CLT-0087,2025-11-26 14:42:30,2654.49,EUR,Paiement carte,Allemagne,False
TXN-006882,CLT-0049,2025-07-11 14:42:30,3905.86,EUR,Paiement carte,Îles Caïmans,False
TXN-006883,CLT-0051,2026-01-21 14:42:30,2217.99,EUR,Paiement carte,France,False
TXN-006884,CLT-0034,2025-09-15 14:42:30,4257.49,EUR,Virement,France,False
TXN-006885,CLT-0025,2026-05-13 14:42:30,17189.27,EUR,Paiement carte,Allemagne,True
TXN-006886,CLT-0069,2026-03-07 14:42:30,777.71,EUR,Virement international,Espagne,False
TXN-006887,CLT-0100,2026-01-07 14:42:30,26787.22,EUR,Dépôt,France,True
TXN-006888,CLT-0100,2025-07-06 14:42:30,692.29,EUR,Dépôt,Russie,False
TXN-006889,CLT-0056,2025-05-25 14:42:30,1873.6,EUR,Paiement carte,Espagne,False
TXN-006890,CLT-0086,2026-01-22 14:42:30,4677.25,EUR,Virement,Îles Caïmans,False
TXN-006891,CLT-0059,2026-04-08 14:42:30,2354.7,EUR,Dépôt,France,False
TXN-006892,CLT-0032,2026-04-09 14:42:30,3241.15,EUR,Dépôt,Allemagne,False
TXN-006893,CLT-0079,2026-02-22 14:42:30,4433.17,EUR,Virement international,Allemagne,False
TXN-006894,CLT-0080,2026-01-26 14:42:30,1108.87,EUR,Dépôt,Allemagne,False
TXN-006895,CLT-0051,2025-05-21 14:42:30,686.89,EUR,Virement,Panama,False
TXN-006896,CLT-0060,2025-07-31 14:42:30,3004.44,EUR,Retrait,Espagne,False
TXN-006897,CLT-0033,2026-03-31 14:42:30,160.67,EUR,Virement international,Russie,False
TXN-006898,CLT-0035,2025-11-26 14:42:30,1529.86,EUR,Paiement carte,Allemagne,False
TXN-006899,CLT-0005,2025-09-18 14:42:30,3274.48,EUR,Dépôt,France,False
TXN-006900,CLT-0009,2025-08-13 14:42:30,2090.88,EUR,Virement international,Espagne,False
TXN-006901,CLT-0074,2025-11-22 14:42:30,3961.36,EUR,Paiement carte,Russie,False
TXN-006902,CLT-0085,2026-04-27 14:42:30,1930.88,EUR,Retrait,Espagne,False
TXN-006903,CLT-0070,2025-10-20 14:42:30,48902.35,EUR,Virement international,France,True
TXN-006904,CLT-0038,2026-05-03 14:42:30,2599.26,EUR,Virement,Russie,False
TXN-006905,CLT-0082,2025-06-28 14:42:30,1575.72,EUR,Dépôt,Allemagne,False
TXN-006906,CLT-0014,2026-02-20 14:42:30,82427.37,EUR,Virement international,Russie,True
TXN-006907,CLT-0093,2025-06-01 14:42:30,4011.36,EUR,Paiement carte,France,False
TXN-006908,CLT-0030,2026-02-10 14:42:30,2536.44,EUR,Paiement carte,Allemagne,False
TXN-006909,CLT-0034,2026-04-27 14:42:30,360.02,EUR,Virement international,Panama,False
TXN-006910,CLT-0054,2025-05-13 14:42:30,2784.1,EUR,Paiement carte,France,False
TXN-006911,CLT-0089,2025-09-11 14:42:30,1931.33,EUR,Retrait,France,False
TXN-006912,CLT-0016,2025-07-17 14:42:30,726.42,EUR,Retrait,Russie,False
TXN-006913,CLT-0066,2025-08-13 14:42:30,3122.73,EUR,Dépôt,France,False
TXN-006914,CLT-0009,2025-07-19 14:42:30,4776.86,EUR,Virement international,Îles Caïmans,False
TXN-006915,CLT-0093,2026-03-23 14:42:30,54095.05,EUR,Dépôt,Panama,True
TXN-006916,CLT-0030,2025-05-13 14:42:30,974.57,EUR,Virement,Espagne,False
TXN-006917,CLT-0016,2026-01-29 14:42:30,4497.01,EUR,Virement international,Panama,False
TXN-006918,CLT-0003,2025-09-03 14:42:30,2023.76,EUR,Paiement carte,France,False
TXN-006919,CLT-0033,2026-01-03 14:42:30,3115.05,EUR,Virement international,France,False
TXN-006920,CLT-0008,2026-05-11 14:42:30,1534.07,EUR,Dépôt,France,False
TXN-006921,CLT-0020,2026-04-20 14:42:30,1854.26,EUR,Retrait,France,False
TXN-006922,CLT-0057,2026-04-23 14:42:30,44784.36,EUR,Virement international,Russie,True
TXN-006923,CLT-0023,2026-02-20 14:42:30,2061.51,EUR,Virement international,Panama,False
TXN-006924,CLT-0027,2025-09-23 14:42:30,1534.47,EUR,Dépôt,Espagne,False
TXN-006925,CLT-0095,2025-07-23 14:42:30,3558.8,EUR,Virement international,France,False
TXN-006926,CLT-0077,2025-06-19 14:42:30,1880.42,EUR,Paiement carte,Allemagne,False
TXN-006927,CLT-0036,2025-11-30 14:42:30,2045.25,EUR,Paiement carte,Panama,False
TXN-006928,CLT-0090,2025-07-31 14:42:30,4180.7,EUR,Retrait,Russie,False
TXN-006929,CLT-0042,2025-05-20 14:42:30,4552.19,EUR,Retrait,France,False
TXN-006930,CLT-0056,2026-04-15 14:42:30,3572.6,EUR,Paiement carte,Russie,False
TXN-006931,CLT-0052,2025-05-13 14:42:30,36171.69,EUR,Virement,France,True
TXN-006932,CLT-0003,2025-05-20 14:42:30,4642.65,EUR,Dépôt,France,False
TXN-006933,CLT-0008,2025-11-01 14:42:30,797.45,EUR,Virement,Espagne,False
TXN-006934,CLT-0088,2025-10-16 14:42:30,86333.05,EUR,Paiement carte,Russie,True
TXN-006935,CLT-0057,2026-05-13 14:42:30,746.82,EUR,Virement,France,False
TXN-006936,CLT-0095,2025-05-17 14:42:30,2882.51,EUR,Paiement carte,France,False
TXN-006937,CLT-0002,2025-11-28 14:42:30,1072.82,EUR,Paiement carte,Espagne,False
TXN-006938,CLT-0073,2026-02-22 14:42:30,3484.54,EUR,Virement international,France,False
TXN-006939,CLT-0081,2025-08-06 14:42:30,1061.19,EUR,Virement,Russie,False
TXN-006940,CLT-0018,2025-10-22 14:42:30,2041.94,EUR,Retrait,Russie,False
TXN-006941,CLT-0032,2025-12-05 14:42:30,72227.1,EUR,Virement,Îles Caïmans,True
TXN-006942,CLT-0009,2025-07-23 14:42:30,4956.67,EUR,Dépôt,Espagne,False
TXN-006943,CLT-0017,2025-09-08 14:42:30,1370.82,EUR,Dépôt,Îles Caïmans,False
TXN-006944,CLT-0066,2025-09-16 14:42:30,32600.1,EUR,Retrait,France,True
TXN-006945,CLT-0051,2026-05-03 14:42:30,2184.83,EUR,Virement,Panama,False
TXN-006946,CLT-0085,2026-04-27 14:42:30,3517.65,EUR,Retrait,Îles Caïmans,False
TXN-006947,CLT-0090,2026-04-28 14:42:30,1195.42,EUR,Virement international,Russie,False
TXN-006948,CLT-0099,2026-02-23 14:42:30,4327.04,EUR,Virement,Îles Caïmans,False
TXN-006949,CLT-0037,2025-11-29 14:42:30,2182.78,EUR,Virement,Panama,False
TXN-006950,CLT-0021,2025-12-22 14:42:30,3178.28,EUR,Virement,Îles Caïmans,False
TXN-006951,CLT-0029,2025-11-23 14:42:30,1394.93,EUR,Retrait,Îles Caïmans,False
TXN-006952,CLT-0002,2025-06-07 14:42:30,2337.15,EUR,Dépôt,France,False
TXN-006953,CLT-0043,2026-04-27 14:42:30,4835.41,EUR,Paiement carte,Allemagne,False
TXN-006954,CLT-0072,2025-09-28 14:42:30,1125.65,EUR,Virement international,Îles Caïmans,False
TXN-006955,CLT-0018,2025-11-04 14:42:30,1667.92,EUR,Paiement carte,France,False
TXN-006956,CLT-0095,2026-05-08 14:42:30,160.56,EUR,Dépôt,Panama,False
TXN-006957,CLT-0080,2026-02-22 14:42:30,51.91,EUR,Dépôt,France,False
TXN-006958,CLT-0038,2025-12-28 14:42:30,2662.7,EUR,Virement,France,False
TXN-006959,CLT-0076,2025-06-03 14:42:30,1724.93,EUR,Virement international,Îles Caïmans,False
TXN-006960,CLT-0072,2025-12-02 14:42:30,4664.56,EUR,Paiement carte,France,False
TXN-006961,CLT-0004,2025-10-05 14:42:30,1240.08,EUR,Virement,Îles Caïmans,False
TXN-006962,CLT-0009,2025-11-17 14:42:30,1680.28,EUR,Dépôt,France,False
TXN-006963,CLT-0097,2025-07-17 14:42:30,3809.21,EUR,Paiement carte,Panama,False
TXN-006964,CLT-0067,2025-09-12 14:42:30,58897.63,EUR,Dépôt,Panama,True
TXN-006965,CLT-0059,2026-02-14 14:42:30,4177.2,EUR,Retrait,Espagne,False
TXN-006966,CLT-0068,2025-11-23 14:42:30,1263.38,EUR,Virement,France,False
TXN-006967,CLT-0021,2025-05-26 14:42:30,2467.64,EUR,Virement,Allemagne,False
TXN-006968,CLT-0051,2026-03-29 14:42:30,2090.22,EUR,Dépôt,Îles Caïmans,False
TXN-006969,CLT-0056,2025-05-20 14:42:30,20936.64,EUR,Dépôt,Allemagne,True
TXN-006970,CLT-0034,2025-06-02 14:42:30,714.28,EUR,Paiement carte,France,False
TXN-006971,CLT-0014,2026-05-12 14:42:30,2555.19,EUR,Dépôt,France,False
TXN-006972,CLT-0079,2026-04-06 14:42:30,3605.5,EUR,Virement international,Espagne,False
TXN-006973,CLT-0085,2025-07-10 14:42:30,81086.18,EUR,Dépôt,Allemagne,True
TXN-006974,CLT-0071,2025-12-10 14:42:30,3956.73,EUR,Virement,France,False
TXN-006975,CLT-0097,2025-09-06 14:42:30,2581.48,EUR,Virement international,Allemagne,False
TXN-006976,CLT-0042,2026-05-04 14:42:30,9235.84,EUR,Virement international,France,True
TXN-006977,CLT-0006,2025-08-26 14:42:30,3275.38,EUR,Virement international,France,False
TXN-006978,CLT-0092,2025-12-20 14:42:30,971.03,EUR,Virement,Panama,False
TXN-006979,CLT-0089,2026-03-17 14:42:30,2768.8,EUR,Virement,Panama,False
TXN-006980,CLT-0044,2026-01-20 14:42:30,4744.87,EUR,Virement international,Îles Caïmans,False
TXN-006981,CLT-0082,2026-04-24 14:42:30,2960.63,EUR,Retrait,France,False
TXN-006982,CLT-0053,2026-03-25 14:42:30,4998.25,EUR,Paiement carte,Espagne,False
TXN-006983,CLT-0010,2025-06-22 14:42:30,4449.64,EUR,Retrait,Espagne,False
TXN-006984,CLT-0100,2025-10-09 14:42:30,4814.33,EUR,Dépôt,France,False
TXN-006985,CLT-0093,2025-05-28 14:42:30,753.67,EUR,Dépôt,Allemagne,False
TXN-006986,CLT-0035,2025-09-21 14:42:30,801.88,EUR,Virement international,Espagne,False
TXN-006987,CLT-0077,2025-11-30 14:42:30,3454.31,EUR,Virement,France,False
TXN-006988,CLT-0001,2026-02-26 14:42:30,4311.28,EUR,Retrait,Allemagne,False
TXN-006989,CLT-0048,2025-10-04 14:42:30,81378.31,EUR,Paiement carte,Panama,True
TXN-006990,CLT-0098,2026-03-13 14:42:30,4508.52,EUR,Paiement carte,Îles Caïmans,False
TXN-006991,CLT-0081,2025-08-24 14:42:30,4254.6,EUR,Virement,Allemagne,False
TXN-006992,CLT-0045,2025-06-28 14:42:30,93257.69,EUR,Virement,Espagne,True
TXN-006993,CLT-0097,2025-06-02 14:42:30,2511.53,EUR,Paiement carte,Espagne,False
TXN-006994,CLT-0006,2025-11-14 14:42:30,1995.7,EUR,Virement international,Îles Caïmans,False
TXN-006995,CLT-0042,2025-07-29 14:42:30,70997.57,EUR,Retrait,France,True
TXN-006996,CLT-0061,2026-05-02 14:42:30,4236.63,EUR,Retrait,Espagne,False
TXN-006997,CLT-0063,2025-08-04 14:42:30,4895.14,EUR,Paiement carte,Espagne,False
TXN-006998,CLT-0028,2026-03-24 14:42:30,24212.38,EUR,Virement international,Panama,True
TXN-006999,CLT-0063,2025-11-09 14:42:30,4662.86,EUR,Dépôt,Panama,False
TXN-007000,CLT-0089,2026-05-07 14:42:30,601.66,EUR,Dépôt,Allemagne,False
TXN-007001,CLT-0067,2026-04-25 14:42:30,1568.34,EUR,Retrait,Panama,False
TXN-007002,CLT-0019,2025-12-22 14:42:30,4079.74,EUR,Paiement carte,Panama,False
TXN-007003,CLT-0076,2026-03-11 14:42:30,4640.1,EUR,Retrait,France,False
TXN-007004,CLT-0079,2025-10-30 14:42:30,1921.54,EUR,Retrait,France,False
TXN-007005,CLT-0019,2025-10-13 14:42:30,4577.68,EUR,Paiement carte,Îles Caïmans,False
TXN-007006,CLT-0069,2025-10-13 14:42:30,702.89,EUR,Retrait,France,False
TXN-007007,CLT-0033,2026-01-15 14:42:30,2355.35,EUR,Virement,Allemagne,False
TXN-007008,CLT-0044,2025-11-18 14:42:30,3040.61,EUR,Paiement carte,France,False
TXN-007009,CLT-0066,2026-03-06 14:42:30,4809.88,EUR,Virement,France,False
TXN-007010,CLT-0004,2025-05-31 14:42:30,2490.7,EUR,Paiement carte,France,False
TXN-007011,CLT-0018,2026-05-04 14:42:30,1820.64,EUR,Paiement carte,Espagne,False
TXN-007012,CLT-0086,2025-11-08 14:42:30,1123.82,EUR,Retrait,Espagne,False
TXN-007013,CLT-0037,2025-06-19 14:42:30,84578.78,EUR,Retrait,France,True
TXN-007014,CLT-0095,2026-01-11 14:42:30,26875.72,EUR,Virement,Îles Caïmans,True
TXN-007015,CLT-0074,2025-09-16 14:42:30,3744.59,EUR,Virement,Îles Caïmans,False
TXN-007016,CLT-0061,2026-01-02 14:42:30,2436.9,EUR,Paiement carte,France,False
TXN-007017,CLT-0011,2026-03-25 14:42:30,3565.03,EUR,Virement,Espagne,False
TXN-007018,CLT-0032,2026-01-05 14:42:30,28050.12,EUR,Paiement carte,France,True
TXN-007019,CLT-0070,2025-06-19 14:42:30,3963.85,EUR,Paiement carte,Russie,False
TXN-007020,CLT-0083,2025-11-17 14:42:30,3931.38,EUR,Retrait,Allemagne,False
TXN-007021,CLT-0019,2025-12-20 14:42:30,3737.41,EUR,Retrait,Panama,False
TXN-007022,CLT-0017,2025-07-02 14:42:30,1137.62,EUR,Retrait,Espagne,False
TXN-007023,CLT-0062,2025-09-03 14:42:30,85001.31,EUR,Paiement carte,France,True
TXN-007024,CLT-0087,2025-09-27 14:42:30,1268.75,EUR,Dépôt,France,False
TXN-007025,CLT-0068,2025-08-20 14:42:30,542.19,EUR,Dépôt,France,False
TXN-007026,CLT-0068,2025-12-20 14:42:30,89404.57,EUR,Dépôt,Îles Caïmans,True
TXN-007027,CLT-0025,2025-11-01 14:42:30,1144.1,EUR,Virement international,Allemagne,False
TXN-007028,CLT-0063,2025-08-13 14:42:30,1987.22,EUR,Virement international,Espagne,False
TXN-007029,CLT-0037,2025-06-06 14:42:30,3921.02,EUR,Paiement carte,Panama,False
TXN-007030,CLT-0099,2025-07-17 14:42:30,3133.01,EUR,Virement international,Allemagne,False
TXN-007031,CLT-0040,2025-07-13 14:42:30,2519.81,EUR,Paiement carte,Russie,False
TXN-007032,CLT-0093,2025-05-19 14:42:30,41348.73,EUR,Retrait,France,True
TXN-007033,CLT-0082,2025-06-17 14:42:30,1214.32,EUR,Virement,France,False
TXN-007034,CLT-0053,2025-12-06 14:42:30,4669.21,EUR,Virement,Îles Caïmans,False
TXN-007035,CLT-0076,2025-09-13 14:42:30,3523.35,EUR,Dépôt,Îles Caïmans,False
TXN-007036,CLT-0068,2025-09-24 14:42:30,2231.08,EUR,Virement,Îles Caïmans,False
TXN-007037,CLT-0029,2026-04-03 14:42:30,2077.18,EUR,Virement international,Panama,False
TXN-007038,CLT-0042,2025-06-21 14:42:30,1459.98,EUR,Virement international,France,False
TXN-007039,CLT-0072,2025-05-14 14:42:30,332.57,EUR,Dépôt,Russie,False
TXN-007040,CLT-0081,2025-11-24 14:42:30,4764.74,EUR,Virement,France,False
TXN-007041,CLT-0063,2025-09-02 14:42:30,2308.53,EUR,Virement international,Îles Caïmans,False
TXN-007042,CLT-0075,2025-08-28 14:42:30,66697.48,EUR,Paiement carte,Panama,True
TXN-007043,CLT-0064,2025-06-29 14:42:30,4800.08,EUR,Paiement carte,France,False
TXN-007044,CLT-0020,2025-06-24 14:42:30,2774.24,EUR,Retrait,France,False
TXN-007045,CLT-0003,2026-03-11 14:42:30,70474.61,EUR,Virement,France,True
TXN-007046,CLT-0086,2025-10-17 14:42:30,897.75,EUR,Paiement carte,France,False
TXN-007047,CLT-0063,2025-11-30 14:42:30,1605.49,EUR,Dépôt,Panama,False
TXN-007048,CLT-0073,2026-04-22 14:42:30,83432.55,EUR,Paiement carte,Russie,True
TXN-007049,CLT-0002,2025-06-04 14:42:30,68663.89,EUR,Virement international,France,True
TXN-007050,CLT-0066,2025-11-14 14:42:30,31069.71,EUR,Paiement carte,France,True
TXN-007051,CLT-0087,2025-09-08 14:42:30,3298.2,EUR,Dépôt,Îles Caïmans,False
TXN-007052,CLT-0080,2026-03-09 14:42:30,3521.81,EUR,Dépôt,Allemagne,False
TXN-007053,CLT-0015,2025-11-18 14:42:30,4749.76,EUR,Paiement carte,France,False
TXN-007054,CLT-0009,2025-11-25 14:42:30,784.89,EUR,Retrait,Allemagne,False
TXN-007055,CLT-0042,2026-01-13 14:42:30,1287.54,EUR,Retrait,Îles Caïmans,False
TXN-007056,CLT-0062,2025-05-30 14:42:30,3380.81,EUR,Paiement carte,Russie,False
TXN-007057,CLT-0050,2026-03-08 14:42:30,4516.97,EUR,Dépôt,Russie,False
TXN-007058,CLT-0002,2026-04-08 14:42:30,1042.02,EUR,Dépôt,Russie,False
TXN-007059,CLT-0062,2025-09-15 14:42:30,1291.24,EUR,Virement,France,False
TXN-007060,CLT-0011,2025-10-14 14:42:30,158.93,EUR,Virement international,France,False
TXN-007061,CLT-0051,2025-10-24 14:42:30,1328.36,EUR,Paiement carte,Russie,False
TXN-007062,CLT-0096,2026-02-25 14:42:30,1372.02,EUR,Virement,Russie,False
TXN-007063,CLT-0099,2025-12-16 14:42:30,89408.75,EUR,Retrait,Panama,True
TXN-007064,CLT-0095,2026-01-08 14:42:30,2507.26,EUR,Virement,Allemagne,False
TXN-007065,CLT-0074,2025-10-27 14:42:30,3788.27,EUR,Dépôt,France,False
TXN-007066,CLT-0094,2025-09-27 14:42:30,1636.36,EUR,Paiement carte,Russie,False
TXN-007067,CLT-0072,2025-09-13 14:42:30,3649.18,EUR,Virement,France,False
TXN-007068,CLT-0029,2025-05-26 14:42:30,887.53,EUR,Virement international,Espagne,False
TXN-007069,CLT-0093,2025-12-27 14:42:30,4207.28,EUR,Paiement carte,France,False
TXN-007070,CLT-0079,2025-12-31 14:42:30,1900.6,EUR,Virement international,Allemagne,False
TXN-007071,CLT-0014,2026-01-12 14:42:30,3354.2,EUR,Virement international,Îles Caïmans,False
TXN-007072,CLT-0043,2025-09-30 14:42:30,4810.73,EUR,Paiement carte,Espagne,False
TXN-007073,CLT-0075,2026-04-24 14:42:30,2904.67,EUR,Dépôt,France,False
TXN-007074,CLT-0052,2025-10-24 14:42:30,4185.83,EUR,Retrait,France,False
TXN-007075,CLT-0019,2025-10-26 14:42:30,42266.31,EUR,Virement,France,True
TXN-007076,CLT-0008,2026-01-01 14:42:30,395.33,EUR,Paiement carte,Russie,False
TXN-007077,CLT-0083,2025-05-14 14:42:30,4825.62,EUR,Virement,Espagne,False
TXN-007078,CLT-0027,2026-03-28 14:42:30,2512.13,EUR,Dépôt,Allemagne,False
TXN-007079,CLT-0096,2025-09-12 14:42:30,3442.25,EUR,Retrait,Îles Caïmans,False
TXN-007080,CLT-0021,2025-06-26 14:42:30,808.86,EUR,Virement international,Panama,False
TXN-007081,CLT-0059,2025-09-30 14:42:30,2725.19,EUR,Paiement carte,France,False
TXN-007082,CLT-0075,2025-07-14 14:42:30,1498.01,EUR,Virement,Russie,False
TXN-007083,CLT-0078,2025-07-17 14:42:30,23846.78,EUR,Paiement carte,France,True
TXN-007084,CLT-0062,2026-02-09 14:42:30,3521.98,EUR,Virement,France,False
TXN-007085,CLT-0100,2026-01-22 14:42:30,2873.66,EUR,Virement,Allemagne,False
TXN-007086,CLT-0025,2025-07-25 14:42:30,1961.56,EUR,Paiement carte,Espagne,False
TXN-007087,CLT-0056,2026-01-06 14:42:30,791.45,EUR,Virement international,Espagne,False
TXN-007088,CLT-0089,2026-04-01 14:42:30,51475.83,EUR,Retrait,France,True
TXN-007089,CLT-0083,2025-06-27 14:42:30,872.18,EUR,Dépôt,France,False
TXN-007090,CLT-0097,2025-10-14 14:42:30,1772.44,EUR,Virement,Russie,False
TXN-007091,CLT-0044,2025-11-08 14:42:30,4938.62,EUR,Virement international,France,False
TXN-007092,CLT-0017,2025-11-09 14:42:30,3466.68,EUR,Virement international,Panama,False
TXN-007093,CLT-0025,2025-10-02 14:42:30,3344.22,EUR,Virement,France,False
TXN-007094,CLT-0023,2025-05-13 14:42:30,2739.22,EUR,Virement international,Allemagne,False
TXN-007095,CLT-0070,2026-03-01 14:42:30,1790.5,EUR,Paiement carte,Russie,False
TXN-007096,CLT-0045,2026-02-03 14:42:30,71179.37,EUR,Virement international,Îles Caïmans,True
TXN-007097,CLT-0068,2025-10-15 14:42:30,4716.67,EUR,Dépôt,Russie,False
TXN-007098,CLT-0042,2025-11-10 14:42:30,1392.13,EUR,Virement,Russie,False
TXN-007099,CLT-0014,2026-01-08 14:42:30,4485.36,EUR,Virement,France,False
TXN-007100,CLT-0007,2025-05-28 14:42:30,4746.46,EUR,Virement international,France,False
TXN-007101,CLT-0095,2025-10-19 14:42:30,2406.11,EUR,Dépôt,Panama,False
TXN-007102,CLT-0070,2025-11-21 14:42:30,3738.4,EUR,Virement,France,False
TXN-007103,CLT-0072,2026-05-13 14:42:30,62.58,EUR,Virement international,Îles Caïmans,False
TXN-007104,CLT-0033,2025-12-31 14:42:30,2464.19,EUR,Paiement carte,Îles Caïmans,False
TXN-007105,CLT-0099,2025-08-14 14:42:30,26456.65,EUR,Virement international,Îles Caïmans,True
TXN-007106,CLT-0038,2025-06-23 14:42:30,4152.08,EUR,Paiement carte,Panama,False
TXN-007107,CLT-0057,2025-12-11 14:42:30,1104.1,EUR,Paiement carte,Espagne,False
TXN-007108,CLT-0026,2026-01-16 14:42:30,2048.04,EUR,Paiement carte,France,False
TXN-007109,CLT-0056,2025-05-24 14:42:30,4327.89,EUR,Retrait,France,False
TXN-007110,CLT-0024,2026-05-13 14:42:30,380.58,EUR,Retrait,Russie,False
TXN-007111,CLT-0064,2025-06-20 14:42:30,2751.58,EUR,Retrait,Espagne,False
TXN-007112,CLT-0015,2026-02-18 14:42:30,260.89,EUR,Virement international,Espagne,False
TXN-007113,CLT-0033,2026-05-12 14:42:30,87020.69,EUR,Paiement carte,France,True
TXN-007114,CLT-0083,2025-09-11 14:42:30,141.84,EUR,Virement international,Îles Caïmans,False
TXN-007115,CLT-0076,2025-11-13 14:42:30,389.42,EUR,Paiement carte,Russie,False
TXN-007116,CLT-0003,2025-11-01 14:42:30,4851.5,EUR,Virement international,Panama,False
TXN-007117,CLT-0057,2026-03-27 14:42:30,3036.43,EUR,Dépôt,Russie,False
TXN-007118,CLT-0047,2025-10-02 14:42:30,1166.91,EUR,Retrait,Russie,False
TXN-007119,CLT-0058,2025-08-18 14:42:30,2640.49,EUR,Dépôt,Panama,False
TXN-007120,CLT-0015,2025-09-24 14:42:30,4361.74,EUR,Retrait,France,False
TXN-007121,CLT-0034,2026-01-04 14:42:30,3064.25,EUR,Dépôt,Îles Caïmans,False
TXN-007122,CLT-0041,2025-07-28 14:42:30,45857.24,EUR,Retrait,Panama,True
TXN-007123,CLT-0036,2025-09-08 14:42:30,2392.58,EUR,Retrait,Russie,False
TXN-007124,CLT-0065,2026-01-20 14:42:30,406.0,EUR,Dépôt,Russie,False
TXN-007125,CLT-0080,2026-04-06 14:42:30,1923.61,EUR,Virement,Russie,False
TXN-007126,CLT-0069,2025-06-05 14:42:30,2468.95,EUR,Retrait,France,False
TXN-007127,CLT-0082,2026-04-23 14:42:30,4071.74,EUR,Virement,France,False
TXN-007128,CLT-0045,2025-12-18 14:42:30,71.35,EUR,Virement,Russie,False
TXN-007129,CLT-0037,2025-11-08 14:42:30,1617.2,EUR,Virement,Panama,False
TXN-007130,CLT-0036,2026-01-19 14:42:30,345.11,EUR,Dépôt,France,False
TXN-007131,CLT-0095,2025-06-11 14:42:30,637.17,EUR,Paiement carte,France,False
TXN-007132,CLT-0032,2026-01-14 14:42:30,950.33,EUR,Virement,Îles Caïmans,False
TXN-007133,CLT-0092,2026-02-03 14:42:30,1018.87,EUR,Dépôt,Russie,False
TXN-007134,CLT-0086,2025-07-18 14:42:30,4535.16,EUR,Virement international,France,False
TXN-007135,CLT-0065,2026-02-22 14:42:30,4987.69,EUR,Retrait,France,False
TXN-007136,CLT-0063,2025-08-18 14:42:30,4581.97,EUR,Virement international,Russie,False
TXN-007137,CLT-0065,2025-09-15 14:42:30,1632.83,EUR,Virement international,France,False
TXN-007138,CLT-0060,2026-02-05 14:42:30,3935.98,EUR,Paiement carte,Allemagne,False
TXN-007139,CLT-0029,2025-09-22 14:42:30,89081.16,EUR,Virement international,Allemagne,True
TXN-007140,CLT-0004,2025-10-15 14:42:30,4229.26,EUR,Virement international,Russie,False
TXN-007141,CLT-0042,2025-08-29 14:42:30,4978.88,EUR,Dépôt,France,False
TXN-007142,CLT-0083,2025-05-27 14:42:30,3772.86,EUR,Dépôt,Espagne,False
TXN-007143,CLT-0091,2025-09-28 14:42:30,3312.18,EUR,Retrait,Îles Caïmans,False
TXN-007144,CLT-0088,2026-04-30 14:42:30,3052.89,EUR,Virement,France,False
TXN-007145,CLT-0024,2025-05-15 14:42:30,3064.65,EUR,Retrait,Îles Caïmans,False
TXN-007146,CLT-0045,2026-02-21 14:42:30,2248.71,EUR,Dépôt,Îles Caïmans,False
TXN-007147,CLT-0086,2025-12-09 14:42:30,1669.51,EUR,Virement,Panama,False
TXN-007148,CLT-0057,2025-09-21 14:42:30,614.12,EUR,Dépôt,Allemagne,False
TXN-007149,CLT-0022,2025-09-29 14:42:30,4202.43,EUR,Dépôt,Panama,False
TXN-007150,CLT-0071,2025-07-15 14:42:30,3586.22,EUR,Paiement carte,France,False
TXN-007151,CLT-0001,2025-12-09 14:42:30,3359.57,EUR,Paiement carte,Panama,False
TXN-007152,CLT-0071,2025-05-25 14:42:30,3826.42,EUR,Virement,Panama,False
TXN-007153,CLT-0081,2025-07-01 14:42:30,1965.49,EUR,Paiement carte,France,False
TXN-007154,CLT-0048,2025-06-30 14:42:30,1092.46,EUR,Virement,Russie,False
TXN-007155,CLT-0011,2025-11-16 14:42:30,4868.99,EUR,Retrait,France,False
TXN-007156,CLT-0009,2026-02-09 14:42:30,2082.89,EUR,Retrait,France,False
TXN-007157,CLT-0058,2025-08-03 14:42:30,2742.07,EUR,Virement,France,False
TXN-007158,CLT-0029,2025-11-24 14:42:30,4722.26,EUR,Paiement carte,France,False
TXN-007159,CLT-0022,2025-07-24 14:42:30,93131.57,EUR,Dépôt,France,True
TXN-007160,CLT-0001,2026-01-10 14:42:30,526.09,EUR,Paiement carte,Allemagne,False
TXN-007161,CLT-0048,2025-08-16 14:42:30,4146.1,EUR,Virement international,Allemagne,False
TXN-007162,CLT-0065,2025-05-29 14:42:30,56656.25,EUR,Retrait,Îles Caïmans,True
TXN-007163,CLT-0055,2026-03-11 14:42:30,3817.17,EUR,Paiement carte,France,False
TXN-007164,CLT-0086,2025-11-22 14:42:30,1979.38,EUR,Paiement carte,France,False
TXN-007165,CLT-0045,2025-11-04 14:42:30,2379.27,EUR,Virement international,Panama,False
TXN-007166,CLT-0038,2025-11-27 14:42:30,1225.13,EUR,Virement,France,False
TXN-007167,CLT-0086,2025-06-20 14:42:30,3727.8,EUR,Paiement carte,Russie,False
TXN-007168,CLT-0038,2026-05-07 14:42:30,662.88,EUR,Virement,France,False
TXN-007169,CLT-0084,2025-08-14 14:42:30,4127.15,EUR,Virement international,France,False
TXN-007170,CLT-0042,2025-12-01 14:42:30,55030.42,EUR,Virement international,Russie,True
TXN-007171,CLT-0038,2025-08-29 14:42:30,1719.64,EUR,Dépôt,Russie,False
TXN-007172,CLT-0020,2026-05-03 14:42:30,241.86,EUR,Dépôt,France,False
TXN-007173,CLT-0008,2025-11-05 14:42:30,32904.48,EUR,Paiement carte,Espagne,True
TXN-007174,CLT-0002,2025-10-31 14:42:30,593.54,EUR,Virement international,France,False
TXN-007175,CLT-0012,2026-03-16 14:42:30,3405.85,EUR,Dépôt,Panama,False
TXN-007176,CLT-0030,2026-03-29 14:42:30,4846.34,EUR,Dépôt,France,False
TXN-007177,CLT-0046,2025-06-12 14:42:30,2207.85,EUR,Virement,France,False
TXN-007178,CLT-0071,2025-11-23 14:42:30,80145.6,EUR,Dépôt,France,True
TXN-007179,CLT-0017,2026-03-04 14:42:30,2773.12,EUR,Paiement carte,France,False
TXN-007180,CLT-0088,2025-06-29 14:42:30,4460.26,EUR,Virement,Îles Caïmans,False
TXN-007181,CLT-0031,2025-06-28 14:42:30,3950.27,EUR,Dépôt,Îles Caïmans,False
TXN-007182,CLT-0065,2025-06-15 14:42:30,3698.12,EUR,Virement,Allemagne,False
TXN-007183,CLT-0028,2025-07-30 14:42:30,1974.77,EUR,Paiement carte,Espagne,False
TXN-007184,CLT-0047,2025-12-09 14:42:30,4355.43,EUR,Dépôt,France,False
TXN-007185,CLT-0031,2026-01-20 14:42:30,2624.65,EUR,Dépôt,France,False
TXN-007186,CLT-0086,2025-06-18 14:42:30,3866.23,EUR,Retrait,Espagne,False
TXN-007187,CLT-0081,2025-07-04 14:42:30,3183.9,EUR,Paiement carte,Îles Caïmans,False
TXN-007188,CLT-0099,2026-04-25 14:42:30,3359.26,EUR,Virement,France,False
TXN-007189,CLT-0071,2025-05-15 14:42:30,1066.48,EUR,Virement,Espagne,False
TXN-007190,CLT-0098,2025-08-05 14:42:30,4366.19,EUR,Virement international,Îles Caïmans,False
TXN-007191,CLT-0014,2025-12-03 14:42:30,836.93,EUR,Dépôt,France,False
TXN-007192,CLT-0007,2025-10-01 14:42:30,1888.63,EUR,Virement international,Russie,False
TXN-007193,CLT-0076,2026-05-06 14:42:30,2494.1,EUR,Virement international,France,False
TXN-007194,CLT-0072,2025-08-13 14:42:30,4848.47,EUR,Virement,Allemagne,False
TXN-007195,CLT-0070,2025-06-27 14:42:30,1156.82,EUR,Dépôt,Îles Caïmans,False
TXN-007196,CLT-0013,2025-08-05 14:42:30,3400.02,EUR,Dépôt,France,False
TXN-007197,CLT-0053,2025-12-31 14:42:30,29957.26,EUR,Paiement carte,France,True
TXN-007198,CLT-0045,2026-02-23 14:42:30,1165.85,EUR,Retrait,Îles Caïmans,False
TXN-007199,CLT-0065,2025-07-14 14:42:30,46399.64,EUR,Paiement carte,Îles Caïmans,True
TXN-007200,CLT-0046,2025-07-18 14:42:30,4335.98,EUR,Paiement carte,Espagne,False
TXN-007201,CLT-0008,2025-08-02 14:42:30,1825.66,EUR,Virement international,Russie,False
TXN-007202,CLT-0029,2025-06-14 14:42:30,86625.65,EUR,Virement,Panama,True
TXN-007203,CLT-0005,2025-10-08 14:42:30,479.3,EUR,Dépôt,France,False
TXN-007204,CLT-0034,2026-04-01 14:42:30,4719.26,EUR,Dépôt,Russie,False
TXN-007205,CLT-0034,2026-04-25 14:42:30,44313.16,EUR,Dépôt,France,True
TXN-007206,CLT-0045,2025-12-19 14:42:30,2156.4,EUR,Virement international,France,False
TXN-007207,CLT-0037,2025-07-12 14:42:30,3959.85,EUR,Dépôt,Espagne,False
TXN-007208,CLT-0015,2025-07-24 14:42:30,66565.54,EUR,Retrait,Russie,True
TXN-007209,CLT-0063,2025-08-27 14:42:30,1278.91,EUR,Paiement carte,France,False
TXN-007210,CLT-0025,2025-08-06 14:42:30,24473.51,EUR,Paiement carte,Allemagne,True
TXN-007211,CLT-0040,2026-02-18 14:42:30,4655.23,EUR,Retrait,Russie,False
TXN-007212,CLT-0037,2025-09-07 14:42:30,22.13,EUR,Virement,Espagne,False
TXN-007213,CLT-0001,2025-12-26 14:42:30,4225.84,EUR,Retrait,Îles Caïmans,False
TXN-007214,CLT-0037,2026-02-05 14:42:30,959.77,EUR,Retrait,Panama,False
TXN-007215,CLT-0026,2025-08-01 14:42:30,1933.08,EUR,Retrait,Îles Caïmans,False
TXN-007216,CLT-0069,2026-01-27 14:42:30,4157.3,EUR,Dépôt,France,False
TXN-007217,CLT-0002,2026-04-06 14:42:30,1806.83,EUR,Virement international,Panama,False
TXN-007218,CLT-0047,2025-06-26 14:42:30,671.29,EUR,Retrait,Russie,False
TXN-007219,CLT-0065,2025-08-09 14:42:30,1845.28,EUR,Virement,Espagne,False
TXN-007220,CLT-0090,2026-02-14 14:42:30,2632.7,EUR,Virement,Russie,False
TXN-007221,CLT-0025,2025-10-25 14:42:30,368.39,EUR,Retrait,Espagne,False
TXN-007222,CLT-0080,2025-06-11 14:42:30,65764.44,EUR,Retrait,Russie,True
TXN-007223,CLT-0020,2026-01-06 14:42:30,535.55,EUR,Paiement carte,Russie,False
TXN-007224,CLT-0053,2026-02-23 14:42:30,1244.82,EUR,Retrait,Russie,False
TXN-007225,CLT-0038,2025-10-01 14:42:30,3607.8,EUR,Paiement carte,Panama,False
TXN-007226,CLT-0075,2026-03-11 14:42:30,3969.53,EUR,Dépôt,Îles Caïmans,False
TXN-007227,CLT-0059,2025-05-17 14:42:30,2237.28,EUR,Dépôt,France,False
TXN-007228,CLT-0079,2025-07-07 14:42:30,1454.75,EUR,Retrait,France,False
TXN-007229,CLT-0064,2025-06-21 14:42:30,2450.03,EUR,Retrait,Îles Caïmans,False
TXN-007230,CLT-0001,2025-07-08 14:42:30,1310.57,EUR,Dépôt,Allemagne,False
TXN-007231,CLT-0083,2025-10-01 14:42:30,2119.23,EUR,Virement international,Allemagne,False
TXN-007232,CLT-0051,2026-04-05 14:42:30,168.43,EUR,Virement,Allemagne,False
TXN-007233,CLT-0002,2025-07-12 14:42:30,2423.48,EUR,Dépôt,Allemagne,False
TXN-007234,CLT-0088,2025-08-03 14:42:30,4576.54,EUR,Virement international,Allemagne,False
TXN-007235,CLT-0086,2025-12-01 14:42:30,518.03,EUR,Virement,France,False
TXN-007236,CLT-0002,2025-08-10 14:42:30,43044.89,EUR,Retrait,Allemagne,True
TXN-007237,CLT-0077,2026-03-13 14:42:30,2693.35,EUR,Retrait,Panama,False
TXN-007238,CLT-0036,2025-11-13 14:42:30,369.09,EUR,Retrait,Russie,False
TXN-007239,CLT-0032,2025-09-07 14:42:30,480.29,EUR,Dépôt,France,False
TXN-007240,CLT-0003,2026-03-31 14:42:30,2903.21,EUR,Paiement carte,Îles Caïmans,False
TXN-007241,CLT-0031,2026-02-09 14:42:30,44560.8,EUR,Paiement carte,Panama,True
TXN-007242,CLT-0053,2026-03-02 14:42:30,42554.49,EUR,Retrait,France,True
TXN-007243,CLT-0082,2025-08-04 14:42:30,4760.02,EUR,Virement international,France,False
TXN-007244,CLT-0014,2025-11-22 14:42:30,88355.95,EUR,Virement international,France,True
TXN-007245,CLT-0013,2025-06-19 14:42:30,4469.85,EUR,Retrait,Panama,False
TXN-007246,CLT-0008,2026-04-10 14:42:30,44175.57,EUR,Virement international,Espagne,True
TXN-007247,CLT-0079,2025-09-10 14:42:30,36107.8,EUR,Virement international,Russie,True
TXN-007248,CLT-0091,2026-03-05 14:42:30,98.13,EUR,Virement international,France,False
TXN-007249,CLT-0083,2025-09-11 14:42:30,94898.4,EUR,Dépôt,France,True
TXN-007250,CLT-0054,2025-10-23 14:42:30,2119.03,EUR,Dépôt,France,False
TXN-007251,CLT-0012,2025-08-04 14:42:30,1079.97,EUR,Paiement carte,France,False
TXN-007252,CLT-0061,2026-01-18 14:42:30,11651.58,EUR,Retrait,France,True
TXN-007253,CLT-0036,2026-04-01 14:42:30,4868.57,EUR,Retrait,France,False
TXN-007254,CLT-0004,2026-02-23 14:42:30,59.96,EUR,Virement,Panama,False
TXN-007255,CLT-0023,2025-10-25 14:42:30,3697.27,EUR,Paiement carte,France,False
TXN-007256,CLT-0037,2025-06-14 14:42:30,3166.13,EUR,Paiement carte,Espagne,False
TXN-007257,CLT-0058,2025-06-13 14:42:30,1638.57,EUR,Virement international,France,False
TXN-007258,CLT-0069,2026-01-17 14:42:30,22636.73,EUR,Virement,Panama,True
TXN-007259,CLT-0023,2026-01-27 14:42:30,771.85,EUR,Retrait,Russie,False
TXN-007260,CLT-0033,2025-11-27 14:42:30,881.52,EUR,Virement,France,False
TXN-007261,CLT-0032,2025-06-01 14:42:30,3357.13,EUR,Virement international,Espagne,False
TXN-007262,CLT-0031,2025-12-15 14:42:30,4417.84,EUR,Virement,Îles Caïmans,False
TXN-007263,CLT-0059,2025-12-27 14:42:30,1811.43,EUR,Virement international,France,False
TXN-007264,CLT-0023,2025-07-24 14:42:30,78817.2,EUR,Dépôt,Îles Caïmans,True
TXN-007265,CLT-0067,2025-07-11 14:42:30,2061.34,EUR,Retrait,Russie,False
TXN-007266,CLT-0084,2025-06-21 14:42:30,1803.78,EUR,Dépôt,France,False
TXN-007267,CLT-0032,2025-08-08 14:42:30,4591.39,EUR,Virement international,Russie,False
TXN-007268,CLT-0096,2025-08-31 14:42:30,77.92,EUR,Paiement carte,France,False
TXN-007269,CLT-0015,2026-02-06 14:42:30,280.52,EUR,Paiement carte,France,False
TXN-007270,CLT-0099,2026-01-17 14:42:30,84456.79,EUR,Dépôt,France,True
TXN-007271,CLT-0097,2026-03-18 14:42:30,1055.29,EUR,Dépôt,Îles Caïmans,False
TXN-007272,CLT-0007,2026-03-15 14:42:30,1330.56,EUR,Virement,Espagne,False
TXN-007273,CLT-0087,2025-07-01 14:42:30,462.27,EUR,Retrait,Allemagne,False
TXN-007274,CLT-0022,2025-10-03 14:42:30,45.6,EUR,Retrait,Îles Caïmans,False
TXN-007275,CLT-0050,2026-04-04 14:42:30,57333.08,EUR,Dépôt,France,True
TXN-007276,CLT-0030,2026-01-17 14:42:30,1999.05,EUR,Virement,Îles Caïmans,False
TXN-007277,CLT-0020,2025-08-05 14:42:30,12566.18,EUR,Retrait,France,True
TXN-007278,CLT-0058,2025-05-25 14:42:30,49356.21,EUR,Virement,Espagne,True
TXN-007279,CLT-0006,2026-01-05 14:42:30,4606.99,EUR,Dépôt,France,False
TXN-007280,CLT-0004,2025-11-09 14:42:30,3187.83,EUR,Virement international,France,False
TXN-007281,CLT-0097,2026-05-11 14:42:30,3551.66,EUR,Dépôt,Îles Caïmans,False
TXN-007282,CLT-0082,2026-01-14 14:42:30,3991.64,EUR,Dépôt,France,False
TXN-007283,CLT-0077,2025-11-08 14:42:30,4988.75,EUR,Dépôt,France,False
TXN-007284,CLT-0024,2025-11-09 14:42:30,2166.67,EUR,Dépôt,France,False
TXN-007285,CLT-0091,2026-02-26 14:42:30,4726.71,EUR,Retrait,Îles Caïmans,False
TXN-007286,CLT-0054,2025-10-22 14:42:30,498.1,EUR,Dépôt,Îles Caïmans,False
TXN-007287,CLT-0025,2026-02-17 14:42:30,33652.19,EUR,Dépôt,Russie,True
TXN-007288,CLT-0039,2025-06-07 14:42:30,1444.87,EUR,Virement international,France,False
TXN-007289,CLT-0025,2025-11-22 14:42:30,436.4,EUR,Retrait,France,False
TXN-007290,CLT-0080,2025-06-28 14:42:30,4320.08,EUR,Paiement carte,Panama,False
TXN-007291,CLT-0068,2025-12-03 14:42:30,4925.3,EUR,Paiement carte,France,False
TXN-007292,CLT-0013,2026-01-06 14:42:30,3646.19,EUR,Paiement carte,France,False
TXN-007293,CLT-0009,2026-03-27 14:42:30,4785.93,EUR,Dépôt,France,False
TXN-007294,CLT-0090,2025-12-15 14:42:30,588.89,EUR,Virement international,Espagne,False
TXN-007295,CLT-0057,2025-10-12 14:42:30,4435.31,EUR,Retrait,France,False
TXN-007296,CLT-0010,2025-09-28 14:42:30,4676.81,EUR,Paiement carte,Espagne,False
TXN-007297,CLT-0088,2026-05-13 14:42:30,85547.91,EUR,Paiement carte,Îles Caïmans,True
TXN-007298,CLT-0084,2025-12-02 14:42:30,1558.22,EUR,Virement,Panama,False
TXN-007299,CLT-0033,2026-02-04 14:42:30,4073.81,EUR,Virement,France,False
TXN-007300,CLT-0052,2025-09-03 14:42:30,3977.28,EUR,Virement,Russie,False
TXN-007301,CLT-0005,2025-06-15 14:42:30,17071.13,EUR,Virement,France,True
TXN-007302,CLT-0029,2025-08-14 14:42:30,2265.15,EUR,Virement,France,False
TXN-007303,CLT-0041,2026-01-08 14:42:30,157.77,EUR,Paiement carte,Îles Caïmans,False
TXN-007304,CLT-0002,2026-01-01 14:42:30,4194.52,EUR,Virement,France,False
TXN-007305,CLT-0095,2025-06-15 14:42:30,3331.86,EUR,Dépôt,Espagne,False
TXN-007306,CLT-0091,2026-04-14 14:42:30,3907.92,EUR,Paiement carte,France,False
TXN-007307,CLT-0036,2025-10-10 14:42:30,384.85,EUR,Retrait,Espagne,False
TXN-007308,CLT-0091,2025-06-09 14:42:30,870.91,EUR,Virement,France,False
TXN-007309,CLT-0038,2025-12-02 14:42:30,4992.84,EUR,Paiement carte,Îles Caïmans,False
TXN-007310,CLT-0019,2025-08-16 14:42:30,87132.91,EUR,Retrait,Allemagne,True
TXN-007311,CLT-0038,2025-10-08 14:42:30,321.61,EUR,Retrait,France,False
TXN-007312,CLT-0034,2025-08-25 14:42:30,2119.42,EUR,Paiement carte,France,False
TXN-007313,CLT-0045,2025-07-12 14:42:30,4035.4,EUR,Virement,Panama,False
TXN-007314,CLT-0055,2025-05-26 14:42:30,1197.95,EUR,Paiement carte,Panama,False
TXN-007315,CLT-0037,2025-09-02 14:42:30,81558.61,EUR,Paiement carte,Espagne,True
TXN-007316,CLT-0013,2026-01-14 14:42:30,3808.64,EUR,Paiement carte,Espagne,False
TXN-007317,CLT-0005,2025-10-05 14:42:30,1579.22,EUR,Dépôt,Espagne,False
TXN-007318,CLT-0061,2026-01-24 14:42:30,68119.64,EUR,Virement,Allemagne,True
TXN-007319,CLT-0096,2025-10-08 14:42:30,1460.1,EUR,Retrait,France,False
TXN-007320,CLT-0070,2025-09-01 14:42:30,69.29,EUR,Virement international,France,False
TXN-007321,CLT-0088,2025-07-22 14:42:30,2682.29,EUR,Dépôt,Russie,False
TXN-007322,CLT-0099,2025-08-01 14:42:30,277.03,EUR,Virement international,Allemagne,False
TXN-007323,CLT-0087,2025-05-22 14:42:30,1378.7,EUR,Dépôt,Espagne,False
TXN-007324,CLT-0031,2025-08-31 14:42:30,2447.38,EUR,Retrait,Espagne,False
TXN-007325,CLT-0084,2025-06-12 14:42:30,1861.89,EUR,Virement international,Russie,False
TXN-007326,CLT-0005,2025-09-11 14:42:30,3797.69,EUR,Virement,Îles Caïmans,False
TXN-007327,CLT-0031,2025-11-09 14:42:30,1807.65,EUR,Virement,Russie,False
TXN-007328,CLT-0001,2026-01-03 14:42:30,1605.65,EUR,Virement international,Allemagne,False
TXN-007329,CLT-0067,2026-03-15 14:42:30,422.21,EUR,Dépôt,Îles Caïmans,False
TXN-007330,CLT-0083,2025-12-27 14:42:30,3485.69,EUR,Virement,Panama,False
TXN-007331,CLT-0046,2025-06-11 14:42:30,116.02,EUR,Virement,Panama,False
TXN-007332,CLT-0009,2025-08-29 14:42:30,2856.88,EUR,Virement international,Espagne,False
TXN-007333,CLT-0065,2025-10-22 14:42:30,775.06,EUR,Virement,Îles Caïmans,False
TXN-007334,CLT-0078,2025-07-07 14:42:30,3707.64,EUR,Retrait,Espagne,False
TXN-007335,CLT-0012,2026-03-26 14:42:30,89772.0,EUR,Virement international,Panama,True
TXN-007336,CLT-0093,2025-05-25 14:42:30,185.82,EUR,Paiement carte,France,False
TXN-007337,CLT-0004,2025-07-04 14:42:30,2568.87,EUR,Virement international,France,False
TXN-007338,CLT-0098,2026-03-29 14:42:30,3997.31,EUR,Virement,France,False
TXN-007339,CLT-0075,2025-09-20 14:42:30,4110.18,EUR,Dépôt,France,False
TXN-007340,CLT-0027,2026-02-20 14:42:30,751.12,EUR,Retrait,France,False
TXN-007341,CLT-0018,2025-08-31 14:42:30,1956.97,EUR,Dépôt,France,False
TXN-007342,CLT-0067,2026-01-24 14:42:30,3545.13,EUR,Dépôt,Îles Caïmans,False
TXN-007343,CLT-0090,2025-09-20 14:42:30,23213.09,EUR,Virement,Espagne,True
TXN-007344,CLT-0064,2026-02-13 14:42:30,32296.36,EUR,Paiement carte,Allemagne,True
TXN-007345,CLT-0030,2025-09-04 14:42:30,35452.71,EUR,Paiement carte,Espagne,True
TXN-007346,CLT-0040,2025-06-01 14:42:30,3923.95,EUR,Retrait,France,False
TXN-007347,CLT-0077,2025-10-01 14:42:30,933.83,EUR,Retrait,Russie,False
TXN-007348,CLT-0059,2025-08-26 14:42:30,1854.38,EUR,Virement,Espagne,False
TXN-007349,CLT-0043,2025-06-08 14:42:30,12386.04,EUR,Virement international,France,True
TXN-007350,CLT-0029,2025-11-26 14:42:30,4236.11,EUR,Virement,Panama,False
TXN-007351,CLT-0071,2025-05-28 14:42:30,4243.45,EUR,Paiement carte,Russie,False
TXN-007352,CLT-0029,2025-07-07 14:42:30,4839.12,EUR,Paiement carte,Espagne,False
TXN-007353,CLT-0059,2026-01-26 14:42:30,918.85,EUR,Virement international,Panama,False
TXN-007354,CLT-0013,2025-06-27 14:42:30,1120.41,EUR,Paiement carte,France,False
TXN-007355,CLT-0042,2026-01-11 14:42:30,20927.17,EUR,Virement,France,True
TXN-007356,CLT-0084,2026-01-11 14:42:30,3186.84,EUR,Retrait,France,False
TXN-007357,CLT-0048,2026-02-06 14:42:30,49361.89,EUR,Virement,France,True
TXN-007358,CLT-0036,2025-07-22 14:42:30,2030.98,EUR,Virement international,Espagne,False
TXN-007359,CLT-0028,2026-02-15 14:42:30,4385.52,EUR,Retrait,France,False
TXN-007360,CLT-0072,2026-04-26 14:42:30,4281.95,EUR,Paiement carte,Allemagne,False
TXN-007361,CLT-0061,2025-05-18 14:42:30,1615.55,EUR,Virement,Espagne,False
TXN-007362,CLT-0032,2026-03-21 14:42:30,4156.52,EUR,Paiement carte,France,False
TXN-007363,CLT-0057,2025-07-30 14:42:30,4874.98,EUR,Virement international,Allemagne,False
TXN-007364,CLT-0015,2026-01-18 14:42:30,855.59,EUR,Paiement carte,France,False
TXN-007365,CLT-0001,2025-08-22 14:42:30,64506.7,EUR,Virement international,Allemagne,True
TXN-007366,CLT-0030,2025-06-28 14:42:30,1868.16,EUR,Virement,Russie,False
TXN-007367,CLT-0077,2025-05-13 14:42:30,1514.96,EUR,Virement international,Allemagne,False
TXN-007368,CLT-0036,2025-06-21 14:42:30,994.74,EUR,Paiement carte,Allemagne,False
TXN-007369,CLT-0058,2026-01-27 14:42:30,487.63,EUR,Virement,Espagne,False
TXN-007370,CLT-0047,2025-12-08 14:42:30,1984.49,EUR,Dépôt,Espagne,False
TXN-007371,CLT-0002,2026-05-06 14:42:30,82500.0,EUR,Dépôt,Allemagne,True
TXN-007372,CLT-0067,2025-08-27 14:42:30,1616.33,EUR,Retrait,Allemagne,False
TXN-007373,CLT-0086,2026-03-23 14:42:30,2763.33,EUR,Virement,France,False
TXN-007374,CLT-0084,2025-07-28 14:42:30,4057.52,EUR,Retrait,Panama,False
TXN-007375,CLT-0036,2025-08-13 14:42:30,88951.77,EUR,Paiement carte,Russie,True
TXN-007376,CLT-0044,2026-02-18 14:42:30,2771.13,EUR,Virement international,Russie,False
TXN-007377,CLT-0048,2026-04-08 14:42:30,1103.72,EUR,Paiement carte,Espagne,False
TXN-007378,CLT-0028,2026-01-13 14:42:30,84929.91,EUR,Virement,Russie,True
TXN-007379,CLT-0088,2025-10-12 14:42:30,1912.81,EUR,Paiement carte,France,False
TXN-007380,CLT-0028,2025-10-20 14:42:30,3315.88,EUR,Retrait,France,False
TXN-007381,CLT-0092,2026-04-08 14:42:30,76622.74,EUR,Paiement carte,France,True
TXN-007382,CLT-0043,2025-07-15 14:42:30,4946.15,EUR,Dépôt,Allemagne,False
TXN-007383,CLT-0093,2026-01-28 14:42:30,29306.55,EUR,Virement,Allemagne,True
TXN-007384,CLT-0064,2025-09-06 14:42:30,294.79,EUR,Virement international,France,False
TXN-007385,CLT-0063,2026-01-23 14:42:30,52.02,EUR,Virement international,Allemagne,False
TXN-007386,CLT-0075,2025-08-11 14:42:30,16484.47,EUR,Retrait,France,True
TXN-007387,CLT-0067,2025-11-05 14:42:30,1441.11,EUR,Retrait,France,False
TXN-007388,CLT-0024,2025-10-25 14:42:30,4034.19,EUR,Dépôt,Russie,False
TXN-007389,CLT-0056,2025-12-12 14:42:30,1499.86,EUR,Virement international,Espagne,False
TXN-007390,CLT-0042,2025-11-10 14:42:30,1226.73,EUR,Virement,Îles Caïmans,False
TXN-007391,CLT-0085,2025-07-23 14:42:30,4174.05,EUR,Virement international,France,False
TXN-007392,CLT-0057,2025-10-29 14:42:30,4456.62,EUR,Virement international,France,False
TXN-007393,CLT-0096,2026-02-21 14:42:30,78856.71,EUR,Virement,Panama,True
TXN-007394,CLT-0003,2025-07-08 14:42:30,4065.39,EUR,Retrait,Panama,False
TXN-007395,CLT-0069,2026-05-08 14:42:30,3511.57,EUR,Virement,Îles Caïmans,False
TXN-007396,CLT-0036,2025-12-30 14:42:30,4005.65,EUR,Dépôt,Îles Caïmans,False
TXN-007397,CLT-0093,2025-05-22 14:42:30,3523.18,EUR,Virement international,France,False
TXN-007398,CLT-0024,2025-12-14 14:42:30,2241.84,EUR,Virement,Panama,False
TXN-007399,CLT-0047,2025-06-22 14:42:30,4633.47,EUR,Virement,Panama,False
TXN-007400,CLT-0062,2025-10-11 14:42:30,3333.25,EUR,Dépôt,France,False
TXN-007401,CLT-0094,2026-03-15 14:42:30,879.7,EUR,Paiement carte,Russie,False
TXN-007402,CLT-0087,2025-07-12 14:42:30,3011.08,EUR,Retrait,France,False
TXN-007403,CLT-0033,2026-01-19 14:42:30,129.94,EUR,Virement,Espagne,False
TXN-007404,CLT-0069,2025-06-25 14:42:30,1752.08,EUR,Virement,Îles Caïmans,False
TXN-007405,CLT-0033,2026-04-07 14:42:30,105.33,EUR,Dépôt,Îles Caïmans,False
TXN-007406,CLT-0007,2026-05-11 14:42:30,2600.54,EUR,Virement,France,False
TXN-007407,CLT-0092,2025-12-15 14:42:30,196.68,EUR,Paiement carte,Espagne,False
TXN-007408,CLT-0050,2025-09-19 14:42:30,1267.08,EUR,Virement international,Allemagne,False
TXN-007409,CLT-0045,2025-09-30 14:42:30,4839.17,EUR,Retrait,Panama,False
TXN-007410,CLT-0075,2025-08-04 14:42:30,1417.45,EUR,Virement international,France,False
TXN-007411,CLT-0041,2026-03-06 14:42:30,1987.61,EUR,Paiement carte,Îles Caïmans,False
TXN-007412,CLT-0006,2025-08-15 14:42:30,92058.47,EUR,Paiement carte,Panama,True
TXN-007413,CLT-0015,2025-08-27 14:42:30,454.99,EUR,Retrait,France,False
TXN-007414,CLT-0088,2026-02-12 14:42:30,1926.44,EUR,Dépôt,France,False
TXN-007415,CLT-0043,2025-07-28 14:42:30,596.33,EUR,Virement international,France,False
TXN-007416,CLT-0057,2026-05-02 14:42:30,553.16,EUR,Virement,Russie,False
TXN-007417,CLT-0036,2025-05-28 14:42:30,3163.45,EUR,Paiement carte,Russie,False
TXN-007418,CLT-0050,2025-06-09 14:42:30,4853.48,EUR,Retrait,France,False
TXN-007419,CLT-0100,2026-01-16 14:42:30,3457.0,EUR,Retrait,Allemagne,False
TXN-007420,CLT-0008,2025-09-14 14:42:30,47895.29,EUR,Retrait,Panama,True
TXN-007421,CLT-0066,2025-10-14 14:42:30,1885.01,EUR,Dépôt,Espagne,False
TXN-007422,CLT-0047,2025-12-20 14:42:30,2972.63,EUR,Virement international,France,False
TXN-007423,CLT-0070,2025-06-07 14:42:30,1548.47,EUR,Retrait,France,False
TXN-007424,CLT-0031,2026-03-29 14:42:30,3865.5,EUR,Paiement carte,France,False
TXN-007425,CLT-0036,2025-05-30 14:42:30,3731.94,EUR,Paiement carte,France,False
TXN-007426,CLT-0074,2025-11-28 14:42:30,2293.22,EUR,Virement,Espagne,False
TXN-007427,CLT-0074,2025-08-15 14:42:30,1503.69,EUR,Dépôt,France,False
TXN-007428,CLT-0050,2025-12-06 14:42:30,2876.42,EUR,Dépôt,Espagne,False
TXN-007429,CLT-0020,2025-07-21 14:42:30,1180.79,EUR,Dépôt,Russie,False
TXN-007430,CLT-0097,2025-09-11 14:42:30,3223.66,EUR,Retrait,Russie,False
TXN-007431,CLT-0054,2025-09-11 14:42:30,3196.61,EUR,Dépôt,Russie,False
TXN-007432,CLT-0042,2026-04-20 14:42:30,2269.29,EUR,Retrait,Espagne,False
TXN-007433,CLT-0013,2025-07-29 14:42:30,1759.55,EUR,Virement international,Russie,False
TXN-007434,CLT-0074,2025-08-11 14:42:30,19031.31,EUR,Paiement carte,Espagne,True
TXN-007435,CLT-0055,2025-10-04 14:42:30,4035.59,EUR,Paiement carte,France,False
TXN-007436,CLT-0077,2026-03-13 14:42:30,417.25,EUR,Retrait,Panama,False
TXN-007437,CLT-0044,2026-03-10 14:42:30,4194.63,EUR,Virement international,Allemagne,False
TXN-007438,CLT-0064,2025-07-21 14:42:30,45864.87,EUR,Virement,Panama,True
TXN-007439,CLT-0074,2025-12-01 14:42:30,4288.19,EUR,Virement,France,False
TXN-007440,CLT-0094,2025-10-02 14:42:30,4230.12,EUR,Retrait,Îles Caïmans,False
TXN-007441,CLT-0058,2025-12-22 14:42:30,3311.25,EUR,Paiement carte,Russie,False
TXN-007442,CLT-0005,2025-12-25 14:42:30,4971.85,EUR,Dépôt,Russie,False
TXN-007443,CLT-0018,2026-04-15 14:42:30,2345.67,EUR,Dépôt,France,False
TXN-007444,CLT-0033,2025-12-20 14:42:30,1806.28,EUR,Virement international,Espagne,False
TXN-007445,CLT-0089,2025-06-30 14:42:30,80272.97,EUR,Virement international,Panama,True
TXN-007446,CLT-0050,2025-11-05 14:42:30,1625.61,EUR,Retrait,Russie,False
TXN-007447,CLT-0035,2025-08-05 14:42:30,4533.2,EUR,Dépôt,Panama,False
TXN-007448,CLT-0061,2025-06-12 14:42:30,3550.5,EUR,Paiement carte,Îles Caïmans,False
TXN-007449,CLT-0035,2025-05-25 14:42:30,4142.1,EUR,Retrait,France,False
TXN-007450,CLT-0073,2026-04-30 14:42:30,4914.39,EUR,Dépôt,Allemagne,False
TXN-007451,CLT-0061,2026-02-20 14:42:30,3432.27,EUR,Paiement carte,France,False
TXN-007452,CLT-0061,2026-03-01 14:42:30,3536.81,EUR,Paiement carte,Panama,False
TXN-007453,CLT-0008,2025-09-01 14:42:30,4404.86,EUR,Virement international,Espagne,False
TXN-007454,CLT-0055,2025-06-17 14:42:30,4318.12,EUR,Paiement carte,France,False
TXN-007455,CLT-0070,2025-07-05 14:42:30,4626.37,EUR,Virement,France,False
TXN-007456,CLT-0034,2025-12-08 14:42:30,2181.54,EUR,Virement international,France,False
TXN-007457,CLT-0026,2025-12-18 14:42:30,3853.67,EUR,Dépôt,France,False
TXN-007458,CLT-0014,2025-10-22 14:42:30,49929.3,EUR,Paiement carte,Panama,True
TXN-007459,CLT-0088,2025-09-16 14:42:30,2483.69,EUR,Virement international,Espagne,False
TXN-007460,CLT-0037,2025-10-10 14:42:30,50714.61,EUR,Virement international,France,True
TXN-007461,CLT-0055,2025-05-30 14:42:30,1954.06,EUR,Virement international,Panama,False
TXN-007462,CLT-0023,2025-09-14 14:42:30,80762.86,EUR,Dépôt,France,True
TXN-007463,CLT-0010,2025-07-07 14:42:30,504.55,EUR,Dépôt,Îles Caïmans,False
TXN-007464,CLT-0080,2025-09-10 14:42:30,2655.51,EUR,Virement international,France,False
TXN-007465,CLT-0003,2026-04-20 14:42:30,2396.46,EUR,Virement international,France,False
TXN-007466,CLT-0095,2025-12-07 14:42:30,3773.53,EUR,Virement international,France,False
TXN-007467,CLT-0039,2025-09-10 14:42:30,90383.94,EUR,Retrait,France,True
TXN-007468,CLT-0098,2026-02-13 14:42:30,2166.66,EUR,Dépôt,Espagne,False
TXN-007469,CLT-0049,2025-05-22 14:42:30,8328.93,EUR,Virement international,Panama,True
TXN-007470,CLT-0083,2026-03-14 14:42:30,3069.73,EUR,Retrait,Espagne,False
TXN-007471,CLT-0009,2026-01-07 14:42:30,1321.58,EUR,Virement,France,False
TXN-007472,CLT-0034,2026-03-26 14:42:30,4967.55,EUR,Paiement carte,Panama,False
TXN-007473,CLT-0084,2026-04-01 14:42:30,488.48,EUR,Retrait,France,False
TXN-007474,CLT-0096,2025-07-29 14:42:30,4133.73,EUR,Virement,Panama,False
TXN-007475,CLT-0088,2025-10-04 14:42:30,1930.01,EUR,Paiement carte,Espagne,False
TXN-007476,CLT-0025,2025-12-16 14:42:30,2874.05,EUR,Virement international,Allemagne,False
TXN-007477,CLT-0096,2025-06-01 14:42:30,1792.66,EUR,Dépôt,France,False
TXN-007478,CLT-0061,2026-01-09 14:42:30,1506.55,EUR,Paiement carte,Allemagne,False
TXN-007479,CLT-0007,2025-11-28 14:42:30,2753.97,EUR,Retrait,France,False
TXN-007480,CLT-0061,2025-09-26 14:42:30,3657.84,EUR,Retrait,France,False
TXN-007481,CLT-0052,2026-04-05 14:42:30,2881.52,EUR,Retrait,Panama,False
TXN-007482,CLT-0026,2025-11-14 14:42:30,81204.82,EUR,Retrait,Îles Caïmans,True
TXN-007483,CLT-0084,2025-12-22 14:42:30,3035.56,EUR,Dépôt,Allemagne,False
TXN-007484,CLT-0092,2025-08-01 14:42:30,726.48,EUR,Paiement carte,Russie,False
TXN-007485,CLT-0086,2025-08-25 14:42:30,1210.56,EUR,Virement international,Espagne,False
TXN-007486,CLT-0068,2026-02-15 14:42:30,405.5,EUR,Paiement carte,Russie,False
TXN-007487,CLT-0064,2026-01-02 14:42:30,2443.09,EUR,Virement international,Îles Caïmans,False
TXN-007488,CLT-0003,2025-12-14 14:42:30,426.49,EUR,Paiement carte,Îles Caïmans,False
TXN-007489,CLT-0077,2026-02-18 14:42:30,4286.08,EUR,Paiement carte,Îles Caïmans,False
TXN-007490,CLT-0013,2025-12-20 14:42:30,4175.9,EUR,Dépôt,Russie,False
TXN-007491,CLT-0019,2026-04-18 14:42:30,3331.94,EUR,Virement,Espagne,False
TXN-007492,CLT-0059,2026-05-09 14:42:30,14741.89,EUR,Virement,France,True
TXN-007493,CLT-0032,2025-12-21 14:42:30,75476.48,EUR,Retrait,Russie,True
TXN-007494,CLT-0047,2025-10-09 14:42:30,88553.1,EUR,Paiement carte,France,True
TXN-007495,CLT-0041,2025-11-11 14:42:30,1984.33,EUR,Virement,France,False
TXN-007496,CLT-0085,2026-04-11 14:42:30,1856.46,EUR,Virement,France,False
TXN-007497,CLT-0039,2025-08-25 14:42:30,3599.19,EUR,Dépôt,Îles Caïmans,False
TXN-007498,CLT-0029,2026-03-28 14:42:30,1133.99,EUR,Paiement carte,France,False
TXN-007499,CLT-0086,2026-04-10 14:42:30,3622.26,EUR,Paiement carte,Espagne,False
TXN-007500,CLT-0047,2025-09-25 14:42:30,470.45,EUR,Paiement carte,France,False
TXN-007501,CLT-0024,2026-05-10 14:42:30,4994.64,EUR,Virement,Russie,False
TXN-007502,CLT-0062,2025-07-13 14:42:30,1073.24,EUR,Virement,France,False
TXN-007503,CLT-0085,2026-03-24 14:42:30,4375.01,EUR,Dépôt,France,False
TXN-007504,CLT-0079,2025-08-04 14:42:30,392.98,EUR,Retrait,France,False
TXN-007505,CLT-0002,2025-12-31 14:42:30,3389.56,EUR,Virement,Îles Caïmans,False
TXN-007506,CLT-0035,2025-11-23 14:42:30,53606.98,EUR,Virement international,Îles Caïmans,True
TXN-007507,CLT-0041,2025-06-15 14:42:30,274.48,EUR,Virement,Espagne,False
TXN-007508,CLT-0036,2026-04-22 14:42:30,2717.0,EUR,Paiement carte,France,False
TXN-007509,CLT-0005,2026-04-28 14:42:30,56468.79,EUR,Dépôt,Panama,True
TXN-007510,CLT-0009,2026-01-09 14:42:30,85794.1,EUR,Virement,Panama,True
TXN-007511,CLT-0053,2025-06-26 14:42:30,4557.45,EUR,Virement,France,False
TXN-007512,CLT-0090,2026-02-05 14:42:30,3006.12,EUR,Dépôt,Russie,False
TXN-007513,CLT-0007,2025-10-12 14:42:30,3038.69,EUR,Dépôt,Espagne,False
TXN-007514,CLT-0049,2025-11-24 14:42:30,4214.97,EUR,Retrait,Panama,False
TXN-007515,CLT-0022,2025-12-25 14:42:30,51.07,EUR,Retrait,Espagne,False
TXN-007516,CLT-0050,2026-04-14 14:42:30,1312.09,EUR,Virement international,Espagne,False
TXN-007517,CLT-0097,2025-10-13 14:42:30,3464.32,EUR,Virement,Russie,False
TXN-007518,CLT-0095,2026-03-20 14:42:30,1296.68,EUR,Virement international,France,False
TXN-007519,CLT-0039,2026-03-15 14:42:30,2500.0,EUR,Virement international,France,False
TXN-007520,CLT-0003,2025-08-02 14:42:30,1851.78,EUR,Virement,Russie,False
TXN-007521,CLT-0063,2025-11-13 14:42:30,4315.42,EUR,Virement,France,False
TXN-007522,CLT-0042,2025-10-30 14:42:30,3692.7,EUR,Virement,Espagne,False
TXN-007523,CLT-0036,2025-12-11 14:42:30,1455.56,EUR,Retrait,Espagne,False
TXN-007524,CLT-0081,2025-09-03 14:42:30,3746.11,EUR,Virement,France,False
TXN-007525,CLT-0043,2026-04-10 14:42:30,4241.76,EUR,Virement,Allemagne,False
TXN-007526,CLT-0099,2025-10-13 14:42:30,2563.87,EUR,Retrait,Îles Caïmans,False
TXN-007527,CLT-0006,2025-09-28 14:42:30,4390.05,EUR,Dépôt,France,False
TXN-007528,CLT-0086,2025-07-29 14:42:30,2060.79,EUR,Virement international,France,False
TXN-007529,CLT-0057,2026-05-11 14:42:30,4371.75,EUR,Paiement carte,France,False
TXN-007530,CLT-0069,2025-10-06 14:42:30,62.94,EUR,Virement,Espagne,False
TXN-007531,CLT-0020,2025-09-14 14:42:30,1806.14,EUR,Retrait,Russie,False
TXN-007532,CLT-0007,2025-05-29 14:42:30,3688.62,EUR,Dépôt,Espagne,False
TXN-007533,CLT-0042,2026-04-01 14:42:30,47932.12,EUR,Virement,France,True
TXN-007534,CLT-0089,2026-04-02 14:42:30,2167.77,EUR,Paiement carte,Panama,False
TXN-007535,CLT-0001,2025-08-12 14:42:30,563.3,EUR,Virement,Russie,False
TXN-007536,CLT-0065,2026-02-11 14:42:30,2772.45,EUR,Dépôt,Panama,False
TXN-007537,CLT-0081,2025-08-15 14:42:30,2189.64,EUR,Paiement carte,Russie,False
TXN-007538,CLT-0063,2025-10-06 14:42:30,238.25,EUR,Retrait,France,False
TXN-007539,CLT-0071,2026-02-12 14:42:30,805.02,EUR,Retrait,Espagne,False
TXN-007540,CLT-0002,2026-01-28 14:42:30,595.43,EUR,Virement international,France,False
TXN-007541,CLT-0096,2026-02-12 14:42:30,21784.31,EUR,Dépôt,Russie,True
TXN-007542,CLT-0036,2025-09-18 14:42:30,989.43,EUR,Virement,France,False
TXN-007543,CLT-0076,2025-11-18 14:42:30,3854.1,EUR,Virement international,Espagne,False
TXN-007544,CLT-0099,2025-06-26 14:42:30,3443.49,EUR,Paiement carte,France,False
TXN-007545,CLT-0044,2026-02-18 14:42:30,66392.05,EUR,Paiement carte,France,True
TXN-007546,CLT-0096,2026-03-25 14:42:30,26807.53,EUR,Virement,France,True
TXN-007547,CLT-0005,2025-06-11 14:42:30,50707.36,EUR,Virement,Îles Caïmans,True
TXN-007548,CLT-0095,2026-04-19 14:42:30,850.33,EUR,Paiement carte,Allemagne,False
TXN-007549,CLT-0044,2025-11-04 14:42:30,1140.16,EUR,Virement international,Panama,False
TXN-007550,CLT-0016,2025-12-02 14:42:30,3117.51,EUR,Paiement carte,Russie,False
TXN-007551,CLT-0091,2025-10-02 14:42:30,3768.85,EUR,Paiement carte,France,False
TXN-007552,CLT-0070,2025-11-17 14:42:30,2035.29,EUR,Paiement carte,Allemagne,False
TXN-007553,CLT-0100,2026-03-07 14:42:30,4934.51,EUR,Dépôt,Allemagne,False
TXN-007554,CLT-0025,2025-09-06 14:42:30,1884.83,EUR,Retrait,France,False
TXN-007555,CLT-0047,2025-12-23 14:42:30,897.17,EUR,Virement,France,False
TXN-007556,CLT-0057,2025-07-04 14:42:30,1348.48,EUR,Virement international,Russie,False
TXN-007557,CLT-0072,2025-06-15 14:42:30,4113.56,EUR,Paiement carte,France,False
TXN-007558,CLT-0082,2026-01-31 14:42:30,2683.73,EUR,Dépôt,France,False
TXN-007559,CLT-0001,2025-06-20 14:42:30,4911.38,EUR,Paiement carte,Îles Caïmans,False
TXN-007560,CLT-0031,2025-12-17 14:42:30,1471.44,EUR,Virement international,Allemagne,False
TXN-007561,CLT-0056,2025-12-23 14:42:30,3784.77,EUR,Virement,Allemagne,False
TXN-007562,CLT-0092,2025-06-15 14:42:30,1572.77,EUR,Paiement carte,France,False
TXN-007563,CLT-0064,2025-06-26 14:42:30,3050.01,EUR,Virement,Îles Caïmans,False
TXN-007564,CLT-0032,2025-05-29 14:42:30,4312.39,EUR,Paiement carte,Panama,False
TXN-007565,CLT-0060,2025-12-20 14:42:30,36.52,EUR,Virement international,France,False
TXN-007566,CLT-0032,2025-08-03 14:42:30,4736.59,EUR,Virement,Espagne,False
TXN-007567,CLT-0068,2025-06-12 14:42:30,641.18,EUR,Virement international,France,False
TXN-007568,CLT-0048,2025-12-30 14:42:30,2282.67,EUR,Virement,Allemagne,False
TXN-007569,CLT-0042,2026-04-19 14:42:30,90132.35,EUR,Virement,France,True
TXN-007570,CLT-0063,2025-11-27 14:42:30,2731.64,EUR,Dépôt,Espagne,False
TXN-007571,CLT-0100,2025-08-26 14:42:30,4515.49,EUR,Virement,Espagne,False
TXN-007572,CLT-0021,2025-10-30 14:42:30,1544.21,EUR,Virement international,France,False
TXN-007573,CLT-0021,2025-09-28 14:42:30,3922.44,EUR,Dépôt,Panama,False
TXN-007574,CLT-0018,2025-05-23 14:42:30,75.61,EUR,Virement international,Panama,False
TXN-007575,CLT-0015,2026-04-15 14:42:30,81272.42,EUR,Retrait,Panama,True
TXN-007576,CLT-0057,2026-03-27 14:42:30,2345.89,EUR,Virement international,Russie,False
TXN-007577,CLT-0002,2025-11-18 14:42:30,4901.68,EUR,Dépôt,France,False
TXN-007578,CLT-0016,2025-05-24 14:42:30,4328.61,EUR,Virement international,Espagne,False
TXN-007579,CLT-0038,2026-03-27 14:42:30,10132.62,EUR,Virement,France,True
TXN-007580,CLT-0064,2026-05-12 14:42:30,70047.09,EUR,Dépôt,France,True
TXN-007581,CLT-0009,2025-11-03 14:42:30,3677.53,EUR,Dépôt,Îles Caïmans,False
TXN-007582,CLT-0028,2026-01-25 14:42:30,4571.86,EUR,Retrait,Russie,False
TXN-007583,CLT-0072,2025-10-30 14:42:30,3128.59,EUR,Virement international,Espagne,False
TXN-007584,CLT-0026,2025-07-04 14:42:30,2559.53,EUR,Virement,France,False
TXN-007585,CLT-0078,2026-01-29 14:42:30,899.06,EUR,Virement,Îles Caïmans,False
TXN-007586,CLT-0053,2026-02-01 14:42:30,1841.17,EUR,Virement,Russie,False
TXN-007587,CLT-0027,2026-03-11 14:42:30,34245.25,EUR,Paiement carte,Allemagne,True
TXN-007588,CLT-0018,2026-03-30 14:42:30,1492.42,EUR,Dépôt,France,False
TXN-007589,CLT-0075,2025-10-26 14:42:30,4469.0,EUR,Dépôt,Allemagne,False
TXN-007590,CLT-0045,2025-10-07 14:42:30,1045.74,EUR,Retrait,France,False
TXN-007591,CLT-0089,2025-12-03 14:42:30,4506.63,EUR,Virement international,Espagne,False
TXN-007592,CLT-0048,2026-03-14 14:42:30,2109.36,EUR,Virement,Panama,False
TXN-007593,CLT-0090,2025-10-30 14:42:30,4581.57,EUR,Retrait,France,False
TXN-007594,CLT-0062,2025-07-21 14:42:30,3090.67,EUR,Paiement carte,Allemagne,False
TXN-007595,CLT-0017,2026-04-20 14:42:30,3372.2,EUR,Retrait,France,False
TXN-007596,CLT-0031,2026-01-26 14:42:30,4054.14,EUR,Retrait,Allemagne,False
TXN-007597,CLT-0099,2026-05-11 14:42:30,57589.77,EUR,Retrait,Panama,True
TXN-007598,CLT-0020,2025-06-10 14:42:30,71186.56,EUR,Paiement carte,France,True
TXN-007599,CLT-0032,2025-12-06 14:42:30,131.01,EUR,Virement international,Îles Caïmans,False
TXN-007600,CLT-0060,2025-12-09 14:42:30,2149.42,EUR,Virement,Russie,False
TXN-007601,CLT-0060,2026-02-20 14:42:30,1949.6,EUR,Dépôt,Russie,False
TXN-007602,CLT-0026,2025-10-07 14:42:30,3033.82,EUR,Paiement carte,France,False
TXN-007603,CLT-0025,2025-09-07 14:42:30,4855.16,EUR,Virement international,France,False
TXN-007604,CLT-0026,2026-02-27 14:42:30,3875.4,EUR,Retrait,France,False
TXN-007605,CLT-0075,2025-07-06 14:42:30,157.42,EUR,Virement international,France,False
TXN-007606,CLT-0088,2025-06-24 14:42:30,2504.93,EUR,Paiement carte,Panama,False
TXN-007607,CLT-0018,2025-10-23 14:42:30,68238.48,EUR,Virement,France,True
TXN-007608,CLT-0053,2025-06-12 14:42:30,3304.54,EUR,Retrait,Îles Caïmans,False
TXN-007609,CLT-0023,2025-05-27 14:42:30,4673.18,EUR,Virement international,France,False
TXN-007610,CLT-0050,2025-07-24 14:42:30,2726.77,EUR,Virement,France,False
TXN-007611,CLT-0065,2025-10-21 14:42:30,4422.23,EUR,Virement international,France,False
TXN-007612,CLT-0007,2025-07-16 14:42:30,806.55,EUR,Dépôt,France,False
TXN-007613,CLT-0049,2025-12-28 14:42:30,2726.05,EUR,Dépôt,France,False
TXN-007614,CLT-0058,2025-06-01 14:42:30,3883.45,EUR,Virement international,France,False
TXN-007615,CLT-0079,2025-06-07 14:42:30,1434.57,EUR,Virement international,Russie,False
TXN-007616,CLT-0016,2026-01-22 14:42:30,2219.9,EUR,Virement,France,False
TXN-007617,CLT-0080,2026-05-11 14:42:30,1329.38,EUR,Virement international,Panama,False
TXN-007618,CLT-0059,2025-08-15 14:42:30,1299.81,EUR,Virement international,France,False
TXN-007619,CLT-0069,2025-12-25 14:42:30,3993.7,EUR,Retrait,Allemagne,False
TXN-007620,CLT-0070,2025-12-02 14:42:30,4501.35,EUR,Paiement carte,Russie,False
TXN-007621,CLT-0008,2025-10-27 14:42:30,3175.66,EUR,Retrait,France,False
TXN-007622,CLT-0089,2025-08-28 14:42:30,3353.13,EUR,Virement,Îles Caïmans,False
TXN-007623,CLT-0039,2025-10-13 14:42:30,3740.99,EUR,Virement,Panama,False
TXN-007624,CLT-0061,2025-07-22 14:42:30,3033.14,EUR,Dépôt,Allemagne,False
TXN-007625,CLT-0002,2025-08-02 14:42:30,2660.71,EUR,Retrait,Russie,False
TXN-007626,CLT-0100,2025-06-19 14:42:30,4612.51,EUR,Dépôt,Allemagne,False
TXN-007627,CLT-0068,2025-08-17 14:42:30,642.35,EUR,Paiement carte,France,False
TXN-007628,CLT-0041,2025-11-24 14:42:30,4477.72,EUR,Paiement carte,France,False
TXN-007629,CLT-0092,2026-01-31 14:42:30,3672.65,EUR,Virement,Espagne,False
TXN-007630,CLT-0062,2026-03-13 14:42:30,4865.63,EUR,Dépôt,Îles Caïmans,False
TXN-007631,CLT-0078,2025-07-13 14:42:30,1357.8,EUR,Dépôt,Espagne,False
TXN-007632,CLT-0070,2025-09-01 14:42:30,4176.98,EUR,Retrait,Russie,False
TXN-007633,CLT-0084,2025-11-14 14:42:30,4037.93,EUR,Virement international,Russie,False
TXN-007634,CLT-0040,2025-08-16 14:42:30,682.96,EUR,Virement,Russie,False
TXN-007635,CLT-0033,2025-10-20 14:42:30,3577.76,EUR,Virement,France,False
TXN-007636,CLT-0050,2025-10-17 14:42:30,2250.61,EUR,Retrait,France,False
TXN-007637,CLT-0085,2025-08-25 14:42:30,3492.88,EUR,Dépôt,Îles Caïmans,False
TXN-007638,CLT-0085,2025-11-19 14:42:30,634.82,EUR,Dépôt,France,False
TXN-007639,CLT-0052,2025-10-09 14:42:30,2815.46,EUR,Paiement carte,France,False
TXN-007640,CLT-0060,2026-04-15 14:42:30,2867.04,EUR,Retrait,France,False
TXN-007641,CLT-0035,2025-07-02 14:42:30,2105.92,EUR,Virement,Îles Caïmans,False
TXN-007642,CLT-0014,2025-12-31 14:42:30,503.48,EUR,Retrait,France,False
TXN-007643,CLT-0072,2026-01-14 14:42:30,4621.54,EUR,Paiement carte,Allemagne,False
TXN-007644,CLT-0069,2026-01-30 14:42:30,3084.58,EUR,Virement international,Îles Caïmans,False
TXN-007645,CLT-0055,2026-01-04 14:42:30,39159.18,EUR,Virement international,Îles Caïmans,True
TXN-007646,CLT-0012,2025-10-05 14:42:30,2067.28,EUR,Virement,Allemagne,False
TXN-007647,CLT-0083,2025-12-27 14:42:30,1870.9,EUR,Virement international,France,False
TXN-007648,CLT-0084,2025-09-04 14:42:30,1567.66,EUR,Virement,Espagne,False
TXN-007649,CLT-0019,2025-10-15 14:42:30,2902.32,EUR,Paiement carte,Allemagne,False
TXN-007650,CLT-0005,2025-10-21 14:42:30,30.29,EUR,Virement,France,False
TXN-007651,CLT-0050,2025-12-18 14:42:30,45232.2,EUR,Virement,Îles Caïmans,True
TXN-007652,CLT-0073,2026-04-25 14:42:30,60623.55,EUR,Virement,France,True
TXN-007653,CLT-0046,2025-10-25 14:42:30,17255.03,EUR,Virement international,Panama,True
TXN-007654,CLT-0005,2026-01-06 14:42:30,4714.41,EUR,Virement,France,False
TXN-007655,CLT-0052,2025-12-27 14:42:30,2599.45,EUR,Retrait,Russie,False
TXN-007656,CLT-0089,2025-06-14 14:42:30,4312.36,EUR,Retrait,France,False
TXN-007657,CLT-0017,2025-05-13 14:42:30,1580.81,EUR,Dépôt,Russie,False
TXN-007658,CLT-0064,2026-04-15 14:42:30,4124.4,EUR,Retrait,France,False
TXN-007659,CLT-0100,2025-11-03 14:42:30,94291.36,EUR,Paiement carte,France,True
TXN-007660,CLT-0069,2025-06-26 14:42:30,46926.8,EUR,Paiement carte,France,True
TXN-007661,CLT-0028,2026-03-27 14:42:30,4070.68,EUR,Dépôt,France,False
TXN-007662,CLT-0053,2026-05-02 14:42:30,1794.42,EUR,Dépôt,France,False
TXN-007663,CLT-0033,2025-10-10 14:42:30,47879.26,EUR,Retrait,Espagne,True
TXN-007664,CLT-0053,2025-06-04 14:42:30,3235.33,EUR,Dépôt,France,False
TXN-007665,CLT-0008,2025-11-12 14:42:30,3371.78,EUR,Dépôt,Allemagne,False
TXN-007666,CLT-0034,2025-06-03 14:42:30,4444.93,EUR,Virement,France,False
TXN-007667,CLT-0048,2025-08-26 14:42:30,84.22,EUR,Virement international,Panama,False
TXN-007668,CLT-0069,2025-08-05 14:42:30,4194.05,EUR,Paiement carte,Panama,False
TXN-007669,CLT-0064,2025-07-30 14:42:30,3200.18,EUR,Dépôt,France,False
TXN-007670,CLT-0045,2025-06-03 14:42:30,70956.48,EUR,Dépôt,France,True
TXN-007671,CLT-0098,2026-02-18 14:42:30,4822.5,EUR,Retrait,France,False
TXN-007672,CLT-0094,2025-12-24 14:42:30,503.86,EUR,Retrait,France,False
TXN-007673,CLT-0078,2026-03-06 14:42:30,1238.03,EUR,Paiement carte,Russie,False
TXN-007674,CLT-0030,2025-12-17 14:42:30,1481.61,EUR,Retrait,France,False
TXN-007675,CLT-0059,2025-05-31 14:42:30,1552.32,EUR,Virement international,Îles Caïmans,False
TXN-007676,CLT-0083,2025-05-24 14:42:30,4576.75,EUR,Dépôt,France,False
TXN-007677,CLT-0059,2025-09-14 14:42:30,4285.27,EUR,Retrait,Espagne,False
TXN-007678,CLT-0080,2025-12-24 14:42:30,3824.94,EUR,Paiement carte,France,False
TXN-007679,CLT-0028,2025-08-25 14:42:30,3948.18,EUR,Dépôt,France,False
TXN-007680,CLT-0081,2025-09-25 14:42:30,60.76,EUR,Virement,France,False
TXN-007681,CLT-0038,2025-07-31 14:42:30,57790.6,EUR,Dépôt,France,True
TXN-007682,CLT-0032,2025-07-26 14:42:30,833.57,EUR,Virement,Îles Caïmans,False
TXN-007683,CLT-0065,2026-03-09 14:42:30,664.36,EUR,Retrait,Îles Caïmans,False
TXN-007684,CLT-0061,2025-07-08 14:42:30,1749.78,EUR,Virement,France,False
TXN-007685,CLT-0044,2026-05-13 14:42:30,2964.78,EUR,Dépôt,Russie,False
TXN-007686,CLT-0099,2025-11-09 14:42:30,2843.7,EUR,Virement international,Espagne,False
TXN-007687,CLT-0049,2025-11-15 14:42:30,3395.95,EUR,Dépôt,France,False
TXN-007688,CLT-0037,2026-01-19 14:42:30,4969.56,EUR,Retrait,Espagne,False
TXN-007689,CLT-0089,2025-09-16 14:42:30,3586.44,EUR,Virement,France,False
TXN-007690,CLT-0094,2026-04-07 14:42:30,3265.04,EUR,Retrait,Panama,False
TXN-007691,CLT-0058,2025-11-29 14:42:30,1469.37,EUR,Virement international,Espagne,False
TXN-007692,CLT-0027,2025-09-14 14:42:30,3100.69,EUR,Virement,France,False
TXN-007693,CLT-0010,2026-03-23 14:42:30,375.89,EUR,Retrait,Îles Caïmans,False
TXN-007694,CLT-0066,2025-06-10 14:42:30,769.42,EUR,Virement,Panama,False
TXN-007695,CLT-0065,2025-08-03 14:42:30,3843.15,EUR,Virement international,Allemagne,False
TXN-007696,CLT-0007,2025-09-22 14:42:30,3181.88,EUR,Paiement carte,France,False
TXN-007697,CLT-0080,2026-05-01 14:42:30,151.01,EUR,Dépôt,France,False
TXN-007698,CLT-0086,2025-10-28 14:42:30,4663.89,EUR,Retrait,France,False
TXN-007699,CLT-0092,2026-01-03 14:42:30,904.73,EUR,Retrait,France,False
TXN-007700,CLT-0099,2026-05-12 14:42:30,2270.49,EUR,Paiement carte,France,False
TXN-007701,CLT-0066,2025-09-09 14:42:30,2460.53,EUR,Virement international,Allemagne,False
TXN-007702,CLT-0064,2025-08-31 14:42:30,4623.8,EUR,Dépôt,France,False
TXN-007703,CLT-0076,2025-06-30 14:42:30,3262.32,EUR,Virement international,Îles Caïmans,False
TXN-007704,CLT-0014,2025-07-28 14:42:30,983.87,EUR,Virement international,Espagne,False
TXN-007705,CLT-0076,2025-05-31 14:42:30,1345.85,EUR,Virement international,Allemagne,False
TXN-007706,CLT-0092,2025-09-24 14:42:30,4573.26,EUR,Virement international,France,False
TXN-007707,CLT-0096,2026-02-27 14:42:30,2004.85,EUR,Virement international,France,False
TXN-007708,CLT-0014,2025-11-14 14:42:30,77884.68,EUR,Dépôt,Panama,True
TXN-007709,CLT-0070,2025-09-27 14:42:30,4643.31,EUR,Paiement carte,France,False
TXN-007710,CLT-0025,2026-01-19 14:42:30,1664.15,EUR,Retrait,France,False
TXN-007711,CLT-0010,2026-01-17 14:42:30,2235.39,EUR,Retrait,Espagne,False
TXN-007712,CLT-0009,2025-10-29 14:42:30,1654.04,EUR,Virement international,Îles Caïmans,False
TXN-007713,CLT-0047,2025-10-31 14:42:30,4298.26,EUR,Virement,France,False
TXN-007714,CLT-0006,2026-05-03 14:42:30,9774.29,EUR,Retrait,Russie,True
TXN-007715,CLT-0099,2025-07-05 14:42:30,1545.38,EUR,Virement international,Panama,False
TXN-007716,CLT-0097,2025-06-04 14:42:30,4110.21,EUR,Paiement carte,France,False
TXN-007717,CLT-0017,2025-06-22 14:42:30,1761.66,EUR,Dépôt,Allemagne,False
TXN-007718,CLT-0054,2025-06-15 14:42:30,3262.71,EUR,Retrait,France,False
TXN-007719,CLT-0064,2026-01-23 14:42:30,23.95,EUR,Paiement carte,Allemagne,False
TXN-007720,CLT-0074,2025-06-23 14:42:30,2785.88,EUR,Retrait,Russie,False
TXN-007721,CLT-0100,2025-10-28 14:42:30,4214.3,EUR,Retrait,France,False
TXN-007722,CLT-0061,2025-07-05 14:42:30,2582.93,EUR,Dépôt,Allemagne,False
TXN-007723,CLT-0021,2025-11-16 14:42:30,72976.86,EUR,Dépôt,Allemagne,True
TXN-007724,CLT-0004,2025-06-11 14:42:30,678.65,EUR,Paiement carte,Panama,False
TXN-007725,CLT-0040,2026-03-25 14:42:30,972.15,EUR,Dépôt,Espagne,False
TXN-007726,CLT-0076,2026-03-16 14:42:30,1345.6,EUR,Virement international,Îles Caïmans,False
TXN-007727,CLT-0074,2025-05-31 14:42:30,1584.71,EUR,Paiement carte,France,False
TXN-007728,CLT-0036,2025-08-03 14:42:30,3348.97,EUR,Virement,France,False
TXN-007729,CLT-0010,2025-06-07 14:42:30,2239.31,EUR,Dépôt,Russie,False
TXN-007730,CLT-0053,2025-06-22 14:42:30,1150.31,EUR,Virement international,Panama,False
TXN-007731,CLT-0087,2025-11-30 14:42:30,46688.77,EUR,Virement,France,True
TXN-007732,CLT-0004,2026-03-14 14:42:30,3235.1,EUR,Retrait,France,False
TXN-007733,CLT-0003,2026-03-08 14:42:30,2178.47,EUR,Paiement carte,Panama,False
TXN-007734,CLT-0054,2025-11-03 14:42:30,1376.71,EUR,Paiement carte,France,False
TXN-007735,CLT-0088,2025-09-20 14:42:30,4032.04,EUR,Paiement carte,France,False
TXN-007736,CLT-0092,2026-04-16 14:42:30,3602.4,EUR,Dépôt,Allemagne,False
TXN-007737,CLT-0001,2026-04-02 14:42:30,17.34,EUR,Retrait,Îles Caïmans,False
TXN-007738,CLT-0089,2025-11-01 14:42:30,1717.4,EUR,Dépôt,Russie,False
TXN-007739,CLT-0047,2025-10-23 14:42:30,4222.34,EUR,Paiement carte,Allemagne,False
TXN-007740,CLT-0062,2025-09-11 14:42:30,2943.87,EUR,Dépôt,France,False
TXN-007741,CLT-0067,2025-10-04 14:42:30,1694.44,EUR,Dépôt,France,False
TXN-007742,CLT-0031,2026-02-25 14:42:30,4010.79,EUR,Retrait,France,False
TXN-007743,CLT-0098,2025-10-07 14:42:30,1491.85,EUR,Retrait,France,False
TXN-007744,CLT-0054,2026-05-02 14:42:30,2431.3,EUR,Virement,Îles Caïmans,False
TXN-007745,CLT-0029,2025-09-19 14:42:30,1678.73,EUR,Virement,Panama,False
TXN-007746,CLT-0022,2025-12-13 14:42:30,4377.24,EUR,Virement international,France,False
TXN-007747,CLT-0082,2026-04-08 14:42:30,3549.61,EUR,Paiement carte,France,False
TXN-007748,CLT-0084,2025-07-23 14:42:30,321.43,EUR,Paiement carte,France,False
TXN-007749,CLT-0007,2026-03-17 14:42:30,290.27,EUR,Paiement carte,Îles Caïmans,False
TXN-007750,CLT-0056,2026-01-21 14:42:30,60539.36,EUR,Paiement carte,France,True
TXN-007751,CLT-0016,2026-03-14 14:42:30,302.43,EUR,Paiement carte,Russie,False
TXN-007752,CLT-0014,2026-01-30 14:42:30,2159.4,EUR,Virement international,Espagne,False
TXN-007753,CLT-0050,2025-06-29 14:42:30,171.07,EUR,Virement,Russie,False
TXN-007754,CLT-0020,2026-04-08 14:42:30,2106.75,EUR,Retrait,Allemagne,False
TXN-007755,CLT-0070,2025-09-05 14:42:30,66249.24,EUR,Virement international,Espagne,True
TXN-007756,CLT-0070,2025-07-29 14:42:30,2267.07,EUR,Virement international,France,False
TXN-007757,CLT-0080,2025-11-16 14:42:30,1091.81,EUR,Paiement carte,Îles Caïmans,False
TXN-007758,CLT-0058,2026-02-12 14:42:30,2159.72,EUR,Dépôt,France,False
TXN-007759,CLT-0073,2026-04-25 14:42:30,1179.32,EUR,Paiement carte,France,False
TXN-007760,CLT-0076,2025-11-24 14:42:30,1294.14,EUR,Dépôt,France,False
TXN-007761,CLT-0050,2026-01-23 14:42:30,94500.53,EUR,Paiement carte,France,True
TXN-007762,CLT-0049,2025-11-27 14:42:30,448.37,EUR,Paiement carte,France,False
TXN-007763,CLT-0024,2025-08-13 14:42:30,2683.15,EUR,Dépôt,Îles Caïmans,False
TXN-007764,CLT-0083,2026-03-14 14:42:30,3049.54,EUR,Retrait,Russie,False
TXN-007765,CLT-0073,2026-04-15 14:42:30,76915.03,EUR,Dépôt,France,True
TXN-007766,CLT-0014,2025-06-09 14:42:30,3915.27,EUR,Dépôt,Îles Caïmans,False
TXN-007767,CLT-0011,2025-08-11 14:42:30,2351.23,EUR,Retrait,France,False
TXN-007768,CLT-0047,2026-04-11 14:42:30,4150.1,EUR,Virement,France,False
TXN-007769,CLT-0003,2025-07-20 14:42:30,1912.22,EUR,Virement,Espagne,False
TXN-007770,CLT-0056,2025-12-09 14:42:30,2974.77,EUR,Dépôt,Espagne,False
TXN-007771,CLT-0088,2025-11-17 14:42:30,309.32,EUR,Virement international,France,False
TXN-007772,CLT-0079,2026-01-19 14:42:30,3028.19,EUR,Dépôt,France,False
TXN-007773,CLT-0091,2026-03-27 14:42:30,2827.52,EUR,Virement,France,False
TXN-007774,CLT-0007,2025-07-12 14:42:30,4210.81,EUR,Virement,Îles Caïmans,False
TXN-007775,CLT-0067,2025-10-09 14:42:30,259.4,EUR,Virement,Espagne,False
TXN-007776,CLT-0055,2025-06-20 14:42:30,412.79,EUR,Paiement carte,France,False
TXN-007777,CLT-0020,2025-05-28 14:42:30,74053.89,EUR,Virement international,Espagne,True
TXN-007778,CLT-0007,2025-09-15 14:42:30,19.77,EUR,Virement international,France,False
TXN-007779,CLT-0071,2025-11-18 14:42:30,2599.2,EUR,Retrait,Espagne,False
TXN-007780,CLT-0083,2025-06-28 14:42:30,68.13,EUR,Paiement carte,Russie,False
TXN-007781,CLT-0042,2025-05-19 14:42:30,2951.15,EUR,Paiement carte,France,False
TXN-007782,CLT-0008,2026-01-15 14:42:30,43.75,EUR,Retrait,France,False
TXN-007783,CLT-0053,2025-08-20 14:42:30,3734.61,EUR,Virement,Russie,False
TXN-007784,CLT-0023,2025-10-03 14:42:30,2796.35,EUR,Retrait,Espagne,False
TXN-007785,CLT-0054,2025-09-16 14:42:30,3172.0,EUR,Dépôt,France,False
TXN-007786,CLT-0065,2025-11-17 14:42:30,2953.08,EUR,Retrait,France,False
TXN-007787,CLT-0005,2025-07-24 14:42:30,385.66,EUR,Virement,France,False
TXN-007788,CLT-0030,2025-10-19 14:42:30,82924.59,EUR,Retrait,Espagne,True
TXN-007789,CLT-0057,2026-02-28 14:42:30,4176.95,EUR,Paiement carte,Russie,False
TXN-007790,CLT-0087,2025-12-08 14:42:30,36481.53,EUR,Retrait,Îles Caïmans,True
TXN-007791,CLT-0096,2025-06-10 14:42:30,1181.59,EUR,Dépôt,Panama,False
TXN-007792,CLT-0069,2026-01-02 14:42:30,3473.68,EUR,Retrait,France,False
TXN-007793,CLT-0016,2026-03-14 14:42:30,3171.61,EUR,Dépôt,Panama,False
TXN-007794,CLT-0087,2026-03-23 14:42:30,3014.08,EUR,Dépôt,France,False
TXN-007795,CLT-0048,2025-11-09 14:42:30,2732.88,EUR,Retrait,France,False
TXN-007796,CLT-0002,2025-11-09 14:42:30,1031.86,EUR,Virement international,Allemagne,False
TXN-007797,CLT-0041,2025-09-19 14:42:30,1218.64,EUR,Retrait,Panama,False
TXN-007798,CLT-0019,2026-01-21 14:42:30,93316.35,EUR,Dépôt,Allemagne,True
TXN-007799,CLT-0073,2026-01-29 14:42:30,732.28,EUR,Dépôt,Russie,False
TXN-007800,CLT-0056,2025-11-28 14:42:30,4430.38,EUR,Retrait,France,False
TXN-007801,CLT-0003,2025-11-03 14:42:30,4433.53,EUR,Virement,Îles Caïmans,False
TXN-007802,CLT-0099,2025-11-28 14:42:30,4284.86,EUR,Dépôt,France,False
TXN-007803,CLT-0022,2025-08-21 14:42:30,1531.05,EUR,Virement international,Espagne,False
TXN-007804,CLT-0021,2025-08-09 14:42:30,82638.97,EUR,Virement international,Îles Caïmans,True
TXN-007805,CLT-0057,2025-08-19 14:42:30,3676.01,EUR,Retrait,Allemagne,False
TXN-007806,CLT-0099,2026-05-02 14:42:30,3748.28,EUR,Paiement carte,France,False
TXN-007807,CLT-0060,2025-08-27 14:42:30,1812.4,EUR,Retrait,Îles Caïmans,False
TXN-007808,CLT-0069,2025-11-14 14:42:30,13262.41,EUR,Retrait,France,True
TXN-007809,CLT-0086,2025-05-17 14:42:30,3781.11,EUR,Virement,Îles Caïmans,False
TXN-007810,CLT-0009,2026-05-03 14:42:30,1872.65,EUR,Virement,Panama,False
TXN-007811,CLT-0096,2025-09-25 14:42:30,687.04,EUR,Virement,Allemagne,False
TXN-007812,CLT-0057,2025-12-18 14:42:30,3837.22,EUR,Paiement carte,Panama,False
TXN-007813,CLT-0066,2025-08-08 14:42:30,4257.41,EUR,Paiement carte,Allemagne,False
TXN-007814,CLT-0076,2025-09-30 14:42:30,457.85,EUR,Virement international,Russie,False
TXN-007815,CLT-0043,2025-05-25 14:42:30,10699.14,EUR,Retrait,France,True
TXN-007816,CLT-0023,2026-04-05 14:42:30,2920.79,EUR,Retrait,Allemagne,False
TXN-007817,CLT-0043,2025-10-26 14:42:30,4345.73,EUR,Paiement carte,Panama,False
TXN-007818,CLT-0098,2025-09-06 14:42:30,3799.74,EUR,Paiement carte,Espagne,False
TXN-007819,CLT-0081,2026-02-21 14:42:30,1667.55,EUR,Dépôt,Îles Caïmans,False
TXN-007820,CLT-0070,2026-05-07 14:42:30,853.47,EUR,Retrait,Espagne,False
TXN-007821,CLT-0035,2025-06-01 14:42:30,4157.3,EUR,Retrait,Îles Caïmans,False
TXN-007822,CLT-0010,2025-09-26 14:42:30,53049.19,EUR,Virement international,Îles Caïmans,True
TXN-007823,CLT-0076,2025-07-26 14:42:30,71413.64,EUR,Retrait,Espagne,True
TXN-007824,CLT-0085,2025-10-29 14:42:30,194.32,EUR,Virement international,Allemagne,False
TXN-007825,CLT-0010,2026-03-02 14:42:30,768.29,EUR,Paiement carte,France,False
TXN-007826,CLT-0002,2025-11-01 14:42:30,2586.32,EUR,Dépôt,France,False
TXN-007827,CLT-0014,2025-09-02 14:42:30,1872.55,EUR,Virement,Allemagne,False
TXN-007828,CLT-0047,2026-05-07 14:42:30,961.35,EUR,Paiement carte,Panama,False
TXN-007829,CLT-0023,2025-10-13 14:42:30,3256.04,EUR,Dépôt,France,False
TXN-007830,CLT-0010,2025-12-11 14:42:30,1922.76,EUR,Retrait,Allemagne,False
TXN-007831,CLT-0079,2025-08-07 14:42:30,2740.11,EUR,Virement international,France,False
TXN-007832,CLT-0098,2025-08-23 14:42:30,4716.79,EUR,Virement international,Îles Caïmans,False
TXN-007833,CLT-0001,2026-03-28 14:42:30,2631.17,EUR,Paiement carte,France,False
TXN-007834,CLT-0091,2026-01-29 14:42:30,3725.31,EUR,Paiement carte,France,False
TXN-007835,CLT-0004,2025-08-25 14:42:30,4866.26,EUR,Virement international,Panama,False
TXN-007836,CLT-0034,2025-12-18 14:42:30,3315.1,EUR,Dépôt,Allemagne,False
TXN-007837,CLT-0026,2026-03-17 14:42:30,2444.99,EUR,Retrait,Îles Caïmans,False
TXN-007838,CLT-0064,2025-09-02 14:42:30,3572.65,EUR,Paiement carte,Allemagne,False
TXN-007839,CLT-0100,2026-01-19 14:42:30,3908.88,EUR,Virement,France,False
TXN-007840,CLT-0030,2025-12-09 14:42:30,2526.47,EUR,Virement international,Espagne,False
TXN-007841,CLT-0061,2025-07-15 14:42:30,242.82,EUR,Virement international,Russie,False
TXN-007842,CLT-0092,2025-08-24 14:42:30,3859.08,EUR,Dépôt,France,False
TXN-007843,CLT-0009,2026-04-27 14:42:30,18573.05,EUR,Virement international,Russie,True
TXN-007844,CLT-0092,2026-03-28 14:42:30,839.0,EUR,Retrait,France,False
TXN-007845,CLT-0080,2025-11-12 14:42:30,91913.58,EUR,Paiement carte,Espagne,True
TXN-007846,CLT-0088,2026-03-07 14:42:30,1093.85,EUR,Retrait,France,False
TXN-007847,CLT-0058,2026-03-16 14:42:30,50570.95,EUR,Virement,Espagne,True
TXN-007848,CLT-0064,2026-03-03 14:42:30,1230.04,EUR,Dépôt,France,False
TXN-007849,CLT-0022,2025-07-05 14:42:30,2669.98,EUR,Virement,Îles Caïmans,False
TXN-007850,CLT-0049,2026-03-15 14:42:30,4286.61,EUR,Dépôt,France,False
TXN-007851,CLT-0012,2025-10-23 14:42:30,845.65,EUR,Virement international,France,False
TXN-007852,CLT-0006,2026-03-25 14:42:30,37938.83,EUR,Virement,France,True
TXN-007853,CLT-0097,2026-02-10 14:42:30,3297.47,EUR,Dépôt,France,False
TXN-007854,CLT-0020,2026-02-16 14:42:30,4338.53,EUR,Retrait,France,False
TXN-007855,CLT-0023,2026-04-27 14:42:30,65637.89,EUR,Virement,France,True
TXN-007856,CLT-0097,2026-04-05 14:42:30,1565.56,EUR,Dépôt,Îles Caïmans,False
TXN-007857,CLT-0031,2025-05-18 14:42:30,421.0,EUR,Paiement carte,France,False
TXN-007858,CLT-0021,2025-09-04 14:42:30,2481.7,EUR,Virement,Espagne,False
TXN-007859,CLT-0071,2025-07-25 14:42:30,3483.58,EUR,Virement,Îles Caïmans,False
TXN-007860,CLT-0088,2025-05-25 14:42:30,4481.27,EUR,Dépôt,Allemagne,False
TXN-007861,CLT-0015,2026-04-30 14:42:30,1041.98,EUR,Paiement carte,France,False
TXN-007862,CLT-0005,2026-04-09 14:42:30,1634.04,EUR,Dépôt,Espagne,False
TXN-007863,CLT-0005,2026-01-08 14:42:30,606.39,EUR,Dépôt,France,False
TXN-007864,CLT-0027,2026-03-23 14:42:30,4738.57,EUR,Retrait,France,False
TXN-007865,CLT-0008,2026-01-30 14:42:30,42435.12,EUR,Virement international,France,True
TXN-007866,CLT-0012,2025-12-06 14:42:30,10.6,EUR,Retrait,Panama,False
TXN-007867,CLT-0044,2025-10-13 14:42:30,3404.57,EUR,Retrait,Allemagne,False
TXN-007868,CLT-0029,2025-10-29 14:42:30,1119.26,EUR,Virement international,Panama,False
TXN-007869,CLT-0013,2025-07-08 14:42:30,1011.06,EUR,Virement international,Panama,False
TXN-007870,CLT-0004,2026-05-08 14:42:30,106.97,EUR,Virement international,Espagne,False
TXN-007871,CLT-0063,2025-11-01 14:42:30,20320.32,EUR,Dépôt,France,True
TXN-007872,CLT-0031,2025-08-21 14:42:30,34976.97,EUR,Virement,Espagne,True
TXN-007873,CLT-0029,2026-05-04 14:42:30,37.14,EUR,Virement international,Espagne,False
TXN-007874,CLT-0047,2025-11-05 14:42:30,4521.07,EUR,Virement international,Espagne,False
TXN-007875,CLT-0021,2025-06-18 14:42:30,3717.02,EUR,Virement,France,False
TXN-007876,CLT-0003,2025-07-11 14:42:30,3816.26,EUR,Retrait,Allemagne,False
TXN-007877,CLT-0014,2025-11-16 14:42:30,483.66,EUR,Virement international,France,False
TXN-007878,CLT-0015,2025-07-13 14:42:30,88.96,EUR,Paiement carte,Panama,False
TXN-007879,CLT-0096,2026-03-13 14:42:30,92306.11,EUR,Virement international,France,True
TXN-007880,CLT-0082,2025-09-13 14:42:30,4519.0,EUR,Dépôt,France,False
TXN-007881,CLT-0083,2025-10-25 14:42:30,479.78,EUR,Retrait,France,False
TXN-007882,CLT-0037,2025-06-26 14:42:30,4538.31,EUR,Retrait,Îles Caïmans,False
TXN-007883,CLT-0072,2025-06-22 14:42:30,2694.28,EUR,Paiement carte,France,False
TXN-007884,CLT-0072,2026-01-02 14:42:30,85278.87,EUR,Paiement carte,France,True
TXN-007885,CLT-0087,2025-10-29 14:42:30,4143.74,EUR,Dépôt,Allemagne,False
TXN-007886,CLT-0012,2025-12-13 14:42:30,1889.21,EUR,Dépôt,Espagne,False
TXN-007887,CLT-0096,2025-05-15 14:42:30,3615.69,EUR,Paiement carte,France,False
TXN-007888,CLT-0038,2025-10-01 14:42:30,2914.4,EUR,Dépôt,Allemagne,False
TXN-007889,CLT-0048,2025-07-20 14:42:30,33803.6,EUR,Dépôt,France,True
TXN-007890,CLT-0019,2026-04-18 14:42:30,4805.1,EUR,Virement international,France,False
TXN-007891,CLT-0040,2025-11-15 14:42:30,3597.31,EUR,Paiement carte,Allemagne,False
TXN-007892,CLT-0018,2026-01-03 14:42:30,2129.38,EUR,Paiement carte,France,False
TXN-007893,CLT-0012,2025-06-25 14:42:30,1023.61,EUR,Virement,France,False
TXN-007894,CLT-0042,2025-12-31 14:42:30,4702.66,EUR,Virement,France,False
TXN-007895,CLT-0057,2025-12-12 14:42:30,2158.73,EUR,Virement,France,False
TXN-007896,CLT-0038,2025-09-30 14:42:30,2097.53,EUR,Virement,Russie,False
TXN-007897,CLT-0023,2026-02-17 14:42:30,45226.6,EUR,Dépôt,France,True
TXN-007898,CLT-0085,2026-01-30 14:42:30,4541.25,EUR,Virement,Allemagne,False
TXN-007899,CLT-0024,2025-10-10 14:42:30,475.6,EUR,Retrait,France,False
TXN-007900,CLT-0063,2026-04-08 14:42:30,1738.68,EUR,Dépôt,Espagne,False
TXN-007901,CLT-0058,2026-01-07 14:42:30,490.11,EUR,Virement international,France,False
TXN-007902,CLT-0022,2025-08-03 14:42:30,2751.33,EUR,Virement international,France,False
TXN-007903,CLT-0097,2026-01-25 14:42:30,3071.69,EUR,Virement international,Îles Caïmans,False
TXN-007904,CLT-0098,2026-04-30 14:42:30,4519.99,EUR,Virement international,France,False
TXN-007905,CLT-0046,2025-06-09 14:42:30,2122.19,EUR,Paiement carte,France,False
TXN-007906,CLT-0037,2025-10-30 14:42:30,13298.89,EUR,Paiement carte,Espagne,True
TXN-007907,CLT-0049,2025-09-10 14:42:30,4185.22,EUR,Dépôt,Russie,False
TXN-007908,CLT-0043,2026-02-16 14:42:30,1784.46,EUR,Virement,Espagne,False
TXN-007909,CLT-0010,2025-05-30 14:42:30,299.26,EUR,Dépôt,Allemagne,False
TXN-007910,CLT-0075,2025-07-24 14:42:30,4142.59,EUR,Virement international,France,False
TXN-007911,CLT-0075,2025-07-20 14:42:30,4415.11,EUR,Retrait,Îles Caïmans,False
TXN-007912,CLT-0081,2025-11-18 14:42:30,20550.13,EUR,Dépôt,France,True
TXN-007913,CLT-0042,2026-02-24 14:42:30,2648.28,EUR,Dépôt,France,False
TXN-007914,CLT-0093,2025-06-03 14:42:30,24152.23,EUR,Virement international,Îles Caïmans,True
TXN-007915,CLT-0098,2025-08-12 14:42:30,2826.45,EUR,Virement,France,False
TXN-007916,CLT-0078,2026-01-28 14:42:30,936.53,EUR,Virement,Panama,False
TXN-007917,CLT-0029,2025-09-05 14:42:30,4854.09,EUR,Virement,Allemagne,False
TXN-007918,CLT-0038,2025-08-17 14:42:30,1142.72,EUR,Virement,France,False
TXN-007919,CLT-0052,2025-09-18 14:42:30,3190.36,EUR,Virement international,France,False
TXN-007920,CLT-0083,2025-07-20 14:42:30,4356.24,EUR,Virement,France,False
TXN-007921,CLT-0075,2026-03-23 14:42:30,4224.55,EUR,Paiement carte,France,False
TXN-007922,CLT-0098,2025-12-14 14:42:30,4891.57,EUR,Dépôt,Panama,False
TXN-007923,CLT-0076,2025-10-02 14:42:30,1393.96,EUR,Virement,Espagne,False
TXN-007924,CLT-0061,2025-10-03 14:42:30,2278.44,EUR,Retrait,Espagne,False
TXN-007925,CLT-0041,2025-06-23 14:42:30,3860.82,EUR,Dépôt,Îles Caïmans,False
TXN-007926,CLT-0060,2025-07-11 14:42:30,3045.33,EUR,Virement international,France,False
TXN-007927,CLT-0030,2025-10-16 14:42:30,908.48,EUR,Retrait,Russie,False
TXN-007928,CLT-0063,2026-01-17 14:42:30,4816.82,EUR,Virement,Allemagne,False
TXN-007929,CLT-0074,2026-04-03 14:42:30,3177.15,EUR,Virement,Panama,False
TXN-007930,CLT-0014,2025-05-29 14:42:30,3826.3,EUR,Dépôt,France,False
TXN-007931,CLT-0058,2026-05-03 14:42:30,1547.87,EUR,Paiement carte,Allemagne,False
TXN-007932,CLT-0057,2025-08-27 14:42:30,2890.72,EUR,Paiement carte,France,False
TXN-007933,CLT-0046,2026-04-26 14:42:30,3745.2,EUR,Virement,France,False
TXN-007934,CLT-0035,2025-05-30 14:42:30,47.09,EUR,Retrait,Allemagne,False
TXN-007935,CLT-0094,2026-01-05 14:42:30,1209.17,EUR,Retrait,Russie,False
TXN-007936,CLT-0010,2026-01-22 14:42:30,235.84,EUR,Virement international,Espagne,False
TXN-007937,CLT-0087,2025-11-18 14:42:30,384.6,EUR,Paiement carte,France,False
TXN-007938,CLT-0053,2026-03-01 14:42:30,3750.56,EUR,Virement,France,False
TXN-007939,CLT-0049,2025-09-19 14:42:30,94896.23,EUR,Retrait,France,True
TXN-007940,CLT-0062,2025-08-11 14:42:30,1284.14,EUR,Retrait,Panama,False
TXN-007941,CLT-0045,2025-11-29 14:42:30,1410.05,EUR,Paiement carte,Espagne,False
TXN-007942,CLT-0009,2026-02-03 14:42:30,4686.85,EUR,Virement,Îles Caïmans,False
TXN-007943,CLT-0052,2026-02-12 14:42:30,1640.81,EUR,Paiement carte,Allemagne,False
TXN-007944,CLT-0070,2026-05-06 14:42:30,3633.5,EUR,Virement international,Espagne,False
TXN-007945,CLT-0039,2026-03-11 14:42:30,979.78,EUR,Virement international,Panama,False
TXN-007946,CLT-0052,2026-03-21 14:42:30,3681.64,EUR,Dépôt,Îles Caïmans,False
TXN-007947,CLT-0087,2026-04-19 14:42:30,54067.81,EUR,Dépôt,France,True
TXN-007948,CLT-0017,2025-06-04 14:42:30,3107.9,EUR,Dépôt,Espagne,False
TXN-007949,CLT-0072,2026-02-08 14:42:30,4034.08,EUR,Virement international,France,False
TXN-007950,CLT-0089,2025-12-30 14:42:30,2341.77,EUR,Paiement carte,France,False
TXN-007951,CLT-0028,2025-09-21 14:42:30,4059.52,EUR,Paiement carte,Allemagne,False
TXN-007952,CLT-0012,2025-05-25 14:42:30,57065.77,EUR,Virement international,France,True
TXN-007953,CLT-0076,2026-02-25 14:42:30,4555.39,EUR,Retrait,France,False
TXN-007954,CLT-0001,2026-01-16 14:42:30,43.71,EUR,Virement international,Allemagne,False
TXN-007955,CLT-0052,2026-04-02 14:42:30,568.6,EUR,Dépôt,Russie,False
TXN-007956,CLT-0026,2025-09-11 14:42:30,2907.35,EUR,Virement international,Îles Caïmans,False
TXN-007957,CLT-0094,2026-01-14 14:42:30,487.84,EUR,Paiement carte,France,False
TXN-007958,CLT-0090,2025-09-06 14:42:30,815.21,EUR,Virement international,France,False
TXN-007959,CLT-0085,2026-01-27 14:42:30,1825.26,EUR,Virement international,France,False
TXN-007960,CLT-0005,2026-01-06 14:42:30,2524.23,EUR,Retrait,France,False
TXN-007961,CLT-0007,2025-10-17 14:42:30,2438.54,EUR,Retrait,Allemagne,False
TXN-007962,CLT-0098,2025-09-13 14:42:30,372.62,EUR,Virement international,Russie,False
TXN-007963,CLT-0040,2025-09-03 14:42:30,781.16,EUR,Virement international,France,False
TXN-007964,CLT-0088,2025-05-25 14:42:30,2074.05,EUR,Dépôt,France,False
TXN-007965,CLT-0076,2026-01-06 14:42:30,68450.59,EUR,Virement,Îles Caïmans,True
TXN-007966,CLT-0066,2025-08-15 14:42:30,381.94,EUR,Retrait,Russie,False
TXN-007967,CLT-0070,2025-06-16 14:42:30,1114.75,EUR,Dépôt,Allemagne,False
TXN-007968,CLT-0020,2025-08-02 14:42:30,4977.75,EUR,Retrait,Russie,False
TXN-007969,CLT-0055,2025-12-24 14:42:30,2589.29,EUR,Virement international,Panama,False
TXN-007970,CLT-0076,2025-10-10 14:42:30,1590.34,EUR,Virement international,France,False
TXN-007971,CLT-0006,2026-02-13 14:42:30,4832.81,EUR,Paiement carte,France,False
TXN-007972,CLT-0013,2025-10-13 14:42:30,4072.96,EUR,Virement,Panama,False
TXN-007973,CLT-0030,2026-02-21 14:42:30,4448.05,EUR,Virement,Îles Caïmans,False
TXN-007974,CLT-0074,2025-05-31 14:42:30,156.5,EUR,Dépôt,Îles Caïmans,False
TXN-007975,CLT-0091,2025-12-23 14:42:30,4974.91,EUR,Virement,France,False
TXN-007976,CLT-0038,2026-01-03 14:42:30,4976.69,EUR,Paiement carte,France,False
TXN-007977,CLT-0005,2026-02-21 14:42:30,4435.99,EUR,Virement international,Allemagne,False
TXN-007978,CLT-0058,2025-08-06 14:42:30,649.52,EUR,Dépôt,Panama,False
TXN-007979,CLT-0070,2025-09-26 14:42:30,1078.19,EUR,Virement international,Îles Caïmans,False
TXN-007980,CLT-0017,2026-01-20 14:42:30,2403.44,EUR,Paiement carte,Russie,False
TXN-007981,CLT-0098,2025-10-13 14:42:30,136.42,EUR,Retrait,Panama,False
TXN-007982,CLT-0072,2025-10-17 14:42:30,3532.43,EUR,Virement international,France,False
TXN-007983,CLT-0010,2025-12-15 14:42:30,3865.3,EUR,Paiement carte,Espagne,False
TXN-007984,CLT-0052,2025-10-13 14:42:30,4790.63,EUR,Retrait,Allemagne,False
TXN-007985,CLT-0054,2025-11-04 14:42:30,4173.17,EUR,Virement,Espagne,False
TXN-007986,CLT-0062,2025-09-24 14:42:30,1719.84,EUR,Paiement carte,Panama,False
TXN-007987,CLT-0044,2025-12-23 14:42:30,3443.08,EUR,Virement international,Allemagne,False
TXN-007988,CLT-0066,2025-05-30 14:42:30,2683.26,EUR,Retrait,Russie,False
TXN-007989,CLT-0022,2025-07-28 14:42:30,2711.22,EUR,Retrait,Îles Caïmans,False
TXN-007990,CLT-0042,2025-12-28 14:42:30,19355.85,EUR,Virement,France,True
TXN-007991,CLT-0082,2025-09-01 14:42:30,4237.71,EUR,Virement,France,False
TXN-007992,CLT-0023,2025-08-22 14:42:30,49706.83,EUR,Virement international,Panama,True
TXN-007993,CLT-0010,2025-08-07 14:42:30,2942.69,EUR,Paiement carte,France,False
TXN-007994,CLT-0093,2025-10-01 14:42:30,4813.05,EUR,Paiement carte,Allemagne,False
TXN-007995,CLT-0029,2026-05-12 14:42:30,2949.61,EUR,Virement international,France,False
TXN-007996,CLT-0081,2026-03-28 14:42:30,2459.33,EUR,Retrait,Îles Caïmans,False
TXN-007997,CLT-0066,2026-05-09 14:42:30,4111.71,EUR,Paiement carte,Panama,False
TXN-007998,CLT-0053,2025-08-18 14:42:30,609.42,EUR,Virement,Russie,False
TXN-007999,CLT-0093,2025-09-02 14:42:30,25.37,EUR,Virement international,Allemagne,False
TXN-008000,CLT-0031,2026-04-03 14:42:30,1041.06,EUR,Retrait,Espagne,False
TXN-008001,CLT-0076,2025-11-07 14:42:30,66833.52,EUR,Dépôt,France,True
TXN-008002,CLT-0048,2025-10-19 14:42:30,223.6,EUR,Paiement carte,Panama,False
TXN-008003,CLT-0049,2025-08-20 14:42:30,2379.14,EUR,Retrait,France,False
TXN-008004,CLT-0086,2025-05-28 14:42:30,4862.99,EUR,Paiement carte,France,False
TXN-008005,CLT-0041,2025-11-22 14:42:30,1977.53,EUR,Paiement carte,Allemagne,False
TXN-008006,CLT-0015,2025-12-19 14:42:30,3131.51,EUR,Virement,Îles Caïmans,False
TXN-008007,CLT-0049,2025-10-05 14:42:30,10495.31,EUR,Virement,Îles Caïmans,True
TXN-008008,CLT-0085,2026-04-09 14:42:30,4022.38,EUR,Dépôt,Allemagne,False
TXN-008009,CLT-0003,2025-10-18 14:42:30,2208.12,EUR,Retrait,Espagne,False
TXN-008010,CLT-0060,2025-07-10 14:42:30,1878.88,EUR,Virement international,France,False
TXN-008011,CLT-0098,2026-01-16 14:42:30,1473.83,EUR,Paiement carte,Russie,False
TXN-008012,CLT-0034,2025-11-09 14:42:30,1668.67,EUR,Paiement carte,France,False
TXN-008013,CLT-0054,2026-02-10 14:42:30,960.78,EUR,Virement,Panama,False
TXN-008014,CLT-0021,2025-08-07 14:42:30,4356.65,EUR,Dépôt,Îles Caïmans,False
TXN-008015,CLT-0070,2026-04-18 14:42:30,1892.06,EUR,Virement,Russie,False
TXN-008016,CLT-0037,2026-04-25 14:42:30,2592.47,EUR,Virement,Espagne,False
TXN-008017,CLT-0040,2026-01-19 14:42:30,972.89,EUR,Virement international,Russie,False
TXN-008018,CLT-0016,2025-10-26 14:42:30,535.44,EUR,Virement international,Allemagne,False
TXN-008019,CLT-0021,2026-02-18 14:42:30,3066.2,EUR,Virement international,Allemagne,False
TXN-008020,CLT-0038,2025-05-26 14:42:30,3007.3,EUR,Dépôt,Allemagne,False
TXN-008021,CLT-0011,2026-02-19 14:42:30,360.07,EUR,Retrait,Espagne,False
TXN-008022,CLT-0057,2025-11-25 14:42:30,3567.76,EUR,Virement international,France,False
TXN-008023,CLT-0052,2025-11-19 14:42:30,2382.56,EUR,Paiement carte,Russie,False
TXN-008024,CLT-0083,2025-10-30 14:42:30,29710.09,EUR,Retrait,Îles Caïmans,True
TXN-008025,CLT-0057,2026-02-01 14:42:30,4318.96,EUR,Virement,Panama,False
TXN-008026,CLT-0013,2025-12-19 14:42:30,76512.62,EUR,Retrait,Îles Caïmans,True
TXN-008027,CLT-0063,2025-10-31 14:42:30,2421.55,EUR,Virement international,Panama,False
TXN-008028,CLT-0026,2025-06-18 14:42:30,3285.57,EUR,Retrait,France,False
TXN-008029,CLT-0028,2025-09-10 14:42:30,3011.37,EUR,Paiement carte,France,False
TXN-008030,CLT-0100,2025-11-26 14:42:30,2363.55,EUR,Paiement carte,France,False
TXN-008031,CLT-0040,2025-07-08 14:42:30,160.24,EUR,Dépôt,Espagne,False
TXN-008032,CLT-0091,2025-08-11 14:42:30,4613.68,EUR,Virement international,Espagne,False
TXN-008033,CLT-0018,2025-08-16 14:42:30,1024.85,EUR,Paiement carte,Russie,False
TXN-008034,CLT-0031,2026-03-13 14:42:30,1401.36,EUR,Paiement carte,Îles Caïmans,False
TXN-008035,CLT-0055,2025-08-20 14:42:30,3835.0,EUR,Virement international,Îles Caïmans,False
TXN-008036,CLT-0067,2025-09-10 14:42:30,50.7,EUR,Paiement carte,Allemagne,False
TXN-008037,CLT-0016,2025-12-12 14:42:30,402.81,EUR,Virement international,Allemagne,False
TXN-008038,CLT-0037,2025-06-28 14:42:30,200.47,EUR,Virement international,France,False
TXN-008039,CLT-0060,2025-12-31 14:42:30,3951.87,EUR,Dépôt,France,False
TXN-008040,CLT-0039,2025-11-09 14:42:30,2269.13,EUR,Dépôt,Panama,False
TXN-008041,CLT-0009,2025-10-15 14:42:30,2407.31,EUR,Virement,Panama,False
TXN-008042,CLT-0071,2026-02-19 14:42:30,4137.8,EUR,Paiement carte,Espagne,False
TXN-008043,CLT-0079,2026-03-28 14:42:30,2287.31,EUR,Retrait,France,False
TXN-008044,CLT-0031,2026-05-10 14:42:30,1915.33,EUR,Paiement carte,France,False
TXN-008045,CLT-0030,2026-04-28 14:42:30,4703.73,EUR,Dépôt,Îles Caïmans,False
TXN-008046,CLT-0015,2025-05-26 14:42:30,2995.67,EUR,Virement,Panama,False
TXN-008047,CLT-0093,2026-05-13 14:42:30,2406.74,EUR,Paiement carte,Panama,False
TXN-008048,CLT-0087,2025-06-13 14:42:30,24650.89,EUR,Virement international,Allemagne,True
TXN-008049,CLT-0042,2026-02-14 14:42:30,3007.15,EUR,Paiement carte,Russie,False
TXN-008050,CLT-0089,2025-09-11 14:42:30,4652.34,EUR,Dépôt,Îles Caïmans,False
TXN-008051,CLT-0100,2025-09-10 14:42:30,469.03,EUR,Paiement carte,France,False
TXN-008052,CLT-0094,2025-10-17 14:42:30,914.67,EUR,Paiement carte,Îles Caïmans,False
TXN-008053,CLT-0098,2026-01-18 14:42:30,86477.18,EUR,Virement international,Îles Caïmans,True
TXN-008054,CLT-0002,2026-01-10 14:42:30,2675.36,EUR,Retrait,France,False
TXN-008055,CLT-0088,2025-12-09 14:42:30,2056.27,EUR,Virement international,Îles Caïmans,False
TXN-008056,CLT-0051,2025-10-19 14:42:30,3054.11,EUR,Dépôt,Espagne,False
TXN-008057,CLT-0029,2025-12-04 14:42:30,2268.02,EUR,Paiement carte,Espagne,False
TXN-008058,CLT-0033,2026-01-06 14:42:30,4777.75,EUR,Virement international,Panama,False
TXN-008059,CLT-0060,2025-06-13 14:42:30,668.46,EUR,Paiement carte,France,False
TXN-008060,CLT-0010,2026-04-27 14:42:30,55056.12,EUR,Retrait,Allemagne,True
TXN-008061,CLT-0069,2026-02-19 14:42:30,4590.26,EUR,Virement,France,False
TXN-008062,CLT-0046,2026-05-04 14:42:30,2950.21,EUR,Retrait,Îles Caïmans,False
TXN-008063,CLT-0052,2025-11-13 14:42:30,1451.29,EUR,Virement international,Îles Caïmans,False
TXN-008064,CLT-0011,2026-04-24 14:42:30,2997.36,EUR,Virement international,France,False
TXN-008065,CLT-0018,2025-12-03 14:42:30,948.84,EUR,Dépôt,France,False
TXN-008066,CLT-0041,2026-03-12 14:42:30,4462.79,EUR,Paiement carte,Panama,False
TXN-008067,CLT-0060,2026-02-28 14:42:30,1341.79,EUR,Paiement carte,Îles Caïmans,False
TXN-008068,CLT-0062,2026-02-13 14:42:30,475.05,EUR,Paiement carte,Allemagne,False
TXN-008069,CLT-0056,2025-11-26 14:42:30,1138.74,EUR,Virement international,Espagne,False
TXN-008070,CLT-0035,2025-08-04 14:42:30,109.42,EUR,Dépôt,Panama,False
TXN-008071,CLT-0054,2026-04-01 14:42:30,4816.15,EUR,Retrait,Panama,False
TXN-008072,CLT-0002,2026-04-10 14:42:30,44054.37,EUR,Retrait,France,True
TXN-008073,CLT-0063,2025-06-14 14:42:30,324.35,EUR,Retrait,France,False
TXN-008074,CLT-0028,2026-03-03 14:42:30,1849.32,EUR,Dépôt,Îles Caïmans,False
TXN-008075,CLT-0037,2025-11-09 14:42:30,4467.12,EUR,Paiement carte,France,False
TXN-008076,CLT-0029,2026-04-12 14:42:30,65340.83,EUR,Virement international,Espagne,True
TXN-008077,CLT-0023,2025-06-02 14:42:30,2062.69,EUR,Paiement carte,Espagne,False
TXN-008078,CLT-0097,2025-07-09 14:42:30,268.48,EUR,Virement international,France,False
TXN-008079,CLT-0015,2025-07-09 14:42:30,2555.57,EUR,Dépôt,Allemagne,False
TXN-008080,CLT-0082,2025-11-21 14:42:30,4910.58,EUR,Dépôt,France,False
TXN-008081,CLT-0017,2025-10-05 14:42:30,3578.26,EUR,Virement international,Îles Caïmans,False
TXN-008082,CLT-0089,2025-09-01 14:42:30,3236.13,EUR,Virement international,France,False
TXN-008083,CLT-0037,2025-08-27 14:42:30,1247.82,EUR,Paiement carte,Panama,False
TXN-008084,CLT-0100,2026-01-02 14:42:30,1231.87,EUR,Virement,Russie,False
TXN-008085,CLT-0095,2025-08-29 14:42:30,3096.0,EUR,Dépôt,France,False
TXN-008086,CLT-0086,2026-03-04 14:42:30,4385.92,EUR,Dépôt,France,False
TXN-008087,CLT-0099,2025-12-03 14:42:30,3361.38,EUR,Dépôt,Îles Caïmans,False
TXN-008088,CLT-0052,2026-04-13 14:42:30,399.62,EUR,Virement international,France,False
TXN-008089,CLT-0013,2026-03-19 14:42:30,3226.96,EUR,Virement international,Panama,False
TXN-008090,CLT-0057,2025-06-20 14:42:30,2277.12,EUR,Retrait,Panama,False
TXN-008091,CLT-0041,2026-03-14 14:42:30,15.28,EUR,Virement international,Espagne,False
TXN-008092,CLT-0033,2025-07-12 14:42:30,1147.22,EUR,Dépôt,France,False
TXN-008093,CLT-0087,2026-01-03 14:42:30,3442.9,EUR,Virement,France,False
TXN-008094,CLT-0014,2026-01-26 14:42:30,832.9,EUR,Virement international,Panama,False
TXN-008095,CLT-0072,2025-09-14 14:42:30,248.68,EUR,Paiement carte,Allemagne,False
TXN-008096,CLT-0025,2025-05-28 14:42:30,82121.58,EUR,Virement international,France,True
TXN-008097,CLT-0082,2025-12-25 14:42:30,1207.07,EUR,Retrait,France,False
TXN-008098,CLT-0019,2025-10-27 14:42:30,803.7,EUR,Virement,Panama,False
TXN-008099,CLT-0091,2025-11-06 14:42:30,3847.17,EUR,Dépôt,Îles Caïmans,False
TXN-008100,CLT-0078,2025-12-10 14:42:30,4441.68,EUR,Paiement carte,Panama,False
TXN-008101,CLT-0070,2025-09-29 14:42:30,1732.05,EUR,Retrait,Allemagne,False
TXN-008102,CLT-0027,2025-12-16 14:42:30,3015.79,EUR,Virement,France,False
TXN-008103,CLT-0065,2025-08-10 14:42:30,1762.01,EUR,Virement international,Panama,False
TXN-008104,CLT-0024,2025-08-15 14:42:30,2739.26,EUR,Virement international,France,False
TXN-008105,CLT-0024,2025-09-09 14:42:30,2833.67,EUR,Virement international,Allemagne,False
TXN-008106,CLT-0088,2026-05-07 14:42:30,2596.98,EUR,Virement,Îles Caïmans,False
TXN-008107,CLT-0099,2025-07-16 14:42:30,3159.5,EUR,Virement international,Espagne,False
TXN-008108,CLT-0094,2025-05-24 14:42:30,3969.41,EUR,Virement,Russie,False
TXN-008109,CLT-0021,2025-10-11 14:42:30,1713.95,EUR,Dépôt,Îles Caïmans,False
TXN-008110,CLT-0021,2026-01-26 14:42:30,27.69,EUR,Paiement carte,France,False
TXN-008111,CLT-0058,2025-08-27 14:42:30,4038.09,EUR,Dépôt,Russie,False
TXN-008112,CLT-0071,2025-07-21 14:42:30,276.74,EUR,Virement,France,False
TXN-008113,CLT-0017,2025-06-08 14:42:30,37701.92,EUR,Virement,Espagne,True
TXN-008114,CLT-0060,2026-04-19 14:42:30,4472.14,EUR,Dépôt,Allemagne,False
TXN-008115,CLT-0069,2026-01-01 14:42:30,3167.61,EUR,Dépôt,Russie,False
TXN-008116,CLT-0006,2026-02-17 14:42:30,958.82,EUR,Retrait,Espagne,False
TXN-008117,CLT-0002,2025-12-27 14:42:30,1284.45,EUR,Paiement carte,Allemagne,False
TXN-008118,CLT-0070,2026-04-02 14:42:30,2875.04,EUR,Virement international,France,False
TXN-008119,CLT-0097,2026-02-02 14:42:30,23736.07,EUR,Paiement carte,Russie,True
TXN-008120,CLT-0010,2025-06-15 14:42:30,3056.02,EUR,Paiement carte,Espagne,False
TXN-008121,CLT-0082,2026-04-01 14:42:30,4467.1,EUR,Paiement carte,Îles Caïmans,False
TXN-008122,CLT-0004,2026-04-10 14:42:30,1380.19,EUR,Paiement carte,Allemagne,False
TXN-008123,CLT-0047,2025-10-10 14:42:30,2220.41,EUR,Retrait,France,False
TXN-008124,CLT-0098,2025-05-28 14:42:30,540.92,EUR,Retrait,France,False
TXN-008125,CLT-0011,2025-10-28 14:42:30,385.42,EUR,Virement international,Allemagne,False
TXN-008126,CLT-0006,2025-07-26 14:42:30,1659.34,EUR,Virement,Russie,False
TXN-008127,CLT-0049,2025-10-29 14:42:30,4038.62,EUR,Dépôt,Allemagne,False
TXN-008128,CLT-0038,2026-05-01 14:42:30,2753.7,EUR,Retrait,Allemagne,False
TXN-008129,CLT-0017,2026-01-25 14:42:30,50693.97,EUR,Dépôt,Îles Caïmans,True
TXN-008130,CLT-0061,2025-12-21 14:42:30,1268.15,EUR,Virement,France,False
TXN-008131,CLT-0056,2026-04-12 14:42:30,3955.73,EUR,Paiement carte,Allemagne,False
TXN-008132,CLT-0080,2025-08-14 14:42:30,2271.11,EUR,Retrait,France,False
TXN-008133,CLT-0008,2026-04-23 14:42:30,2721.49,EUR,Paiement carte,France,False
TXN-008134,CLT-0033,2025-06-09 14:42:30,136.87,EUR,Paiement carte,France,False
TXN-008135,CLT-0008,2025-09-22 14:42:30,3279.96,EUR,Dépôt,Îles Caïmans,False
TXN-008136,CLT-0055,2025-05-31 14:42:30,3192.21,EUR,Dépôt,Panama,False
TXN-008137,CLT-0003,2025-07-14 14:42:30,1829.65,EUR,Retrait,Allemagne,False
TXN-008138,CLT-0082,2025-12-01 14:42:30,2311.23,EUR,Virement international,Espagne,False
TXN-008139,CLT-0003,2026-04-01 14:42:30,4659.01,EUR,Virement international,Allemagne,False
TXN-008140,CLT-0037,2025-08-16 14:42:30,4708.44,EUR,Virement international,Îles Caïmans,False
TXN-008141,CLT-0069,2026-04-21 14:42:30,1093.89,EUR,Virement,Espagne,False
TXN-008142,CLT-0028,2025-12-29 14:42:30,1077.89,EUR,Virement,Espagne,False
TXN-008143,CLT-0060,2026-04-30 14:42:30,2727.4,EUR,Virement,France,False
TXN-008144,CLT-0045,2025-09-16 14:42:30,42160.49,EUR,Dépôt,Espagne,True
TXN-008145,CLT-0100,2025-05-16 14:42:30,1019.58,EUR,Virement international,Îles Caïmans,False
TXN-008146,CLT-0055,2026-03-29 14:42:30,3951.61,EUR,Retrait,France,False
TXN-008147,CLT-0082,2026-03-02 14:42:30,529.44,EUR,Retrait,France,False
TXN-008148,CLT-0021,2025-08-27 14:42:30,4047.9,EUR,Virement,Russie,False
TXN-008149,CLT-0029,2025-10-27 14:42:30,884.64,EUR,Retrait,France,False
TXN-008150,CLT-0071,2026-01-01 14:42:30,4535.34,EUR,Virement,Îles Caïmans,False
TXN-008151,CLT-0099,2026-02-17 14:42:30,404.58,EUR,Dépôt,France,False
TXN-008152,CLT-0008,2026-01-15 14:42:30,3513.42,EUR,Paiement carte,Panama,False
TXN-008153,CLT-0017,2025-09-08 14:42:30,3896.43,EUR,Virement,France,False
TXN-008154,CLT-0067,2025-10-18 14:42:30,17310.53,EUR,Virement,France,True
TXN-008155,CLT-0059,2025-06-10 14:42:30,4500.92,EUR,Paiement carte,Îles Caïmans,False
TXN-008156,CLT-0011,2026-03-09 14:42:30,4565.17,EUR,Dépôt,France,False
TXN-008157,CLT-0058,2025-06-13 14:42:30,2425.13,EUR,Virement,France,False
TXN-008158,CLT-0069,2025-10-23 14:42:30,74540.18,EUR,Paiement carte,Îles Caïmans,True
TXN-008159,CLT-0013,2025-12-07 14:42:30,4960.57,EUR,Dépôt,Russie,False
TXN-008160,CLT-0040,2025-07-07 14:42:30,1756.09,EUR,Paiement carte,Panama,False
TXN-008161,CLT-0044,2026-02-07 14:42:30,2338.4,EUR,Retrait,Panama,False
TXN-008162,CLT-0075,2025-08-11 14:42:30,4627.66,EUR,Virement international,Russie,False
TXN-008163,CLT-0088,2026-01-20 14:42:30,4058.1,EUR,Virement international,Panama,False
TXN-008164,CLT-0005,2025-10-28 14:42:30,62504.49,EUR,Retrait,France,True
TXN-008165,CLT-0062,2025-06-11 14:42:30,3257.56,EUR,Virement,France,False
TXN-008166,CLT-0046,2025-07-03 14:42:30,3625.24,EUR,Virement,Russie,False
TXN-008167,CLT-0083,2025-11-15 14:42:30,4055.48,EUR,Virement,Îles Caïmans,False
TXN-008168,CLT-0019,2026-01-20 14:42:30,3159.54,EUR,Retrait,France,False
TXN-008169,CLT-0020,2025-09-04 14:42:30,2443.44,EUR,Dépôt,Îles Caïmans,False
TXN-008170,CLT-0083,2025-06-21 14:42:30,15957.44,EUR,Virement international,Panama,True
TXN-008171,CLT-0030,2026-01-16 14:42:30,3148.42,EUR,Virement international,Espagne,False
TXN-008172,CLT-0075,2025-05-29 14:42:30,18936.32,EUR,Virement,Îles Caïmans,True
TXN-008173,CLT-0012,2025-08-26 14:42:30,3678.2,EUR,Dépôt,Îles Caïmans,False
TXN-008174,CLT-0004,2026-02-04 14:42:30,3311.58,EUR,Virement international,France,False
TXN-008175,CLT-0028,2025-08-19 14:42:30,428.4,EUR,Dépôt,Allemagne,False
TXN-008176,CLT-0032,2025-10-17 14:42:30,2841.46,EUR,Dépôt,Îles Caïmans,False
TXN-008177,CLT-0064,2025-08-19 14:42:30,3464.99,EUR,Paiement carte,Allemagne,False
TXN-008178,CLT-0034,2025-05-19 14:42:30,733.42,EUR,Virement,Îles Caïmans,False
TXN-008179,CLT-0063,2025-08-12 14:42:30,729.79,EUR,Dépôt,Allemagne,False
TXN-008180,CLT-0039,2025-08-31 14:42:30,43415.62,EUR,Retrait,Allemagne,True
TXN-008181,CLT-0067,2025-12-10 14:42:30,53959.28,EUR,Paiement carte,France,True
TXN-008182,CLT-0075,2026-02-14 14:42:30,4749.85,EUR,Dépôt,France,False
TXN-008183,CLT-0076,2025-05-15 14:42:30,852.27,EUR,Virement,Espagne,False
TXN-008184,CLT-0049,2026-02-23 14:42:30,2635.81,EUR,Retrait,Russie,False
TXN-008185,CLT-0024,2026-03-22 14:42:30,1036.61,EUR,Dépôt,France,False
TXN-008186,CLT-0060,2025-07-31 14:42:30,74863.65,EUR,Paiement carte,Îles Caïmans,True
TXN-008187,CLT-0080,2026-03-21 14:42:30,45.03,EUR,Paiement carte,Espagne,False
TXN-008188,CLT-0044,2025-10-08 14:42:30,4936.69,EUR,Retrait,France,False
TXN-008189,CLT-0067,2025-10-20 14:42:30,4225.57,EUR,Dépôt,France,False
TXN-008190,CLT-0048,2025-09-11 14:42:30,898.11,EUR,Virement,Russie,False
TXN-008191,CLT-0019,2025-06-11 14:42:30,40326.31,EUR,Virement international,Espagne,True
TXN-008192,CLT-0092,2026-04-29 14:42:30,3215.56,EUR,Dépôt,France,False
TXN-008193,CLT-0034,2025-09-30 14:42:30,1778.69,EUR,Dépôt,France,False
TXN-008194,CLT-0059,2025-08-13 14:42:30,2103.34,EUR,Virement international,Espagne,False
TXN-008195,CLT-0016,2026-01-06 14:42:30,55469.29,EUR,Retrait,Russie,True
TXN-008196,CLT-0026,2026-01-13 14:42:30,2482.05,EUR,Dépôt,Espagne,False
TXN-008197,CLT-0033,2026-03-09 14:42:30,3189.66,EUR,Dépôt,France,False
TXN-008198,CLT-0069,2025-08-09 14:42:30,4767.83,EUR,Virement,Îles Caïmans,False
TXN-008199,CLT-0032,2025-11-08 14:42:30,3320.16,EUR,Dépôt,France,False
TXN-008200,CLT-0040,2025-11-14 14:42:30,3503.83,EUR,Paiement carte,France,False
TXN-008201,CLT-0099,2025-06-17 14:42:30,502.55,EUR,Virement international,France,False
TXN-008202,CLT-0100,2025-06-03 14:42:30,16684.08,EUR,Paiement carte,Allemagne,True
TXN-008203,CLT-0081,2026-04-03 14:42:30,3305.68,EUR,Retrait,Allemagne,False
TXN-008204,CLT-0037,2026-01-05 14:42:30,1573.78,EUR,Virement international,France,False
TXN-008205,CLT-0010,2025-09-12 14:42:30,682.0,EUR,Retrait,Russie,False
TXN-008206,CLT-0050,2025-11-30 14:42:30,3489.56,EUR,Virement international,Panama,False
TXN-008207,CLT-0076,2026-05-11 14:42:30,4170.67,EUR,Virement,Russie,False
TXN-008208,CLT-0002,2026-01-04 14:42:30,2442.39,EUR,Virement international,France,False
TXN-008209,CLT-0077,2025-08-11 14:42:30,153.69,EUR,Retrait,France,False
TXN-008210,CLT-0034,2025-10-19 14:42:30,233.17,EUR,Virement,Îles Caïmans,False
TXN-008211,CLT-0020,2026-04-27 14:42:30,3746.76,EUR,Virement international,Allemagne,False
TXN-008212,CLT-0054,2026-03-10 14:42:30,1266.63,EUR,Dépôt,Russie,False
TXN-008213,CLT-0031,2026-02-16 14:42:30,2628.15,EUR,Virement international,Îles Caïmans,False
TXN-008214,CLT-0006,2025-10-14 14:42:30,900.31,EUR,Virement,France,False
TXN-008215,CLT-0016,2025-06-05 14:42:30,2723.31,EUR,Virement international,France,False
TXN-008216,CLT-0043,2026-05-13 14:42:30,29526.31,EUR,Retrait,Russie,True
TXN-008217,CLT-0068,2025-10-22 14:42:30,2735.31,EUR,Paiement carte,France,False
TXN-008218,CLT-0020,2025-06-26 14:42:30,3281.68,EUR,Virement,Allemagne,False
TXN-008219,CLT-0009,2025-08-09 14:42:30,14135.29,EUR,Paiement carte,France,True
TXN-008220,CLT-0076,2025-05-16 14:42:30,1033.29,EUR,Paiement carte,Îles Caïmans,False
TXN-008221,CLT-0047,2026-03-17 14:42:30,1964.02,EUR,Dépôt,France,False
TXN-008222,CLT-0075,2026-04-09 14:42:30,4889.6,EUR,Virement international,France,False
TXN-008223,CLT-0017,2025-05-31 14:42:30,4193.57,EUR,Paiement carte,France,False
TXN-008224,CLT-0077,2025-05-23 14:42:30,841.65,EUR,Dépôt,France,False
TXN-008225,CLT-0069,2025-11-24 14:42:30,2050.41,EUR,Retrait,Espagne,False
TXN-008226,CLT-0026,2025-10-26 14:42:30,3520.41,EUR,Virement international,Russie,False
TXN-008227,CLT-0045,2025-11-29 14:42:30,1353.96,EUR,Virement international,France,False
TXN-008228,CLT-0031,2026-01-16 14:42:30,20249.22,EUR,Dépôt,Panama,True
TXN-008229,CLT-0020,2025-09-22 14:42:30,2525.72,EUR,Virement international,Allemagne,False
TXN-008230,CLT-0067,2025-06-16 14:42:30,3277.43,EUR,Virement international,France,False
TXN-008231,CLT-0004,2025-07-10 14:42:30,417.41,EUR,Dépôt,Panama,False
TXN-008232,CLT-0027,2025-11-07 14:42:30,2779.89,EUR,Virement,France,False
TXN-008233,CLT-0077,2025-07-18 14:42:30,440.6,EUR,Virement,Espagne,False
TXN-008234,CLT-0081,2025-11-27 14:42:30,48717.41,EUR,Retrait,France,True
TXN-008235,CLT-0079,2025-08-26 14:42:30,2983.03,EUR,Virement,Espagne,False
TXN-008236,CLT-0011,2025-08-09 14:42:30,1323.66,EUR,Virement,France,False
TXN-008237,CLT-0044,2025-12-21 14:42:30,817.07,EUR,Virement international,Espagne,False
TXN-008238,CLT-0033,2025-07-17 14:42:30,2423.39,EUR,Virement,France,False
TXN-008239,CLT-0071,2026-02-08 14:42:30,879.81,EUR,Virement international,Îles Caïmans,False
TXN-008240,CLT-0064,2026-05-02 14:42:30,2704.93,EUR,Retrait,France,False
TXN-008241,CLT-0003,2025-06-09 14:42:30,2791.66,EUR,Dépôt,Russie,False
TXN-008242,CLT-0037,2025-09-01 14:42:30,410.86,EUR,Retrait,Panama,False
TXN-008243,CLT-0079,2025-06-11 14:42:30,3431.21,EUR,Retrait,Panama,False
TXN-008244,CLT-0098,2025-05-21 14:42:30,4098.21,EUR,Dépôt,Îles Caïmans,False
TXN-008245,CLT-0035,2025-08-06 14:42:30,3513.99,EUR,Paiement carte,France,False
TXN-008246,CLT-0072,2025-06-13 14:42:30,37533.06,EUR,Virement,France,True
TXN-008247,CLT-0035,2026-02-24 14:42:30,1907.1,EUR,Retrait,Espagne,False
TXN-008248,CLT-0062,2025-12-18 14:42:30,4906.31,EUR,Virement,France,False
TXN-008249,CLT-0074,2026-03-15 14:42:30,87274.71,EUR,Virement,Îles Caïmans,True
TXN-008250,CLT-0040,2026-03-03 14:42:30,2247.88,EUR,Dépôt,Îles Caïmans,False
TXN-008251,CLT-0089,2025-09-13 14:42:30,89671.45,EUR,Paiement carte,France,True
TXN-008252,CLT-0037,2025-09-07 14:42:30,2667.96,EUR,Paiement carte,Îles Caïmans,False
TXN-008253,CLT-0088,2026-04-16 14:42:30,4490.55,EUR,Virement international,Allemagne,False
TXN-008254,CLT-0078,2025-08-12 14:42:30,668.84,EUR,Virement,France,False
TXN-008255,CLT-0092,2026-04-25 14:42:30,3374.86,EUR,Paiement carte,Allemagne,False
TXN-008256,CLT-0099,2025-06-26 14:42:30,2306.42,EUR,Virement,France,False
TXN-008257,CLT-0006,2026-03-06 14:42:30,4447.99,EUR,Retrait,France,False
TXN-008258,CLT-0062,2025-07-29 14:42:30,1587.0,EUR,Dépôt,Russie,False
TXN-008259,CLT-0072,2025-10-04 14:42:30,4920.6,EUR,Retrait,Russie,False
TXN-008260,CLT-0094,2025-11-10 14:42:30,4788.17,EUR,Dépôt,Panama,False
TXN-008261,CLT-0042,2025-08-01 14:42:30,52276.31,EUR,Paiement carte,Panama,True
TXN-008262,CLT-0035,2025-10-29 14:42:30,91214.58,EUR,Virement international,Russie,True
TXN-008263,CLT-0066,2025-12-06 14:42:30,3292.63,EUR,Paiement carte,France,False
TXN-008264,CLT-0044,2026-02-13 14:42:30,265.85,EUR,Dépôt,Espagne,False
TXN-008265,CLT-0031,2026-01-06 14:42:30,1332.45,EUR,Dépôt,Russie,False
TXN-008266,CLT-0034,2025-07-18 14:42:30,1752.12,EUR,Virement international,Espagne,False
TXN-008267,CLT-0089,2026-03-14 14:42:30,40.2,EUR,Dépôt,Panama,False
TXN-008268,CLT-0028,2025-10-28 14:42:30,65973.18,EUR,Retrait,Russie,True
TXN-008269,CLT-0084,2025-11-23 14:42:30,60492.12,EUR,Virement,France,True
TXN-008270,CLT-0016,2025-06-16 14:42:30,2956.79,EUR,Retrait,Russie,False
TXN-008271,CLT-0045,2025-07-02 14:42:30,1826.22,EUR,Dépôt,Espagne,False
TXN-008272,CLT-0086,2026-03-22 14:42:30,2878.58,EUR,Retrait,Allemagne,False
TXN-008273,CLT-0010,2025-12-17 14:42:30,3241.96,EUR,Virement international,Russie,False
TXN-008274,CLT-0011,2026-03-30 14:42:30,4453.16,EUR,Virement international,France,False
TXN-008275,CLT-0057,2025-11-01 14:42:30,3572.0,EUR,Paiement carte,Espagne,False
TXN-008276,CLT-0034,2026-04-17 14:42:30,976.45,EUR,Virement international,France,False
TXN-008277,CLT-0020,2025-07-08 14:42:30,2603.64,EUR,Paiement carte,France,False
TXN-008278,CLT-0074,2025-10-13 14:42:30,1124.52,EUR,Dépôt,Russie,False
TXN-008279,CLT-0040,2025-06-22 14:42:30,3026.24,EUR,Paiement carte,Îles Caïmans,False
TXN-008280,CLT-0028,2025-07-19 14:42:30,2588.73,EUR,Virement international,Îles Caïmans,False
TXN-008281,CLT-0090,2026-03-28 14:42:30,62971.24,EUR,Virement international,Russie,True
TXN-008282,CLT-0068,2025-12-03 14:42:30,1921.67,EUR,Virement,Espagne,False
TXN-008283,CLT-0082,2025-10-13 14:42:30,3949.18,EUR,Dépôt,France,False
TXN-008284,CLT-0073,2025-09-27 14:42:30,4526.89,EUR,Virement,France,False
TXN-008285,CLT-0018,2026-04-10 14:42:30,976.64,EUR,Paiement carte,France,False
TXN-008286,CLT-0039,2025-09-05 14:42:30,3487.59,EUR,Virement,France,False
TXN-008287,CLT-0097,2025-08-14 14:42:30,4974.97,EUR,Dépôt,Panama,False
TXN-008288,CLT-0055,2025-09-29 14:42:30,2693.38,EUR,Virement international,Panama,False
TXN-008289,CLT-0082,2026-03-26 14:42:30,4356.13,EUR,Retrait,Îles Caïmans,False
TXN-008290,CLT-0067,2025-09-02 14:42:30,1143.47,EUR,Retrait,Russie,False
TXN-008291,CLT-0089,2025-08-20 14:42:30,554.89,EUR,Retrait,Panama,False
TXN-008292,CLT-0095,2026-02-15 14:42:30,1542.18,EUR,Retrait,Espagne,False
TXN-008293,CLT-0023,2026-01-30 14:42:30,3586.85,EUR,Dépôt,France,False
TXN-008294,CLT-0041,2025-11-17 14:42:30,913.81,EUR,Paiement carte,France,False
TXN-008295,CLT-0090,2026-02-11 14:42:30,3831.62,EUR,Paiement carte,Espagne,False
TXN-008296,CLT-0077,2025-12-20 14:42:30,1671.38,EUR,Retrait,Îles Caïmans,False
TXN-008297,CLT-0020,2026-04-15 14:42:30,2484.12,EUR,Retrait,France,False
TXN-008298,CLT-0017,2026-04-26 14:42:30,3173.4,EUR,Virement international,France,False
TXN-008299,CLT-0063,2025-06-24 14:42:30,41089.51,EUR,Paiement carte,Allemagne,True
TXN-008300,CLT-0036,2026-01-27 14:42:30,1376.23,EUR,Paiement carte,France,False
TXN-008301,CLT-0027,2025-11-02 14:42:30,4998.81,EUR,Retrait,Panama,False
TXN-008302,CLT-0082,2025-10-19 14:42:30,378.44,EUR,Retrait,Russie,False
TXN-008303,CLT-0013,2026-02-25 14:42:30,22881.81,EUR,Dépôt,France,True
TXN-008304,CLT-0045,2026-01-17 14:42:30,3202.75,EUR,Virement,Russie,False
TXN-008305,CLT-0065,2025-10-30 14:42:30,25225.23,EUR,Dépôt,France,True
TXN-008306,CLT-0040,2025-06-10 14:42:30,3724.76,EUR,Virement international,Panama,False
TXN-008307,CLT-0093,2026-03-02 14:42:30,265.94,EUR,Retrait,Panama,False
TXN-008308,CLT-0033,2026-02-16 14:42:30,2358.21,EUR,Virement,Panama,False
TXN-008309,CLT-0006,2026-01-12 14:42:30,4664.69,EUR,Paiement carte,France,False
TXN-008310,CLT-0003,2025-07-04 14:42:30,4967.13,EUR,Virement,Espagne,False
TXN-008311,CLT-0018,2025-07-08 14:42:30,2658.83,EUR,Paiement carte,Panama,False
TXN-008312,CLT-0007,2025-12-27 14:42:30,834.0,EUR,Virement international,Russie,False
TXN-008313,CLT-0086,2025-07-30 14:42:30,40542.13,EUR,Retrait,Allemagne,True
TXN-008314,CLT-0031,2025-10-20 14:42:30,4750.61,EUR,Virement international,Panama,False
TXN-008315,CLT-0072,2026-02-24 14:42:30,325.9,EUR,Dépôt,Allemagne,False
TXN-008316,CLT-0068,2025-12-12 14:42:30,3891.77,EUR,Paiement carte,France,False
TXN-008317,CLT-0063,2025-11-10 14:42:30,38035.54,EUR,Retrait,Allemagne,True
TXN-008318,CLT-0095,2025-06-28 14:42:30,26.46,EUR,Retrait,Îles Caïmans,False
TXN-008319,CLT-0037,2025-06-03 14:42:30,14.84,EUR,Virement,Espagne,False
TXN-008320,CLT-0004,2025-11-05 14:42:30,4423.55,EUR,Virement,Russie,False
TXN-008321,CLT-0087,2025-10-14 14:42:30,87.44,EUR,Paiement carte,Panama,False
TXN-008322,CLT-0082,2025-07-04 14:42:30,2583.96,EUR,Virement,Îles Caïmans,False
TXN-008323,CLT-0064,2025-07-15 14:42:30,4667.23,EUR,Retrait,France,False
TXN-008324,CLT-0033,2026-04-22 14:42:30,1454.47,EUR,Retrait,France,False
TXN-008325,CLT-0074,2026-04-11 14:42:30,28799.82,EUR,Virement,France,True
TXN-008326,CLT-0013,2025-09-15 14:42:30,4264.36,EUR,Retrait,Îles Caïmans,False
TXN-008327,CLT-0098,2026-04-03 14:42:30,1706.01,EUR,Virement,Espagne,False
TXN-008328,CLT-0020,2026-04-18 14:42:30,743.45,EUR,Virement international,Îles Caïmans,False
TXN-008329,CLT-0021,2026-01-23 14:42:30,78968.32,EUR,Virement international,Îles Caïmans,True
TXN-008330,CLT-0035,2026-03-13 14:42:30,4581.74,EUR,Virement,France,False
TXN-008331,CLT-0018,2025-12-12 14:42:30,4650.16,EUR,Retrait,Espagne,False
TXN-008332,CLT-0031,2025-12-17 14:42:30,789.44,EUR,Virement,France,False
TXN-008333,CLT-0008,2025-05-19 14:42:30,666.19,EUR,Virement,France,False
TXN-008334,CLT-0078,2025-08-17 14:42:30,19258.91,EUR,Retrait,France,True
TXN-008335,CLT-0083,2026-04-12 14:42:30,1186.62,EUR,Virement international,Russie,False
TXN-008336,CLT-0043,2026-01-14 14:42:30,3573.59,EUR,Retrait,France,False
TXN-008337,CLT-0082,2026-03-15 14:42:30,4866.16,EUR,Paiement carte,Îles Caïmans,False
TXN-008338,CLT-0067,2025-05-22 14:42:30,1410.58,EUR,Dépôt,Îles Caïmans,False
TXN-008339,CLT-0008,2025-12-18 14:42:30,4001.23,EUR,Virement international,Russie,False
TXN-008340,CLT-0049,2026-01-23 14:42:30,4670.36,EUR,Virement,Espagne,False
TXN-008341,CLT-0060,2025-06-19 14:42:30,24462.07,EUR,Virement,France,True
TXN-008342,CLT-0049,2026-01-12 14:42:30,4481.65,EUR,Virement,France,False
TXN-008343,CLT-0093,2026-03-12 14:42:30,946.57,EUR,Dépôt,Îles Caïmans,False
TXN-008344,CLT-0009,2025-10-10 14:42:30,3622.93,EUR,Paiement carte,Allemagne,False
TXN-008345,CLT-0042,2025-12-15 14:42:30,2942.62,EUR,Virement international,Russie,False
TXN-008346,CLT-0070,2026-02-02 14:42:30,4326.14,EUR,Retrait,Espagne,False
TXN-008347,CLT-0036,2026-04-11 14:42:30,2517.23,EUR,Paiement carte,France,False
TXN-008348,CLT-0068,2026-02-20 14:42:30,837.11,EUR,Retrait,Allemagne,False
TXN-008349,CLT-0065,2026-02-02 14:42:30,3933.98,EUR,Dépôt,France,False
TXN-008350,CLT-0004,2025-07-10 14:42:30,1095.18,EUR,Paiement carte,France,False
TXN-008351,CLT-0091,2025-07-20 14:42:30,146.76,EUR,Dépôt,France,False
TXN-008352,CLT-0039,2025-12-22 14:42:30,3440.32,EUR,Virement,France,False
TXN-008353,CLT-0076,2026-02-08 14:42:30,4622.97,EUR,Retrait,Espagne,False
TXN-008354,CLT-0004,2025-06-02 14:42:30,1945.47,EUR,Virement international,Allemagne,False
TXN-008355,CLT-0083,2025-05-21 14:42:30,1141.2,EUR,Dépôt,France,False
TXN-008356,CLT-0079,2025-05-23 14:42:30,4545.3,EUR,Retrait,Allemagne,False
TXN-008357,CLT-0046,2026-03-17 14:42:30,2300.81,EUR,Retrait,Panama,False
TXN-008358,CLT-0027,2026-01-14 14:42:30,4064.17,EUR,Virement international,Russie,False
TXN-008359,CLT-0080,2025-11-08 14:42:30,4716.94,EUR,Virement,France,False
TXN-008360,CLT-0082,2025-07-21 14:42:30,3814.6,EUR,Dépôt,Panama,False
TXN-008361,CLT-0008,2025-11-18 14:42:30,1813.43,EUR,Virement international,France,False
TXN-008362,CLT-0029,2026-03-08 14:42:30,4546.55,EUR,Retrait,Allemagne,False
TXN-008363,CLT-0054,2025-07-31 14:42:30,49938.68,EUR,Virement,Îles Caïmans,True
TXN-008364,CLT-0051,2025-12-12 14:42:30,1524.47,EUR,Paiement carte,Espagne,False
TXN-008365,CLT-0022,2025-11-15 14:42:30,3154.23,EUR,Virement international,France,False
TXN-008366,CLT-0083,2025-11-07 14:42:30,1255.57,EUR,Paiement carte,Panama,False
TXN-008367,CLT-0074,2025-10-30 14:42:30,63508.18,EUR,Retrait,France,True
TXN-008368,CLT-0001,2025-06-09 14:42:30,4694.19,EUR,Retrait,Panama,False
TXN-008369,CLT-0082,2025-11-06 14:42:30,3390.66,EUR,Dépôt,France,False
TXN-008370,CLT-0097,2026-04-12 14:42:30,3732.52,EUR,Dépôt,Panama,False
TXN-008371,CLT-0010,2025-12-09 14:42:30,897.92,EUR,Retrait,Îles Caïmans,False
TXN-008372,CLT-0065,2025-06-17 14:42:30,2234.03,EUR,Virement,Espagne,False
TXN-008373,CLT-0052,2025-07-26 14:42:30,3697.45,EUR,Dépôt,Russie,False
TXN-008374,CLT-0022,2025-12-28 14:42:30,25432.97,EUR,Dépôt,Panama,True
TXN-008375,CLT-0004,2026-02-23 14:42:30,4892.28,EUR,Paiement carte,Panama,False
TXN-008376,CLT-0018,2026-01-18 14:42:30,3635.08,EUR,Paiement carte,France,False
TXN-008377,CLT-0090,2026-04-13 14:42:30,1111.07,EUR,Retrait,Russie,False
TXN-008378,CLT-0035,2025-05-14 14:42:30,20994.07,EUR,Retrait,France,True
TXN-008379,CLT-0053,2025-06-01 14:42:30,13651.39,EUR,Virement international,Allemagne,True
TXN-008380,CLT-0031,2025-11-08 14:42:30,160.51,EUR,Virement,France,False
TXN-008381,CLT-0036,2025-10-20 14:42:30,1823.62,EUR,Virement international,Russie,False
TXN-008382,CLT-0056,2026-04-12 14:42:30,2749.63,EUR,Paiement carte,Îles Caïmans,False
TXN-008383,CLT-0081,2025-10-14 14:42:30,825.0,EUR,Retrait,France,False
TXN-008384,CLT-0059,2026-04-28 14:42:30,3298.64,EUR,Virement international,France,False
TXN-008385,CLT-0014,2026-04-25 14:42:30,3661.37,EUR,Retrait,Espagne,False
TXN-008386,CLT-0099,2025-08-18 14:42:30,4849.95,EUR,Virement,Panama,False
TXN-008387,CLT-0014,2026-03-09 14:42:30,3204.45,EUR,Virement,Russie,False
TXN-008388,CLT-0004,2026-05-03 14:42:30,2936.2,EUR,Dépôt,Espagne,False
TXN-008389,CLT-0100,2025-06-11 14:42:30,4134.86,EUR,Virement,Russie,False
TXN-008390,CLT-0094,2026-04-07 14:42:30,969.79,EUR,Dépôt,France,False
TXN-008391,CLT-0027,2025-07-10 14:42:30,1423.31,EUR,Virement,Îles Caïmans,False
TXN-008392,CLT-0017,2026-03-31 14:42:30,4442.0,EUR,Virement,France,False
TXN-008393,CLT-0088,2025-12-24 14:42:30,3359.51,EUR,Retrait,France,False
TXN-008394,CLT-0028,2026-05-09 14:42:30,38277.38,EUR,Virement,Panama,True
TXN-008395,CLT-0041,2025-08-05 14:42:30,2572.68,EUR,Virement,Îles Caïmans,False
TXN-008396,CLT-0046,2025-09-28 14:42:30,3856.12,EUR,Virement,Espagne,False
TXN-008397,CLT-0010,2025-11-18 14:42:30,53447.63,EUR,Dépôt,Îles Caïmans,True
TXN-008398,CLT-0093,2025-12-28 14:42:30,38552.7,EUR,Retrait,Russie,True
TXN-008399,CLT-0044,2026-04-10 14:42:30,3429.64,EUR,Retrait,Îles Caïmans,False
TXN-008400,CLT-0016,2026-03-12 14:42:30,91921.49,EUR,Virement,Îles Caïmans,True
TXN-008401,CLT-0033,2026-03-25 14:42:30,3627.29,EUR,Retrait,Panama,False
TXN-008402,CLT-0051,2026-04-25 14:42:30,1323.59,EUR,Virement,Îles Caïmans,False
TXN-008403,CLT-0090,2026-01-03 14:42:30,61.98,EUR,Paiement carte,France,False
TXN-008404,CLT-0090,2026-03-12 14:42:30,1745.34,EUR,Virement,Russie,False
TXN-008405,CLT-0019,2026-02-07 14:42:30,4484.48,EUR,Virement,Russie,False
TXN-008406,CLT-0083,2025-08-07 14:42:30,71828.63,EUR,Dépôt,Panama,True
TXN-008407,CLT-0003,2025-12-11 14:42:30,3740.6,EUR,Virement international,Îles Caïmans,False
TXN-008408,CLT-0055,2025-07-05 14:42:30,182.07,EUR,Virement international,France,False
TXN-008409,CLT-0053,2026-01-13 14:42:30,4726.83,EUR,Virement,France,False
TXN-008410,CLT-0095,2025-07-19 14:42:30,4614.55,EUR,Virement international,Allemagne,False
TXN-008411,CLT-0013,2025-07-15 14:42:30,4167.42,EUR,Dépôt,France,False
TXN-008412,CLT-0065,2025-05-29 14:42:30,59772.1,EUR,Virement,France,True
TXN-008413,CLT-0091,2025-09-24 14:42:30,4308.54,EUR,Virement,France,False
TXN-008414,CLT-0024,2025-06-18 14:42:30,4228.08,EUR,Virement international,Russie,False
TXN-008415,CLT-0043,2026-04-04 14:42:30,1536.46,EUR,Virement international,Espagne,False
TXN-008416,CLT-0082,2025-12-29 14:42:30,4004.6,EUR,Retrait,Espagne,False
TXN-008417,CLT-0052,2026-02-26 14:42:30,4105.93,EUR,Paiement carte,Espagne,False
TXN-008418,CLT-0091,2025-08-14 14:42:30,2401.23,EUR,Paiement carte,Îles Caïmans,False
TXN-008419,CLT-0009,2025-08-06 14:42:30,4472.23,EUR,Virement,France,False
TXN-008420,CLT-0073,2026-02-15 14:42:30,4761.45,EUR,Retrait,Russie,False
TXN-008421,CLT-0095,2026-05-04 14:42:30,31584.8,EUR,Paiement carte,Russie,True
TXN-008422,CLT-0085,2026-01-14 14:42:30,3091.48,EUR,Paiement carte,Russie,False
TXN-008423,CLT-0001,2025-09-03 14:42:30,342.58,EUR,Virement international,France,False
TXN-008424,CLT-0029,2025-07-05 14:42:30,278.5,EUR,Dépôt,France,False
TXN-008425,CLT-0025,2026-01-21 14:42:30,4307.58,EUR,Virement,Panama,False
TXN-008426,CLT-0024,2025-07-30 14:42:30,900.29,EUR,Retrait,Îles Caïmans,False
TXN-008427,CLT-0083,2025-10-27 14:42:30,4144.86,EUR,Retrait,France,False
TXN-008428,CLT-0076,2026-02-25 14:42:30,79885.13,EUR,Dépôt,France,True
TXN-008429,CLT-0008,2025-10-20 14:42:30,1912.97,EUR,Virement international,Îles Caïmans,False
TXN-008430,CLT-0012,2026-03-18 14:42:30,2122.12,EUR,Virement,Espagne,False
TXN-008431,CLT-0096,2026-04-30 14:42:30,28825.07,EUR,Virement international,France,True
TXN-008432,CLT-0051,2025-09-11 14:42:30,3361.33,EUR,Paiement carte,Allemagne,False
TXN-008433,CLT-0054,2025-08-16 14:42:30,112.99,EUR,Retrait,Allemagne,False
TXN-008434,CLT-0045,2025-06-16 14:42:30,2920.24,EUR,Virement,Îles Caïmans,False
TXN-008435,CLT-0055,2025-09-03 14:42:30,2027.97,EUR,Virement,Panama,False
TXN-008436,CLT-0084,2026-04-30 14:42:30,2635.37,EUR,Virement,Panama,False
TXN-008437,CLT-0007,2025-07-06 14:42:30,252.85,EUR,Virement international,Allemagne,False
TXN-008438,CLT-0047,2026-02-07 14:42:30,62438.82,EUR,Virement,France,True
TXN-008439,CLT-0056,2025-11-05 14:42:30,4880.72,EUR,Dépôt,Espagne,False
TXN-008440,CLT-0100,2025-12-17 14:42:30,2929.34,EUR,Virement,France,False
TXN-008441,CLT-0007,2025-10-25 14:42:30,2094.72,EUR,Dépôt,France,False
TXN-008442,CLT-0079,2025-07-18 14:42:30,2985.17,EUR,Virement,Russie,False
TXN-008443,CLT-0065,2025-06-25 14:42:30,2910.49,EUR,Virement,Espagne,False
TXN-008444,CLT-0064,2025-10-14 14:42:30,2687.63,EUR,Virement international,Espagne,False
TXN-008445,CLT-0058,2026-03-27 14:42:30,1192.68,EUR,Paiement carte,Espagne,False
TXN-008446,CLT-0016,2026-03-27 14:42:30,4778.75,EUR,Paiement carte,Îles Caïmans,False
TXN-008447,CLT-0086,2025-05-24 14:42:30,1863.04,EUR,Virement,Espagne,False
TXN-008448,CLT-0026,2025-06-19 14:42:30,2473.6,EUR,Virement,Panama,False
TXN-008449,CLT-0017,2025-06-07 14:42:30,1778.53,EUR,Retrait,Panama,False
TXN-008450,CLT-0051,2025-07-31 14:42:30,54839.08,EUR,Virement,Allemagne,True
TXN-008451,CLT-0064,2025-10-08 14:42:30,303.85,EUR,Dépôt,Îles Caïmans,False
TXN-008452,CLT-0061,2025-10-23 14:42:30,1806.74,EUR,Dépôt,Allemagne,False
TXN-008453,CLT-0041,2026-04-05 14:42:30,1631.7,EUR,Retrait,Espagne,False
TXN-008454,CLT-0037,2025-09-03 14:42:30,4905.09,EUR,Retrait,France,False
TXN-008455,CLT-0008,2026-02-15 14:42:30,2595.42,EUR,Paiement carte,France,False
TXN-008456,CLT-0064,2026-01-27 14:42:30,3578.88,EUR,Virement international,France,False
TXN-008457,CLT-0082,2026-01-06 14:42:30,587.22,EUR,Retrait,France,False
TXN-008458,CLT-0013,2026-01-02 14:42:30,4236.91,EUR,Paiement carte,France,False
TXN-008459,CLT-0060,2025-07-22 14:42:30,3076.44,EUR,Dépôt,Russie,False
TXN-008460,CLT-0015,2025-11-13 14:42:30,2678.5,EUR,Paiement carte,Îles Caïmans,False
TXN-008461,CLT-0034,2025-10-23 14:42:30,9607.44,EUR,Dépôt,Espagne,True
TXN-008462,CLT-0076,2026-01-19 14:42:30,249.4,EUR,Dépôt,Îles Caïmans,False
TXN-008463,CLT-0019,2025-06-16 14:42:30,2176.51,EUR,Retrait,France,False
TXN-008464,CLT-0017,2025-09-28 14:42:30,3452.19,EUR,Paiement carte,France,False
TXN-008465,CLT-0005,2025-06-16 14:42:30,31365.36,EUR,Retrait,Îles Caïmans,True
TXN-008466,CLT-0084,2025-08-19 14:42:30,81890.76,EUR,Dépôt,Îles Caïmans,True
TXN-008467,CLT-0012,2026-03-02 14:42:30,1662.15,EUR,Virement international,Panama,False
TXN-008468,CLT-0033,2025-10-20 14:42:30,2540.64,EUR,Virement international,Allemagne,False
TXN-008469,CLT-0036,2025-09-25 14:42:30,3346.69,EUR,Dépôt,Allemagne,False
TXN-008470,CLT-0006,2025-08-14 14:42:30,4817.31,EUR,Retrait,Allemagne,False
TXN-008471,CLT-0011,2025-10-15 14:42:30,2786.73,EUR,Dépôt,Espagne,False
TXN-008472,CLT-0086,2026-01-19 14:42:30,3662.27,EUR,Paiement carte,Allemagne,False
TXN-008473,CLT-0080,2026-04-25 14:42:30,3224.09,EUR,Virement,Panama,False
TXN-008474,CLT-0078,2025-09-16 14:42:30,1121.39,EUR,Dépôt,Russie,False
TXN-008475,CLT-0092,2025-08-16 14:42:30,1088.21,EUR,Retrait,Espagne,False
TXN-008476,CLT-0021,2026-05-07 14:42:30,2866.41,EUR,Dépôt,France,False
TXN-008477,CLT-0021,2025-11-19 14:42:30,2690.73,EUR,Retrait,Espagne,False
TXN-008478,CLT-0041,2026-04-03 14:42:30,4753.03,EUR,Virement,France,False
TXN-008479,CLT-0052,2025-09-04 14:42:30,78840.24,EUR,Virement,Îles Caïmans,True
TXN-008480,CLT-0041,2025-10-07 14:42:30,9716.66,EUR,Virement international,Russie,True
TXN-008481,CLT-0017,2025-12-06 14:42:30,808.73,EUR,Dépôt,Îles Caïmans,False
TXN-008482,CLT-0028,2025-07-22 14:42:30,662.67,EUR,Virement international,Panama,False
TXN-008483,CLT-0081,2026-04-22 14:42:30,3196.7,EUR,Dépôt,Espagne,False
TXN-008484,CLT-0074,2026-01-14 14:42:30,98.64,EUR,Virement international,Îles Caïmans,False
TXN-008485,CLT-0096,2026-02-01 14:42:30,4419.07,EUR,Dépôt,Îles Caïmans,False
TXN-008486,CLT-0097,2025-07-09 14:42:30,4950.68,EUR,Virement,France,False
TXN-008487,CLT-0051,2025-08-15 14:42:30,1478.13,EUR,Virement,France,False
TXN-008488,CLT-0029,2025-11-25 14:42:30,2028.09,EUR,Retrait,Allemagne,False
TXN-008489,CLT-0003,2026-01-30 14:42:30,1729.32,EUR,Paiement carte,France,False
TXN-008490,CLT-0080,2026-03-21 14:42:30,3008.61,EUR,Virement,Espagne,False
TXN-008491,CLT-0055,2025-08-22 14:42:30,3483.16,EUR,Virement,France,False
TXN-008492,CLT-0029,2025-06-21 14:42:30,2582.92,EUR,Retrait,Espagne,False
TXN-008493,CLT-0068,2025-07-07 14:42:30,361.49,EUR,Retrait,Espagne,False
TXN-008494,CLT-0027,2025-08-26 14:42:30,3770.33,EUR,Retrait,Russie,False
TXN-008495,CLT-0063,2025-06-14 14:42:30,549.17,EUR,Dépôt,France,False
TXN-008496,CLT-0029,2025-12-07 14:42:30,127.94,EUR,Virement international,France,False
TXN-008497,CLT-0087,2025-11-12 14:42:30,25399.95,EUR,Virement,France,True
TXN-008498,CLT-0043,2025-09-27 14:42:30,2144.74,EUR,Dépôt,France,False
TXN-008499,CLT-0062,2025-12-01 14:42:30,35913.97,EUR,Paiement carte,France,True
TXN-008500,CLT-0027,2025-09-24 14:42:30,1968.38,EUR,Retrait,Îles Caïmans,False
TXN-008501,CLT-0061,2026-01-04 14:42:30,23726.44,EUR,Dépôt,France,True
TXN-008502,CLT-0056,2026-03-27 14:42:30,3824.76,EUR,Retrait,France,False
TXN-008503,CLT-0009,2025-05-16 14:42:30,2189.31,EUR,Dépôt,France,False
TXN-008504,CLT-0054,2026-01-10 14:42:30,1329.49,EUR,Dépôt,Panama,False
TXN-008505,CLT-0058,2025-05-22 14:42:30,53892.01,EUR,Dépôt,Russie,True
TXN-008506,CLT-0009,2025-10-27 14:42:30,310.26,EUR,Dépôt,Îles Caïmans,False
TXN-008507,CLT-0099,2026-01-03 14:42:30,50856.27,EUR,Virement,Îles Caïmans,True
TXN-008508,CLT-0008,2026-04-13 14:42:30,4491.79,EUR,Virement international,France,False
TXN-008509,CLT-0087,2026-01-30 14:42:30,3386.25,EUR,Dépôt,Îles Caïmans,False
TXN-008510,CLT-0081,2026-01-06 14:42:30,2236.08,EUR,Virement international,Russie,False
TXN-008511,CLT-0001,2025-12-31 14:42:30,1918.3,EUR,Retrait,Allemagne,False
TXN-008512,CLT-0037,2026-03-12 14:42:30,4987.16,EUR,Dépôt,France,False
TXN-008513,CLT-0001,2025-06-10 14:42:30,2264.0,EUR,Retrait,France,False
TXN-008514,CLT-0099,2025-06-17 14:42:30,1786.83,EUR,Paiement carte,Panama,False
TXN-008515,CLT-0049,2025-06-06 14:42:30,1121.53,EUR,Paiement carte,Panama,False
TXN-008516,CLT-0044,2026-01-05 14:42:30,2276.83,EUR,Dépôt,France,False
TXN-008517,CLT-0066,2025-06-23 14:42:30,1531.71,EUR,Virement international,Allemagne,False
TXN-008518,CLT-0043,2025-11-11 14:42:30,1812.63,EUR,Retrait,Îles Caïmans,False
TXN-008519,CLT-0024,2026-02-16 14:42:30,3145.62,EUR,Virement,Espagne,False
TXN-008520,CLT-0064,2025-12-31 14:42:30,1665.15,EUR,Paiement carte,Panama,False
TXN-008521,CLT-0079,2026-01-31 14:42:30,3546.43,EUR,Virement,France,False
TXN-008522,CLT-0050,2025-09-16 14:42:30,3645.49,EUR,Virement international,France,False
TXN-008523,CLT-0066,2026-01-11 14:42:30,321.56,EUR,Virement international,Panama,False
TXN-008524,CLT-0058,2025-08-21 14:42:30,742.26,EUR,Virement,Panama,False
TXN-008525,CLT-0084,2025-12-26 14:42:30,2593.35,EUR,Dépôt,Allemagne,False
TXN-008526,CLT-0089,2025-06-30 14:42:30,79598.34,EUR,Paiement carte,Allemagne,True
TXN-008527,CLT-0036,2026-02-12 14:42:30,1560.55,EUR,Virement,France,False
TXN-008528,CLT-0069,2026-01-01 14:42:30,4977.33,EUR,Virement,Espagne,False
TXN-008529,CLT-0090,2025-10-28 14:42:30,2582.65,EUR,Virement international,France,False
TXN-008530,CLT-0033,2026-01-31 14:42:30,2262.38,EUR,Retrait,Russie,False
TXN-008531,CLT-0014,2025-09-17 14:42:30,2201.59,EUR,Virement,Panama,False
TXN-008532,CLT-0069,2025-09-10 14:42:30,2285.96,EUR,Virement,Panama,False
TXN-008533,CLT-0021,2025-10-19 14:42:30,621.74,EUR,Virement,Russie,False
TXN-008534,CLT-0031,2026-03-31 14:42:30,4662.71,EUR,Virement international,Russie,False
TXN-008535,CLT-0082,2025-05-21 14:42:30,1465.9,EUR,Retrait,France,False
TXN-008536,CLT-0055,2025-10-22 14:42:30,4218.96,EUR,Paiement carte,France,False
TXN-008537,CLT-0085,2025-06-02 14:42:30,1560.47,EUR,Paiement carte,Îles Caïmans,False
TXN-008538,CLT-0095,2026-02-14 14:42:30,4613.44,EUR,Virement,France,False
TXN-008539,CLT-0081,2025-06-25 14:42:30,2327.57,EUR,Retrait,France,False
TXN-008540,CLT-0055,2025-08-04 14:42:30,2030.05,EUR,Paiement carte,France,False
TXN-008541,CLT-0057,2025-10-25 14:42:30,2284.67,EUR,Virement,Espagne,False
TXN-008542,CLT-0079,2025-09-20 14:42:30,2858.2,EUR,Retrait,Panama,False
TXN-008543,CLT-0025,2026-02-14 14:42:30,1859.31,EUR,Dépôt,France,False
TXN-008544,CLT-0080,2026-04-30 14:42:30,285.25,EUR,Retrait,Espagne,False
TXN-008545,CLT-0031,2025-09-29 14:42:30,1121.3,EUR,Dépôt,Panama,False
TXN-008546,CLT-0097,2025-09-11 14:42:30,4978.18,EUR,Virement,France,False
TXN-008547,CLT-0024,2026-02-07 14:42:30,1580.3,EUR,Virement,France,False
TXN-008548,CLT-0012,2025-09-28 14:42:30,1672.9,EUR,Virement international,France,False
TXN-008549,CLT-0061,2025-09-22 14:42:30,139.79,EUR,Paiement carte,Allemagne,False
TXN-008550,CLT-0051,2026-03-25 14:42:30,593.68,EUR,Dépôt,Panama,False
TXN-008551,CLT-0038,2025-10-21 14:42:30,990.25,EUR,Retrait,Panama,False
TXN-008552,CLT-0047,2026-01-19 14:42:30,50.5,EUR,Retrait,Allemagne,False
TXN-008553,CLT-0094,2026-02-13 14:42:30,3691.27,EUR,Virement,France,False
TXN-008554,CLT-0090,2025-12-11 14:42:30,37345.01,EUR,Paiement carte,Russie,True
TXN-008555,CLT-0038,2026-04-08 14:42:30,4280.56,EUR,Virement international,Panama,False
TXN-008556,CLT-0061,2025-09-26 14:42:30,3817.19,EUR,Virement,Allemagne,False
TXN-008557,CLT-0047,2026-05-13 14:42:30,78008.77,EUR,Paiement carte,France,True
TXN-008558,CLT-0009,2026-04-22 14:42:30,988.92,EUR,Dépôt,Allemagne,False
TXN-008559,CLT-0051,2026-02-04 14:42:30,1860.77,EUR,Paiement carte,Allemagne,False
TXN-008560,CLT-0081,2025-10-11 14:42:30,2173.57,EUR,Dépôt,Espagne,False
TXN-008561,CLT-0015,2025-08-27 14:42:30,4489.81,EUR,Virement,Îles Caïmans,False
TXN-008562,CLT-0053,2026-03-07 14:42:30,978.0,EUR,Paiement carte,Allemagne,False
TXN-008563,CLT-0091,2025-11-01 14:42:30,3172.46,EUR,Virement,Espagne,False
TXN-008564,CLT-0019,2025-12-14 14:42:30,94325.74,EUR,Virement international,France,True
TXN-008565,CLT-0035,2026-02-13 14:42:30,457.0,EUR,Paiement carte,Espagne,False
TXN-008566,CLT-0044,2025-06-25 14:42:30,3215.06,EUR,Virement,Îles Caïmans,False
TXN-008567,CLT-0008,2026-02-16 14:42:30,2421.74,EUR,Virement international,Allemagne,False
TXN-008568,CLT-0013,2026-03-14 14:42:30,680.61,EUR,Retrait,France,False
TXN-008569,CLT-0079,2025-07-14 14:42:30,763.61,EUR,Virement international,Allemagne,False
TXN-008570,CLT-0006,2025-07-12 14:42:30,4105.02,EUR,Virement,Panama,False
TXN-008571,CLT-0048,2025-06-01 14:42:30,3907.22,EUR,Virement international,Panama,False
TXN-008572,CLT-0011,2025-10-07 14:42:30,2455.46,EUR,Paiement carte,France,False
TXN-008573,CLT-0005,2025-08-24 14:42:30,4885.51,EUR,Retrait,France,False
TXN-008574,CLT-0001,2026-04-28 14:42:30,4834.94,EUR,Dépôt,Espagne,False
TXN-008575,CLT-0090,2026-04-03 14:42:30,2608.84,EUR,Retrait,France,False
TXN-008576,CLT-0031,2026-01-25 14:42:30,4514.62,EUR,Paiement carte,France,False
TXN-008577,CLT-0024,2026-02-02 14:42:30,2473.07,EUR,Virement,France,False
TXN-008578,CLT-0074,2025-12-28 14:42:30,93760.48,EUR,Dépôt,France,True
TXN-008579,CLT-0077,2025-09-13 14:42:30,3795.3,EUR,Virement,Îles Caïmans,False
TXN-008580,CLT-0085,2025-06-29 14:42:30,4964.37,EUR,Virement,France,False
TXN-008581,CLT-0083,2025-09-05 14:42:30,1471.03,EUR,Paiement carte,Panama,False
TXN-008582,CLT-0048,2026-05-04 14:42:30,2849.22,EUR,Virement international,Espagne,False
TXN-008583,CLT-0004,2025-10-22 14:42:30,1027.88,EUR,Virement international,France,False
TXN-008584,CLT-0067,2025-10-10 14:42:30,4935.38,EUR,Virement,France,False
TXN-008585,CLT-0028,2025-06-09 14:42:30,1708.24,EUR,Paiement carte,France,False
TXN-008586,CLT-0039,2025-07-06 14:42:30,1467.03,EUR,Dépôt,Allemagne,False
TXN-008587,CLT-0027,2025-09-03 14:42:30,4475.35,EUR,Retrait,France,False
TXN-008588,CLT-0015,2026-04-26 14:42:30,58754.99,EUR,Dépôt,Allemagne,True
TXN-008589,CLT-0046,2026-04-29 14:42:30,4022.43,EUR,Retrait,France,False
TXN-008590,CLT-0096,2025-10-04 14:42:30,1726.0,EUR,Retrait,Espagne,False
TXN-008591,CLT-0095,2025-08-07 14:42:30,4987.8,EUR,Virement international,France,False
TXN-008592,CLT-0064,2025-07-12 14:42:30,1509.15,EUR,Virement,Espagne,False
TXN-008593,CLT-0043,2025-05-20 14:42:30,2761.33,EUR,Dépôt,Panama,False
TXN-008594,CLT-0073,2025-10-18 14:42:30,495.37,EUR,Retrait,France,False
TXN-008595,CLT-0098,2025-11-24 14:42:30,167.63,EUR,Paiement carte,Espagne,False
TXN-008596,CLT-0027,2025-07-28 14:42:30,87314.42,EUR,Dépôt,Allemagne,True
TXN-008597,CLT-0066,2026-01-13 14:42:30,3137.57,EUR,Virement international,France,False
TXN-008598,CLT-0064,2025-10-21 14:42:30,4073.47,EUR,Paiement carte,France,False
TXN-008599,CLT-0020,2025-11-10 14:42:30,3393.75,EUR,Virement,Panama,False
TXN-008600,CLT-0068,2025-11-01 14:42:30,4253.97,EUR,Virement,Espagne,False
TXN-008601,CLT-0019,2025-12-31 14:42:30,953.79,EUR,Virement international,France,False
TXN-008602,CLT-0085,2025-06-01 14:42:30,76982.42,EUR,Virement international,France,True
TXN-008603,CLT-0082,2025-08-10 14:42:30,4559.1,EUR,Dépôt,Russie,False
TXN-008604,CLT-0006,2025-08-08 14:42:30,1007.48,EUR,Retrait,Russie,False
TXN-008605,CLT-0097,2026-01-28 14:42:30,47340.98,EUR,Virement,France,True
TXN-008606,CLT-0053,2025-08-02 14:42:30,92143.14,EUR,Virement international,Espagne,True
TXN-008607,CLT-0059,2026-04-12 14:42:30,1034.21,EUR,Dépôt,Russie,False
TXN-008608,CLT-0033,2026-02-06 14:42:30,397.43,EUR,Virement,Panama,False
TXN-008609,CLT-0002,2025-12-24 14:42:30,596.79,EUR,Dépôt,France,False
TXN-008610,CLT-0091,2026-01-09 14:42:30,2772.23,EUR,Paiement carte,France,False
TXN-008611,CLT-0036,2026-04-24 14:42:30,177.07,EUR,Virement international,Panama,False
TXN-008612,CLT-0088,2026-03-05 14:42:30,3289.28,EUR,Retrait,Espagne,False
TXN-008613,CLT-0037,2025-07-19 14:42:30,526.62,EUR,Dépôt,France,False
TXN-008614,CLT-0074,2025-05-20 14:42:30,4421.59,EUR,Paiement carte,France,False
TXN-008615,CLT-0035,2026-04-03 14:42:30,1812.1,EUR,Dépôt,France,False
TXN-008616,CLT-0100,2025-05-24 14:42:30,3319.18,EUR,Virement international,Russie,False
TXN-008617,CLT-0079,2026-04-14 14:42:30,87293.18,EUR,Retrait,France,True
TXN-008618,CLT-0014,2026-01-03 14:42:30,20671.46,EUR,Paiement carte,Îles Caïmans,True
TXN-008619,CLT-0066,2025-12-07 14:42:30,16372.69,EUR,Retrait,France,True
TXN-008620,CLT-0052,2025-07-11 14:42:30,3520.02,EUR,Dépôt,France,False
TXN-008621,CLT-0017,2026-04-04 14:42:30,2062.52,EUR,Virement,Îles Caïmans,False
TXN-008622,CLT-0073,2025-05-13 14:42:30,2070.52,EUR,Dépôt,France,False
TXN-008623,CLT-0001,2026-04-13 14:42:30,4228.14,EUR,Virement,France,False
TXN-008624,CLT-0003,2025-05-22 14:42:30,1043.09,EUR,Virement,Îles Caïmans,False
TXN-008625,CLT-0048,2025-11-22 14:42:30,4129.7,EUR,Paiement carte,Russie,False
TXN-008626,CLT-0094,2025-08-06 14:42:30,941.93,EUR,Retrait,Îles Caïmans,False
TXN-008627,CLT-0040,2026-01-10 14:42:30,506.21,EUR,Dépôt,Îles Caïmans,False
TXN-008628,CLT-0003,2025-08-28 14:42:30,884.33,EUR,Paiement carte,Espagne,False
TXN-008629,CLT-0026,2025-12-04 14:42:30,3219.32,EUR,Virement international,France,False
TXN-008630,CLT-0079,2026-05-10 14:42:30,3072.52,EUR,Dépôt,France,False
TXN-008631,CLT-0030,2025-08-08 14:42:30,352.75,EUR,Paiement carte,France,False
TXN-008632,CLT-0011,2026-02-11 14:42:30,2233.61,EUR,Virement,Russie,False
TXN-008633,CLT-0007,2026-03-12 14:42:30,1440.56,EUR,Dépôt,France,False
TXN-008634,CLT-0074,2025-09-20 14:42:30,4567.08,EUR,Virement international,France,False
TXN-008635,CLT-0040,2025-08-04 14:42:30,1687.4,EUR,Virement international,Panama,False
TXN-008636,CLT-0080,2026-02-17 14:42:30,3952.38,EUR,Paiement carte,Espagne,False
TXN-008637,CLT-0013,2026-03-04 14:42:30,1593.99,EUR,Paiement carte,Allemagne,False
TXN-008638,CLT-0100,2025-12-29 14:42:30,34577.24,EUR,Virement international,Russie,True
TXN-008639,CLT-0069,2025-07-27 14:42:30,3353.29,EUR,Virement,France,False
TXN-008640,CLT-0083,2026-04-05 14:42:30,21477.7,EUR,Paiement carte,France,True
TXN-008641,CLT-0083,2025-06-13 14:42:30,3876.92,EUR,Retrait,Espagne,False
TXN-008642,CLT-0063,2025-11-23 14:42:30,35176.05,EUR,Virement international,France,True
TXN-008643,CLT-0047,2025-12-16 14:42:30,1228.68,EUR,Paiement carte,France,False
TXN-008644,CLT-0008,2026-01-22 14:42:30,1143.4,EUR,Retrait,Espagne,False
TXN-008645,CLT-0015,2026-05-06 14:42:30,1105.83,EUR,Virement,Allemagne,False
TXN-008646,CLT-0024,2025-12-07 14:42:30,44913.49,EUR,Virement,Espagne,True
TXN-008647,CLT-0087,2025-08-29 14:42:30,3214.55,EUR,Virement,Panama,False
TXN-008648,CLT-0095,2026-03-04 14:42:30,4542.64,EUR,Retrait,Russie,False
TXN-008649,CLT-0017,2025-06-09 14:42:30,127.45,EUR,Paiement carte,France,False
TXN-008650,CLT-0080,2025-10-21 14:42:30,2821.18,EUR,Paiement carte,Russie,False
TXN-008651,CLT-0076,2025-06-04 14:42:30,1764.17,EUR,Paiement carte,Espagne,False
TXN-008652,CLT-0058,2026-05-06 14:42:30,26417.11,EUR,Paiement carte,Espagne,True
TXN-008653,CLT-0090,2026-02-17 14:42:30,1907.76,EUR,Paiement carte,Îles Caïmans,False
TXN-008654,CLT-0004,2025-08-27 14:42:30,2828.04,EUR,Virement,Russie,False
TXN-008655,CLT-0064,2025-12-20 14:42:30,17218.49,EUR,Dépôt,France,True
TXN-008656,CLT-0024,2025-06-22 14:42:30,3906.83,EUR,Retrait,France,False
TXN-008657,CLT-0002,2025-09-08 14:42:30,20530.91,EUR,Dépôt,France,True
TXN-008658,CLT-0093,2025-07-26 14:42:30,68873.19,EUR,Retrait,Allemagne,True
TXN-008659,CLT-0098,2026-01-26 14:42:30,4549.83,EUR,Virement international,France,False
TXN-008660,CLT-0053,2026-03-17 14:42:30,1169.17,EUR,Virement,Îles Caïmans,False
TXN-008661,CLT-0086,2025-06-29 14:42:30,3695.86,EUR,Paiement carte,Espagne,False
TXN-008662,CLT-0075,2025-10-14 14:42:30,4556.97,EUR,Paiement carte,France,False
TXN-008663,CLT-0092,2025-08-17 14:42:30,568.91,EUR,Virement international,Panama,False
TXN-008664,CLT-0048,2026-03-14 14:42:30,3961.12,EUR,Paiement carte,Russie,False
TXN-008665,CLT-0064,2026-02-02 14:42:30,58712.08,EUR,Virement,Panama,True
TXN-008666,CLT-0052,2025-08-22 14:42:30,4679.55,EUR,Virement,France,False
TXN-008667,CLT-0023,2025-10-19 14:42:30,659.84,EUR,Dépôt,Panama,False
TXN-008668,CLT-0092,2025-12-18 14:42:30,2693.25,EUR,Paiement carte,Allemagne,False
TXN-008669,CLT-0083,2025-09-19 14:42:30,4064.1,EUR,Virement international,Russie,False
TXN-008670,CLT-0003,2025-06-04 14:42:30,138.78,EUR,Dépôt,Russie,False
TXN-008671,CLT-0068,2025-09-01 14:42:30,346.82,EUR,Dépôt,Espagne,False
TXN-008672,CLT-0034,2025-09-06 14:42:30,311.63,EUR,Virement international,Espagne,False
TXN-008673,CLT-0057,2026-01-15 14:42:30,1541.13,EUR,Virement international,Allemagne,False
TXN-008674,CLT-0037,2026-04-17 14:42:30,2144.55,EUR,Dépôt,Îles Caïmans,False
TXN-008675,CLT-0016,2026-03-15 14:42:30,3675.76,EUR,Virement international,France,False
TXN-008676,CLT-0092,2025-09-05 14:42:30,2635.15,EUR,Paiement carte,Allemagne,False
TXN-008677,CLT-0076,2025-12-17 14:42:30,2232.55,EUR,Paiement carte,Russie,False
TXN-008678,CLT-0090,2025-11-03 14:42:30,3706.86,EUR,Retrait,Russie,False
TXN-008679,CLT-0083,2026-01-09 14:42:30,3461.15,EUR,Virement,France,False
TXN-008680,CLT-0016,2025-12-19 14:42:30,2482.58,EUR,Retrait,Panama,False
TXN-008681,CLT-0046,2025-06-23 14:42:30,3839.73,EUR,Dépôt,Russie,False
TXN-008682,CLT-0093,2026-04-28 14:42:30,3187.5,EUR,Paiement carte,France,False
TXN-008683,CLT-0040,2026-04-15 14:42:30,2215.41,EUR,Dépôt,Panama,False
TXN-008684,CLT-0010,2026-05-03 14:42:30,143.74,EUR,Paiement carte,Allemagne,False
TXN-008685,CLT-0020,2026-03-21 14:42:30,88745.24,EUR,Paiement carte,France,True
TXN-008686,CLT-0082,2026-03-19 14:42:30,2942.88,EUR,Retrait,Panama,False
TXN-008687,CLT-0007,2026-01-01 14:42:30,3456.36,EUR,Dépôt,Panama,False
TXN-008688,CLT-0021,2025-06-27 14:42:30,3232.22,EUR,Dépôt,France,False
TXN-008689,CLT-0046,2025-08-14 14:42:30,1450.7,EUR,Paiement carte,Panama,False
TXN-008690,CLT-0020,2025-12-07 14:42:30,3253.91,EUR,Dépôt,Allemagne,False
TXN-008691,CLT-0020,2026-03-05 14:42:30,780.73,EUR,Virement,France,False
TXN-008692,CLT-0054,2026-05-12 14:42:30,31942.47,EUR,Dépôt,Îles Caïmans,True
TXN-008693,CLT-0021,2025-11-20 14:42:30,22088.12,EUR,Virement,France,True
TXN-008694,CLT-0007,2025-10-11 14:42:30,2572.6,EUR,Virement international,Îles Caïmans,False
TXN-008695,CLT-0048,2026-02-15 14:42:30,1167.04,EUR,Virement,France,False
TXN-008696,CLT-0095,2026-03-14 14:42:30,4956.67,EUR,Virement international,Panama,False
TXN-008697,CLT-0025,2025-06-29 14:42:30,4198.9,EUR,Retrait,France,False
TXN-008698,CLT-0006,2025-11-17 14:42:30,15.34,EUR,Paiement carte,Îles Caïmans,False
TXN-008699,CLT-0070,2025-11-23 14:42:30,576.44,EUR,Virement international,Espagne,False
TXN-008700,CLT-0051,2026-01-22 14:42:30,1762.68,EUR,Dépôt,Espagne,False
TXN-008701,CLT-0005,2026-04-30 14:42:30,86776.24,EUR,Retrait,France,True
TXN-008702,CLT-0096,2025-10-19 14:42:30,1882.73,EUR,Virement,Espagne,False
TXN-008703,CLT-0032,2026-03-01 14:42:30,76684.42,EUR,Retrait,France,True
TXN-008704,CLT-0041,2025-09-17 14:42:30,607.9,EUR,Virement,Îles Caïmans,False
TXN-008705,CLT-0053,2025-07-22 14:42:30,3965.49,EUR,Virement,Panama,False
TXN-008706,CLT-0035,2026-04-02 14:42:30,1774.69,EUR,Retrait,Espagne,False
TXN-008707,CLT-0006,2025-09-02 14:42:30,905.68,EUR,Dépôt,Allemagne,False
TXN-008708,CLT-0059,2025-09-22 14:42:30,67579.01,EUR,Retrait,France,True
TXN-008709,CLT-0077,2025-07-01 14:42:30,48610.09,EUR,Dépôt,Allemagne,True
TXN-008710,CLT-0022,2025-12-14 14:42:30,2438.32,EUR,Virement international,Îles Caïmans,False
TXN-008711,CLT-0089,2025-10-25 14:42:30,50294.69,EUR,Paiement carte,Russie,True
TXN-008712,CLT-0008,2025-08-22 14:42:30,4528.74,EUR,Virement,France,False
TXN-008713,CLT-0045,2025-06-13 14:42:30,25975.31,EUR,Retrait,France,True
TXN-008714,CLT-0022,2025-11-08 14:42:30,2652.86,EUR,Retrait,Allemagne,False
TXN-008715,CLT-0037,2025-12-26 14:42:30,1683.77,EUR,Virement international,France,False
TXN-008716,CLT-0034,2026-02-07 14:42:30,1218.35,EUR,Dépôt,Îles Caïmans,False
TXN-008717,CLT-0015,2025-12-22 14:42:30,2054.71,EUR,Retrait,Îles Caïmans,False
TXN-008718,CLT-0042,2025-11-07 14:42:30,70984.71,EUR,Dépôt,France,True
TXN-008719,CLT-0076,2025-06-10 14:42:30,1245.68,EUR,Virement international,Russie,False
TXN-008720,CLT-0086,2025-12-12 14:42:30,18506.72,EUR,Paiement carte,France,True
TXN-008721,CLT-0040,2026-04-26 14:42:30,3067.16,EUR,Paiement carte,Îles Caïmans,False
TXN-008722,CLT-0055,2025-07-05 14:42:30,20946.99,EUR,Dépôt,Espagne,True
TXN-008723,CLT-0097,2026-04-21 14:42:30,2939.13,EUR,Dépôt,Allemagne,False
TXN-008724,CLT-0080,2026-02-17 14:42:30,4335.69,EUR,Paiement carte,Russie,False
TXN-008725,CLT-0027,2026-05-08 14:42:30,174.08,EUR,Dépôt,Îles Caïmans,False
TXN-008726,CLT-0058,2026-01-12 14:42:30,4161.74,EUR,Retrait,Espagne,False
TXN-008727,CLT-0051,2025-11-28 14:42:30,1349.93,EUR,Virement,Espagne,False
TXN-008728,CLT-0012,2025-11-12 14:42:30,4487.07,EUR,Virement,France,False
TXN-008729,CLT-0094,2025-10-24 14:42:30,1607.93,EUR,Retrait,France,False
TXN-008730,CLT-0078,2025-09-07 14:42:30,3369.71,EUR,Virement,France,False
TXN-008731,CLT-0015,2025-11-22 14:42:30,50750.51,EUR,Retrait,Panama,True
TXN-008732,CLT-0023,2025-09-23 14:42:30,865.11,EUR,Virement international,France,False
TXN-008733,CLT-0098,2026-03-03 14:42:30,1462.94,EUR,Retrait,France,False
TXN-008734,CLT-0032,2025-11-16 14:42:30,3038.57,EUR,Virement international,Espagne,False
TXN-008735,CLT-0050,2025-09-11 14:42:30,46547.96,EUR,Virement,Russie,True
TXN-008736,CLT-0021,2026-02-20 14:42:30,3401.38,EUR,Dépôt,Panama,False
TXN-008737,CLT-0031,2025-08-20 14:42:30,4491.7,EUR,Paiement carte,Îles Caïmans,False
TXN-008738,CLT-0031,2026-01-23 14:42:30,58921.69,EUR,Dépôt,France,True
TXN-008739,CLT-0061,2026-02-03 14:42:30,3668.06,EUR,Virement international,Allemagne,False
TXN-008740,CLT-0082,2025-11-14 14:42:30,3181.19,EUR,Virement international,France,False
TXN-008741,CLT-0049,2025-10-18 14:42:30,2079.09,EUR,Virement international,France,False
TXN-008742,CLT-0048,2025-07-16 14:42:30,120.43,EUR,Paiement carte,Panama,False
TXN-008743,CLT-0019,2026-02-07 14:42:30,135.97,EUR,Paiement carte,Panama,False
TXN-008744,CLT-0085,2025-10-16 14:42:30,25549.05,EUR,Virement,Espagne,True
TXN-008745,CLT-0072,2026-02-23 14:42:30,38.58,EUR,Virement,Allemagne,False
TXN-008746,CLT-0034,2026-03-30 14:42:30,2268.49,EUR,Retrait,France,False
TXN-008747,CLT-0023,2025-09-25 14:42:30,2366.63,EUR,Paiement carte,Allemagne,False
TXN-008748,CLT-0053,2025-05-28 14:42:30,3157.99,EUR,Virement international,Espagne,False
TXN-008749,CLT-0064,2026-02-22 14:42:30,1645.36,EUR,Paiement carte,France,False
TXN-008750,CLT-0051,2026-01-07 14:42:30,3647.38,EUR,Virement international,Allemagne,False
TXN-008751,CLT-0061,2025-05-31 14:42:30,34915.64,EUR,Retrait,France,True
TXN-008752,CLT-0079,2025-11-18 14:42:30,3089.13,EUR,Virement international,France,False
TXN-008753,CLT-0086,2026-04-05 14:42:30,3338.71,EUR,Virement international,France,False
TXN-008754,CLT-0077,2026-04-28 14:42:30,2535.77,EUR,Virement international,France,False
TXN-008755,CLT-0051,2026-01-15 14:42:30,3128.6,EUR,Retrait,Russie,False
TXN-008756,CLT-0043,2025-12-10 14:42:30,31375.87,EUR,Retrait,France,True
TXN-008757,CLT-0050,2026-03-05 14:42:30,3015.45,EUR,Paiement carte,Allemagne,False
TXN-008758,CLT-0091,2025-05-15 14:42:30,3450.63,EUR,Paiement carte,France,False
TXN-008759,CLT-0045,2025-12-03 14:42:30,747.04,EUR,Retrait,France,False
TXN-008760,CLT-0080,2025-10-25 14:42:30,3887.95,EUR,Virement international,Allemagne,False
TXN-008761,CLT-0033,2025-09-29 14:42:30,937.67,EUR,Dépôt,France,False
TXN-008762,CLT-0090,2025-11-21 14:42:30,65863.85,EUR,Virement,Îles Caïmans,True
TXN-008763,CLT-0076,2025-12-13 14:42:30,42711.29,EUR,Dépôt,France,True
TXN-008764,CLT-0093,2025-10-07 14:42:30,2909.5,EUR,Virement,Panama,False
TXN-008765,CLT-0083,2026-02-26 14:42:30,1625.3,EUR,Virement international,Îles Caïmans,False
TXN-008766,CLT-0009,2025-09-10 14:42:30,1531.08,EUR,Virement,France,False
TXN-008767,CLT-0001,2025-06-10 14:42:30,4483.59,EUR,Paiement carte,France,False
TXN-008768,CLT-0091,2025-07-19 14:42:30,2871.02,EUR,Virement,Espagne,False
TXN-008769,CLT-0007,2025-11-08 14:42:30,1654.79,EUR,Paiement carte,Allemagne,False
TXN-008770,CLT-0044,2025-08-26 14:42:30,3478.35,EUR,Virement,Îles Caïmans,False
TXN-008771,CLT-0084,2025-10-10 14:42:30,3689.7,EUR,Dépôt,Panama,False
TXN-008772,CLT-0010,2025-07-20 14:42:30,4695.75,EUR,Virement international,Îles Caïmans,False
TXN-008773,CLT-0052,2025-09-29 14:42:30,2068.17,EUR,Virement,France,False
TXN-008774,CLT-0074,2025-12-08 14:42:30,40906.77,EUR,Virement international,Panama,True
TXN-008775,CLT-0058,2026-01-13 14:42:30,4239.26,EUR,Virement,Espagne,False
TXN-008776,CLT-0038,2026-02-23 14:42:30,3402.55,EUR,Virement international,France,False
TXN-008777,CLT-0016,2026-02-01 14:42:30,785.11,EUR,Paiement carte,Russie,False
TXN-008778,CLT-0019,2025-12-25 14:42:30,1365.17,EUR,Retrait,France,False
TXN-008779,CLT-0017,2025-12-10 14:42:30,24175.9,EUR,Virement,Russie,True
TXN-008780,CLT-0094,2025-06-05 14:42:30,2570.94,EUR,Virement international,France,False
TXN-008781,CLT-0014,2026-01-29 14:42:30,1294.29,EUR,Paiement carte,Panama,False
TXN-008782,CLT-0047,2025-07-15 14:42:30,65562.29,EUR,Virement international,Allemagne,True
TXN-008783,CLT-0095,2025-08-27 14:42:30,1641.37,EUR,Retrait,Allemagne,False
TXN-008784,CLT-0041,2025-12-12 14:42:30,514.6,EUR,Retrait,Panama,False
TXN-008785,CLT-0055,2025-06-15 14:42:30,26930.13,EUR,Retrait,Espagne,True
TXN-008786,CLT-0010,2025-09-30 14:42:30,336.54,EUR,Virement international,France,False
TXN-008787,CLT-0098,2026-02-02 14:42:30,1909.78,EUR,Dépôt,Espagne,False
TXN-008788,CLT-0034,2025-11-11 14:42:30,434.72,EUR,Retrait,Allemagne,False
TXN-008789,CLT-0042,2026-02-17 14:42:30,3172.46,EUR,Dépôt,France,False
TXN-008790,CLT-0019,2025-07-25 14:42:30,2056.73,EUR,Retrait,France,False
TXN-008791,CLT-0083,2025-07-26 14:42:30,2701.63,EUR,Virement international,Espagne,False
TXN-008792,CLT-0023,2026-04-22 14:42:30,2759.77,EUR,Virement international,Espagne,False
TXN-008793,CLT-0054,2025-08-01 14:42:30,601.3,EUR,Virement international,France,False
TXN-008794,CLT-0011,2025-08-23 14:42:30,3322.41,EUR,Paiement carte,France,False
TXN-008795,CLT-0026,2025-07-08 14:42:30,1473.75,EUR,Virement,Espagne,False
TXN-008796,CLT-0013,2025-11-21 14:42:30,3650.96,EUR,Retrait,Allemagne,False
TXN-008797,CLT-0029,2026-03-18 14:42:30,4832.09,EUR,Paiement carte,Russie,False
TXN-008798,CLT-0056,2026-04-02 14:42:30,4245.03,EUR,Virement,Îles Caïmans,False
TXN-008799,CLT-0029,2026-01-10 14:42:30,1600.4,EUR,Paiement carte,France,False
TXN-008800,CLT-0031,2025-05-23 14:42:30,3344.27,EUR,Paiement carte,Russie,False
TXN-008801,CLT-0062,2026-01-01 14:42:30,51339.55,EUR,Virement,Îles Caïmans,True
TXN-008802,CLT-0031,2025-11-03 14:42:30,4572.93,EUR,Virement,France,False
TXN-008803,CLT-0039,2025-07-13 14:42:30,76680.84,EUR,Virement,Îles Caïmans,True
TXN-008804,CLT-0055,2025-07-13 14:42:30,2260.75,EUR,Paiement carte,France,False
TXN-008805,CLT-0056,2025-08-03 14:42:30,1371.53,EUR,Retrait,Allemagne,False
TXN-008806,CLT-0083,2026-03-20 14:42:30,73764.36,EUR,Paiement carte,Russie,True
TXN-008807,CLT-0041,2025-09-24 14:42:30,4427.8,EUR,Virement international,Îles Caïmans,False
TXN-008808,CLT-0002,2026-01-01 14:42:30,2462.08,EUR,Virement,France,False
TXN-008809,CLT-0058,2026-03-13 14:42:30,1729.16,EUR,Dépôt,Panama,False
TXN-008810,CLT-0056,2026-03-22 14:42:30,1309.88,EUR,Virement,Espagne,False
TXN-008811,CLT-0007,2025-12-25 14:42:30,2712.1,EUR,Retrait,Russie,False
TXN-008812,CLT-0037,2025-11-22 14:42:30,40941.39,EUR,Dépôt,Russie,True
TXN-008813,CLT-0075,2026-04-14 14:42:30,2948.89,EUR,Dépôt,France,False
TXN-008814,CLT-0097,2025-06-10 14:42:30,1785.36,EUR,Virement,Panama,False
TXN-008815,CLT-0028,2026-04-15 14:42:30,2049.34,EUR,Virement international,Panama,False
TXN-008816,CLT-0024,2025-08-19 14:42:30,810.71,EUR,Retrait,France,False
TXN-008817,CLT-0055,2025-06-30 14:42:30,751.36,EUR,Paiement carte,Allemagne,False
TXN-008818,CLT-0046,2026-01-30 14:42:30,4299.53,EUR,Virement international,Panama,False
TXN-008819,CLT-0060,2025-07-07 14:42:30,549.28,EUR,Paiement carte,Îles Caïmans,False
TXN-008820,CLT-0091,2025-10-25 14:42:30,1816.24,EUR,Virement international,France,False
TXN-008821,CLT-0035,2025-05-21 14:42:30,69998.43,EUR,Retrait,Russie,True
TXN-008822,CLT-0023,2025-10-18 14:42:30,988.78,EUR,Virement international,Russie,False
TXN-008823,CLT-0056,2026-03-15 14:42:30,48146.92,EUR,Dépôt,Allemagne,True
TXN-008824,CLT-0045,2025-11-24 14:42:30,1719.04,EUR,Retrait,Espagne,False
TXN-008825,CLT-0086,2025-10-08 14:42:30,4035.88,EUR,Virement international,Panama,False
TXN-008826,CLT-0034,2025-07-07 14:42:30,3290.04,EUR,Virement international,Îles Caïmans,False
TXN-008827,CLT-0074,2025-07-07 14:42:30,4012.57,EUR,Paiement carte,France,False
TXN-008828,CLT-0036,2025-06-26 14:42:30,1633.1,EUR,Virement,Russie,False
TXN-008829,CLT-0039,2025-07-02 14:42:30,3507.03,EUR,Retrait,France,False
TXN-008830,CLT-0034,2026-03-14 14:42:30,2834.2,EUR,Retrait,France,False
TXN-008831,CLT-0075,2026-04-27 14:42:30,1557.01,EUR,Paiement carte,Russie,False
TXN-008832,CLT-0071,2026-03-01 14:42:30,743.69,EUR,Dépôt,Russie,False
TXN-008833,CLT-0021,2025-11-05 14:42:30,1553.1,EUR,Paiement carte,Russie,False
TXN-008834,CLT-0048,2026-01-31 14:42:30,3953.45,EUR,Dépôt,Russie,False
TXN-008835,CLT-0007,2026-01-15 14:42:30,4670.26,EUR,Paiement carte,Russie,False
TXN-008836,CLT-0010,2025-11-30 14:42:30,3042.22,EUR,Virement,France,False
TXN-008837,CLT-0080,2026-03-24 14:42:30,3281.4,EUR,Dépôt,France,False
TXN-008838,CLT-0036,2026-01-17 14:42:30,4134.55,EUR,Paiement carte,France,False
TXN-008839,CLT-0092,2026-03-14 14:42:30,218.36,EUR,Virement,Russie,False
TXN-008840,CLT-0018,2026-02-25 14:42:30,21305.79,EUR,Virement,France,True
TXN-008841,CLT-0027,2025-05-20 14:42:30,449.32,EUR,Virement international,France,False
TXN-008842,CLT-0006,2025-11-12 14:42:30,58907.43,EUR,Virement,France,True
TXN-008843,CLT-0058,2025-06-02 14:42:30,1291.01,EUR,Retrait,France,False
TXN-008844,CLT-0017,2025-11-30 14:42:30,4996.1,EUR,Retrait,Russie,False
TXN-008845,CLT-0033,2026-04-29 14:42:30,3474.18,EUR,Virement international,Russie,False
TXN-008846,CLT-0041,2025-12-15 14:42:30,3514.21,EUR,Paiement carte,Espagne,False
TXN-008847,CLT-0026,2026-01-15 14:42:30,4125.22,EUR,Retrait,Allemagne,False
TXN-008848,CLT-0070,2025-08-01 14:42:30,4255.88,EUR,Dépôt,Îles Caïmans,False
TXN-008849,CLT-0027,2026-04-22 14:42:30,2857.95,EUR,Dépôt,Allemagne,False
TXN-008850,CLT-0012,2025-12-14 14:42:30,2800.18,EUR,Retrait,France,False
TXN-008851,CLT-0085,2025-10-18 14:42:30,77134.4,EUR,Dépôt,Espagne,True
TXN-008852,CLT-0082,2025-11-07 14:42:30,214.69,EUR,Virement international,Allemagne,False
TXN-008853,CLT-0063,2026-03-14 14:42:30,1460.38,EUR,Paiement carte,Allemagne,False
TXN-008854,CLT-0030,2025-06-14 14:42:30,3594.28,EUR,Virement,Russie,False
TXN-008855,CLT-0013,2026-02-25 14:42:30,70614.89,EUR,Virement international,France,True
TXN-008856,CLT-0056,2026-05-05 14:42:30,41312.81,EUR,Retrait,France,True
TXN-008857,CLT-0060,2025-11-02 14:42:30,344.47,EUR,Virement international,France,False
TXN-008858,CLT-0070,2026-04-30 14:42:30,3310.47,EUR,Virement,France,False
TXN-008859,CLT-0072,2025-08-09 14:42:30,1185.33,EUR,Retrait,Îles Caïmans,False
TXN-008860,CLT-0099,2026-05-10 14:42:30,3402.82,EUR,Retrait,Panama,False
TXN-008861,CLT-0046,2026-01-11 14:42:30,4414.93,EUR,Paiement carte,Espagne,False
TXN-008862,CLT-0078,2026-04-08 14:42:30,328.54,EUR,Retrait,Panama,False
TXN-008863,CLT-0024,2025-05-23 14:42:30,3903.59,EUR,Virement international,Îles Caïmans,False
TXN-008864,CLT-0051,2025-05-19 14:42:30,4898.93,EUR,Retrait,Espagne,False
TXN-008865,CLT-0065,2026-01-15 14:42:30,3321.18,EUR,Dépôt,France,False
TXN-008866,CLT-0045,2025-06-23 14:42:30,14117.7,EUR,Virement international,France,True
TXN-008867,CLT-0077,2026-04-21 14:42:30,60.0,EUR,Virement,Allemagne,False
TXN-008868,CLT-0018,2025-09-10 14:42:30,1832.43,EUR,Virement international,Îles Caïmans,False
TXN-008869,CLT-0074,2026-01-13 14:42:30,3078.19,EUR,Virement,France,False
TXN-008870,CLT-0029,2026-01-18 14:42:30,3592.44,EUR,Retrait,France,False
TXN-008871,CLT-0028,2025-12-01 14:42:30,4851.26,EUR,Dépôt,France,False
TXN-008872,CLT-0050,2025-07-22 14:42:30,3464.34,EUR,Paiement carte,France,False
TXN-008873,CLT-0045,2025-08-06 14:42:30,2791.13,EUR,Dépôt,France,False
TXN-008874,CLT-0082,2026-03-17 14:42:30,8140.52,EUR,Dépôt,Espagne,True
TXN-008875,CLT-0063,2025-12-06 14:42:30,1547.79,EUR,Virement international,France,False
TXN-008876,CLT-0014,2025-11-07 14:42:30,31579.2,EUR,Virement international,Russie,True
TXN-008877,CLT-0022,2026-03-06 14:42:30,24423.85,EUR,Virement,Russie,True
TXN-008878,CLT-0018,2026-04-16 14:42:30,3080.56,EUR,Dépôt,Espagne,False
TXN-008879,CLT-0031,2025-08-15 14:42:30,3139.32,EUR,Virement international,France,False
TXN-008880,CLT-0001,2026-02-12 14:42:30,93687.57,EUR,Dépôt,France,True
TXN-008881,CLT-0017,2025-09-06 14:42:30,1155.46,EUR,Virement international,France,False
TXN-008882,CLT-0059,2025-07-12 14:42:30,21065.74,EUR,Retrait,Panama,True
TXN-008883,CLT-0015,2025-11-12 14:42:30,2245.77,EUR,Retrait,Îles Caïmans,False
TXN-008884,CLT-0064,2026-04-15 14:42:30,288.64,EUR,Virement international,Îles Caïmans,False
TXN-008885,CLT-0027,2026-01-25 14:42:30,4660.13,EUR,Virement,France,False
TXN-008886,CLT-0055,2025-10-27 14:42:30,526.34,EUR,Paiement carte,France,False
TXN-008887,CLT-0054,2025-12-18 14:42:30,22288.22,EUR,Retrait,France,True
TXN-008888,CLT-0074,2025-11-08 14:42:30,1078.28,EUR,Dépôt,France,False
TXN-008889,CLT-0045,2025-10-22 14:42:30,4735.35,EUR,Paiement carte,France,False
TXN-008890,CLT-0093,2025-07-11 14:42:30,91031.62,EUR,Dépôt,France,True
TXN-008891,CLT-0039,2025-12-09 14:42:30,3672.48,EUR,Virement,Espagne,False
TXN-008892,CLT-0055,2025-10-01 14:42:30,4593.6,EUR,Retrait,Russie,False
TXN-008893,CLT-0045,2026-02-13 14:42:30,4536.47,EUR,Paiement carte,Espagne,False
TXN-008894,CLT-0040,2025-10-06 14:42:30,1775.93,EUR,Paiement carte,Îles Caïmans,False
TXN-008895,CLT-0042,2025-06-08 14:42:30,1796.93,EUR,Paiement carte,Russie,False
TXN-008896,CLT-0053,2025-07-30 14:42:30,1614.57,EUR,Dépôt,France,False
TXN-008897,CLT-0053,2025-07-20 14:42:30,2999.39,EUR,Dépôt,Panama,False
TXN-008898,CLT-0001,2025-06-19 14:42:30,40542.89,EUR,Dépôt,France,True
TXN-008899,CLT-0065,2025-10-14 14:42:30,4218.06,EUR,Paiement carte,France,False
TXN-008900,CLT-0049,2025-12-30 14:42:30,836.8,EUR,Virement international,Russie,False
TXN-008901,CLT-0007,2025-08-07 14:42:30,241.47,EUR,Dépôt,Îles Caïmans,False
TXN-008902,CLT-0050,2025-06-26 14:42:30,43.57,EUR,Retrait,France,False
TXN-008903,CLT-0014,2025-12-13 14:42:30,168.0,EUR,Paiement carte,France,False
TXN-008904,CLT-0082,2025-06-25 14:42:30,1657.9,EUR,Retrait,France,False
TXN-008905,CLT-0023,2025-11-23 14:42:30,797.93,EUR,Virement,France,False
TXN-008906,CLT-0002,2025-07-30 14:42:30,4069.16,EUR,Retrait,Espagne,False
TXN-008907,CLT-0064,2026-03-06 14:42:30,4102.34,EUR,Paiement carte,Allemagne,False
TXN-008908,CLT-0066,2025-12-14 14:42:30,3597.51,EUR,Paiement carte,Espagne,False
TXN-008909,CLT-0041,2026-03-28 14:42:30,2361.74,EUR,Virement,France,False
TXN-008910,CLT-0048,2025-12-23 14:42:30,4739.74,EUR,Virement international,Allemagne,False
TXN-008911,CLT-0081,2026-01-19 14:42:30,2735.47,EUR,Retrait,Panama,False
TXN-008912,CLT-0078,2025-07-25 14:42:30,3307.18,EUR,Virement international,France,False
TXN-008913,CLT-0098,2025-11-16 14:42:30,1743.77,EUR,Virement international,Panama,False
TXN-008914,CLT-0084,2025-09-13 14:42:30,55860.83,EUR,Dépôt,France,True
TXN-008915,CLT-0006,2025-05-24 14:42:30,8610.24,EUR,Virement,France,True
TXN-008916,CLT-0059,2025-07-23 14:42:30,1516.62,EUR,Retrait,France,False
TXN-008917,CLT-0055,2025-07-07 14:42:30,32980.38,EUR,Retrait,Allemagne,True
TXN-008918,CLT-0079,2025-08-09 14:42:30,137.02,EUR,Virement,France,False
TXN-008919,CLT-0097,2025-06-03 14:42:30,24.59,EUR,Dépôt,Îles Caïmans,False
TXN-008920,CLT-0058,2025-06-12 14:42:30,518.93,EUR,Dépôt,France,False
TXN-008921,CLT-0063,2025-07-02 14:42:30,69321.94,EUR,Dépôt,Allemagne,True
TXN-008922,CLT-0046,2025-12-16 14:42:30,3365.22,EUR,Virement international,Espagne,False
TXN-008923,CLT-0021,2025-12-11 14:42:30,92.23,EUR,Virement,Espagne,False
TXN-008924,CLT-0070,2026-02-07 14:42:30,4383.31,EUR,Paiement carte,Panama,False
TXN-008925,CLT-0071,2025-09-17 14:42:30,189.84,EUR,Paiement carte,France,False
TXN-008926,CLT-0040,2025-11-03 14:42:30,183.8,EUR,Virement,Panama,False
TXN-008927,CLT-0074,2026-04-19 14:42:30,612.78,EUR,Retrait,Russie,False
TXN-008928,CLT-0001,2025-09-17 14:42:30,2244.23,EUR,Paiement carte,Îles Caïmans,False
TXN-008929,CLT-0052,2025-05-29 14:42:30,157.85,EUR,Virement,Îles Caïmans,False
TXN-008930,CLT-0013,2025-11-08 14:42:30,572.6,EUR,Retrait,Espagne,False
TXN-008931,CLT-0077,2025-10-31 14:42:30,2787.45,EUR,Dépôt,Panama,False
TXN-008932,CLT-0063,2026-02-21 14:42:30,1828.81,EUR,Paiement carte,France,False
TXN-008933,CLT-0018,2026-03-07 14:42:30,2919.3,EUR,Paiement carte,France,False
TXN-008934,CLT-0086,2025-06-03 14:42:30,1949.43,EUR,Dépôt,France,False
TXN-008935,CLT-0083,2025-08-18 14:42:30,114.01,EUR,Retrait,Russie,False
TXN-008936,CLT-0092,2026-02-16 14:42:30,106.99,EUR,Retrait,Panama,False
TXN-008937,CLT-0080,2026-04-30 14:42:30,3293.53,EUR,Dépôt,Panama,False
TXN-008938,CLT-0075,2025-10-29 14:42:30,3545.27,EUR,Virement,Panama,False
TXN-008939,CLT-0034,2025-05-18 14:42:30,2351.99,EUR,Virement international,Espagne,False
TXN-008940,CLT-0085,2025-06-22 14:42:30,2816.72,EUR,Paiement carte,Allemagne,False
TXN-008941,CLT-0089,2025-08-24 14:42:30,1799.04,EUR,Dépôt,France,False
TXN-008942,CLT-0091,2025-09-13 14:42:30,2707.65,EUR,Virement international,Russie,False
TXN-008943,CLT-0012,2025-08-22 14:42:30,573.86,EUR,Virement,France,False
TXN-008944,CLT-0079,2025-09-13 14:42:30,1175.91,EUR,Dépôt,France,False
TXN-008945,CLT-0022,2026-01-13 14:42:30,477.87,EUR,Dépôt,France,False
TXN-008946,CLT-0060,2025-06-05 14:42:30,2216.44,EUR,Virement,France,False
TXN-008947,CLT-0054,2025-07-09 14:42:30,2430.95,EUR,Retrait,Allemagne,False
TXN-008948,CLT-0083,2025-07-02 14:42:30,2431.71,EUR,Virement,France,False
TXN-008949,CLT-0095,2026-02-14 14:42:30,4738.07,EUR,Virement,France,False
TXN-008950,CLT-0067,2025-12-20 14:42:30,280.35,EUR,Dépôt,Allemagne,False
TXN-008951,CLT-0066,2025-09-04 14:42:30,569.96,EUR,Virement international,France,False
TXN-008952,CLT-0061,2025-11-14 14:42:30,1284.5,EUR,Virement,France,False
TXN-008953,CLT-0044,2025-06-05 14:42:30,4862.22,EUR,Virement international,France,False
TXN-008954,CLT-0024,2025-06-24 14:42:30,76011.4,EUR,Virement international,Espagne,True
TXN-008955,CLT-0064,2026-03-25 14:42:30,1382.22,EUR,Virement,France,False
TXN-008956,CLT-0081,2026-01-19 14:42:30,3908.08,EUR,Virement,Allemagne,False
TXN-008957,CLT-0033,2026-01-26 14:42:30,3383.06,EUR,Virement,Allemagne,False
TXN-008958,CLT-0095,2025-11-20 14:42:30,4538.33,EUR,Paiement carte,France,False
TXN-008959,CLT-0064,2026-03-28 14:42:30,4036.16,EUR,Retrait,Allemagne,False
TXN-008960,CLT-0030,2026-03-16 14:42:30,1743.65,EUR,Paiement carte,France,False
TXN-008961,CLT-0043,2025-06-26 14:42:30,243.92,EUR,Retrait,Russie,False
TXN-008962,CLT-0052,2025-12-17 14:42:30,2769.65,EUR,Retrait,France,False
TXN-008963,CLT-0082,2026-05-09 14:42:30,90916.93,EUR,Virement,Îles Caïmans,True
TXN-008964,CLT-0017,2026-03-20 14:42:30,2575.64,EUR,Dépôt,France,False
TXN-008965,CLT-0056,2025-11-01 14:42:30,3877.45,EUR,Dépôt,Panama,False
TXN-008966,CLT-0074,2026-02-24 14:42:30,1073.29,EUR,Retrait,France,False
TXN-008967,CLT-0006,2025-11-24 14:42:30,1233.74,EUR,Virement,France,False
TXN-008968,CLT-0049,2025-07-07 14:42:30,1288.87,EUR,Virement international,Panama,False
TXN-008969,CLT-0011,2025-07-29 14:42:30,19534.86,EUR,Virement international,Espagne,True
TXN-008970,CLT-0033,2025-07-14 14:42:30,2931.42,EUR,Dépôt,Espagne,False
TXN-008971,CLT-0095,2025-12-22 14:42:30,3610.16,EUR,Virement international,Russie,False
TXN-008972,CLT-0085,2026-02-27 14:42:30,33642.65,EUR,Virement,Espagne,True
TXN-008973,CLT-0017,2025-12-08 14:42:30,3936.55,EUR,Virement,Russie,False
TXN-008974,CLT-0033,2025-07-26 14:42:30,2065.51,EUR,Virement international,France,False
TXN-008975,CLT-0013,2025-11-28 14:42:30,4068.41,EUR,Dépôt,Espagne,False
TXN-008976,CLT-0063,2025-11-09 14:42:30,2109.02,EUR,Dépôt,France,False
TXN-008977,CLT-0041,2026-02-21 14:42:30,3698.82,EUR,Retrait,Îles Caïmans,False
TXN-008978,CLT-0072,2026-05-05 14:42:30,1596.83,EUR,Virement international,Allemagne,False
TXN-008979,CLT-0061,2026-04-01 14:42:30,1257.51,EUR,Virement international,Espagne,False
TXN-008980,CLT-0013,2025-07-12 14:42:30,1195.6,EUR,Retrait,Îles Caïmans,False
TXN-008981,CLT-0044,2025-08-31 14:42:30,3091.1,EUR,Dépôt,Allemagne,False
TXN-008982,CLT-0017,2025-09-08 14:42:30,2443.5,EUR,Paiement carte,France,False
TXN-008983,CLT-0021,2026-02-25 14:42:30,1264.28,EUR,Dépôt,France,False
TXN-008984,CLT-0092,2026-05-13 14:42:30,1593.51,EUR,Retrait,Allemagne,False
TXN-008985,CLT-0061,2025-12-17 14:42:30,498.73,EUR,Retrait,France,False
TXN-008986,CLT-0019,2025-09-22 14:42:30,4326.11,EUR,Virement,Russie,False
TXN-008987,CLT-0045,2025-09-08 14:42:30,353.51,EUR,Retrait,Russie,False
TXN-008988,CLT-0031,2025-10-06 14:42:30,66706.73,EUR,Retrait,Allemagne,True
TXN-008989,CLT-0085,2025-08-01 14:42:30,4624.12,EUR,Virement international,Russie,False
TXN-008990,CLT-0021,2025-11-04 14:42:30,1056.59,EUR,Virement,France,False
TXN-008991,CLT-0082,2026-02-06 14:42:30,4581.17,EUR,Paiement carte,Panama,False
TXN-008992,CLT-0054,2026-02-11 14:42:30,4644.96,EUR,Retrait,France,False
TXN-008993,CLT-0099,2025-12-21 14:42:30,2641.96,EUR,Dépôt,France,False
TXN-008994,CLT-0098,2025-11-17 14:42:30,2788.3,EUR,Virement international,France,False
TXN-008995,CLT-0080,2025-07-09 14:42:30,4560.51,EUR,Dépôt,France,False
TXN-008996,CLT-0072,2025-05-15 14:42:30,2489.61,EUR,Retrait,Espagne,False
TXN-008997,CLT-0033,2025-10-15 14:42:30,63899.76,EUR,Retrait,Allemagne,True
TXN-008998,CLT-0041,2025-06-12 14:42:30,2945.28,EUR,Dépôt,Allemagne,False
TXN-008999,CLT-0073,2025-12-19 14:42:30,985.38,EUR,Paiement carte,France,False
TXN-009000,CLT-0002,2025-06-27 14:42:30,2229.61,EUR,Dépôt,France,False
TXN-009001,CLT-0028,2025-06-02 14:42:30,4359.73,EUR,Retrait,Espagne,False
TXN-009002,CLT-0099,2025-06-27 14:42:30,75440.29,EUR,Virement,France,True
TXN-009003,CLT-0029,2025-09-20 14:42:30,414.43,EUR,Virement,Îles Caïmans,False
TXN-009004,CLT-0030,2025-06-16 14:42:30,677.55,EUR,Virement,Russie,False
TXN-009005,CLT-0062,2026-01-03 14:42:30,861.83,EUR,Virement international,Allemagne,False
TXN-009006,CLT-0016,2025-09-07 14:42:30,3686.33,EUR,Retrait,France,False
TXN-009007,CLT-0080,2025-09-02 14:42:30,843.41,EUR,Virement international,Îles Caïmans,False
TXN-009008,CLT-0019,2026-04-18 14:42:30,4923.5,EUR,Dépôt,France,False
TXN-009009,CLT-0023,2025-06-10 14:42:30,2520.57,EUR,Paiement carte,France,False
TXN-009010,CLT-0047,2025-06-28 14:42:30,1461.49,EUR,Retrait,France,False
TXN-009011,CLT-0010,2025-06-26 14:42:30,2856.99,EUR,Dépôt,France,False
TXN-009012,CLT-0012,2026-03-31 14:42:30,2706.76,EUR,Virement international,Russie,False
TXN-009013,CLT-0055,2026-03-20 14:42:30,2885.55,EUR,Paiement carte,Panama,False
TXN-009014,CLT-0069,2026-03-20 14:42:30,291.16,EUR,Virement,France,False
TXN-009015,CLT-0097,2026-05-03 14:42:30,1490.82,EUR,Retrait,Russie,False
TXN-009016,CLT-0017,2025-06-07 14:42:30,304.89,EUR,Retrait,France,False
TXN-009017,CLT-0048,2025-09-14 14:42:30,1704.13,EUR,Virement,France,False
TXN-009018,CLT-0053,2025-10-28 14:42:30,106.55,EUR,Virement international,Panama,False
TXN-009019,CLT-0100,2025-07-18 14:42:30,1568.15,EUR,Paiement carte,Allemagne,False
TXN-009020,CLT-0082,2025-09-25 14:42:30,4289.5,EUR,Virement,Espagne,False
TXN-009021,CLT-0050,2026-04-05 14:42:30,1836.85,EUR,Retrait,France,False
TXN-009022,CLT-0010,2025-07-14 14:42:30,544.7,EUR,Virement international,France,False
TXN-009023,CLT-0018,2025-09-13 14:42:30,976.54,EUR,Dépôt,France,False
TXN-009024,CLT-0005,2025-08-20 14:42:30,59830.57,EUR,Retrait,France,True
TXN-009025,CLT-0057,2026-01-14 14:42:30,41116.52,EUR,Virement,Panama,True
TXN-009026,CLT-0038,2025-06-03 14:42:30,76062.62,EUR,Virement international,France,True
TXN-009027,CLT-0074,2026-02-24 14:42:30,808.74,EUR,Retrait,Panama,False
TXN-009028,CLT-0044,2025-10-24 14:42:30,4450.57,EUR,Dépôt,Russie,False
TXN-009029,CLT-0078,2025-10-04 14:42:30,4060.61,EUR,Virement,Espagne,False
TXN-009030,CLT-0027,2026-04-16 14:42:30,4497.89,EUR,Paiement carte,Panama,False
TXN-009031,CLT-0021,2025-12-20 14:42:30,4995.2,EUR,Retrait,Russie,False
TXN-009032,CLT-0055,2025-10-02 14:42:30,4887.76,EUR,Paiement carte,Îles Caïmans,False
TXN-009033,CLT-0090,2025-10-16 14:42:30,637.16,EUR,Paiement carte,Îles Caïmans,False
TXN-009034,CLT-0076,2025-09-30 14:42:30,34459.49,EUR,Virement,Espagne,True
TXN-009035,CLT-0022,2025-11-23 14:42:30,4975.24,EUR,Retrait,Espagne,False
TXN-009036,CLT-0047,2026-04-21 14:42:30,861.79,EUR,Virement international,Îles Caïmans,False
TXN-009037,CLT-0037,2025-11-07 14:42:30,4937.99,EUR,Virement international,Russie,False
TXN-009038,CLT-0062,2026-01-16 14:42:30,1883.45,EUR,Virement,Îles Caïmans,False
TXN-009039,CLT-0097,2025-12-16 14:42:30,64272.4,EUR,Virement international,Russie,True
TXN-009040,CLT-0055,2026-03-19 14:42:30,1118.35,EUR,Virement,France,False
TXN-009041,CLT-0073,2026-01-13 14:42:30,4230.9,EUR,Virement international,Panama,False
TXN-009042,CLT-0094,2025-06-20 14:42:30,468.7,EUR,Dépôt,Espagne,False
TXN-009043,CLT-0045,2026-03-27 14:42:30,1282.79,EUR,Virement,Espagne,False
TXN-009044,CLT-0008,2025-07-05 14:42:30,3200.23,EUR,Virement international,Îles Caïmans,False
TXN-009045,CLT-0031,2025-08-24 14:42:30,143.48,EUR,Dépôt,Panama,False
TXN-009046,CLT-0029,2025-06-17 14:42:30,4930.32,EUR,Paiement carte,Espagne,False
TXN-009047,CLT-0048,2025-09-26 14:42:30,3171.9,EUR,Virement international,Russie,False
TXN-009048,CLT-0062,2025-05-14 14:42:30,3862.01,EUR,Dépôt,France,False
TXN-009049,CLT-0081,2026-02-20 14:42:30,1469.32,EUR,Virement international,France,False
TXN-009050,CLT-0050,2026-01-24 14:42:30,4242.24,EUR,Virement international,France,False
TXN-009051,CLT-0033,2025-08-23 14:42:30,1639.82,EUR,Virement international,Russie,False
TXN-009052,CLT-0089,2026-04-12 14:42:30,2644.72,EUR,Paiement carte,Îles Caïmans,False
TXN-009053,CLT-0098,2026-02-10 14:42:30,2411.23,EUR,Dépôt,Allemagne,False
TXN-009054,CLT-0068,2025-11-24 14:42:30,52507.75,EUR,Virement,Îles Caïmans,True
TXN-009055,CLT-0034,2025-07-13 14:42:30,2616.97,EUR,Dépôt,France,False
TXN-009056,CLT-0029,2025-07-09 14:42:30,91014.46,EUR,Retrait,Espagne,True
TXN-009057,CLT-0083,2025-05-13 14:42:30,364.43,EUR,Virement international,France,False
TXN-009058,CLT-0014,2025-10-01 14:42:30,863.68,EUR,Virement,France,False
TXN-009059,CLT-0048,2025-06-29 14:42:30,3643.65,EUR,Virement international,Îles Caïmans,False
TXN-009060,CLT-0063,2025-07-31 14:42:30,377.96,EUR,Dépôt,Russie,False
TXN-009061,CLT-0006,2026-02-10 14:42:30,25740.16,EUR,Virement international,Allemagne,True
TXN-009062,CLT-0003,2025-06-24 14:42:30,1114.08,EUR,Virement,Espagne,False
TXN-009063,CLT-0080,2026-03-19 14:42:30,2042.68,EUR,Paiement carte,France,False
TXN-009064,CLT-0037,2025-06-11 14:42:30,4158.03,EUR,Virement,France,False
TXN-009065,CLT-0002,2025-08-15 14:42:30,2470.4,EUR,Paiement carte,Allemagne,False
TXN-009066,CLT-0076,2025-08-18 14:42:30,3652.73,EUR,Dépôt,France,False
TXN-009067,CLT-0025,2026-04-04 14:42:30,15951.23,EUR,Virement,Allemagne,True
TXN-009068,CLT-0059,2025-07-01 14:42:30,2427.85,EUR,Virement,Espagne,False
TXN-009069,CLT-0071,2026-04-14 14:42:30,2299.76,EUR,Paiement carte,Russie,False
TXN-009070,CLT-0082,2026-01-23 14:42:30,1178.3,EUR,Virement,Îles Caïmans,False
TXN-009071,CLT-0045,2025-09-26 14:42:30,3975.33,EUR,Virement international,France,False
TXN-009072,CLT-0011,2026-04-19 14:42:30,2074.76,EUR,Virement,France,False
TXN-009073,CLT-0057,2025-06-14 14:42:30,3189.96,EUR,Paiement carte,Espagne,False
TXN-009074,CLT-0008,2025-09-19 14:42:30,59713.14,EUR,Virement,Allemagne,True
TXN-009075,CLT-0051,2025-05-26 14:42:30,62785.61,EUR,Paiement carte,France,True
TXN-009076,CLT-0068,2026-05-12 14:42:30,1895.86,EUR,Dépôt,Allemagne,False
TXN-009077,CLT-0008,2025-08-31 14:42:30,214.66,EUR,Virement,France,False
TXN-009078,CLT-0017,2026-03-03 14:42:30,21020.98,EUR,Virement,France,True
TXN-009079,CLT-0079,2026-01-22 14:42:30,2802.42,EUR,Virement,Panama,False
TXN-009080,CLT-0010,2026-03-12 14:42:30,72832.31,EUR,Virement international,France,True
TXN-009081,CLT-0093,2025-12-27 14:42:30,2835.8,EUR,Virement international,France,False
TXN-009082,CLT-0056,2025-09-18 14:42:30,41236.56,EUR,Virement international,Russie,True
TXN-009083,CLT-0037,2026-03-18 14:42:30,207.93,EUR,Virement international,Espagne,False
TXN-009084,CLT-0030,2025-10-08 14:42:30,76858.94,EUR,Retrait,France,True
TXN-009085,CLT-0049,2025-07-27 14:42:30,1820.38,EUR,Dépôt,France,False
TXN-009086,CLT-0065,2025-11-26 14:42:30,4586.26,EUR,Paiement carte,France,False
TXN-009087,CLT-0063,2026-04-11 14:42:30,737.81,EUR,Virement,France,False
TXN-009088,CLT-0077,2025-12-10 14:42:30,1273.4,EUR,Paiement carte,Panama,False
TXN-009089,CLT-0036,2025-05-17 14:42:30,4860.59,EUR,Retrait,France,False
TXN-009090,CLT-0042,2026-03-02 14:42:30,3320.24,EUR,Dépôt,France,False
TXN-009091,CLT-0080,2025-11-18 14:42:30,2338.36,EUR,Dépôt,France,False
TXN-009092,CLT-0033,2026-03-02 14:42:30,861.44,EUR,Retrait,Îles Caïmans,False
TXN-009093,CLT-0030,2026-02-11 14:42:30,4824.62,EUR,Virement,Russie,False
TXN-009094,CLT-0064,2025-09-29 14:42:30,1444.54,EUR,Virement,Allemagne,False
TXN-009095,CLT-0012,2025-10-20 14:42:30,781.31,EUR,Retrait,France,False
TXN-009096,CLT-0054,2025-08-18 14:42:30,17210.4,EUR,Paiement carte,Îles Caïmans,True
TXN-009097,CLT-0036,2025-09-19 14:42:30,3931.37,EUR,Dépôt,France,False
TXN-009098,CLT-0002,2025-08-03 14:42:30,3730.35,EUR,Paiement carte,Allemagne,False
TXN-009099,CLT-0079,2025-12-11 14:42:30,229.05,EUR,Paiement carte,Allemagne,False
TXN-009100,CLT-0054,2025-10-28 14:42:30,58339.06,EUR,Paiement carte,Russie,True
TXN-009101,CLT-0049,2025-07-27 14:42:30,2190.6,EUR,Virement,France,False
TXN-009102,CLT-0084,2025-10-03 14:42:30,3548.2,EUR,Dépôt,France,False
TXN-009103,CLT-0092,2026-01-02 14:42:30,3190.81,EUR,Paiement carte,France,False
TXN-009104,CLT-0042,2025-07-13 14:42:30,1496.05,EUR,Dépôt,Panama,False
TXN-009105,CLT-0053,2025-12-09 14:42:30,4245.03,EUR,Dépôt,Russie,False
TXN-009106,CLT-0089,2026-01-08 14:42:30,4733.47,EUR,Paiement carte,France,False
TXN-009107,CLT-0065,2025-09-17 14:42:30,1280.79,EUR,Virement international,Allemagne,False
TXN-009108,CLT-0099,2025-09-18 14:42:30,880.82,EUR,Retrait,France,False
TXN-009109,CLT-0099,2025-09-16 14:42:30,3886.48,EUR,Paiement carte,Îles Caïmans,False
TXN-009110,CLT-0081,2025-08-13 14:42:30,1292.72,EUR,Dépôt,France,False
TXN-009111,CLT-0099,2025-07-13 14:42:30,1532.54,EUR,Dépôt,Îles Caïmans,False
TXN-009112,CLT-0083,2025-12-24 14:42:30,1720.38,EUR,Virement,Allemagne,False
TXN-009113,CLT-0020,2026-04-29 14:42:30,160.04,EUR,Virement,Espagne,False
TXN-009114,CLT-0038,2025-07-29 14:42:30,2084.43,EUR,Dépôt,Allemagne,False
TXN-009115,CLT-0018,2026-01-23 14:42:30,2770.13,EUR,Retrait,Espagne,False
TXN-009116,CLT-0028,2026-01-08 14:42:30,1671.17,EUR,Dépôt,Îles Caïmans,False
TXN-009117,CLT-0100,2026-03-07 14:42:30,4047.2,EUR,Virement international,Îles Caïmans,False
TXN-009118,CLT-0048,2025-06-04 14:42:30,3854.12,EUR,Dépôt,France,False
TXN-009119,CLT-0090,2026-01-20 14:42:30,4866.24,EUR,Virement international,France,False
TXN-009120,CLT-0060,2025-06-22 14:42:30,28250.15,EUR,Paiement carte,France,True
TXN-009121,CLT-0087,2025-11-07 14:42:30,399.16,EUR,Paiement carte,Russie,False
TXN-009122,CLT-0012,2025-12-05 14:42:30,505.5,EUR,Virement,France,False
TXN-009123,CLT-0082,2026-03-19 14:42:30,3862.45,EUR,Paiement carte,France,False
TXN-009124,CLT-0035,2025-07-05 14:42:30,1774.75,EUR,Retrait,France,False
TXN-009125,CLT-0044,2025-10-18 14:42:30,55446.16,EUR,Virement,France,True
TXN-009126,CLT-0082,2025-09-26 14:42:30,4492.82,EUR,Dépôt,France,False
TXN-009127,CLT-0097,2025-07-07 14:42:30,2201.47,EUR,Retrait,France,False
TXN-009128,CLT-0084,2026-04-24 14:42:30,1859.51,EUR,Virement international,France,False
TXN-009129,CLT-0038,2025-12-29 14:42:30,64068.25,EUR,Retrait,France,True
TXN-009130,CLT-0018,2026-01-18 14:42:30,47970.42,EUR,Virement,Îles Caïmans,True
TXN-009131,CLT-0058,2026-02-28 14:42:30,2833.64,EUR,Paiement carte,Allemagne,False
TXN-009132,CLT-0023,2025-08-17 14:42:30,4172.72,EUR,Paiement carte,Allemagne,False
TXN-009133,CLT-0054,2025-09-28 14:42:30,4357.96,EUR,Retrait,France,False
TXN-009134,CLT-0059,2026-04-12 14:42:30,29444.11,EUR,Dépôt,Allemagne,True
TXN-009135,CLT-0011,2025-09-12 14:42:30,2519.67,EUR,Dépôt,France,False
TXN-009136,CLT-0056,2026-02-07 14:42:30,4884.07,EUR,Dépôt,France,False
TXN-009137,CLT-0086,2025-11-02 14:42:30,163.38,EUR,Dépôt,Îles Caïmans,False
TXN-009138,CLT-0065,2026-02-01 14:42:30,1413.63,EUR,Retrait,France,False
TXN-009139,CLT-0089,2026-03-06 14:42:30,1509.31,EUR,Virement international,Panama,False
TXN-009140,CLT-0069,2025-11-12 14:42:30,4361.64,EUR,Dépôt,Russie,False
TXN-009141,CLT-0038,2025-07-19 14:42:30,2792.65,EUR,Paiement carte,Panama,False
TXN-009142,CLT-0062,2025-07-16 14:42:30,52222.07,EUR,Retrait,Espagne,True
TXN-009143,CLT-0072,2025-07-29 14:42:30,3039.54,EUR,Virement international,France,False
TXN-009144,CLT-0045,2025-11-20 14:42:30,3990.08,EUR,Dépôt,France,False
TXN-009145,CLT-0016,2026-02-25 14:42:30,4689.41,EUR,Virement,France,False
TXN-009146,CLT-0052,2025-07-05 14:42:30,63347.5,EUR,Virement,France,True
TXN-009147,CLT-0068,2025-09-27 14:42:30,4185.77,EUR,Dépôt,Espagne,False
TXN-009148,CLT-0005,2025-06-15 14:42:30,2833.7,EUR,Dépôt,Russie,False
TXN-009149,CLT-0017,2025-10-29 14:42:30,2736.5,EUR,Paiement carte,France,False
TXN-009150,CLT-0044,2025-07-27 14:42:30,1082.62,EUR,Retrait,France,False
TXN-009151,CLT-0084,2026-03-09 14:42:30,66435.62,EUR,Dépôt,Panama,True
TXN-009152,CLT-0024,2025-06-10 14:42:30,2978.28,EUR,Dépôt,Îles Caïmans,False
TXN-009153,CLT-0086,2025-09-06 14:42:30,2277.61,EUR,Retrait,France,False
TXN-009154,CLT-0047,2025-12-05 14:42:30,1800.4,EUR,Virement international,Russie,False
TXN-009155,CLT-0095,2026-03-26 14:42:30,623.83,EUR,Virement,France,False
TXN-009156,CLT-0086,2026-01-12 14:42:30,618.39,EUR,Retrait,Panama,False
TXN-009157,CLT-0073,2025-12-14 14:42:30,2062.17,EUR,Retrait,France,False
TXN-009158,CLT-0040,2025-07-21 14:42:30,1705.57,EUR,Dépôt,Allemagne,False
TXN-009159,CLT-0009,2025-09-12 14:42:30,4430.67,EUR,Paiement carte,France,False
TXN-009160,CLT-0028,2025-07-06 14:42:30,4755.1,EUR,Dépôt,France,False
TXN-009161,CLT-0069,2025-12-22 14:42:30,4570.77,EUR,Retrait,Panama,False
TXN-009162,CLT-0028,2025-09-08 14:42:30,3610.71,EUR,Virement international,Îles Caïmans,False
TXN-009163,CLT-0016,2026-01-30 14:42:30,1003.54,EUR,Paiement carte,France,False
TXN-009164,CLT-0079,2025-07-11 14:42:30,10.98,EUR,Retrait,Îles Caïmans,False
TXN-009165,CLT-0061,2025-05-18 14:42:30,3309.45,EUR,Virement international,Espagne,False
TXN-009166,CLT-0043,2025-09-09 14:42:30,3476.27,EUR,Virement,Panama,False
TXN-009167,CLT-0007,2026-03-04 14:42:30,3289.98,EUR,Virement international,Russie,False
TXN-009168,CLT-0005,2025-11-13 14:42:30,3745.67,EUR,Paiement carte,Îles Caïmans,False
TXN-009169,CLT-0017,2025-06-19 14:42:30,528.17,EUR,Virement international,Panama,False
TXN-009170,CLT-0043,2025-08-21 14:42:30,3693.78,EUR,Virement international,Espagne,False
TXN-009171,CLT-0031,2025-07-25 14:42:30,2107.65,EUR,Retrait,France,False
TXN-009172,CLT-0049,2025-12-01 14:42:30,428.14,EUR,Virement international,Panama,False
TXN-009173,CLT-0096,2025-10-27 14:42:30,152.14,EUR,Retrait,France,False
TXN-009174,CLT-0085,2025-05-24 14:42:30,1971.97,EUR,Virement,Allemagne,False
TXN-009175,CLT-0030,2026-02-16 14:42:30,2050.02,EUR,Dépôt,France,False
TXN-009176,CLT-0077,2026-02-28 14:42:30,4336.18,EUR,Virement,Îles Caïmans,False
TXN-009177,CLT-0089,2026-01-31 14:42:30,2000.89,EUR,Virement,Russie,False
TXN-009178,CLT-0066,2025-06-30 14:42:30,1209.85,EUR,Paiement carte,France,False
TXN-009179,CLT-0088,2025-12-16 14:42:30,1461.98,EUR,Dépôt,Espagne,False
TXN-009180,CLT-0001,2026-04-28 14:42:30,4350.07,EUR,Paiement carte,Espagne,False
TXN-009181,CLT-0095,2025-09-25 14:42:30,4076.22,EUR,Paiement carte,Russie,False
TXN-009182,CLT-0054,2025-12-14 14:42:30,614.32,EUR,Dépôt,France,False
TXN-009183,CLT-0026,2026-01-08 14:42:30,494.49,EUR,Retrait,Panama,False
TXN-009184,CLT-0091,2026-01-09 14:42:30,3928.46,EUR,Paiement carte,Allemagne,False
TXN-009185,CLT-0060,2025-11-14 14:42:30,47738.01,EUR,Virement international,Îles Caïmans,True
TXN-009186,CLT-0024,2026-04-14 14:42:30,288.31,EUR,Dépôt,France,False
TXN-009187,CLT-0055,2025-10-07 14:42:30,4942.65,EUR,Virement,Îles Caïmans,False
TXN-009188,CLT-0066,2026-05-04 14:42:30,3372.17,EUR,Dépôt,France,False
TXN-009189,CLT-0066,2025-10-10 14:42:30,4743.37,EUR,Virement international,Îles Caïmans,False
TXN-009190,CLT-0018,2026-01-26 14:42:30,4298.98,EUR,Paiement carte,Espagne,False
TXN-009191,CLT-0091,2025-06-15 14:42:30,4329.58,EUR,Dépôt,France,False
TXN-009192,CLT-0097,2025-06-02 14:42:30,1367.39,EUR,Dépôt,Allemagne,False
TXN-009193,CLT-0027,2025-08-23 14:42:30,2606.73,EUR,Dépôt,Îles Caïmans,False
TXN-009194,CLT-0071,2026-04-09 14:42:30,8465.08,EUR,Retrait,France,True
TXN-009195,CLT-0081,2025-10-27 14:42:30,2446.46,EUR,Retrait,France,False
TXN-009196,CLT-0081,2025-07-20 14:42:30,3557.51,EUR,Retrait,Russie,False
TXN-009197,CLT-0074,2025-07-14 14:42:30,16272.83,EUR,Retrait,France,True
TXN-009198,CLT-0017,2025-07-08 14:42:30,2676.09,EUR,Virement,Îles Caïmans,False
TXN-009199,CLT-0010,2025-08-18 14:42:30,495.66,EUR,Paiement carte,Panama,False
TXN-009200,CLT-0066,2026-03-22 14:42:30,3724.89,EUR,Virement,Îles Caïmans,False
TXN-009201,CLT-0096,2025-12-01 14:42:30,3421.54,EUR,Retrait,France,False
TXN-009202,CLT-0043,2026-03-30 14:42:30,1538.0,EUR,Retrait,Allemagne,False
TXN-009203,CLT-0056,2025-10-19 14:42:30,545.7,EUR,Dépôt,France,False
TXN-009204,CLT-0027,2026-04-04 14:42:30,2451.28,EUR,Virement,Russie,False
TXN-009205,CLT-0031,2026-03-15 14:42:30,2851.09,EUR,Dépôt,France,False
TXN-009206,CLT-0087,2025-09-05 14:42:30,3967.58,EUR,Paiement carte,France,False
TXN-009207,CLT-0032,2025-07-02 14:42:30,1729.71,EUR,Paiement carte,Îles Caïmans,False
TXN-009208,CLT-0017,2025-08-21 14:42:30,322.42,EUR,Dépôt,Îles Caïmans,False
TXN-009209,CLT-0015,2025-11-22 14:42:30,2125.05,EUR,Paiement carte,Allemagne,False
TXN-009210,CLT-0013,2025-09-15 14:42:30,2284.25,EUR,Dépôt,Espagne,False
TXN-009211,CLT-0069,2026-02-14 14:42:30,979.52,EUR,Virement,Allemagne,False
TXN-009212,CLT-0004,2025-11-24 14:42:30,1179.02,EUR,Retrait,Allemagne,False
TXN-009213,CLT-0040,2025-09-13 14:42:30,71.75,EUR,Virement international,Îles Caïmans,False
TXN-009214,CLT-0042,2025-09-30 14:42:30,4806.41,EUR,Paiement carte,Espagne,False
TXN-009215,CLT-0041,2025-05-20 14:42:30,1485.91,EUR,Dépôt,Espagne,False
TXN-009216,CLT-0028,2025-09-05 14:42:30,583.35,EUR,Virement international,France,False
TXN-009217,CLT-0042,2025-11-26 14:42:30,19057.33,EUR,Virement international,Russie,True
TXN-009218,CLT-0100,2026-04-23 14:42:30,1404.68,EUR,Dépôt,France,False
TXN-009219,CLT-0027,2026-04-10 14:42:30,334.97,EUR,Dépôt,Îles Caïmans,False
TXN-009220,CLT-0054,2025-06-08 14:42:30,2731.85,EUR,Dépôt,Îles Caïmans,False
TXN-009221,CLT-0096,2025-05-25 14:42:30,4599.58,EUR,Retrait,Russie,False
TXN-009222,CLT-0011,2025-09-04 14:42:30,1472.85,EUR,Retrait,Espagne,False
TXN-009223,CLT-0083,2026-01-11 14:42:30,37533.35,EUR,Virement international,Allemagne,True
TXN-009224,CLT-0055,2026-04-30 14:42:30,4157.83,EUR,Dépôt,Russie,False
TXN-009225,CLT-0058,2025-06-30 14:42:30,685.35,EUR,Paiement carte,Îles Caïmans,False
TXN-009226,CLT-0099,2025-05-13 14:42:30,3824.52,EUR,Virement,Îles Caïmans,False
TXN-009227,CLT-0078,2026-01-13 14:42:30,3162.55,EUR,Retrait,Allemagne,False
TXN-009228,CLT-0063,2025-05-30 14:42:30,2208.59,EUR,Paiement carte,Espagne,False
TXN-009229,CLT-0072,2025-05-28 14:42:30,483.85,EUR,Dépôt,Allemagne,False
TXN-009230,CLT-0067,2026-03-17 14:42:30,4511.03,EUR,Retrait,France,False
TXN-009231,CLT-0005,2025-12-24 14:42:30,1097.0,EUR,Virement international,Allemagne,False
TXN-009232,CLT-0062,2026-02-09 14:42:30,3778.93,EUR,Virement,Russie,False
TXN-009233,CLT-0007,2026-03-05 14:42:30,3652.16,EUR,Retrait,France,False
TXN-009234,CLT-0037,2025-10-23 14:42:30,2191.34,EUR,Paiement carte,Panama,False
TXN-009235,CLT-0061,2025-12-28 14:42:30,90317.5,EUR,Virement international,Russie,True
TXN-009236,CLT-0068,2025-09-16 14:42:30,3216.05,EUR,Virement international,Espagne,False
TXN-009237,CLT-0093,2025-05-18 14:42:30,2507.85,EUR,Paiement carte,Panama,False
TXN-009238,CLT-0013,2026-03-31 14:42:30,2909.06,EUR,Dépôt,France,False
TXN-009239,CLT-0054,2025-12-14 14:42:30,4810.05,EUR,Virement,France,False
TXN-009240,CLT-0029,2026-02-12 14:42:30,2948.64,EUR,Virement international,Panama,False
TXN-009241,CLT-0093,2025-06-15 14:42:30,54885.09,EUR,Retrait,France,True
TXN-009242,CLT-0051,2025-10-22 14:42:30,3356.34,EUR,Virement international,Îles Caïmans,False
TXN-009243,CLT-0074,2025-07-07 14:42:30,3304.8,EUR,Virement international,Espagne,False
TXN-009244,CLT-0050,2026-02-07 14:42:30,9816.14,EUR,Dépôt,France,True
TXN-009245,CLT-0018,2025-12-02 14:42:30,4980.23,EUR,Dépôt,France,False
TXN-009246,CLT-0094,2026-04-23 14:42:30,73676.83,EUR,Paiement carte,Îles Caïmans,True
TXN-009247,CLT-0028,2026-01-19 14:42:30,484.99,EUR,Dépôt,France,False
TXN-009248,CLT-0061,2025-11-03 14:42:30,1418.34,EUR,Paiement carte,France,False
TXN-009249,CLT-0054,2025-07-26 14:42:30,4947.64,EUR,Virement,France,False
TXN-009250,CLT-0088,2025-06-24 14:42:30,3934.92,EUR,Virement international,France,False
TXN-009251,CLT-0039,2026-04-16 14:42:30,2957.03,EUR,Dépôt,Allemagne,False
TXN-009252,CLT-0051,2025-09-28 14:42:30,2126.55,EUR,Virement,France,False
TXN-009253,CLT-0063,2025-10-15 14:42:30,2843.31,EUR,Paiement carte,France,False
TXN-009254,CLT-0043,2026-02-02 14:42:30,63391.03,EUR,Dépôt,Panama,True
TXN-009255,CLT-0093,2025-12-21 14:42:30,350.54,EUR,Retrait,France,False
TXN-009256,CLT-0066,2025-06-07 14:42:30,994.92,EUR,Retrait,Espagne,False
TXN-009257,CLT-0076,2025-07-22 14:42:30,4176.36,EUR,Dépôt,Allemagne,False
TXN-009258,CLT-0005,2026-04-18 14:42:30,341.27,EUR,Virement international,Panama,False
TXN-009259,CLT-0100,2026-04-19 14:42:30,222.3,EUR,Virement,France,False
TXN-009260,CLT-0005,2025-09-25 14:42:30,4885.53,EUR,Retrait,Îles Caïmans,False
TXN-009261,CLT-0063,2026-01-09 14:42:30,924.79,EUR,Retrait,Allemagne,False
TXN-009262,CLT-0020,2025-06-23 14:42:30,34007.83,EUR,Dépôt,France,True
TXN-009263,CLT-0066,2026-03-11 14:42:30,3135.12,EUR,Virement international,Russie,False
TXN-009264,CLT-0098,2026-04-05 14:42:30,1973.71,EUR,Paiement carte,Russie,False
TXN-009265,CLT-0094,2025-12-14 14:42:30,4636.02,EUR,Retrait,France,False
TXN-009266,CLT-0018,2025-09-02 14:42:30,78961.3,EUR,Paiement carte,Espagne,True
TXN-009267,CLT-0044,2025-05-16 14:42:30,675.57,EUR,Virement,Russie,False
TXN-009268,CLT-0088,2025-09-04 14:42:30,4922.97,EUR,Virement international,Îles Caïmans,False
TXN-009269,CLT-0088,2025-12-24 14:42:30,1132.31,EUR,Virement,Espagne,False
TXN-009270,CLT-0054,2025-06-29 14:42:30,4084.18,EUR,Dépôt,France,False
TXN-009271,CLT-0012,2025-09-09 14:42:30,1966.92,EUR,Dépôt,Panama,False
TXN-009272,CLT-0089,2025-12-02 14:42:30,4945.49,EUR,Virement international,Îles Caïmans,False
TXN-009273,CLT-0057,2026-01-24 14:42:30,2185.02,EUR,Virement international,Panama,False
TXN-009274,CLT-0087,2026-03-25 14:42:30,2248.29,EUR,Paiement carte,France,False
TXN-009275,CLT-0025,2025-07-25 14:42:30,2880.36,EUR,Virement international,France,False
TXN-009276,CLT-0001,2025-09-11 14:42:30,3609.35,EUR,Paiement carte,France,False
TXN-009277,CLT-0074,2025-10-01 14:42:30,22899.87,EUR,Paiement carte,France,True
TXN-009278,CLT-0057,2026-02-09 14:42:30,1537.36,EUR,Virement international,Espagne,False
TXN-009279,CLT-0029,2026-05-08 14:42:30,10.39,EUR,Virement international,Russie,False
TXN-009280,CLT-0037,2025-10-10 14:42:30,3776.03,EUR,Paiement carte,Panama,False
TXN-009281,CLT-0012,2025-07-12 14:42:30,1544.51,EUR,Virement international,Îles Caïmans,False
TXN-009282,CLT-0077,2025-12-09 14:42:30,3665.59,EUR,Virement international,Russie,False
TXN-009283,CLT-0090,2026-02-03 14:42:30,3015.08,EUR,Retrait,France,False
TXN-009284,CLT-0049,2026-02-17 14:42:30,2910.72,EUR,Virement international,Îles Caïmans,False
TXN-009285,CLT-0027,2025-05-28 14:42:30,137.91,EUR,Paiement carte,Panama,False
TXN-009286,CLT-0069,2025-09-04 14:42:30,4941.59,EUR,Dépôt,Espagne,False
TXN-009287,CLT-0042,2025-10-28 14:42:30,3528.82,EUR,Retrait,France,False
TXN-009288,CLT-0037,2025-10-11 14:42:30,1310.7,EUR,Retrait,France,False
TXN-009289,CLT-0020,2026-03-08 14:42:30,567.01,EUR,Retrait,Panama,False
TXN-009290,CLT-0010,2026-01-01 14:42:30,1859.5,EUR,Retrait,France,False
TXN-009291,CLT-0089,2026-01-11 14:42:30,1536.49,EUR,Dépôt,France,False
TXN-009292,CLT-0048,2025-12-03 14:42:30,4193.12,EUR,Paiement carte,Allemagne,False
TXN-009293,CLT-0085,2026-02-25 14:42:30,74998.28,EUR,Paiement carte,Îles Caïmans,True
TXN-009294,CLT-0063,2026-01-04 14:42:30,4041.67,EUR,Paiement carte,Îles Caïmans,False
TXN-009295,CLT-0088,2026-02-25 14:42:30,93264.3,EUR,Virement international,France,True
TXN-009296,CLT-0019,2026-04-18 14:42:30,360.63,EUR,Dépôt,Panama,False
TXN-009297,CLT-0087,2025-08-16 14:42:30,4228.83,EUR,Paiement carte,Espagne,False
TXN-009298,CLT-0031,2025-07-17 14:42:30,48004.71,EUR,Virement international,Îles Caïmans,True
TXN-009299,CLT-0097,2025-06-11 14:42:30,3019.2,EUR,Retrait,Allemagne,False
TXN-009300,CLT-0068,2026-02-02 14:42:30,986.5,EUR,Paiement carte,Îles Caïmans,False
TXN-009301,CLT-0067,2025-10-21 14:42:30,1059.15,EUR,Virement international,France,False
TXN-009302,CLT-0027,2025-09-26 14:42:30,622.57,EUR,Virement international,Îles Caïmans,False
TXN-009303,CLT-0045,2025-11-01 14:42:30,521.46,EUR,Retrait,France,False
TXN-009304,CLT-0078,2025-06-22 14:42:30,195.35,EUR,Virement international,Allemagne,False
TXN-009305,CLT-0094,2026-01-14 14:42:30,4874.84,EUR,Dépôt,France,False
TXN-009306,CLT-0049,2026-05-01 14:42:30,60516.06,EUR,Virement international,Espagne,True
TXN-009307,CLT-0086,2026-04-28 14:42:30,2988.17,EUR,Retrait,Allemagne,False
TXN-009308,CLT-0093,2025-07-02 14:42:30,890.78,EUR,Dépôt,France,False
TXN-009309,CLT-0053,2026-02-24 14:42:30,2323.85,EUR,Paiement carte,France,False
TXN-009310,CLT-0052,2025-09-25 14:42:30,4492.32,EUR,Paiement carte,Russie,False
TXN-009311,CLT-0053,2025-08-11 14:42:30,2226.94,EUR,Paiement carte,Allemagne,False
TXN-009312,CLT-0009,2025-08-14 14:42:30,2415.93,EUR,Virement international,France,False
TXN-009313,CLT-0056,2025-12-29 14:42:30,2885.37,EUR,Virement international,Allemagne,False
TXN-009314,CLT-0063,2025-05-24 14:42:30,1814.14,EUR,Dépôt,France,False
TXN-009315,CLT-0018,2026-01-02 14:42:30,797.58,EUR,Paiement carte,France,False
TXN-009316,CLT-0036,2026-02-25 14:42:30,28478.46,EUR,Virement international,Russie,True
TXN-009317,CLT-0068,2026-03-19 14:42:30,1953.77,EUR,Virement international,Espagne,False
TXN-009318,CLT-0053,2025-08-12 14:42:30,564.04,EUR,Paiement carte,France,False
TXN-009319,CLT-0052,2026-05-03 14:42:30,2905.8,EUR,Retrait,Panama,False
TXN-009320,CLT-0052,2025-09-16 14:42:30,920.61,EUR,Retrait,Panama,False
TXN-009321,CLT-0085,2025-10-22 14:42:30,745.64,EUR,Virement international,Panama,False
TXN-009322,CLT-0087,2025-08-03 14:42:30,48461.49,EUR,Dépôt,Allemagne,True
TXN-009323,CLT-0068,2025-11-13 14:42:30,3563.13,EUR,Virement,France,False
TXN-009324,CLT-0055,2025-08-25 14:42:30,4060.86,EUR,Paiement carte,France,False
TXN-009325,CLT-0041,2025-06-17 14:42:30,4879.85,EUR,Virement,Panama,False
TXN-009326,CLT-0040,2026-04-29 14:42:30,31253.65,EUR,Virement international,Russie,True
TXN-009327,CLT-0063,2025-07-07 14:42:30,1730.26,EUR,Dépôt,Espagne,False
TXN-009328,CLT-0031,2025-11-30 14:42:30,1442.61,EUR,Paiement carte,Espagne,False
TXN-009329,CLT-0063,2026-04-12 14:42:30,1964.84,EUR,Paiement carte,Russie,False
TXN-009330,CLT-0090,2026-03-02 14:42:30,756.0,EUR,Paiement carte,Espagne,False
TXN-009331,CLT-0011,2025-06-02 14:42:30,1900.52,EUR,Dépôt,Allemagne,False
TXN-009332,CLT-0064,2026-02-27 14:42:30,180.36,EUR,Virement,France,False
TXN-009333,CLT-0061,2026-04-13 14:42:30,1822.96,EUR,Paiement carte,Russie,False
TXN-009334,CLT-0073,2025-05-23 14:42:30,3467.43,EUR,Retrait,France,False
TXN-009335,CLT-0031,2025-11-11 14:42:30,550.27,EUR,Virement international,Îles Caïmans,False
TXN-009336,CLT-0056,2026-03-15 14:42:30,3390.68,EUR,Virement international,France,False
TXN-009337,CLT-0064,2026-04-24 14:42:30,4783.31,EUR,Dépôt,France,False
TXN-009338,CLT-0088,2025-07-01 14:42:30,43021.24,EUR,Virement,Panama,True
TXN-009339,CLT-0073,2025-11-17 14:42:30,4424.26,EUR,Retrait,France,False
TXN-009340,CLT-0041,2026-01-02 14:42:30,4334.48,EUR,Dépôt,Îles Caïmans,False
TXN-009341,CLT-0013,2026-03-09 14:42:30,1068.52,EUR,Dépôt,Espagne,False
TXN-009342,CLT-0100,2025-06-29 14:42:30,428.77,EUR,Virement international,Panama,False
TXN-009343,CLT-0073,2025-10-20 14:42:30,4550.58,EUR,Virement international,Allemagne,False
TXN-009344,CLT-0011,2025-08-04 14:42:30,268.46,EUR,Dépôt,Îles Caïmans,False
TXN-009345,CLT-0062,2026-04-22 14:42:30,2940.41,EUR,Virement,Panama,False
TXN-009346,CLT-0077,2025-10-03 14:42:30,3372.31,EUR,Dépôt,France,False
TXN-009347,CLT-0053,2026-01-27 14:42:30,45530.22,EUR,Virement,France,True
TXN-009348,CLT-0038,2025-09-07 14:42:30,2599.29,EUR,Virement,France,False
TXN-009349,CLT-0088,2026-05-01 14:42:30,79987.49,EUR,Paiement carte,Allemagne,True
TXN-009350,CLT-0041,2025-12-23 14:42:30,734.87,EUR,Retrait,Russie,False
TXN-009351,CLT-0078,2025-07-19 14:42:30,4028.7,EUR,Virement international,Îles Caïmans,False
TXN-009352,CLT-0001,2026-01-13 14:42:30,58136.9,EUR,Retrait,Espagne,True
TXN-009353,CLT-0046,2025-08-29 14:42:30,20572.22,EUR,Virement,Panama,True
TXN-009354,CLT-0096,2026-02-05 14:42:30,270.41,EUR,Virement,France,False
TXN-009355,CLT-0090,2025-12-30 14:42:30,43530.28,EUR,Virement international,Panama,True
TXN-009356,CLT-0042,2025-10-10 14:42:30,2646.18,EUR,Dépôt,France,False
TXN-009357,CLT-0077,2026-05-06 14:42:30,1366.39,EUR,Retrait,Îles Caïmans,False
TXN-009358,CLT-0080,2026-04-08 14:42:30,1546.18,EUR,Retrait,Russie,False
TXN-009359,CLT-0048,2025-05-27 14:42:30,4711.13,EUR,Dépôt,Russie,False
TXN-009360,CLT-0052,2025-11-22 14:42:30,2364.91,EUR,Paiement carte,France,False
TXN-009361,CLT-0048,2026-04-19 14:42:30,4290.92,EUR,Paiement carte,France,False
TXN-009362,CLT-0081,2025-12-25 14:42:30,4996.36,EUR,Paiement carte,France,False
TXN-009363,CLT-0100,2026-03-04 14:42:30,4296.72,EUR,Retrait,Panama,False
TXN-009364,CLT-0049,2025-11-03 14:42:30,42341.73,EUR,Paiement carte,France,True
TXN-009365,CLT-0045,2026-04-29 14:42:30,4151.56,EUR,Virement international,France,False
TXN-009366,CLT-0048,2025-06-18 14:42:30,4264.33,EUR,Paiement carte,Îles Caïmans,False
TXN-009367,CLT-0028,2025-07-23 14:42:30,2693.75,EUR,Paiement carte,Allemagne,False
TXN-009368,CLT-0063,2025-12-07 14:42:30,4634.47,EUR,Dépôt,Allemagne,False
TXN-009369,CLT-0006,2025-07-14 14:42:30,4382.94,EUR,Retrait,Panama,False
TXN-009370,CLT-0094,2025-07-27 14:42:30,422.42,EUR,Paiement carte,France,False
TXN-009371,CLT-0055,2025-09-22 14:42:30,144.26,EUR,Dépôt,Russie,False
TXN-009372,CLT-0024,2025-12-07 14:42:30,74486.7,EUR,Dépôt,Allemagne,True
TXN-009373,CLT-0075,2025-06-24 14:42:30,512.55,EUR,Virement,France,False
TXN-009374,CLT-0018,2025-06-03 14:42:30,2088.49,EUR,Retrait,Russie,False
TXN-009375,CLT-0014,2025-08-04 14:42:30,4960.23,EUR,Retrait,Allemagne,False
TXN-009376,CLT-0032,2025-08-11 14:42:30,86843.16,EUR,Virement,Espagne,True
TXN-009377,CLT-0069,2025-09-04 14:42:30,820.78,EUR,Virement,Allemagne,False
TXN-009378,CLT-0095,2026-02-02 14:42:30,1092.17,EUR,Retrait,Russie,False
TXN-009379,CLT-0054,2025-11-08 14:42:30,775.51,EUR,Dépôt,Îles Caïmans,False
TXN-009380,CLT-0053,2025-10-24 14:42:30,4537.66,EUR,Virement international,France,False
TXN-009381,CLT-0006,2025-08-03 14:42:30,4792.61,EUR,Virement,France,False
TXN-009382,CLT-0085,2025-07-23 14:42:30,4538.02,EUR,Dépôt,Allemagne,False
TXN-009383,CLT-0007,2025-11-04 14:42:30,1644.86,EUR,Virement,Panama,False
TXN-009384,CLT-0096,2025-05-26 14:42:30,3426.14,EUR,Dépôt,Russie,False
TXN-009385,CLT-0062,2026-04-18 14:42:30,2803.49,EUR,Paiement carte,Espagne,False
TXN-009386,CLT-0037,2026-03-20 14:42:30,3622.7,EUR,Virement international,France,False
TXN-009387,CLT-0015,2025-06-23 14:42:30,3790.89,EUR,Dépôt,Espagne,False
TXN-009388,CLT-0085,2025-07-12 14:42:30,472.36,EUR,Virement international,Panama,False
TXN-009389,CLT-0001,2026-04-25 14:42:30,2276.18,EUR,Paiement carte,Panama,False
TXN-009390,CLT-0051,2025-10-23 14:42:30,716.1,EUR,Paiement carte,Panama,False
TXN-009391,CLT-0043,2025-06-06 14:42:30,3921.02,EUR,Retrait,Îles Caïmans,False
TXN-009392,CLT-0055,2025-09-01 14:42:30,4656.49,EUR,Paiement carte,Panama,False
TXN-009393,CLT-0077,2025-07-01 14:42:30,4448.36,EUR,Virement,France,False
TXN-009394,CLT-0030,2026-03-07 14:42:30,1384.9,EUR,Virement international,France,False
TXN-009395,CLT-0055,2025-10-30 14:42:30,913.22,EUR,Dépôt,Espagne,False
TXN-009396,CLT-0051,2025-06-16 14:42:30,547.51,EUR,Virement,Espagne,False
TXN-009397,CLT-0030,2025-08-22 14:42:30,809.25,EUR,Paiement carte,Allemagne,False
TXN-009398,CLT-0085,2026-04-13 14:42:30,2692.11,EUR,Dépôt,Allemagne,False
TXN-009399,CLT-0081,2026-04-01 14:42:30,3294.72,EUR,Retrait,France,False
TXN-009400,CLT-0015,2025-10-05 14:42:30,992.9,EUR,Virement,Russie,False
TXN-009401,CLT-0038,2025-08-27 14:42:30,827.64,EUR,Paiement carte,Allemagne,False
TXN-009402,CLT-0025,2025-07-22 14:42:30,2286.64,EUR,Paiement carte,France,False
TXN-009403,CLT-0096,2025-06-30 14:42:30,1141.05,EUR,Virement,Russie,False
TXN-009404,CLT-0053,2025-05-21 14:42:30,389.95,EUR,Virement international,France,False
TXN-009405,CLT-0044,2025-08-07 14:42:30,1737.76,EUR,Virement international,Espagne,False
TXN-009406,CLT-0091,2025-06-23 14:42:30,609.4,EUR,Dépôt,Russie,False
TXN-009407,CLT-0058,2025-12-07 14:42:30,2643.34,EUR,Dépôt,France,False
TXN-009408,CLT-0020,2025-09-11 14:42:30,984.58,EUR,Virement international,Îles Caïmans,False
TXN-009409,CLT-0044,2025-10-17 14:42:30,50377.99,EUR,Paiement carte,Russie,True
TXN-009410,CLT-0050,2026-04-15 14:42:30,4051.96,EUR,Virement,Allemagne,False
TXN-009411,CLT-0016,2025-11-26 14:42:30,1320.09,EUR,Virement,France,False
TXN-009412,CLT-0010,2025-12-04 14:42:30,1310.9,EUR,Virement international,France,False
TXN-009413,CLT-0066,2026-03-08 14:42:30,1851.96,EUR,Paiement carte,Allemagne,False
TXN-009414,CLT-0055,2026-04-09 14:42:30,1263.0,EUR,Virement,Russie,False
TXN-009415,CLT-0049,2025-06-06 14:42:30,80383.61,EUR,Dépôt,France,True
TXN-009416,CLT-0064,2026-01-08 14:42:30,1633.87,EUR,Dépôt,France,False
TXN-009417,CLT-0079,2025-10-30 14:42:30,79252.85,EUR,Virement,Espagne,True
TXN-009418,CLT-0088,2025-10-31 14:42:30,3369.19,EUR,Dépôt,France,False
TXN-009419,CLT-0061,2026-02-06 14:42:30,2375.43,EUR,Paiement carte,Espagne,False
TXN-009420,CLT-0035,2026-01-30 14:42:30,61861.01,EUR,Virement,Russie,True
TXN-009421,CLT-0063,2026-05-11 14:42:30,87.85,EUR,Virement,Panama,False
TXN-009422,CLT-0045,2025-12-11 14:42:30,519.64,EUR,Virement,Espagne,False
TXN-009423,CLT-0089,2025-07-19 14:42:30,502.2,EUR,Dépôt,Panama,False
TXN-009424,CLT-0028,2025-09-06 14:42:30,955.23,EUR,Paiement carte,France,False
TXN-009425,CLT-0051,2025-07-13 14:42:30,2340.33,EUR,Paiement carte,France,False
TXN-009426,CLT-0033,2025-08-13 14:42:30,2592.13,EUR,Retrait,France,False
TXN-009427,CLT-0018,2025-08-15 14:42:30,2708.99,EUR,Paiement carte,France,False
TXN-009428,CLT-0077,2026-05-02 14:42:30,3264.18,EUR,Virement international,France,False
TXN-009429,CLT-0093,2025-12-05 14:42:30,97.25,EUR,Paiement carte,Espagne,False
TXN-009430,CLT-0085,2026-05-02 14:42:30,26.0,EUR,Virement,Îles Caïmans,False
TXN-009431,CLT-0093,2025-05-13 14:42:30,1315.96,EUR,Virement,France,False
TXN-009432,CLT-0030,2025-09-10 14:42:30,4194.8,EUR,Retrait,France,False
TXN-009433,CLT-0031,2025-11-01 14:42:30,50889.32,EUR,Retrait,Russie,True
TXN-009434,CLT-0029,2025-09-01 14:42:30,1041.58,EUR,Paiement carte,Panama,False
TXN-009435,CLT-0084,2026-02-28 14:42:30,80309.93,EUR,Paiement carte,France,True
TXN-009436,CLT-0030,2025-09-18 14:42:30,249.88,EUR,Dépôt,Allemagne,False
TXN-009437,CLT-0097,2025-10-11 14:42:30,712.82,EUR,Dépôt,Espagne,False
TXN-009438,CLT-0027,2025-11-18 14:42:30,271.58,EUR,Virement international,Russie,False
TXN-009439,CLT-0013,2025-11-05 14:42:30,3846.65,EUR,Retrait,Panama,False
TXN-009440,CLT-0019,2025-12-13 14:42:30,2941.15,EUR,Paiement carte,France,False
TXN-009441,CLT-0079,2026-04-30 14:42:30,4121.6,EUR,Virement international,Russie,False
TXN-009442,CLT-0090,2026-05-08 14:42:30,1283.74,EUR,Dépôt,France,False
TXN-009443,CLT-0050,2026-03-16 14:42:30,3499.1,EUR,Dépôt,France,False
TXN-009444,CLT-0090,2026-03-29 14:42:30,3043.97,EUR,Retrait,Îles Caïmans,False
TXN-009445,CLT-0083,2026-04-18 14:42:30,1559.25,EUR,Retrait,Panama,False
TXN-009446,CLT-0055,2026-02-14 14:42:30,4427.25,EUR,Virement,France,False
TXN-009447,CLT-0074,2025-06-17 14:42:30,2704.69,EUR,Retrait,France,False
TXN-009448,CLT-0060,2025-11-10 14:42:30,1306.16,EUR,Virement international,Allemagne,False
TXN-009449,CLT-0039,2025-07-24 14:42:30,2988.56,EUR,Dépôt,France,False
TXN-009450,CLT-0036,2025-09-08 14:42:30,328.34,EUR,Paiement carte,Panama,False
TXN-009451,CLT-0059,2025-09-28 14:42:30,1361.21,EUR,Dépôt,Îles Caïmans,False
TXN-009452,CLT-0100,2025-08-23 14:42:30,519.65,EUR,Virement international,Panama,False
TXN-009453,CLT-0055,2026-02-06 14:42:30,1017.22,EUR,Paiement carte,Îles Caïmans,False
TXN-009454,CLT-0027,2026-04-14 14:42:30,3864.66,EUR,Virement,France,False
TXN-009455,CLT-0032,2026-04-07 14:42:30,19102.96,EUR,Retrait,Russie,True
TXN-009456,CLT-0034,2025-05-30 14:42:30,1058.98,EUR,Retrait,France,False
TXN-009457,CLT-0043,2026-01-24 14:42:30,3688.1,EUR,Dépôt,Panama,False
TXN-009458,CLT-0065,2025-07-29 14:42:30,2275.8,EUR,Virement international,Allemagne,False
TXN-009459,CLT-0072,2026-01-31 14:42:30,4429.0,EUR,Retrait,Panama,False
TXN-009460,CLT-0005,2026-01-23 14:42:30,4339.29,EUR,Virement international,Allemagne,False
TXN-009461,CLT-0023,2025-11-21 14:42:30,3449.35,EUR,Virement,Panama,False
TXN-009462,CLT-0049,2025-12-18 14:42:30,25025.3,EUR,Paiement carte,France,True
TXN-009463,CLT-0093,2025-08-14 14:42:30,2168.44,EUR,Virement international,France,False
TXN-009464,CLT-0046,2026-03-22 14:42:30,1286.22,EUR,Paiement carte,Panama,False
TXN-009465,CLT-0006,2025-08-07 14:42:30,535.94,EUR,Virement,France,False
TXN-009466,CLT-0023,2026-02-19 14:42:30,4098.07,EUR,Virement,France,False
TXN-009467,CLT-0014,2025-11-08 14:42:30,1697.87,EUR,Retrait,France,False
TXN-009468,CLT-0029,2025-08-24 14:42:30,2093.43,EUR,Retrait,Allemagne,False
TXN-009469,CLT-0013,2026-01-01 14:42:30,1781.9,EUR,Dépôt,France,False
TXN-009470,CLT-0081,2026-01-15 14:42:30,2052.33,EUR,Retrait,Îles Caïmans,False
TXN-009471,CLT-0038,2026-03-16 14:42:30,3735.19,EUR,Dépôt,Panama,False
TXN-009472,CLT-0083,2025-11-22 14:42:30,2379.28,EUR,Virement,Espagne,False
TXN-009473,CLT-0063,2025-10-24 14:42:30,4175.35,EUR,Virement international,Russie,False
TXN-009474,CLT-0099,2026-04-27 14:42:30,2505.21,EUR,Virement,France,False
TXN-009475,CLT-0027,2026-03-23 14:42:30,3810.16,EUR,Retrait,Îles Caïmans,False
TXN-009476,CLT-0091,2026-02-13 14:42:30,939.15,EUR,Paiement carte,Allemagne,False
TXN-009477,CLT-0079,2025-10-13 14:42:30,3967.55,EUR,Virement,Allemagne,False
TXN-009478,CLT-0091,2025-07-29 14:42:30,1940.61,EUR,Retrait,France,False
TXN-009479,CLT-0057,2025-11-20 14:42:30,84450.24,EUR,Virement,Russie,True
TXN-009480,CLT-0013,2025-08-06 14:42:30,1009.26,EUR,Dépôt,Espagne,False
TXN-009481,CLT-0094,2025-07-31 14:42:30,696.85,EUR,Paiement carte,Îles Caïmans,False
TXN-009482,CLT-0001,2025-10-30 14:42:30,816.59,EUR,Retrait,Allemagne,False
TXN-009483,CLT-0075,2025-06-01 14:42:30,1428.07,EUR,Retrait,France,False
TXN-009484,CLT-0056,2025-08-13 14:42:30,3801.65,EUR,Virement international,France,False
TXN-009485,CLT-0090,2025-09-09 14:42:30,1871.66,EUR,Virement international,Îles Caïmans,False
TXN-009486,CLT-0073,2025-10-25 14:42:30,2849.22,EUR,Virement international,Allemagne,False
TXN-009487,CLT-0083,2025-07-26 14:42:30,4753.99,EUR,Virement,Espagne,False
TXN-009488,CLT-0059,2025-05-29 14:42:30,4092.11,EUR,Dépôt,Îles Caïmans,False
TXN-009489,CLT-0011,2025-06-10 14:42:30,28399.99,EUR,Virement international,France,True
TXN-009490,CLT-0044,2025-11-09 14:42:30,33149.33,EUR,Virement,Russie,True
TXN-009491,CLT-0028,2025-10-23 14:42:30,1641.08,EUR,Paiement carte,Allemagne,False
TXN-009492,CLT-0005,2025-09-13 14:42:30,1021.47,EUR,Retrait,Îles Caïmans,False
TXN-009493,CLT-0069,2025-10-04 14:42:30,2178.07,EUR,Dépôt,Espagne,False
TXN-009494,CLT-0009,2026-02-20 14:42:30,453.58,EUR,Virement,Îles Caïmans,False
TXN-009495,CLT-0040,2026-03-31 14:42:30,4243.06,EUR,Virement international,Espagne,False
TXN-009496,CLT-0052,2025-07-03 14:42:30,1041.66,EUR,Dépôt,Espagne,False
TXN-009497,CLT-0046,2025-11-20 14:42:30,400.08,EUR,Paiement carte,Russie,False
TXN-009498,CLT-0088,2026-01-29 14:42:30,11931.37,EUR,Virement,France,True
TXN-009499,CLT-0072,2026-04-22 14:42:30,2870.62,EUR,Virement international,Panama,False
TXN-009500,CLT-0025,2025-07-06 14:42:30,3053.03,EUR,Dépôt,Espagne,False
TXN-009501,CLT-0013,2026-02-06 14:42:30,4509.09,EUR,Dépôt,Espagne,False
TXN-009502,CLT-0022,2026-03-23 14:42:30,843.67,EUR,Dépôt,Îles Caïmans,False
TXN-009503,CLT-0097,2026-05-11 14:42:30,20088.4,EUR,Virement international,France,True
TXN-009504,CLT-0084,2026-04-19 14:42:30,3413.82,EUR,Virement international,France,False
TXN-009505,CLT-0096,2025-12-10 14:42:30,3992.91,EUR,Virement,Espagne,False
TXN-009506,CLT-0045,2025-08-01 14:42:30,76517.54,EUR,Virement,France,True
TXN-009507,CLT-0081,2025-09-10 14:42:30,3375.76,EUR,Dépôt,France,False
TXN-009508,CLT-0054,2026-01-21 14:42:30,3443.36,EUR,Dépôt,France,False
TXN-009509,CLT-0039,2025-10-15 14:42:30,867.08,EUR,Paiement carte,France,False
TXN-009510,CLT-0090,2026-01-21 14:42:30,1342.04,EUR,Virement international,France,False
TXN-009511,CLT-0002,2025-10-22 14:42:30,1067.29,EUR,Dépôt,France,False
TXN-009512,CLT-0059,2026-04-01 14:42:30,2688.97,EUR,Dépôt,Espagne,False
TXN-009513,CLT-0090,2025-07-25 14:42:30,66524.49,EUR,Paiement carte,Panama,True
TXN-009514,CLT-0065,2025-10-04 14:42:30,936.86,EUR,Retrait,France,False
TXN-009515,CLT-0014,2025-08-05 14:42:30,2744.94,EUR,Retrait,France,False
TXN-009516,CLT-0050,2025-10-29 14:42:30,4897.46,EUR,Virement,Espagne,False
TXN-009517,CLT-0006,2025-08-12 14:42:30,3898.93,EUR,Virement international,Russie,False
TXN-009518,CLT-0076,2025-09-16 14:42:30,8696.91,EUR,Virement,Îles Caïmans,True
TXN-009519,CLT-0088,2026-03-23 14:42:30,1796.16,EUR,Dépôt,France,False
TXN-009520,CLT-0031,2026-01-24 14:42:30,37717.18,EUR,Virement,Russie,True
TXN-009521,CLT-0027,2025-11-15 14:42:30,66351.94,EUR,Retrait,Russie,True
TXN-009522,CLT-0007,2025-10-26 14:42:30,18.5,EUR,Dépôt,Allemagne,False
TXN-009523,CLT-0071,2025-11-18 14:42:30,2398.2,EUR,Paiement carte,France,False
TXN-009524,CLT-0064,2026-03-30 14:42:30,999.58,EUR,Retrait,France,False
TXN-009525,CLT-0030,2026-01-11 14:42:30,1623.42,EUR,Virement,France,False
TXN-009526,CLT-0049,2025-11-22 14:42:30,4344.81,EUR,Virement international,Îles Caïmans,False
TXN-009527,CLT-0025,2026-04-09 14:42:30,3819.83,EUR,Retrait,France,False
TXN-009528,CLT-0054,2025-07-13 14:42:30,1790.34,EUR,Virement international,Allemagne,False
TXN-009529,CLT-0039,2025-05-24 14:42:30,4934.75,EUR,Retrait,France,False
TXN-009530,CLT-0048,2026-03-30 14:42:30,2167.46,EUR,Dépôt,Allemagne,False
TXN-009531,CLT-0004,2025-07-03 14:42:30,84604.59,EUR,Retrait,Espagne,True
TXN-009532,CLT-0046,2026-04-05 14:42:30,596.32,EUR,Paiement carte,Panama,False
TXN-009533,CLT-0056,2025-10-31 14:42:30,4100.92,EUR,Paiement carte,France,False
TXN-009534,CLT-0026,2025-05-17 14:42:30,1537.55,EUR,Dépôt,France,False
TXN-009535,CLT-0024,2026-02-16 14:42:30,1514.39,EUR,Virement international,France,False
TXN-009536,CLT-0028,2025-05-27 14:42:30,4407.95,EUR,Dépôt,Panama,False
TXN-009537,CLT-0058,2025-07-13 14:42:30,4121.11,EUR,Virement international,Allemagne,False
TXN-009538,CLT-0046,2025-10-17 14:42:30,2984.48,EUR,Paiement carte,Russie,False
TXN-009539,CLT-0029,2025-06-19 14:42:30,1207.12,EUR,Dépôt,France,False
TXN-009540,CLT-0088,2026-05-13 14:42:30,60845.9,EUR,Paiement carte,Espagne,True
TXN-009541,CLT-0019,2026-03-29 14:42:30,45689.89,EUR,Retrait,France,True
TXN-009542,CLT-0034,2025-12-07 14:42:30,214.14,EUR,Paiement carte,Allemagne,False
TXN-009543,CLT-0002,2025-11-23 14:42:30,90349.38,EUR,Virement,Îles Caïmans,True
TXN-009544,CLT-0025,2026-05-03 14:42:30,2492.27,EUR,Dépôt,France,False
TXN-009545,CLT-0045,2025-06-02 14:42:30,4329.63,EUR,Retrait,Îles Caïmans,False
TXN-009546,CLT-0053,2026-01-31 14:42:30,3146.39,EUR,Dépôt,France,False
TXN-009547,CLT-0024,2026-04-06 14:42:30,772.41,EUR,Paiement carte,Espagne,False
TXN-009548,CLT-0050,2026-01-30 14:42:30,4706.3,EUR,Paiement carte,Îles Caïmans,False
TXN-009549,CLT-0079,2025-09-09 14:42:30,4722.48,EUR,Paiement carte,Russie,False
TXN-009550,CLT-0024,2025-06-25 14:42:30,1955.45,EUR,Paiement carte,Îles Caïmans,False
TXN-009551,CLT-0089,2026-03-29 14:42:30,33.78,EUR,Retrait,Allemagne,False
TXN-009552,CLT-0095,2025-07-30 14:42:30,2446.05,EUR,Virement international,France,False
TXN-009553,CLT-0022,2026-05-13 14:42:30,4151.01,EUR,Paiement carte,Russie,False
TXN-009554,CLT-0038,2026-04-07 14:42:30,57300.51,EUR,Virement international,Espagne,True
TXN-009555,CLT-0016,2025-11-14 14:42:30,4286.97,EUR,Dépôt,Russie,False
TXN-009556,CLT-0095,2025-10-13 14:42:30,4754.9,EUR,Virement,Allemagne,False
TXN-009557,CLT-0089,2025-11-27 14:42:30,2919.97,EUR,Retrait,Îles Caïmans,False
TXN-009558,CLT-0021,2026-02-08 14:42:30,44429.61,EUR,Virement international,Russie,True
TXN-009559,CLT-0040,2026-04-07 14:42:30,3556.36,EUR,Virement,France,False
TXN-009560,CLT-0087,2026-04-08 14:42:30,1908.01,EUR,Dépôt,France,False
TXN-009561,CLT-0058,2025-11-22 14:42:30,958.05,EUR,Virement international,France,False
TXN-009562,CLT-0055,2026-04-21 14:42:30,2528.36,EUR,Virement international,France,False
TXN-009563,CLT-0037,2026-01-20 14:42:30,4071.64,EUR,Paiement carte,France,False
TXN-009564,CLT-0028,2025-09-15 14:42:30,12286.16,EUR,Virement,France,True
TXN-009565,CLT-0047,2025-06-27 14:42:30,4367.6,EUR,Virement international,Panama,False
TXN-009566,CLT-0088,2025-05-23 14:42:30,4105.87,EUR,Retrait,France,False
TXN-009567,CLT-0019,2026-02-24 14:42:30,185.61,EUR,Retrait,France,False
TXN-009568,CLT-0020,2025-08-03 14:42:30,1220.19,EUR,Retrait,Allemagne,False
TXN-009569,CLT-0009,2025-11-11 14:42:30,3090.26,EUR,Virement,France,False
TXN-009570,CLT-0075,2025-06-30 14:42:30,3136.11,EUR,Paiement carte,Russie,False
TXN-009571,CLT-0059,2025-06-09 14:42:30,1225.79,EUR,Virement international,France,False
TXN-009572,CLT-0057,2025-10-26 14:42:30,4956.42,EUR,Virement international,France,False
TXN-009573,CLT-0092,2025-08-04 14:42:30,48.37,EUR,Dépôt,France,False
TXN-009574,CLT-0043,2025-10-17 14:42:30,75022.82,EUR,Virement,Espagne,True
TXN-009575,CLT-0049,2025-08-26 14:42:30,1308.49,EUR,Dépôt,Russie,False
TXN-009576,CLT-0020,2025-10-19 14:42:30,127.95,EUR,Virement,Îles Caïmans,False
TXN-009577,CLT-0072,2025-06-01 14:42:30,1554.03,EUR,Dépôt,France,False
TXN-009578,CLT-0007,2026-03-02 14:42:30,3518.12,EUR,Retrait,France,False
TXN-009579,CLT-0067,2026-05-11 14:42:30,8878.43,EUR,Dépôt,Allemagne,True
TXN-009580,CLT-0038,2026-03-13 14:42:30,1100.07,EUR,Virement,France,False
TXN-009581,CLT-0057,2025-06-23 14:42:30,386.56,EUR,Virement international,Îles Caïmans,False
TXN-009582,CLT-0044,2025-06-27 14:42:30,983.15,EUR,Virement,Russie,False
TXN-009583,CLT-0007,2025-11-21 14:42:30,1405.03,EUR,Dépôt,Espagne,False
TXN-009584,CLT-0013,2025-09-30 14:42:30,4367.88,EUR,Virement international,France,False
TXN-009585,CLT-0019,2026-05-10 14:42:30,4435.31,EUR,Virement international,Espagne,False
TXN-009586,CLT-0053,2026-03-17 14:42:30,3252.8,EUR,Virement,Îles Caïmans,False
TXN-009587,CLT-0023,2025-10-16 14:42:30,4894.96,EUR,Dépôt,France,False
TXN-009588,CLT-0015,2025-11-25 14:42:30,2635.9,EUR,Paiement carte,Allemagne,False
TXN-009589,CLT-0063,2026-02-02 14:42:30,52016.45,EUR,Virement,Panama,True
TXN-009590,CLT-0005,2026-04-04 14:42:30,3327.01,EUR,Retrait,Russie,False
TXN-009591,CLT-0094,2025-10-13 14:42:30,802.09,EUR,Dépôt,Espagne,False
TXN-009592,CLT-0069,2025-11-10 14:42:30,36388.31,EUR,Retrait,Panama,True
TXN-009593,CLT-0064,2025-12-03 14:42:30,45552.56,EUR,Virement international,France,True
TXN-009594,CLT-0100,2025-12-20 14:42:30,601.92,EUR,Dépôt,Îles Caïmans,False
TXN-009595,CLT-0014,2025-09-10 14:42:30,2507.16,EUR,Retrait,France,False
TXN-009596,CLT-0100,2026-03-23 14:42:30,3102.66,EUR,Virement,France,False
TXN-009597,CLT-0067,2025-11-21 14:42:30,3247.93,EUR,Dépôt,France,False
TXN-009598,CLT-0011,2025-08-17 14:42:30,2759.06,EUR,Virement,France,False
TXN-009599,CLT-0025,2026-03-07 14:42:30,41406.4,EUR,Dépôt,Allemagne,True
TXN-009600,CLT-0051,2025-07-14 14:42:30,3172.9,EUR,Virement international,France,False
TXN-009601,CLT-0007,2025-12-26 14:42:30,83.58,EUR,Virement international,France,False
TXN-009602,CLT-0055,2025-11-22 14:42:30,3469.32,EUR,Retrait,France,False
TXN-009603,CLT-0007,2025-10-23 14:42:30,4086.58,EUR,Retrait,Russie,False
TXN-009604,CLT-0060,2026-02-10 14:42:30,56805.29,EUR,Virement international,Espagne,True
TXN-009605,CLT-0059,2025-05-27 14:42:30,2567.8,EUR,Virement,France,False
TXN-009606,CLT-0030,2025-08-14 14:42:30,1001.8,EUR,Dépôt,Russie,False
TXN-009607,CLT-0045,2026-04-20 14:42:30,2223.69,EUR,Virement,France,False
TXN-009608,CLT-0061,2026-01-03 14:42:30,3816.66,EUR,Retrait,France,False
TXN-009609,CLT-0067,2026-02-08 14:42:30,2778.21,EUR,Retrait,France,False
TXN-009610,CLT-0039,2025-05-22 14:42:30,3524.48,EUR,Virement international,France,False
TXN-009611,CLT-0095,2026-03-27 14:42:30,4430.94,EUR,Dépôt,Allemagne,False
TXN-009612,CLT-0049,2025-12-06 14:42:30,74141.34,EUR,Virement international,Russie,True
TXN-009613,CLT-0042,2026-02-27 14:42:30,2947.62,EUR,Virement international,Îles Caïmans,False
TXN-009614,CLT-0098,2026-05-05 14:42:30,2902.41,EUR,Virement,France,False
TXN-009615,CLT-0029,2025-07-06 14:42:30,2104.77,EUR,Retrait,Espagne,False
TXN-009616,CLT-0080,2026-03-21 14:42:30,315.3,EUR,Dépôt,France,False
TXN-009617,CLT-0028,2026-04-21 14:42:30,998.56,EUR,Virement,Russie,False
TXN-009618,CLT-0062,2026-04-07 14:42:30,4296.03,EUR,Virement,Îles Caïmans,False
TXN-009619,CLT-0093,2025-05-28 14:42:30,540.28,EUR,Paiement carte,Espagne,False
TXN-009620,CLT-0069,2025-05-25 14:42:30,1560.93,EUR,Retrait,France,False
TXN-009621,CLT-0068,2026-03-10 14:42:30,2615.81,EUR,Dépôt,France,False
TXN-009622,CLT-0051,2025-07-24 14:42:30,2677.42,EUR,Virement international,France,False
TXN-009623,CLT-0008,2026-01-02 14:42:30,1411.12,EUR,Dépôt,Panama,False
TXN-009624,CLT-0064,2025-12-06 14:42:30,4254.7,EUR,Paiement carte,France,False
TXN-009625,CLT-0053,2025-07-25 14:42:30,27352.2,EUR,Retrait,Îles Caïmans,True
TXN-009626,CLT-0010,2025-07-19 14:42:30,3538.76,EUR,Paiement carte,France,False
TXN-009627,CLT-0087,2025-07-18 14:42:30,4843.09,EUR,Dépôt,France,False
TXN-009628,CLT-0009,2026-02-03 14:42:30,3507.15,EUR,Virement international,France,False
TXN-009629,CLT-0055,2025-10-26 14:42:30,12862.73,EUR,Virement international,Îles Caïmans,True
TXN-009630,CLT-0090,2026-03-23 14:42:30,2194.99,EUR,Virement international,Panama,False
TXN-009631,CLT-0066,2025-11-17 14:42:30,2884.05,EUR,Dépôt,France,False
TXN-009632,CLT-0100,2026-04-23 14:42:30,1530.58,EUR,Dépôt,Russie,False
TXN-009633,CLT-0054,2026-02-21 14:42:30,85968.62,EUR,Dépôt,Îles Caïmans,True
TXN-009634,CLT-0036,2025-05-24 14:42:30,1926.65,EUR,Virement,Îles Caïmans,False
TXN-009635,CLT-0013,2025-09-21 14:42:30,1954.88,EUR,Dépôt,Russie,False
TXN-009636,CLT-0016,2026-04-01 14:42:30,4723.51,EUR,Retrait,France,False
TXN-009637,CLT-0089,2025-08-19 14:42:30,99.57,EUR,Virement,Panama,False
TXN-009638,CLT-0098,2026-02-04 14:42:30,3842.46,EUR,Dépôt,Îles Caïmans,False
TXN-009639,CLT-0053,2026-02-07 14:42:30,2952.52,EUR,Retrait,Panama,False
TXN-009640,CLT-0059,2025-11-18 14:42:30,1701.97,EUR,Paiement carte,France,False
TXN-009641,CLT-0025,2026-01-12 14:42:30,3559.99,EUR,Dépôt,Espagne,False
TXN-009642,CLT-0009,2025-10-12 14:42:30,4203.98,EUR,Virement international,Îles Caïmans,False
TXN-009643,CLT-0067,2025-06-22 14:42:30,3349.22,EUR,Retrait,France,False
TXN-009644,CLT-0021,2026-02-28 14:42:30,1028.73,EUR,Virement international,Russie,False
TXN-009645,CLT-0089,2026-03-11 14:42:30,1092.31,EUR,Virement,France,False
TXN-009646,CLT-0070,2025-07-19 14:42:30,1102.81,EUR,Virement international,Allemagne,False
TXN-009647,CLT-0007,2026-05-10 14:42:30,9191.07,EUR,Retrait,Russie,True
TXN-009648,CLT-0071,2025-11-18 14:42:30,4376.19,EUR,Dépôt,France,False
TXN-009649,CLT-0056,2025-11-21 14:42:30,34451.38,EUR,Dépôt,France,True
TXN-009650,CLT-0063,2025-08-06 14:42:30,38619.26,EUR,Virement,France,True
TXN-009651,CLT-0088,2026-03-01 14:42:30,3056.82,EUR,Paiement carte,France,False
TXN-009652,CLT-0009,2025-07-08 14:42:30,972.59,EUR,Virement international,France,False
TXN-009653,CLT-0054,2025-08-19 14:42:30,972.58,EUR,Dépôt,Allemagne,False
TXN-009654,CLT-0011,2025-10-13 14:42:30,2048.76,EUR,Paiement carte,Allemagne,False
TXN-009655,CLT-0009,2025-09-12 14:42:30,2230.93,EUR,Paiement carte,Russie,False
TXN-009656,CLT-0074,2025-05-30 14:42:30,2992.65,EUR,Dépôt,France,False
TXN-009657,CLT-0035,2025-11-11 14:42:30,3117.69,EUR,Virement international,Russie,False
TXN-009658,CLT-0086,2026-03-29 14:42:30,2725.52,EUR,Dépôt,France,False
TXN-009659,CLT-0057,2026-02-19 14:42:30,1296.53,EUR,Paiement carte,France,False
TXN-009660,CLT-0044,2025-09-14 14:42:30,3965.02,EUR,Dépôt,France,False
TXN-009661,CLT-0069,2025-12-13 14:42:30,823.55,EUR,Virement,Îles Caïmans,False
TXN-009662,CLT-0004,2025-11-06 14:42:30,4805.06,EUR,Virement,Allemagne,False
TXN-009663,CLT-0026,2025-07-22 14:42:30,573.36,EUR,Virement international,Russie,False
TXN-009664,CLT-0039,2026-04-02 14:42:30,88123.42,EUR,Retrait,France,True
TXN-009665,CLT-0085,2025-06-28 14:42:30,32054.02,EUR,Virement international,Espagne,True
TXN-009666,CLT-0070,2026-02-13 14:42:30,4924.6,EUR,Virement,Espagne,False
TXN-009667,CLT-0061,2025-12-05 14:42:30,41965.8,EUR,Virement international,Îles Caïmans,True
TXN-009668,CLT-0057,2025-11-11 14:42:30,988.14,EUR,Retrait,Allemagne,False
TXN-009669,CLT-0030,2026-01-17 14:42:30,821.17,EUR,Virement,France,False
TXN-009670,CLT-0040,2025-12-13 14:42:30,1599.35,EUR,Paiement carte,Espagne,False
TXN-009671,CLT-0009,2026-02-11 14:42:30,1252.49,EUR,Virement,Panama,False
TXN-009672,CLT-0054,2025-07-30 14:42:30,3010.54,EUR,Virement,Russie,False
TXN-009673,CLT-0008,2026-02-06 14:42:30,3592.58,EUR,Paiement carte,France,False
TXN-009674,CLT-0079,2025-07-25 14:42:30,389.18,EUR,Virement international,Espagne,False
TXN-009675,CLT-0003,2025-09-17 14:42:30,2102.67,EUR,Virement international,Panama,False
TXN-009676,CLT-0092,2026-01-23 14:42:30,73454.81,EUR,Dépôt,Îles Caïmans,True
TXN-009677,CLT-0089,2025-09-08 14:42:30,823.32,EUR,Paiement carte,France,False
TXN-009678,CLT-0077,2025-06-27 14:42:30,93198.99,EUR,Virement,France,True
TXN-009679,CLT-0090,2025-07-15 14:42:30,1738.78,EUR,Dépôt,Panama,False
TXN-009680,CLT-0039,2026-01-02 14:42:30,77960.83,EUR,Dépôt,France,True
TXN-009681,CLT-0088,2025-10-30 14:42:30,4258.72,EUR,Retrait,France,False
TXN-009682,CLT-0021,2025-09-26 14:42:30,1878.12,EUR,Paiement carte,Panama,False
TXN-009683,CLT-0003,2026-02-07 14:42:30,4011.71,EUR,Retrait,France,False
TXN-009684,CLT-0072,2026-02-11 14:42:30,2707.97,EUR,Retrait,France,False
TXN-009685,CLT-0096,2026-03-14 14:42:30,2302.82,EUR,Retrait,Russie,False
TXN-009686,CLT-0086,2026-04-29 14:42:30,3515.02,EUR,Paiement carte,France,False
TXN-009687,CLT-0094,2026-02-24 14:42:30,80509.85,EUR,Dépôt,Allemagne,True
TXN-009688,CLT-0060,2025-06-16 14:42:30,712.49,EUR,Paiement carte,Panama,False
TXN-009689,CLT-0049,2025-12-26 14:42:30,2384.51,EUR,Paiement carte,Panama,False
TXN-009690,CLT-0098,2026-03-15 14:42:30,939.32,EUR,Dépôt,Espagne,False
TXN-009691,CLT-0078,2025-07-30 14:42:30,3251.19,EUR,Virement international,France,False
TXN-009692,CLT-0082,2025-09-12 14:42:30,2212.12,EUR,Dépôt,Îles Caïmans,False
TXN-009693,CLT-0096,2025-06-01 14:42:30,2652.98,EUR,Paiement carte,Panama,False
TXN-009694,CLT-0100,2026-03-30 14:42:30,1503.5,EUR,Virement international,France,False
TXN-009695,CLT-0034,2026-01-10 14:42:30,2247.72,EUR,Paiement carte,France,False
TXN-009696,CLT-0047,2025-07-31 14:42:30,3088.44,EUR,Virement,Îles Caïmans,False
TXN-009697,CLT-0063,2025-08-20 14:42:30,926.11,EUR,Retrait,Panama,False
TXN-009698,CLT-0068,2025-09-09 14:42:30,55916.8,EUR,Paiement carte,Allemagne,True
TXN-009699,CLT-0037,2025-12-24 14:42:30,3139.06,EUR,Virement international,Russie,False
TXN-009700,CLT-0053,2025-09-28 14:42:30,2212.18,EUR,Retrait,Russie,False
TXN-009701,CLT-0025,2026-05-04 14:42:30,395.97,EUR,Virement,Russie,False
TXN-009702,CLT-0064,2026-02-11 14:42:30,4989.45,EUR,Paiement carte,Îles Caïmans,False
TXN-009703,CLT-0070,2025-06-06 14:42:30,4375.68,EUR,Virement international,Îles Caïmans,False
TXN-009704,CLT-0094,2025-12-20 14:42:30,3575.68,EUR,Retrait,France,False
TXN-009705,CLT-0042,2025-06-07 14:42:30,3517.49,EUR,Paiement carte,Espagne,False
TXN-009706,CLT-0052,2026-04-08 14:42:30,729.76,EUR,Retrait,Espagne,False
TXN-009707,CLT-0093,2025-08-14 14:42:30,1658.99,EUR,Paiement carte,Panama,False
TXN-009708,CLT-0017,2026-03-31 14:42:30,1737.23,EUR,Virement,Espagne,False
TXN-009709,CLT-0092,2026-01-14 14:42:30,3386.52,EUR,Virement international,France,False
TXN-009710,CLT-0080,2025-09-08 14:42:30,2513.99,EUR,Virement,Îles Caïmans,False
TXN-009711,CLT-0082,2026-03-19 14:42:30,2141.77,EUR,Dépôt,Îles Caïmans,False
TXN-009712,CLT-0064,2026-03-22 14:42:30,4040.78,EUR,Virement,Panama,False
TXN-009713,CLT-0005,2025-09-18 14:42:30,3074.27,EUR,Virement,Panama,False
TXN-009714,CLT-0050,2026-02-08 14:42:30,4336.64,EUR,Dépôt,France,False
TXN-009715,CLT-0048,2025-10-28 14:42:30,1322.18,EUR,Dépôt,France,False
TXN-009716,CLT-0047,2025-07-10 14:42:30,4676.52,EUR,Paiement carte,Russie,False
TXN-009717,CLT-0041,2026-02-02 14:42:30,4840.77,EUR,Virement,Îles Caïmans,False
TXN-009718,CLT-0021,2026-02-10 14:42:30,706.47,EUR,Paiement carte,France,False
TXN-009719,CLT-0007,2025-08-30 14:42:30,64768.36,EUR,Virement,France,True
TXN-009720,CLT-0007,2025-08-21 14:42:30,32187.9,EUR,Virement,Espagne,True
TXN-009721,CLT-0047,2025-11-24 14:42:30,3431.99,EUR,Paiement carte,Russie,False
TXN-009722,CLT-0020,2026-01-23 14:42:30,3436.38,EUR,Virement international,France,False
TXN-009723,CLT-0017,2026-02-06 14:42:30,3036.06,EUR,Virement,Allemagne,False
TXN-009724,CLT-0080,2025-12-30 14:42:30,2904.94,EUR,Virement international,Allemagne,False
TXN-009725,CLT-0068,2026-05-08 14:42:30,2569.7,EUR,Dépôt,Îles Caïmans,False
TXN-009726,CLT-0027,2025-09-01 14:42:30,4066.79,EUR,Retrait,Russie,False
TXN-009727,CLT-0055,2025-11-23 14:42:30,2557.27,EUR,Retrait,Russie,False
TXN-009728,CLT-0007,2025-09-17 14:42:30,64359.47,EUR,Retrait,Espagne,True
TXN-009729,CLT-0068,2025-07-05 14:42:30,1967.94,EUR,Dépôt,Panama,False
TXN-009730,CLT-0078,2026-04-29 14:42:30,4887.47,EUR,Virement,Îles Caïmans,False
TXN-009731,CLT-0039,2025-07-24 14:42:30,4068.46,EUR,Paiement carte,Allemagne,False
TXN-009732,CLT-0055,2026-02-27 14:42:30,4083.72,EUR,Dépôt,Îles Caïmans,False
TXN-009733,CLT-0073,2025-08-14 14:42:30,1664.68,EUR,Virement international,Russie,False
TXN-009734,CLT-0050,2025-12-11 14:42:30,1345.28,EUR,Retrait,France,False
TXN-009735,CLT-0018,2025-12-21 14:42:30,54103.26,EUR,Virement,France,True
TXN-009736,CLT-0073,2025-05-28 14:42:30,2933.69,EUR,Virement,France,False
TXN-009737,CLT-0024,2026-04-24 14:42:30,724.76,EUR,Virement,Panama,False
TXN-009738,CLT-0088,2025-06-17 14:42:30,4938.73,EUR,Virement international,Panama,False
TXN-009739,CLT-0005,2025-12-22 14:42:30,41345.53,EUR,Dépôt,Espagne,True
TXN-009740,CLT-0043,2025-06-05 14:42:30,3578.25,EUR,Retrait,Allemagne,False
TXN-009741,CLT-0058,2025-08-11 14:42:30,16.1,EUR,Paiement carte,Russie,False
TXN-009742,CLT-0027,2026-04-20 14:42:30,3076.3,EUR,Retrait,France,False
TXN-009743,CLT-0031,2025-09-12 14:42:30,2160.25,EUR,Dépôt,Russie,False
TXN-009744,CLT-0055,2026-02-20 14:42:30,1441.8,EUR,Paiement carte,Espagne,False
TXN-009745,CLT-0082,2025-12-25 14:42:30,1554.79,EUR,Retrait,France,False
TXN-009746,CLT-0018,2026-01-27 14:42:30,4087.03,EUR,Retrait,Allemagne,False
TXN-009747,CLT-0033,2025-11-13 14:42:30,3323.41,EUR,Retrait,Russie,False
TXN-009748,CLT-0031,2025-09-09 14:42:30,4793.19,EUR,Virement,Panama,False
TXN-009749,CLT-0080,2026-04-04 14:42:30,2694.93,EUR,Paiement carte,Espagne,False
TXN-009750,CLT-0054,2025-07-04 14:42:30,3016.55,EUR,Virement international,France,False
TXN-009751,CLT-0088,2026-03-05 14:42:30,25924.89,EUR,Virement,France,True
TXN-009752,CLT-0065,2025-08-30 14:42:30,4902.41,EUR,Virement international,Allemagne,False
TXN-009753,CLT-0003,2026-01-28 14:42:30,850.32,EUR,Paiement carte,France,False
TXN-009754,CLT-0060,2025-11-26 14:42:30,646.76,EUR,Virement,Îles Caïmans,False
TXN-009755,CLT-0080,2025-08-31 14:42:30,301.88,EUR,Retrait,Espagne,False
TXN-009756,CLT-0039,2025-11-19 14:42:30,3567.26,EUR,Paiement carte,Panama,False
TXN-009757,CLT-0014,2026-04-08 14:42:30,4819.2,EUR,Retrait,France,False
TXN-009758,CLT-0068,2025-10-13 14:42:30,3776.11,EUR,Paiement carte,Allemagne,False
TXN-009759,CLT-0021,2025-12-12 14:42:30,11609.85,EUR,Paiement carte,Espagne,True
TXN-009760,CLT-0030,2025-10-06 14:42:30,3628.78,EUR,Virement international,Espagne,False
TXN-009761,CLT-0066,2025-11-04 14:42:30,2646.32,EUR,Retrait,France,False
TXN-009762,CLT-0025,2026-05-06 14:42:30,4003.58,EUR,Dépôt,Panama,False
TXN-009763,CLT-0025,2025-11-01 14:42:30,2386.4,EUR,Retrait,Russie,False
TXN-009764,CLT-0082,2025-09-04 14:42:30,4193.83,EUR,Virement,France,False
TXN-009765,CLT-0023,2026-05-10 14:42:30,929.45,EUR,Retrait,Russie,False
TXN-009766,CLT-0071,2025-08-22 14:42:30,4647.44,EUR,Virement,Russie,False
TXN-009767,CLT-0082,2025-05-13 14:42:30,4879.54,EUR,Dépôt,Russie,False
TXN-009768,CLT-0075,2025-12-04 14:42:30,64433.21,EUR,Virement international,France,True
TXN-009769,CLT-0073,2026-03-15 14:42:30,3419.53,EUR,Paiement carte,Espagne,False
TXN-009770,CLT-0031,2025-05-14 14:42:30,3313.83,EUR,Dépôt,Îles Caïmans,False
TXN-009771,CLT-0023,2026-04-30 14:42:30,58560.11,EUR,Virement,France,True
TXN-009772,CLT-0061,2025-08-26 14:42:30,4414.53,EUR,Virement,France,False
TXN-009773,CLT-0023,2026-03-03 14:42:30,210.04,EUR,Retrait,France,False
TXN-009774,CLT-0006,2026-02-17 14:42:30,664.97,EUR,Virement international,Allemagne,False
TXN-009775,CLT-0068,2026-04-18 14:42:30,1803.21,EUR,Virement international,France,False
TXN-009776,CLT-0015,2025-09-27 14:42:30,1921.03,EUR,Virement,France,False
TXN-009777,CLT-0034,2026-02-10 14:42:30,4318.02,EUR,Paiement carte,Panama,False
TXN-009778,CLT-0099,2026-03-23 14:42:30,3073.11,EUR,Virement,Russie,False
TXN-009779,CLT-0054,2025-10-25 14:42:30,229.46,EUR,Dépôt,France,False
TXN-009780,CLT-0094,2025-06-25 14:42:30,2579.34,EUR,Virement international,Panama,False
TXN-009781,CLT-0024,2026-04-24 14:42:30,2153.75,EUR,Paiement carte,Allemagne,False
TXN-009782,CLT-0007,2025-11-16 14:42:30,9731.06,EUR,Retrait,Espagne,True
TXN-009783,CLT-0026,2025-10-24 14:42:30,1707.95,EUR,Retrait,Russie,False
TXN-009784,CLT-0089,2025-05-25 14:42:30,4756.57,EUR,Dépôt,France,False
TXN-009785,CLT-0085,2026-03-29 14:42:30,1384.17,EUR,Paiement carte,Espagne,False
TXN-009786,CLT-0056,2025-12-04 14:42:30,3182.19,EUR,Dépôt,Îles Caïmans,False
TXN-009787,CLT-0099,2025-10-22 14:42:30,1900.69,EUR,Dépôt,Îles Caïmans,False
TXN-009788,CLT-0022,2025-12-22 14:42:30,4690.21,EUR,Virement international,Espagne,False
TXN-009789,CLT-0090,2026-05-07 14:42:30,8439.1,EUR,Virement,Allemagne,True
TXN-009790,CLT-0025,2025-12-30 14:42:30,4816.55,EUR,Paiement carte,Espagne,False
TXN-009791,CLT-0031,2025-09-12 14:42:30,497.13,EUR,Virement international,France,False
TXN-009792,CLT-0093,2025-11-28 14:42:30,910.41,EUR,Virement international,Allemagne,False
TXN-009793,CLT-0083,2026-02-18 14:42:30,2143.22,EUR,Retrait,Allemagne,False
TXN-009794,CLT-0015,2026-04-21 14:42:30,1350.17,EUR,Dépôt,Espagne,False
TXN-009795,CLT-0060,2025-11-06 14:42:30,50961.61,EUR,Virement international,Îles Caïmans,True
TXN-009796,CLT-0090,2026-04-22 14:42:30,2191.08,EUR,Virement,France,False
TXN-009797,CLT-0016,2026-03-30 14:42:30,38580.19,EUR,Virement international,Îles Caïmans,True
TXN-009798,CLT-0078,2025-08-31 14:42:30,3661.34,EUR,Retrait,Allemagne,False
TXN-009799,CLT-0066,2025-12-10 14:42:30,1038.51,EUR,Virement international,France,False
TXN-009800,CLT-0083,2025-07-16 14:42:30,650.69,EUR,Paiement carte,Allemagne,False
TXN-009801,CLT-0045,2025-05-20 14:42:30,35842.75,EUR,Dépôt,France,True
TXN-009802,CLT-0064,2025-11-05 14:42:30,2521.84,EUR,Dépôt,Russie,False
TXN-009803,CLT-0015,2026-01-25 14:42:30,4735.19,EUR,Virement international,Allemagne,False
TXN-009804,CLT-0063,2026-02-04 14:42:30,2762.31,EUR,Virement,Espagne,False
TXN-009805,CLT-0041,2025-06-21 14:42:30,1946.93,EUR,Virement,France,False
TXN-009806,CLT-0032,2026-03-30 14:42:30,3158.76,EUR,Virement international,Panama,False
TXN-009807,CLT-0014,2025-12-12 14:42:30,4530.11,EUR,Virement international,Espagne,False
TXN-009808,CLT-0095,2025-10-19 14:42:30,1136.59,EUR,Dépôt,Panama,False
TXN-009809,CLT-0032,2025-09-26 14:42:30,337.97,EUR,Retrait,Russie,False
TXN-009810,CLT-0047,2025-10-09 14:42:30,343.21,EUR,Retrait,Îles Caïmans,False
TXN-009811,CLT-0063,2025-07-28 14:42:30,33623.03,EUR,Virement,France,True
TXN-009812,CLT-0005,2025-06-26 14:42:30,1172.44,EUR,Virement international,France,False
TXN-009813,CLT-0062,2025-06-16 14:42:30,833.49,EUR,Paiement carte,Panama,False
TXN-009814,CLT-0078,2025-07-11 14:42:30,3875.19,EUR,Virement international,France,False
TXN-009815,CLT-0065,2026-03-15 14:42:30,119.96,EUR,Paiement carte,Îles Caïmans,False
TXN-009816,CLT-0052,2025-10-29 14:42:30,92358.52,EUR,Virement,France,True
TXN-009817,CLT-0071,2026-02-07 14:42:30,4300.16,EUR,Virement international,France,False
TXN-009818,CLT-0041,2025-09-09 14:42:30,3533.66,EUR,Virement international,Îles Caïmans,False
TXN-009819,CLT-0003,2026-01-12 14:42:30,1811.62,EUR,Virement international,Russie,False
TXN-009820,CLT-0049,2025-05-25 14:42:30,4943.29,EUR,Retrait,France,False
TXN-009821,CLT-0065,2026-03-06 14:42:30,2895.48,EUR,Virement international,Îles Caïmans,False
TXN-009822,CLT-0052,2025-05-27 14:42:30,481.29,EUR,Virement,Russie,False
TXN-009823,CLT-0028,2025-10-04 14:42:30,1979.52,EUR,Dépôt,Panama,False
TXN-009824,CLT-0036,2025-10-30 14:42:30,3994.95,EUR,Retrait,France,False
TXN-009825,CLT-0098,2025-07-27 14:42:30,78401.65,EUR,Virement international,France,True
TXN-009826,CLT-0007,2026-01-10 14:42:30,1722.2,EUR,Virement,Allemagne,False
TXN-009827,CLT-0085,2026-04-13 14:42:30,1754.97,EUR,Virement international,Russie,False
TXN-009828,CLT-0033,2026-01-08 14:42:30,3135.7,EUR,Dépôt,France,False
TXN-009829,CLT-0067,2025-08-27 14:42:30,4312.75,EUR,Dépôt,Allemagne,False
TXN-009830,CLT-0031,2025-08-07 14:42:30,2792.04,EUR,Virement,France,False
TXN-009831,CLT-0057,2025-09-24 14:42:30,4942.79,EUR,Virement international,Allemagne,False
TXN-009832,CLT-0081,2025-05-27 14:42:30,2488.54,EUR,Retrait,France,False
TXN-009833,CLT-0012,2025-08-01 14:42:30,2514.7,EUR,Paiement carte,Russie,False
TXN-009834,CLT-0086,2025-09-24 14:42:30,92755.54,EUR,Virement,France,True
TXN-009835,CLT-0007,2026-02-13 14:42:30,32750.65,EUR,Paiement carte,Allemagne,True
TXN-009836,CLT-0059,2025-12-01 14:42:30,2495.55,EUR,Dépôt,France,False
TXN-009837,CLT-0035,2025-08-29 14:42:30,3070.58,EUR,Virement international,France,False
TXN-009838,CLT-0012,2026-05-06 14:42:30,13408.75,EUR,Retrait,Allemagne,True
TXN-009839,CLT-0022,2025-06-21 14:42:30,80921.94,EUR,Virement,Espagne,True
TXN-009840,CLT-0002,2026-01-03 14:42:30,2947.95,EUR,Virement,France,False
TXN-009841,CLT-0074,2025-06-19 14:42:30,4487.22,EUR,Retrait,France,False
TXN-009842,CLT-0075,2026-04-04 14:42:30,3184.83,EUR,Retrait,Russie,False
TXN-009843,CLT-0037,2025-12-28 14:42:30,4695.8,EUR,Retrait,Russie,False
TXN-009844,CLT-0049,2025-11-29 14:42:30,4753.36,EUR,Virement,Espagne,False
TXN-009845,CLT-0048,2026-03-24 14:42:30,2871.31,EUR,Virement international,Allemagne,False
TXN-009846,CLT-0080,2025-11-26 14:42:30,1991.89,EUR,Paiement carte,Espagne,False
TXN-009847,CLT-0076,2025-06-25 14:42:30,232.04,EUR,Virement,Espagne,False
TXN-009848,CLT-0016,2025-05-26 14:42:30,3713.23,EUR,Virement international,France,False
TXN-009849,CLT-0066,2026-05-06 14:42:30,3048.77,EUR,Retrait,Allemagne,False
TXN-009850,CLT-0045,2025-11-02 14:42:30,4441.13,EUR,Paiement carte,France,False
TXN-009851,CLT-0049,2025-07-20 14:42:30,2678.11,EUR,Virement international,France,False
TXN-009852,CLT-0079,2025-05-29 14:42:30,43075.54,EUR,Virement international,France,True
TXN-009853,CLT-0021,2025-07-27 14:42:30,4230.63,EUR,Paiement carte,Russie,False
TXN-009854,CLT-0082,2025-08-29 14:42:30,3378.61,EUR,Paiement carte,Îles Caïmans,False
TXN-009855,CLT-0069,2025-12-13 14:42:30,4601.95,EUR,Paiement carte,Panama,False
TXN-009856,CLT-0041,2025-06-08 14:42:30,2255.1,EUR,Virement international,Russie,False
TXN-009857,CLT-0086,2025-05-24 14:42:30,2417.17,EUR,Virement international,France,False
TXN-009858,CLT-0094,2026-04-26 14:42:30,48226.16,EUR,Paiement carte,France,True
TXN-009859,CLT-0031,2025-09-12 14:42:30,3657.69,EUR,Retrait,Allemagne,False
TXN-009860,CLT-0012,2025-05-25 14:42:30,3863.92,EUR,Retrait,Îles Caïmans,False
TXN-009861,CLT-0058,2025-11-22 14:42:30,2505.55,EUR,Virement,Russie,False
TXN-009862,CLT-0034,2025-11-06 14:42:30,4097.17,EUR,Paiement carte,France,False
TXN-009863,CLT-0011,2026-02-23 14:42:30,3778.8,EUR,Paiement carte,Allemagne,False
TXN-009864,CLT-0082,2026-05-12 14:42:30,29623.39,EUR,Dépôt,Russie,True
TXN-009865,CLT-0066,2025-06-26 14:42:30,2923.1,EUR,Virement international,France,False
TXN-009866,CLT-0021,2025-06-01 14:42:30,4916.09,EUR,Virement international,Panama,False
TXN-009867,CLT-0051,2025-08-31 14:42:30,3761.67,EUR,Virement international,Allemagne,False
TXN-009868,CLT-0064,2026-01-23 14:42:30,53468.17,EUR,Virement,Russie,True
TXN-009869,CLT-0089,2026-04-08 14:42:30,2914.74,EUR,Virement international,France,False
TXN-009870,CLT-0084,2025-06-08 14:42:30,950.23,EUR,Virement,Panama,False
TXN-009871,CLT-0038,2025-12-08 14:42:30,1131.99,EUR,Virement international,France,False
TXN-009872,CLT-0001,2025-09-23 14:42:30,2465.4,EUR,Virement international,Espagne,False
TXN-009873,CLT-0015,2026-03-11 14:42:30,1991.03,EUR,Paiement carte,France,False
TXN-009874,CLT-0075,2025-12-03 14:42:30,2646.87,EUR,Paiement carte,Allemagne,False
TXN-009875,CLT-0079,2026-04-19 14:42:30,2118.24,EUR,Dépôt,France,False
TXN-009876,CLT-0100,2025-05-22 14:42:30,714.97,EUR,Paiement carte,Russie,False
TXN-009877,CLT-0049,2025-07-07 14:42:30,64.07,EUR,Retrait,Russie,False
TXN-009878,CLT-0019,2026-01-07 14:42:30,85465.49,EUR,Virement,Panama,True
TXN-009879,CLT-0008,2025-09-26 14:42:30,1996.69,EUR,Virement,France,False
TXN-009880,CLT-0001,2026-03-18 14:42:30,602.66,EUR,Dépôt,Panama,False
TXN-009881,CLT-0021,2025-07-11 14:42:30,2865.62,EUR,Virement,Russie,False
TXN-009882,CLT-0071,2025-07-06 14:42:30,4551.18,EUR,Virement,France,False
TXN-009883,CLT-0075,2025-08-02 14:42:30,1219.05,EUR,Paiement carte,France,False
TXN-009884,CLT-0050,2025-12-05 14:42:30,962.1,EUR,Virement,France,False
TXN-009885,CLT-0091,2025-09-08 14:42:30,1483.87,EUR,Dépôt,France,False
TXN-009886,CLT-0047,2025-11-18 14:42:30,4178.72,EUR,Dépôt,Panama,False
TXN-009887,CLT-0027,2026-01-07 14:42:30,93788.9,EUR,Dépôt,Panama,True
TXN-009888,CLT-0096,2025-12-10 14:42:30,2081.0,EUR,Virement international,France,False
TXN-009889,CLT-0004,2026-02-03 14:42:30,2059.21,EUR,Retrait,Îles Caïmans,False
TXN-009890,CLT-0066,2025-12-07 14:42:30,2567.53,EUR,Paiement carte,Panama,False
TXN-009891,CLT-0034,2025-12-14 14:42:30,46841.59,EUR,Retrait,Panama,True
TXN-009892,CLT-0001,2025-06-14 14:42:30,4019.5,EUR,Virement,France,False
TXN-009893,CLT-0060,2026-01-01 14:42:30,1162.7,EUR,Virement,Îles Caïmans,False
TXN-009894,CLT-0100,2025-06-27 14:42:30,3070.52,EUR,Paiement carte,Russie,False
TXN-009895,CLT-0034,2026-01-27 14:42:30,504.43,EUR,Virement,Espagne,False
TXN-009896,CLT-0071,2025-12-23 14:42:30,757.02,EUR,Paiement carte,Espagne,False
TXN-009897,CLT-0028,2025-12-03 14:42:30,333.49,EUR,Dépôt,France,False
TXN-009898,CLT-0045,2026-02-02 14:42:30,3346.58,EUR,Virement,Espagne,False
TXN-009899,CLT-0077,2026-01-27 14:42:30,85188.74,EUR,Retrait,Espagne,True
TXN-009900,CLT-0100,2026-03-24 14:42:30,2026.1,EUR,Retrait,France,False
TXN-009901,CLT-0039,2026-04-26 14:42:30,438.12,EUR,Virement international,France,False
TXN-009902,CLT-0097,2025-12-21 14:42:30,2152.02,EUR,Retrait,Espagne,False
TXN-009903,CLT-0072,2025-07-05 14:42:30,3559.51,EUR,Virement,France,False
TXN-009904,CLT-0013,2025-07-07 14:42:30,1818.24,EUR,Paiement carte,Allemagne,False
TXN-009905,CLT-0085,2026-02-25 14:42:30,3383.94,EUR,Retrait,Îles Caïmans,False
TXN-009906,CLT-0018,2026-01-21 14:42:30,58680.31,EUR,Virement international,Îles Caïmans,True
TXN-009907,CLT-0015,2026-03-13 14:42:30,3736.47,EUR,Virement international,France,False
TXN-009908,CLT-0018,2026-03-19 14:42:30,4893.25,EUR,Virement international,Allemagne,False
TXN-009909,CLT-0031,2026-02-14 14:42:30,10313.72,EUR,Virement international,France,True
TXN-009910,CLT-0080,2025-06-12 14:42:30,4558.0,EUR,Retrait,Espagne,False
TXN-009911,CLT-0012,2025-07-25 14:42:30,2078.04,EUR,Paiement carte,Russie,False
TXN-009912,CLT-0056,2025-07-24 14:42:30,3413.11,EUR,Virement,Russie,False
TXN-009913,CLT-0019,2025-09-14 14:42:30,436.05,EUR,Virement international,France,False
TXN-009914,CLT-0042,2025-05-18 14:42:30,4730.2,EUR,Virement international,France,False
TXN-009915,CLT-0011,2026-01-28 14:42:30,1055.73,EUR,Dépôt,Allemagne,False
TXN-009916,CLT-0059,2025-08-08 14:42:30,846.17,EUR,Retrait,Espagne,False
TXN-009917,CLT-0003,2025-06-23 14:42:30,3493.3,EUR,Dépôt,France,False
TXN-009918,CLT-0086,2025-09-27 14:42:30,526.62,EUR,Paiement carte,France,False
TXN-009919,CLT-0069,2026-02-18 14:42:30,2151.25,EUR,Virement international,France,False
TXN-009920,CLT-0037,2025-12-16 14:42:30,64595.84,EUR,Paiement carte,France,True
TXN-009921,CLT-0049,2026-02-03 14:42:30,492.81,EUR,Retrait,Russie,False
TXN-009922,CLT-0037,2025-06-19 14:42:30,53517.08,EUR,Paiement carte,Allemagne,True
TXN-009923,CLT-0018,2026-01-22 14:42:30,70347.63,EUR,Retrait,Espagne,True
TXN-009924,CLT-0072,2025-09-24 14:42:30,2169.65,EUR,Retrait,Îles Caïmans,False
TXN-009925,CLT-0033,2025-11-20 14:42:30,402.2,EUR,Virement,Espagne,False
TXN-009926,CLT-0100,2025-08-20 14:42:30,690.49,EUR,Paiement carte,Espagne,False
TXN-009927,CLT-0034,2025-12-22 14:42:30,3059.02,EUR,Paiement carte,Espagne,False
TXN-009928,CLT-0028,2025-12-05 14:42:30,2219.48,EUR,Dépôt,Espagne,False
TXN-009929,CLT-0039,2025-07-17 14:42:30,37944.06,EUR,Virement,Îles Caïmans,True
TXN-009930,CLT-0028,2025-11-15 14:42:30,920.71,EUR,Retrait,Allemagne,False
TXN-009931,CLT-0085,2025-12-27 14:42:30,1347.74,EUR,Virement international,Allemagne,False
TXN-009932,CLT-0076,2025-07-22 14:42:30,1877.3,EUR,Dépôt,Panama,False
TXN-009933,CLT-0090,2025-06-14 14:42:30,3769.93,EUR,Virement international,Russie,False
TXN-009934,CLT-0064,2025-12-29 14:42:30,4611.24,EUR,Retrait,France,False
TXN-009935,CLT-0055,2026-04-29 14:42:30,3347.34,EUR,Paiement carte,France,False
TXN-009936,CLT-0091,2026-03-21 14:42:30,3568.93,EUR,Paiement carte,France,False
TXN-009937,CLT-0058,2025-06-10 14:42:30,1510.77,EUR,Paiement carte,France,False
TXN-009938,CLT-0061,2025-08-06 14:42:30,4330.78,EUR,Retrait,Espagne,False
TXN-009939,CLT-0055,2026-03-08 14:42:30,2926.48,EUR,Virement,Panama,False
TXN-009940,CLT-0087,2025-05-28 14:42:30,2599.05,EUR,Retrait,France,False
TXN-009941,CLT-0094,2026-03-06 14:42:30,2130.64,EUR,Virement,France,False
TXN-009942,CLT-0083,2025-09-13 14:42:30,116.44,EUR,Virement international,France,False
TXN-009943,CLT-0022,2026-02-09 14:42:30,2576.95,EUR,Virement,France,False
TXN-009944,CLT-0083,2026-05-11 14:42:30,3134.32,EUR,Virement international,Espagne,False
TXN-009945,CLT-0087,2025-11-18 14:42:30,985.7,EUR,Dépôt,Russie,False
TXN-009946,CLT-0063,2026-02-22 14:42:30,1065.78,EUR,Virement international,France,False
TXN-009947,CLT-0022,2026-05-08 14:42:30,4797.01,EUR,Dépôt,France,False
TXN-009948,CLT-0022,2026-02-17 14:42:30,77188.49,EUR,Paiement carte,France,True
TXN-009949,CLT-0074,2025-07-25 14:42:30,4189.25,EUR,Virement international,Allemagne,False
TXN-009950,CLT-0033,2025-06-06 14:42:30,3065.67,EUR,Retrait,France,False
TXN-009951,CLT-0022,2026-02-11 14:42:30,179.4,EUR,Dépôt,France,False
TXN-009952,CLT-0061,2025-09-16 14:42:30,4279.84,EUR,Virement,France,False
TXN-009953,CLT-0063,2026-03-21 14:42:30,3863.26,EUR,Virement,Panama,False
TXN-009954,CLT-0019,2025-11-27 14:42:30,41041.68,EUR,Dépôt,Îles Caïmans,True
TXN-009955,CLT-0075,2025-07-30 14:42:30,52378.11,EUR,Dépôt,France,True
TXN-009956,CLT-0015,2025-11-27 14:42:30,259.42,EUR,Dépôt,France,False
TXN-009957,CLT-0054,2025-08-25 14:42:30,710.05,EUR,Paiement carte,France,False
TXN-009958,CLT-0092,2025-06-28 14:42:30,57810.81,EUR,Paiement carte,Espagne,True
TXN-009959,CLT-0100,2026-03-22 14:42:30,4592.45,EUR,Paiement carte,France,False
TXN-009960,CLT-0031,2026-04-12 14:42:30,2917.71,EUR,Paiement carte,Espagne,False
TXN-009961,CLT-0032,2025-09-05 14:42:30,2509.09,EUR,Paiement carte,France,False
TXN-009962,CLT-0100,2025-06-08 14:42:30,3072.2,EUR,Virement,France,False
TXN-009963,CLT-0065,2025-10-07 14:42:30,60391.39,EUR,Dépôt,Allemagne,True
TXN-009964,CLT-0073,2026-03-05 14:42:30,1154.0,EUR,Paiement carte,Îles Caïmans,False
TXN-009965,CLT-0085,2025-12-05 14:42:30,381.3,EUR,Retrait,Panama,False
TXN-009966,CLT-0098,2025-07-13 14:42:30,4616.38,EUR,Dépôt,Russie,False
TXN-009967,CLT-0086,2025-10-01 14:42:30,58592.72,EUR,Paiement carte,France,True
TXN-009968,CLT-0011,2025-07-10 14:42:30,93685.03,EUR,Virement,Allemagne,True
TXN-009969,CLT-0045,2026-01-19 14:42:30,1102.54,EUR,Virement international,France,False
TXN-009970,CLT-0026,2026-02-11 14:42:30,89209.49,EUR,Dépôt,France,True
TXN-009971,CLT-0048,2026-03-30 14:42:30,3768.96,EUR,Dépôt,Îles Caïmans,False
TXN-009972,CLT-0085,2026-03-18 14:42:30,4091.96,EUR,Dépôt,Allemagne,False
TXN-009973,CLT-0009,2026-03-18 14:42:30,291.79,EUR,Dépôt,Espagne,False
TXN-009974,CLT-0015,2026-03-15 14:42:30,86435.01,EUR,Virement international,Panama,True
TXN-009975,CLT-0080,2026-03-16 14:42:30,2991.08,EUR,Retrait,Îles Caïmans,False
TXN-009976,CLT-0061,2026-03-14 14:42:30,2907.48,EUR,Retrait,Allemagne,False
TXN-009977,CLT-0071,2025-12-08 14:42:30,1956.04,EUR,Virement,Espagne,False
TXN-009978,CLT-0034,2025-09-25 14:42:30,1097.83,EUR,Virement,France,False
TXN-009979,CLT-0015,2026-04-14 14:42:30,2838.44,EUR,Virement,France,False
TXN-009980,CLT-0024,2026-02-18 14:42:30,1247.6,EUR,Dépôt,Espagne,False
TXN-009981,CLT-0073,2025-12-29 14:42:30,1928.35,EUR,Dépôt,France,False
TXN-009982,CLT-0065,2025-06-11 14:42:30,3043.19,EUR,Virement,Russie,False
TXN-009983,CLT-0009,2025-11-28 14:42:30,3322.97,EUR,Paiement carte,France,False
TXN-009984,CLT-0075,2025-10-20 14:42:30,4363.85,EUR,Virement international,France,False
TXN-009985,CLT-0047,2025-12-26 14:42:30,4492.16,EUR,Virement international,Espagne,False
TXN-009986,CLT-0037,2026-04-29 14:42:30,2976.45,EUR,Virement international,Espagne,False
TXN-009987,CLT-0005,2026-04-08 14:42:30,12061.57,EUR,Virement,Îles Caïmans,True
TXN-009988,CLT-0012,2025-08-10 14:42:30,2009.63,EUR,Virement international,Allemagne,False
TXN-009989,CLT-0011,2026-02-05 14:42:30,4857.68,EUR,Paiement carte,Russie,False
TXN-009990,CLT-0050,2025-10-26 14:42:30,3794.02,EUR,Dépôt,France,False
TXN-009991,CLT-0091,2026-01-12 14:42:30,4181.51,EUR,Virement,Russie,False
TXN-009992,CLT-0073,2025-07-23 14:42:30,1690.49,EUR,Virement,Îles Caïmans,False
TXN-009993,CLT-0049,2026-04-13 14:42:30,2584.3,EUR,Paiement carte,France,False
TXN-009994,CLT-0049,2025-06-28 14:42:30,17096.49,EUR,Dépôt,France,True
TXN-009995,CLT-0078,2025-11-28 14:42:30,77986.68,EUR,Retrait,France,True
TXN-009996,CLT-0038,2025-08-31 14:42:30,1647.52,EUR,Virement international,Espagne,False
TXN-009997,CLT-0026,2025-08-14 14:42:30,1793.28,EUR,Virement international,Allemagne,False
TXN-009998,CLT-0050,2025-10-03 14:42:30,39695.85,EUR,Dépôt,Espagne,True
TXN-009999,CLT-0060,2026-01-03 14:42:30,4823.2,EUR,Virement international,France,False
TXN-010000,CLT-0067,2025-10-15 14:42:30,3847.12,EUR,Virement international,France,False
